time,command(rad),position(rad),velocity(rad/s),torque
1.9073486328125e-06,1.5672933784701455,1.564621925354004,0.054886702448129654,0.28006407618522644
0.0032241344451904297,1.5690601319493165,1.5642404556274414,-0.2986038029193878,0.35739681124687195
0.006349802017211914,1.5707737702885736,1.564621925354004,0.014602883718907833,0.37277790904045105
0.009468793869018555,1.5724834141835837,1.564621925354004,0.22609293460845947,0.37235066294670105
0.012586832046508789,1.5741920371716904,1.564621925354004,0.1767452508211136,0.45523765683174133
0.015690088272094727,1.5758919028532195,1.5650033950805664,0.16667430102825165,0.43857482075691223
0.018770217895507812,1.5775782926733464,1.565384864807129,0.3187457025051117,0.48471808433532715
0.02184772491455078,1.5792622847587208,1.5657663345336914,0.1586175262928009,0.443701833486557
0.024915218353271484,1.580939684213388,1.566147804260254,0.18782329559326172,0.5676050782203674
0.027982473373413086,1.5826156860500844,1.566529393196106,0.27544060349464417,0.5633325576782227
0.03105330467224121,1.5842922166580835,1.567292332649231,0.269398033618927,0.6321202516555786
0.03412270545959473,1.585966385229112,1.568055272102356,0.19487297534942627,0.4466926157474518
0.03720593452453613,1.5876463479151817,1.5691996812820435,0.5513847470283508,0.4727550148963928
0.04027605056762695,1.5893172684121006,1.5699626207351685,0.4798809885978699,0.5334249138832092
0.04334902763366699,1.5909876942174102,1.571107029914856,0.7054703831672668,0.5060807466506958
0.046419382095336914,1.5926544888803706,1.571869969367981,0.6651865243911743,0.5496605038642883
0.049498796463012695,1.5943238315459898,1.573395848274231,0.8162508606910706,0.4560921788215637
0.05257606506347656,1.5959894837800912,1.574158787727356,0.6309453248977661,0.35611504316329956
0.05564713478088379,1.597649106864752,1.5756847858428955,0.8937972187995911,0.4727550148963928
0.0587153434753418,1.599304362097623,1.576829195022583,0.6682078242301941,0.37405967712402344
0.06178164482116699,1.6009556168844024,1.5779736042022705,0.6440375447273254,0.40354010462760925
0.0648488998413086,1.602604259972374,1.5794994831085205,0.7860379815101624,0.35910582542419434
0.0679175853729248,1.6042503908193058,1.5810253620147705,0.771938681602478,0.3761959373950958
0.0709846019744873,1.6058921943636777,1.5821698904037476,0.721583902835846,0.34287023544311523
0.0740509033203125,1.6075300327324782,1.5836957693099976,0.9481803774833679,0.4163576662540436
0.07712078094482422,1.6091660408756077,1.5852216482162476,0.8545204997062683,0.3163805603981018
0.08019566535949707,1.6108008128827582,1.5867475271224976,0.7024490833282471,0.3138170540332794
0.08326196670532227,1.6124269787817118,1.5882734060287476,0.9119248986244202,0.34073394536972046
0.08632850646972656,1.6140490823461568,1.5897992849349976,0.9733577370643616,0.43942931294441223
0.08939480781555176,1.6156667208224975,1.5909438133239746,0.721583902835846,0.32193484902381897
0.09246063232421875,1.6172796198798334,1.5924696922302246,0.7336690425872803,0.3330434262752533
0.09553074836730957,1.6188901297152376,1.5939955711364746,0.99853515625,0.3667963743209839
0.09860825538635254,1.620499699258919,1.5955214500427246,0.8061798810958862,0.3202258348464966
0.10167670249938965,1.622099578914071,1.5970473289489746,0.8585488796234131,0.2672465145587921
0.10474586486816406,1.6236947367328913,1.5985733270645142,0.8907759189605713,0.33987945318222046
0.10781431198120117,1.62528428100071,1.6000992059707642,0.8303502202033997,0.37064164876937866
0.11088037490844727,1.6268672075932595,1.6016250848770142,0.8051728010177612,0.34842449426651
0.11394882202148438,1.628445831180828,1.6031509637832642,0.8182650208473206,0.3326161503791809
0.11701774597167969,1.6300190160512529,1.6046768426895142,0.7084916234016418,0.40396735072135925
0.1200869083404541,1.6315864917524856,1.6062028408050537,0.8605630397796631,0.3817501962184906
0.12315654754638672,1.6331482322468578,1.6077287197113037,0.7840238213539124,0.34799724817276
0.12619543075561523,1.6346882927942579,1.6092545986175537,0.9723506569862366,0.43814754486083984
0.12926554679870605,1.6362379434777545,1.6107804775238037,0.8565346598625183,0.39072251319885254
0.13234257698059082,1.6377846485452965,1.6123063564300537,1.1324788331985474,0.46720072627067566
0.13541316986083984,1.6393215513728783,1.6138323545455933,0.8132295608520508,0.3180895745754242
0.13848018646240234,1.640849973254128,1.6153582334518433,0.8897688388824463,0.34415197372436523
0.14154601097106934,1.642370976075919,1.6172655820846558,1.0237125158309937,0.21982146799564362
0.14461207389831543,1.6438851315849679,1.6184099912643433,0.8958113789558411,0.29587242007255554
0.14768171310424805,1.6453939343758544,1.6203173398971558,0.8333714604377747,0.22537575662136078
0.1507580280303955,1.6468987313841363,1.6218433380126953,1.1747767925262451,0.24844738841056824
0.15382981300354004,1.6483938935966185,1.6233692169189453,0.6339665651321411,0.24844738841056824
0.1569080352783203,1.6498846124626212,1.6248950958251953,0.7628747820854187,0.23263904452323914
0.15997743606567383,1.6513633686844673,1.6264209747314453,0.9522087574005127,0.3779049217700958
0.16304516792297363,1.6528335100815945,1.6279468536376953,0.7044632434844971,0.35782405734062195
0.16611433029174805,1.6542963862110518,1.6294728517532349,0.8635843396186829,0.3462882339954376
0.16918587684631348,1.6557523006271464,1.6309987306594849,0.8323643803596497,0.43857482075691223
0.17226648330688477,1.6572042360524952,1.6325246095657349,0.9491874575614929,0.3633783459663391
0.17533349990844727,1.6586414007848693,1.6340504884719849,1.0227054357528687,0.3501335084438324
0.17839956283569336,1.6600696418858778,1.6355763673782349,0.7769741415977478,0.32236209511756897
0.18146610260009766,1.6614894951323895,1.6371023654937744,0.7709315419197083,0.34372472763061523
0.18453192710876465,1.6629002778587698,1.6386282444000244,0.880704939365387,0.3035629689693451
0.18759846687316895,1.6643025173957278,1.6401541233062744,0.8645914196968079,0.49710842967033386
0.19066691398620605,1.665696617188413,1.641298532485962,0.7799954414367676,0.3317616581916809
0.19374442100524902,1.6670856482967553,1.642824411392212,0.6118105053901672,0.41806668043136597
0.19682955741882324,1.6684687599458636,1.644350290298462,0.6460517048835754,0.3210803270339966
0.1999223232269287,1.6698457521779955,1.6458762884140015,0.9481803774833679,0.3932860195636749
0.20299196243286133,1.6712028749388483,1.6474021673202515,0.878690779209137,0.3945677876472473
0.20605802536010742,1.6725487700998514,1.648546576499939,0.7487754821777344,0.4155031740665436
0.20912933349609375,1.6738871767945946,1.6504539251327515,0.7890592813491821,0.3039902448654175
0.21219515800476074,1.67521329665284,1.651598334312439,0.6390020847320557,0.287327378988266
0.21526718139648438,1.6765320559205068,1.6531243324279785,0.7276264429092407,0.2501564025878906
0.2183518409729004,1.6778460018183594,1.6546502113342285,0.8948042988777161,0.3150987923145294
0.22142696380615234,1.6791455515839284,1.655794620513916,0.6379949450492859,0.4719005227088928
0.2245028018951416,1.6804349607036044,1.6577019691467285,0.8343786001205444,0.24930189549922943
0.22757387161254883,1.681711830994928,1.658846378326416,0.6722362041473389,0.29544517397880554
0.23064565658569336,1.6829783442990445,1.6603723764419556,0.9481803774833679,0.3518425226211548
0.23372936248779297,1.684238936166959,1.661516785621643,0.7467612624168396,0.3800412118434906
0.23680758476257324,1.6854863400643454,1.663042664527893,0.6480659246444702,0.4112306535243988
0.2398831844329834,1.686721642049704,1.6641870737075806,0.7054703831672668,0.42319372296333313
0.24295330047607422,1.6879436216326262,1.6657129526138306,0.6672007441520691,0.43387502431869507
0.2461259365081787,1.6891946131059707,1.6672388315200806,0.688349723815918,0.4795910716056824
0.2492992877960205,1.6904337723835074,1.6683833599090576,0.6007324457168579,0.46634623408317566
0.2524380683898926,1.6916473931455775,1.6699092388153076,0.5977111458778381,0.34329748153686523
0.2555806636810303,1.692850375234754,1.6710536479949951,0.7195696830749512,0.35526055097579956
0.25872278213500977,1.6940409393789917,1.6725795269012451,0.7316548228263855,0.32321658730506897
0.2619590759277344,1.6952542745212584,1.6737239360809326,0.7105058431625366,0.3655146062374115
0.2650787830352783,1.6964113798175697,1.6752498149871826,0.5745479464530945,0.3808957040309906
0.2681615352630615,1.697542595769279,1.6763943433761597,0.6057679057121277,0.4616464376449585
0.2712113857269287,1.6986497170190131,1.6775387525558472,0.5352712273597717,0.4958266615867615
0.27431297302246094,1.6997632510973184,1.6786831617355347,0.5956969261169434,0.2830548584461212
0.2774033546447754,1.7008602530841166,1.6802090406417847,0.7105058431625366,0.4740367829799652
0.2805049419403076,1.701948574185771,1.6813534498214722,0.6984207034111023,0.39157700538635254
0.28361988067626953,1.7030287126702917,1.6828793287277222,0.6661936640739441,0.32364386320114136
0.286712646484375,1.704088302704713,1.6840238571166992,0.8021515011787415,0.3018539845943451
0.28981566429138184,1.705138426622119,1.6851682662963867,0.9955138564109802,0.383031964302063
0.29293084144592285,1.7061794886420827,1.6863126754760742,0.7155413031578064,0.24673838913440704
0.29602718353271484,1.7072010745493662,1.6874570846557617,0.6077821254730225,0.32877087593078613
0.29912781715393066,1.7082108102881592,1.6886014938354492,0.6702220439910889,0.3360341787338257
0.30220937728881836,1.70920108693573,1.6901273727416992,0.7820096015930176,0.34671550989151
0.30529189109802246,1.710178364014927,1.6908903121948242,0.6400091648101807,0.33902496099472046
0.3083772659301758,1.7111431297264224,1.6924163103103638,0.7558251023292542,0.3655146062374115
0.31146240234375,1.7120943071932264,1.6935607194900513,0.723598062992096,0.2544289231300354
0.31455230712890625,1.7130333206710668,1.6947051286697388,0.7256122827529907,0.27792781591415405
0.31764817237854004,1.7139603726094474,1.6958495378494263,0.688349723815918,0.31168079376220703
0.32072949409484863,1.71486929343939,1.6969939470291138,0.5080796480178833,0.34457921981811523
0.3238067626953125,1.7157632170578139,1.6977568864822388,0.5856260061264038,0.2984359562397003
0.32688307762145996,1.7166429939658276,1.6989012956619263,0.5846189260482788,0.38858625292778015
0.32996058464050293,1.717509153965941,1.7000458240509033,0.6641794443130493,0.4313115179538727
0.3330368995666504,1.7183609451362478,1.7008087635040283,0.46880292892456055,0.3992675542831421
0.3361194133758545,1.7192002997972908,1.7019531726837158,0.5735408663749695,0.42063018679618835
0.3392002582550049,1.72002496579351,1.7027161121368408,0.2522774040699005,0.43387502431869507
0.34227609634399414,1.7208340188606828,1.7038605213165283,0.6712291240692139,0.3522697687149048
0.3453524112701416,1.7216288573011145,1.7046234607696533,0.4879377484321594,0.4949721395969391
0.34842967987060547,1.7224095200352558,1.7057678699493408,0.5846189260482788,0.5535057783126831
0.35150575637817383,1.7231753914843626,1.7065308094024658,0.35600823163986206,0.46848249435424805
0.3545818328857422,1.7239267053412268,1.7076753377914429,0.5090867280960083,0.45523765683174133
0.35767555236816406,1.7246675744154172,1.7084382772445679,0.4285190999507904,0.4945448935031891
0.36078596115112305,1.7253974535118903,1.7092012166976929,0.32881665229797363,0.5248798131942749
0.3638753890991211,1.72610746533479,1.7103456258773804,0.35902953147888184,0.4150759279727936
0.36695384979248047,1.7268000758712656,1.7111085653305054,0.6661936640739441,0.47873654961586
0.3700411319732666,1.7274796876750504,1.7118715047836304,0.5191577076911926,0.383031964302063
0.3731362819671631,1.728145904986331,1.7130159139633179,0.42247653007507324,0.3954222798347473
0.3762023448944092,1.7287908667009713,1.7137788534164429,0.40434882044792175,0.44028380513191223
0.3792855739593506,1.729424329238755,1.7145417928695679,0.3821927309036255,0.3954222798347473
0.38236260414123535,1.7300413524109475,1.7153048515319824,0.4939803183078766,0.3650873601436615
0.38544225692749023,1.730643673801898,1.7160677909851074,0.426504909992218,0.3761959373950958
0.38852906227111816,1.731232050212525,1.7168307304382324,0.4567177891731262,0.37363240122795105
0.391618013381958,1.7318054025669434,1.71797513961792,0.43556877970695496,0.4637826979160309
0.39471912384033203,1.7323654277953535,1.7183566093444824,0.329823762178421,0.3296253979206085
0.3978095054626465,1.7329079290262097,1.71950101852417,0.3640649914741516,0.3650873601436615
0.40088772773742676,1.7334327771412692,1.720263957977295,0.5533989667892456,0.2557106912136078
0.4039647579193115,1.733941893869142,1.72102689743042,0.6037537455558777,0.37363240122795105
0.4070432186126709,1.7344356637121159,1.721789836883545,0.5030441880226135,0.41806668043136597
0.41012048721313477,1.7349136180634963,1.7221713066101074,0.4939803183078766,0.3920042812824249
0.41319727897644043,1.73537583606121,1.722934365272522,0.29658961296081543,0.40695810317993164
0.4162743091583252,1.735822383782617,1.723697304725647,0.4748454988002777,0.28177309036254883
0.41935086250305176,1.7362531175379448,1.724460244178772,0.16667430102825165,0.2851911187171936
0.4224269390106201,1.736668004418948,1.725223183631897,0.3539940416812897,0.2886091470718384
0.4255030155181885,1.7370670736608582,1.7256046533584595,0.37111467123031616,0.48172733187675476
0.42857956886291504,1.7374503461683686,1.7263675928115845,0.3197528123855591,0.33731594681739807
0.4316592216491699,1.7378180851319251,1.7271305322647095,0.3932707607746124,0.3338979184627533
0.43474292755126953,1.7381703144418081,1.727512001991272,0.38823530077934265,0.34244295954704285
0.43782663345336914,1.73850650655858,1.7278934717178345,0.19789426028728485,0.3338979184627533
0.44090795516967773,1.7388263886395707,1.7286564111709595,0.29054704308509827,0.3150987923145294
0.4439828395843506,1.7391295789160788,1.729037880897522,0.31169605255126953,0.43900206685066223
0.44705986976623535,1.7394169288899786,1.729800820350647,0.2986038029193878,0.3685053884983063
0.45013904571533203,1.7396883780889951,1.7301822900772095,0.3701075613498688,0.3629510998725891
0.4532017707824707,1.7399423739660376,1.7305638790130615,0.2220645397901535,0.4637826979160309
0.4562830924987793,1.7401817824033692,1.7313268184661865,0.4164339601993561,0.3924315273761749
0.4593684673309326,1.7404052728730617,1.731708288192749,0.21803615987300873,0.4885633587837219
0.4624645709991455,1.740613190995265,1.7320897579193115,0.2069581151008606,0.4274662435054779
0.4655463695526123,1.7408038644388575,1.732471227645874,0.05589379742741585,0.27792781591415405
0.4686276912689209,1.740978247937427,1.7328526973724365,0.23414969444274902,0.38687723875045776
0.47171974182128906,1.7411368779735548,1.733234167098999,0.2885328531265259,0.39029526710510254
0.4748201370239258,1.7412794656032253,1.7336156368255615,-0.03776608034968376,0.3689326345920563
0.47791075706481934,1.7414051754485256,1.733997106552124,0.2502632141113281,0.3655146062374115
0.48099851608276367,1.7415143775621216,1.7343785762786865,0.2079652100801468,0.46634623408317566
0.4840831756591797,1.741607100689757,1.734760046005249,0.16466011106967926,0.48642709851264954
0.4871654510498047,1.7416834012641673,1.734760046005249,0.1112840473651886,0.31168079376220703
0.49021148681640625,1.7417427402933854,1.7351415157318115,0.03373769670724869,0.35696956515312195
0.49330735206604004,1.741786680970696,1.735522985458374,0.30766767263412476,0.4603646993637085
0.49638962745666504,1.741814031293961,1.735522985458374,-0.18580910563468933,0.4103761315345764
0.4994683265686035,1.7418250143834417,1.7359044551849365,0.008560311049222946,0.34073394536972046
0.5025460720062256,1.7418196746103496,1.7359044551849365,0.05992217734456062,0.40909436345100403
0.5056228637695312,1.7417980276413874,1.736285924911499,-0.09214923530817032,0.45566490292549133
0.5087032318115234,1.7417600227740522,1.7366673946380615,0.11531242728233337,0.3462882339954376
0.5117886066436768,1.741705577614447,1.7366673946380615,0.08107118308544159,0.42148470878601074
0.5148742198944092,1.7416347396419785,1.7366673946380615,0.11531242728233337,0.3031357228755951
0.5179591178894043,1.7415475412027501,1.737048864364624,0.049851223826408386,0.37106889486312866
0.5210440158843994,1.7414439759652027,1.737048864364624,-0.05992217734456062,0.4462653398513794
0.5241293907165527,1.7413240338562606,1.7374303340911865,0.10725566744804382,0.3616693317890167
0.5272009372711182,1.741188388195498,1.7374303340911865,0.08107118308544159,0.46549171209335327
0.5302839279174805,1.741035954559171,1.7374303340911865,-0.010574501939117908,0.4590829312801361
0.53336501121521,1.7408673317725236,1.7374303340911865,-0.0800640881061554,0.32449835538864136
0.5364501476287842,1.740682192452913,1.7374303340911865,0.006546120624989271,0.3633783459663391
0.5395326614379883,1.740480943235638,1.7374303340911865,-0.08308537304401398,0.3962768018245697
0.5426113605499268,1.740263731712958,1.7374303340911865,0.12034790217876434,0.5240253210067749
0.5456926822662354,1.7400301334897796,1.7374303340911865,-0.10926985740661621,0.48429083824157715
0.5487692356109619,1.7397807476223381,1.7374303340911865,-0.030716411769390106,0.3685053884983063
0.5518450736999512,1.7395153120244253,1.7374303340911865,0.09819180518388748,0.3770504295825958
0.5549240112304688,1.7392335035977666,1.7374303340911865,0.007553216069936752,0.3462882339954376
0.5580236911773682,1.738933546686487,1.7374303340911865,0.1414969116449356,0.34714275598526
0.561133861541748,1.7386162157816738,1.7374303340911865,-0.30867475271224976,0.43558403849601746
0.5641994476318359,1.7382874274796185,1.7374303340911865,0.0951705202460289,0.4150759279727936
0.5672767162322998,1.73794143533433,1.7374303340911865,-0.2361638844013214,0.2582741975784302
0.5703704357147217,1.7375775165599823,1.737048864364624,-0.21602196991443634,0.3450064957141876
0.5734755992889404,1.7371960767623567,1.7374303340911865,0.06898603588342667,0.21811245381832123
0.5765604972839355,1.7368011158125687,1.737048864364624,-0.15056076645851135,0.2860456109046936
0.5796444416046143,1.7363903633466093,1.737048864364624,-0.11229114234447479,0.3172350525856018
0.58272385597229,1.7359643765681558,1.7366673946380615,-0.16768139600753784,0.2394750863313675
0.5858080387115479,1.7355219073670676,1.7366673946380615,-0.08610665798187256,0.21683070063591003
0.5888922214508057,1.735063644647266,1.7366673946380615,-0.1918516755104065,0.23178453743457794
0.5919878482818604,1.7345878432939035,1.7366673946380615,-0.08207827806472778,0.25998321175575256
0.5951008796691895,1.7340934106396972,1.736285924911499,-0.09114214032888412,0.16684214770793915
0.598198652267456,1.7335855647907177,1.7359044551849365,-0.24321354925632477,0.20273137092590332
0.6012833118438721,1.7330642188554495,1.7359044551849365,-0.09214923530817032,0.20401312410831451
0.6043605804443359,1.732528610352073,1.735522985458374,-0.23414969444274902,0.22665750980377197
0.6074399948120117,1.7319771691944104,1.735522985458374,-0.12336919456720352,0.19803158938884735
0.610525369644165,1.7314092029652737,1.7351415157318115,-0.18681620061397552,0.2048676311969757
0.6136071681976318,1.7308265025195773,1.734760046005249,-0.22609293460845947,0.2236667424440384
0.6166858673095703,1.7302290822254083,1.7343785762786865,-0.03474479168653488,0.20144960284233093
0.6197717189788818,1.7296149785875523,1.7343785762786865,-0.29356831312179565,0.14547951519489288
0.6228559017181396,1.728985963971771,1.733997106552124,0.043808650225400925,0.2544289231300354
0.6259393692016602,1.728341920587452,1.7336156368255615,-0.15458914637565613,0.18008697032928467
0.6290204524993896,1.727683280250778,1.733234167098999,-0.2230716347694397,0.1766689568758011
0.6320998668670654,1.7270099815023066,1.732471227645874,-0.24623483419418335,0.1600061058998108
0.6351840496063232,1.726320657384215,1.7320897579193115,-0.13041886687278748,0.1899137794971466
0.6382777690887451,1.725614202826402,1.731708288192749,-0.425497829914093,0.15658807754516602
0.641362190246582,1.7248949834041292,1.7313268184661865,-0.34392309188842773,0.11514458060264587
0.644442081451416,1.724162054675504,1.730945348739624,-0.2532845139503479,0.15445181727409363
0.6475179195404053,1.7234154333313887,1.7301822900772095,-0.29759669303894043,0.16171512007713318
0.6505935192108154,1.7226542938042586,1.729800820350647,-0.3640649914741516,0.0784008577466011
0.653672456741333,1.721877800209732,1.7294193506240845,-0.4577248692512512,0.12326237559318542
0.6567564010620117,1.7210855453886376,1.7286564111709595,-0.3610437214374542,0.09207294136285782
0.6598532199859619,1.7202754567160703,1.728274941444397,-0.4154268801212311,0.16256961226463318
0.6629600524902344,1.7194481982968177,1.727512001991272,-0.3932707607746124,0.18008697032928467
0.6660411357879639,1.7186134805400484,1.7271305322647095,-0.23414969444274902,0.07028305530548096
0.6691231727600098,1.7177643202370885,1.7263675928115845,-0.22810712456703186,0.1749599426984787
0.6722095012664795,1.7168998413200889,1.725986123085022,-0.03776608034968376,0.09719996899366379
0.6753048896789551,1.7160186980025032,1.725223183631897,-0.24623483419418335,0.16385138034820557
0.678389310836792,1.7151266870323036,1.724460244178772,-0.4778667986392975,0.1762416958808899
0.6814746856689453,1.7142205128849448,1.7240787744522095,-0.1908445805311203,0.15658807754516602
0.6845614910125732,1.7133001046150989,1.7233158349990845,-0.26436254382133484,0.15359731018543243
0.6876423358917236,1.7123677826542096,1.72255277633667,-0.24422064423561096,0.13778896629810333
0.6907389163970947,1.7114170043207424,1.721789836883545,-0.32176700234413147,0.1903410404920578
0.6938502788543701,1.710447950111658,1.72102689743042,-0.3630579113960266,0.16556039452552795
0.6969382762908936,1.7094726490681789,1.720263957977295,-0.5282215476036072,0.18735027313232422
0.7000203132629395,1.7084858881781584,1.71950101852417,-0.3922636806964874,0.13736172020435333
0.7031006813049316,1.7074864354352215,1.718738079071045,-0.43556877970695496,0.14932478964328766
0.7061853408813477,1.7064724338702963,1.71797513961792,-0.40233463048934937,0.2381933331489563
0.7092742919921875,1.7054439239579684,1.7168307304382324,-0.3479514718055725,0.19674982130527496
0.7123558521270752,1.7044049116438593,1.7160677909851074,-0.4305332899093628,0.23263904452323914
0.7154350280761719,1.703353867742219,1.7153048515319824,-0.43556877970695496,0.18777751922607422
0.7185208797454834,1.7022877716709726,1.7141603231430054,-0.5282215476036072,0.22452124953269958
0.7216057777404785,1.7012093237517054,1.7133973836898804,-0.5372854471206665,0.18094147741794586
0.7246856689453125,1.7001200786437205,1.7126344442367554,-0.5594415068626404,0.1903410404920578
0.7277617454528809,1.6990197704163768,1.7114900350570679,-0.4597390592098236,0.2236667424440384
0.7308380603790283,1.6979070737300654,1.7107270956039429,-0.43859007954597473,0.16641488671302795
0.7339174747467041,1.6967810378462198,1.7095826864242554,-0.6621652841567993,0.24673838913440704
0.7370016574859619,1.695641111288221,1.7088197469711304,-0.32478827238082886,0.27750056982040405
0.7400851249694824,1.6944894037949678,1.7076753377914429,-0.5634698867797852,0.1604333519935608
0.7431659698486328,1.6933267552461175,1.7069122791290283,-0.46678873896598816,0.2984359562397003
0.7461981773376465,1.6921709324070158,1.7057678699493408,-0.6289311051368713,0.18521401286125183
0.749274492263794,1.6909867167877355,1.7046234607696533,-0.6480659246444702,0.17795071005821228
0.7523505687713623,1.6897910409368848,1.7038605213165283,-0.3157244324684143,0.2984359562397003
0.7554290294647217,1.688582985177024,1.7023346424102783,-0.5916685461997986,0.27664607763290405
0.7585270404815674,1.6873558047396153,1.7015717029571533,-0.7286335825920105,0.2698100209236145
0.7616381645202637,1.6861119848940649,1.7004272937774658,-0.4778667986392975,0.2557106912136078
0.7647244930267334,1.6848668626530663,1.6992828845977783,-0.5926756858825684,0.30954450368881226
0.7678020000457764,1.6836142931618168,1.6981383562088013,-0.6500800848007202,0.11386281996965408
0.770888090133667,1.6823473117045364,1.6973754167556763,-0.5503776669502258,0.1728236824274063
0.7739830017089844,1.681065847510437,1.6958495378494263,-0.8293430805206299,0.1288166642189026
0.7770674228668213,1.6797780258306552,1.6950865983963013,-0.7004348635673523,0.15530632436275482
0.7801542282104492,1.678478634602758,1.6939421892166138,-0.4788738787174225,0.11215381324291229
0.7832033634185791,1.6771848347436662,1.6927977800369263,-0.4124055802822113,0.1770962029695511
0.7862834930419922,1.675867645915251,1.6916533708572388,-0.5040512681007385,0.125825896859169
0.7893655300140381,1.6745394656485748,1.6905088424682617,-0.7326619625091553,0.1292439103126526
0.7924573421478271,1.6731969706629017,1.6897459030151367,-0.43859007954597473,0.13607995212078094
0.7955646514892578,1.671837679948328,1.6886014938354492,-0.6118105053901672,0.095918208360672
0.798649787902832,1.6704782323054654,1.6874570846557617,-0.6369878649711609,0.04635690897703171
0.801734209060669,1.6691094100352424,1.6863126754760742,-0.5644770264625549,0.13437095284461975
0.8048145771026611,1.667732845117881,1.6847867965698242,-0.5090867280960083,0.12368962913751602
0.8078951835632324,1.666346766446974,1.6836423873901367,-0.4738384187221527,0.12454413622617722
0.8109743595123291,1.6649520601060406,1.6824978590011597,-0.6148317456245422,0.21042190492153168
0.814058780670166,1.6635458160439347,1.6809719800949097,-0.8867475390434265,0.21127641201019287
0.8171432018280029,1.662130534235451,1.6798275709152222,-0.6218814253807068,0.2723735272884369
0.8202006816864014,1.660718825489529,1.6786831617355347,-0.7125200033187866,0.2569924592971802
0.8232812881469727,1.6592877212180497,1.6771572828292847,-0.6833142638206482,0.20315861701965332
0.8263571262359619,1.6578502354544926,1.6760128736495972,-0.5614557266235352,0.2980087101459503
0.829437255859375,1.6564022707084194,1.6744868755340576,-0.8525062799453735,0.21255818009376526
0.8325166702270508,1.6549463013639778,1.6733424663543701,-0.615838885307312,0.23221179842948914
0.8356013298034668,1.6534796275581325,1.6718165874481201,-0.7105058431625366,0.19674982130527496
0.8386824131011963,1.652006574364774,1.6706721782684326,-0.7769741415977478,0.18265049159526825
0.841761589050293,1.6505265033470269,1.6691462993621826,-0.6964064836502075,0.17026016116142273
0.8448419570922852,1.6490380660821382,1.6680018901824951,-0.7306477427482605,0.17965972423553467
0.8479175567626953,1.6475442952156274,1.6664758920669556,-0.7930876612663269,0.2065766453742981
0.8509926795959473,1.646043265437263,1.665331482887268,-0.7457541823387146,0.20144960284233093
0.8540694713592529,1.6445340652361498,1.663805603981018,-0.5050583481788635,0.1587243527173996
0.8571476936340332,1.643016941543071,1.662279725074768,-0.8474708199501038,0.18435950577259064
0.8602147102355957,1.6414982974638148,1.660753846168518,-0.6450446248054504,0.19760432839393616
0.86332106590271,1.639953152832683,1.659609317779541,-0.6591439843177795,0.2839093506336212
0.8664019107818604,1.6384138623482998,1.658083438873291,-0.7689173817634583,0.16299687325954437
0.8694808483123779,1.636868868495204,1.6569390296936035,-0.5614557266235352,0.09378194808959961
0.8725676536560059,1.6353133920685485,1.6554131507873535,-0.6571297645568848,0.0801098644733429
0.875662088394165,1.633747650756406,1.6538872718811035,-0.6913710236549377,0.11258106678724289
0.8787434101104736,1.632182303688325,1.652742862701416,-0.5131151080131531,0.09036392718553543
0.8818247318267822,1.6306108759980011,1.6512168645858765,-0.8192721605300903,0.05532921478152275
0.8849096298217773,1.6290316808139287,1.650072455406189,-0.7336690425872803,0.02841229923069477
0.8879942893981934,1.627446809522502,1.648546576499939,-0.8253147006034851,0.11514458060264587
0.8910925388336182,1.6258492696198779,1.647020697593689,-1.0398260354995728,0.11728084087371826
0.8942017555236816,1.6242404977683442,1.645494818687439,-0.9431448578834534,0.1920500546693802
0.897287130355835,1.622638690647351,1.6439688205718994,-0.845456600189209,0.11984435468912125
0.900371789932251,1.62103205668081,1.6424429416656494,-0.7507896423339844,0.21768520772457123
0.9034519195556641,1.6194227464760185,1.6409170627593994,-0.7598535418510437,0.18435950577259064
0.9065332412719727,1.6178079294225642,1.639009714126587,-1.0065919160842896,0.2531471848487854
0.9096126556396484,1.6161893826617233,1.637483835220337,-1.0196841955184937,0.3027084767818451
0.9126946926116943,1.6145648753413941,1.6359578371047974,-0.9018539786338806,0.16598764061927795
0.9157731533050537,1.6129378288808487,1.6344319581985474,-0.8112154006958008,0.17923247814178467
0.9188578128814697,1.6113032240005858,1.6329060792922974,-0.7618677020072937,0.15231555700302124
0.9219422340393066,1.609664612883713,1.6313802003860474,-0.7991302609443665,0.1736781895160675
0.9250271320343018,1.6080217689739824,1.6298543214797974,-0.8293430805206299,0.19845883548259735
0.9281132221221924,1.6063744625408007,1.6283283233642578,-0.8152437806129456,0.09677271544933319
0.9311974048614502,1.6047245039942746,1.6268024444580078,-0.7779812216758728,0.16256961226463318
0.9342775344848633,1.603073206456684,1.6252765655517578,-0.6964064836502075,0.191622793674469
0.9373612403869629,1.601416635540141,1.6233692169189453,-0.929045557975769,0.19333180785179138
0.9404449462890625,1.5997568619989562,1.6218433380126953,-0.9371023178100586,0.13522544503211975
0.9435298442840576,1.5980933982268977,1.6203173398971558,-0.8917829990386963,0.18606851994991302
0.9466111660003662,1.59642897488478,1.6187914609909058,-0.6823071837425232,0.10403601080179214
0.9496877193450928,1.5947644032087192,1.6172655820846558,-0.7014420032501221,0.05703822523355484
0.9527652263641357,1.5930967480145233,1.6157397031784058,-0.9542229175567627,0.1420614868402481
0.9558446407318115,1.5914256449838113,1.6142138242721558,-0.8565346598625183,0.10916304588317871
0.9589419364929199,1.5897425602146114,1.6126878261566162,-0.8333714604377747,0.16556039452552795
0.962047815322876,1.5880526770662327,1.6111619472503662,-0.9360952377319336,0.10788128525018692
0.9651334285736084,1.5863718626950545,1.6096360683441162,-0.8696269392967224,0.17196917533874512
0.9682013988494873,1.5846988811007947,1.6077287197113037,-0.7991302609443665,0.19674982130527496
0.9712932109832764,1.583011262910878,1.6058213710784912,-0.9804074168205261,0.2360570728778839
0.9743874073028564,1.5813208586600207,1.6042953729629517,-0.9441519975662231,0.24972915649414062
0.977471113204956,1.5796348664556834,1.6027694940567017,-0.8514991998672485,0.20871290564537048
0.9805541038513184,1.577948107334536,1.6008621454238892,-0.9240100979804993,0.18393224477767944
0.9836328029632568,1.5762626986022912,1.5993362665176392,-1.0206912755966187,0.16897840797901154
0.9867136478424072,1.5745752751937239,1.5978103876113892,-0.9089036583900452,0.15616083145141602
0.9897925853729248,1.5728882148195023,1.595902919769287,-0.8142366409301758,0.10189975053071976
0.9928724765777588,1.571200108105666,1.594377040863037,-0.9874570965766907,0.14676126837730408
0.9959535598754883,1.5695109819619366,1.592851161956787,-0.5967040657997131,0.08908216655254364
0.9990296363830566,1.5678243932153795,1.5909438133239746,-0.807187020778656,0.09164568781852722
1.002105474472046,1.5661378855055548,1.589417815208435,-0.8353856801986694,0.03823911026120186
1.0051817893981934,1.5644512241698298,1.587891936302185,-0.9028610587120056,0.125825896859169
1.008270263671875,1.562758163338969,1.586366057395935,-0.7044632434844971,0.11642633378505707
1.0113513469696045,1.5610695793425167,1.5844587087631226,-0.8676127195358276,0.08352788537740707
1.0144317150115967,1.5593819701490488,1.5829328298568726,-1.0408331155776978,0.1753872036933899
1.0175096988677979,1.557696407048958,1.581406831741333,-0.7407187223434448,0.02200350910425186
1.0205936431884766,1.5560084798489917,1.579880952835083,-0.688349723815918,0.126253142952919
1.0236780643463135,1.554321351089612,1.578355073928833,-0.8686197996139526,0.10916304588317871
1.0267586708068848,1.5526375244984072,1.5764477252960205,-0.722590982913971,0.0946364551782608
1.0298349857330322,1.5509574132897521,1.5749218463897705,-1.0106202363967896,0.11258106678724289
1.032914161682129,1.549277267448461,1.5730143785476685,-1.0650033950805664,0.15658807754516602
1.0359981060028076,1.5475962095356908,1.5714884996414185,-1.1022659540176392,0.18478675186634064
1.0390796661376953,1.5459182978594561,1.569581151008606,-1.0992447137832642,0.23135729134082794
1.042159080505371,1.544243555626027,1.568055272102356,-1.08615243434906,0.26254671812057495
1.0451984405517578,1.5425927115507874,1.566529393196106,-0.7094987630844116,0.17026016116142273
1.048274278640747,1.5409243474640528,1.564621925354004,-0.7407187223434448,0.1886320263147354
1.0513529777526855,1.5392568970847726,1.5627145767211914,-0.8172579407691956,0.21255818009376526
1.0544369220733643,1.5375892352862288,1.5611886978149414,-0.8384069800376892,0.10531777143478394
1.057520866394043,1.5359243616056444,1.559281349182129,-0.8746623992919922,0.08139162510633469
1.0606234073638916,1.5342524198819547,1.5577553510665894,-0.7145342230796814,0.11685358732938766
1.0637333393096924,1.5325796454025158,1.5562294721603394,-0.7880522012710571,0.09848172962665558
1.0668144226074219,1.5309256551194341,1.5543221235275269,-0.772945761680603,0.06601052731275558
1.0698959827423096,1.5292748169315786,1.5527962446212769,-0.8263218402862549,0.10489051789045334
1.0729737281799316,1.5276295787031366,1.5512703657150269,-0.9924925565719604,0.08694590628147125
1.0760529041290283,1.525987286432318,1.5497443675994873,-0.9763790369033813,0.05447470769286156
1.0791337490081787,1.5243479723698659,1.5482184886932373,-0.7427328824996948,0.1271076500415802
1.0822052955627441,1.522717610514776,1.5463111400604248,-0.8686197996139526,0.14932478964328766
1.0852885246276855,1.5210852220315918,1.5447852611541748,-1.0609750747680664,0.10873579233884811
1.088374376296997,1.5194557858859095,1.5428777933120728,-1.0247195959091187,0.10916304588317871
1.0914578437805176,1.5178320992168104,1.5413519144058228,-0.808194100856781,0.09976348280906677
1.0945417881011963,1.5162128037505662,1.5398260354995728,-0.9512016773223877,0.10745403170585632
1.097623348236084,1.5145995492010256,1.5379186868667603,-1.0065919160842896,0.16086061298847198
1.1006989479064941,1.512994339079307,1.5363928079605103,-0.845456600189209,0.20059509575366974
1.1037750244140625,1.511393950478369,1.5348668098449707,-0.7427328824996948,0.1723964363336563
1.1068503856658936,1.50979915240378,1.5329594612121582,-0.8323643803596497,0.18564125895500183
1.109929084777832,1.5082079988715387,1.5314335823059082,-0.9572442173957825,0.13138018548488617
1.1130096912384033,1.5066213919137046,1.5295262336730957,-1.0065919160842896,0.13778896629810333
1.1160883903503418,1.5050414446239024,1.5280003547668457,-0.9250171780586243,0.21896696090698242
1.1191720962524414,1.503464765606695,1.5260928869247437,-1.00054931640625,0.12283512949943542
1.1222870349884033,1.5018781995905042,1.5245670080184937,-1.0378118753433228,0.2232394963502884
1.1253726482391357,1.5003127458122034,1.5230411291122437,-0.8867475390434265,0.11599908769130707
1.1284539699554443,1.4987557500351816,1.5215152502059937,-0.7578393220901489,0.12069886177778244
1.1315300464630127,1.4972078105310862,1.5196079015731812,-0.9038681387901306,0.08822766691446304
1.1346094608306885,1.4956647471088678,1.518463373184204,-0.7578393220901489,0.04592965543270111
1.137693166732788,1.4941262510039306,1.516937494277954,-0.9189745783805847,-0.012603952549397945
1.140777587890625,1.492594267213004,1.515411615371704,-0.7447471022605896,0.054901961237192154
1.1438612937927246,1.4910696500225475,1.513885736465454,-0.6148317456245422,0.16299687325954437
1.146942377090454,1.4895534739421679,1.512359857559204,-0.722590982913971,0.07071030884981155
1.1500215530395508,1.4880455131827686,1.5108338594436646,-0.7689173817634583,0.035675592720508575
1.1531023979187012,1.4865441567715676,1.5093079805374146,-0.9814144968986511,0.08865492045879364
1.156182050704956,1.4850509411827773,1.507400631904602,-0.9340810179710388,0.05447470769286156
1.1592884063720703,1.4835525773448826,1.505874752998352,-1.0297551155090332,0.17154192924499512
1.16239333152771,1.4820628729840863,1.504348874092102,-0.8051728010177612,0.14035248756408691
1.1654746532440186,1.4805925100614024,1.5028228759765625,-0.8041657209396362,0.08310063183307648
1.1685521602630615,1.4791320766712492,1.5012969970703125,-0.8394140601158142,0.1416342407464981
1.1716294288635254,1.4776799962225184,1.4997711181640625,-0.48491644859313965,0.08737315982580185
1.1747064590454102,1.4762364024962245,1.4982452392578125,-0.73870450258255,0.08822766691446304
1.1777856349945068,1.4748003198094675,1.4967193603515625,-0.7900663614273071,0.07113756239414215
1.180870771408081,1.473370137533136,1.4948118925094604,-0.9048752784729004,0.0942092016339302
1.1839561462402344,1.4719486686988428,1.4932860136032104,-0.9421377778053284,0.0784008577466011
1.1870403289794922,1.4705367017233102,1.4917601346969604,-0.6601510643959045,0.11471732705831528
1.1901216506958008,1.4691351153652106,1.4902342557907104,-0.9884641766548157,0.08395513892173767
1.1932010650634766,1.4677435860129509,1.4887083768844604,-0.8373998403549194,0.16598764061927795
1.1962840557098389,1.466359773729706,1.487182378768921,-0.8756694793701172,0.0625925064086914
1.1993601322174072,1.464988501261398,1.485656499862671,-0.880704939365387,0.07028305530548096
1.2024362087249756,1.4636267827335454,1.484130620956421,-0.773952841758728,0.045075152069330215
1.205512285232544,1.4622747453141887,1.4829862117767334,-0.6369878649711609,0.011322194710373878
1.2085888385772705,1.460932307968598,1.4814603328704834,-0.7528038620948792,0.08352788537740707
1.211667776107788,1.4595987777009225,1.4803158044815063,-0.7256122827529907,0.013885710388422012
1.2147493362426758,1.4582742004523193,1.4787899255752563,-0.7578393220901489,0.03439383581280708
1.2178287506103516,1.4569607521475505,1.4776455163955688,-0.7880522012710571,0.012603952549397945
1.2209088802337646,1.455657328383547,1.4761196374893188,-0.8112154006958008,0.0019226367585361004
1.2239842414855957,1.4543663509868898,1.4749752283096313,-0.6752575039863586,0.0625925064086914
1.2270593643188477,1.4530860134620032,1.4734493494033813,-0.8857404589653015,0.07156481593847275
1.2301356792449951,1.4518158446961453,1.4719233512878418,-0.9542229175567627,0.13693445920944214
1.233201503753662,1.4505607378197507,1.4703974723815918,-0.7961089611053467,0.17111466825008392
1.2362885475158691,1.449307885797503,1.4688715934753418,-0.9381093978881836,0.12112611532211304
1.239372968673706,1.4480671809957186,1.4673457145690918,-0.6551156044006348,0.2386205792427063
1.2424571514129639,1.4468377654738653,1.4658198356628418,-0.8555275797843933,0.1582970917224884
1.2455391883850098,1.445620501836698,1.4646753072738647,-0.6500800848007202,0.21939422190189362
1.2486155033111572,1.4444168730835723,1.4631494283676147,-0.7769741415977478,0.13052567839622498
1.2516908645629883,1.4432250889746476,1.4620050191879272,-0.7568322420120239,0.16214236617088318
1.254770040512085,1.4420434291640636,1.4604791402816772,-0.6732432842254639,0.048493172973394394
1.257826566696167,1.4408820524405535,1.4593347311019897,-0.6430304646492004,0.08865492045879364
1.2609107494354248,1.4397219817694045,1.4578088521957397,-0.7286335825920105,0.08694590628147125
1.2639918327331543,1.4385750352249902,1.4566643238067627,-0.6752575039863586,0.1416342407464981
1.2670676708221436,1.4374420701946735,1.4555199146270752,-0.546349287033081,0.095918208360672
1.2701430320739746,1.4363214025437556,1.4539940357208252,-0.6269168853759766,0.07071030884981155
1.2732019424438477,1.4352188569359843,1.4528496265411377,-0.6742504239082336,0.10360875725746155
1.2762861251831055,1.4341195508614772,1.4517052173614502,-0.8373998403549194,0.010040436871349812
1.2793681621551514,1.4330334989028581,1.4501793384552002,-0.6087892055511475,0.08352788537740707
1.282447338104248,1.431961024350782,1.4490348100662231,-0.5000228881835938,0.04080262407660484
1.2855303287506104,1.4308999085152674,1.4478904008865356,-0.654108464717865,0.024567024782299995
1.288611650466919,1.429852151420076,1.4467459917068481,-0.7467612624168396,0.032684825360774994
1.2916901111602783,1.4288182282706605,1.4456015825271606,-0.5634698867797852,-0.014740215614438057
1.2947733402252197,1.4277956856473841,1.4444571733474731,-0.43657588958740234,-0.013885710388422012
1.2978553771972656,1.4267866187282634,1.4436942338943481,-0.5896543860435486,0.01773098297417164
1.3009319305419922,1.4257924844072714,1.4425498247146606,-0.3026321828365326,-0.02200350910425186
1.3040077686309814,1.4248117950636838,1.4414052963256836,-0.6128175854682922,0.0036316472105681896
1.3070833683013916,1.4238444840838285,1.440260887145996,-0.49901577830314636,-0.0049134050495922565
1.3101587295532227,1.4228906386709455,1.4391164779663086,-0.5644770264625549,0.06515602022409439
1.3131978511810303,1.4219612746813932,1.437972068786621,-0.6349737048149109,0.04165713116526604
1.3162736892700195,1.421034172202862,1.4368276596069336,-0.6943923234939575,0.04464789852499962
1.319352149963379,1.4201199533548001,1.435683250427246,-0.7084916234016418,0.09250018745660782
1.3224360942840576,1.419217908305135,1.4345388412475586,-0.6752575039863586,0.15487907826900482
1.3255205154418945,1.4183296261989684,1.4333943128585815,-0.6823071837425232,0.12967117130756378
1.328601360321045,1.417456336569404,1.432249903678894,-0.6591439843177795,0.15530632436275482
1.3316771984100342,1.4165984681973431,1.4311054944992065,-0.4748454988002777,0.16171512007713318
1.3347556591033936,1.4157539571929256,1.429961085319519,-0.4939803183078766,0.13992522656917572
1.3378396034240723,1.4149221536080872,1.4288166761398315,-0.5382925271987915,0.21512168645858765
1.34092378616333,1.4141045897926752,1.4280537366867065,-0.5111009478569031,0.1271076500415802
1.344007968902588,1.4133014073575139,1.426909327507019,-0.6833142638206482,0.03781185671687126
1.3470888137817383,1.412513527463903,1.426146388053894,-0.425497829914093,0.10745403170585632
1.3501653671264648,1.4117412140662893,1.425001859664917,-0.4315403997898102,0.030548561364412308
1.3532013893127441,1.4109933201854328,1.424238920211792,-0.5161364078521729,0.06771954149007797
1.3562805652618408,1.4102493195096875,1.4230945110321045,-0.4305332899093628,0.005767910275608301
1.3593645095825195,1.409518896360435,1.4223315715789795,-0.4879377484321594,0.01730373129248619
1.3624465465545654,1.4088037208096036,1.421187162399292,-0.365072101354599,0.05191119387745857
1.3655223846435547,1.4081047971799308,1.420424222946167,-0.460746169090271,0.025848783552646637
1.368598222732544,1.4074207374362782,1.419661283493042,-0.6470588445663452,0.010894942097365856
1.3716766834259033,1.4067510413055766,1.418898344039917,-0.616845965385437,0.04464789852499962
1.3747570514678955,1.4060959600807057,1.418135404586792,-0.44866102933883667,0.06814679503440857
1.3778352737426758,1.405456415222463,1.4173723459243774,-0.21400777995586395,0.07541008293628693
1.3809165954589844,1.4048313839063664,1.41622793674469,-0.4577248692512512,0.063019759953022
1.3839919567108154,1.404222741133065,1.415464997291565,-0.4325474798679352,0.04293888807296753
1.387068271636963,1.4036291383518913,1.4143205881118774,-0.5090867280960083,-0.004058899823576212
1.3901469707489014,1.4030503798422052,1.413939118385315,-0.5060654878616333,0.008758679032325745
1.3932020664215088,1.4024912464995056,1.41317617893219,-0.5010299682617188,0.04464789852499962
1.3962821960449219,1.4019428999726067,1.412413239479065,-0.3972991406917572,0.07498283684253693
1.3993592262268066,1.4014105642082726,1.41165030002594,-0.23314259946346283,0.04293888807296753
1.4024343490600586,1.4008940449590548,1.410887360572815,-0.2845044732093811,0.008331426419317722
1.4055135250091553,1.4003924056112858,1.4105058908462524,-0.17070268094539642,0.03439383581280708
1.4085991382598877,1.3999053844418945,1.409742832183838,-0.46578162908554077,-0.00747692072764039
1.4116792678833008,1.399434915848872,1.408979892730713,-0.23213550448417664,0.04635690897703171
1.4147586822509766,1.3989802682177936,1.4085984230041504,-0.2875257432460785,0.027985045686364174
1.4178433418273926,1.3985406389138835,1.4078354835510254,-0.3761501610279083,-0.039093613624572754
1.420926809310913,1.3981170177526223,1.407454013824463,-0.32780957221984863,-0.07284656912088394
1.4240076541900635,1.397709611578315,1.406691074371338,-0.35600823163986206,-0.021576257422566414
1.4270827770233154,1.3973188039371522,1.4063096046447754,-0.33888763189315796,0.0117494473233819
1.4301588535308838,1.3969437461113474,1.4055466651916504,-0.36003661155700684,-0.00747692072764039
1.4332020282745361,1.396588353962354,1.4047837257385254,-0.4597390592098236,0.0032043945975601673
1.4362859725952148,1.3962441181780156,1.4040207862854004,-0.3006179928779602,0.0796826109290123
1.4393668174743652,1.3959162598046055,1.403639316558838,-0.24724192917346954,0.09207294136285782
1.4424428939819336,1.395604925714718,1.402876377105713,-0.4416113495826721,0.042084380984306335
1.4455184936523438,1.395309669683995,1.4024949073791504,-0.35701534152030945,0.07071030884981155
1.448596477508545,1.3950302595757504,1.4017318487167358,-0.3801785409450531,0.13736172020435333
1.4516727924346924,1.3947670950155981,1.4013503789901733,-0.31270313262939453,0.09933622926473618
1.4547505378723145,1.3945199335951513,1.4009689092636108,-0.173723965883255,0.07669184356927872
1.4578275680541992,1.3942889763470756,1.4002059698104858,-0.33989471197128296,0.08865492045879364
1.4609043598175049,1.3940742015552732,1.3998245000839233,-0.28148317337036133,0.1766689568758011
1.4639811515808105,1.3938756107653825,1.3994430303573608,-0.37312886118888855,0.08822766691446304
1.4670584201812744,1.393693195522337,1.3990615606307983,-0.21400777995586395,0.17111466825008392
1.4701390266418457,1.393526833457345,1.3982986211776733,-0.30766767263412476,0.16214236617088318
1.4731991291046143,1.3933776919347918,1.3979171514511108,-0.270405113697052,0.16684214770793915
1.4762792587280273,1.3932438057808834,1.3975356817245483,-0.07200732082128525,0.20230410993099213
1.4793617725372314,1.393126131810281,1.3971542119979858,-0.18178072571754456,0.16556039452552795
1.4824419021606445,1.3930248630709163,1.3967727422714233,-0.3187457025051117,0.2061493843793869
1.4855265617370605,1.3929397988032504,1.3963912725448608,-0.3449302017688751,0.11429007351398468
1.4886093139648438,1.3928711453574523,1.3960098028182983,-0.32478827238082886,0.20871290564537048
1.4916894435882568,1.3928188890510351,1.3956283330917358,-0.21904325485229492,0.11941710859537125
1.494774341583252,1.3927829264794267,1.3952468633651733,-0.29054704308509827,0.16940565407276154
1.497856855392456,1.392763363378251,1.3952468633651733,-0.3177386224269867,0.11514458060264587
1.5009331703186035,1.3927601574625366,1.3948653936386108,-0.21702906489372253,0.08950942009687424
1.5040106773376465,1.3927732615020003,1.3948653936386108,-0.04884412884712219,0.13522544503211975
1.5070908069610596,1.3928027106988212,1.3944838047027588,-0.02064545638859272,0.14633402228355408
1.510176181793213,1.3928485899907093,1.3944838047027588,-0.016617074608802795,0.16598764061927795
1.5132670402526855,1.3929109841118246,1.3941023349761963,0.006546120624989271,0.16427862644195557
1.5163471698760986,1.3929895181500602,1.3937208652496338,-0.13646143674850464,0.15231555700302124
1.5194330215454102,1.393084564283851,1.3937208652496338,0.05387960746884346,0.1253986358642578
1.5225160121917725,1.3931958719977462,1.3937208652496338,-0.19588007032871246,0.15188831090927124
1.5255961418151855,1.3933233853688316,1.3937208652496338,-0.054886702448129654,0.10574502497911453
1.5286779403686523,1.393467270508014,1.3933393955230713,0.1284046620130539,0.11728084087371826
1.531754732131958,1.3936271758165635,1.3933393955230713,-0.0790569931268692,0.12497138977050781
1.5348320007324219,1.3938033354464898,1.3933393955230713,0.014602883718907833,0.1424887478351593
1.5379118919372559,1.3939958802713253,1.3933393955230713,0.035751886665821075,0.11215381324291229
1.5409934520721436,1.3942047665750996,1.3933393955230713,-0.029709314927458763,0.1578698456287384
1.5440733432769775,1.3944297485438841,1.3929579257965088,-0.015609979629516602,0.08480964601039886
1.5471553802490234,1.3946710875075066,1.3933393955230713,0.05690089240670204,0.12497138977050781
1.550203800201416,1.3949257136314566,1.3933393955230713,-0.09819180518388748,0.1283894032239914
1.5532853603363037,1.395199175310395,1.3933393955230713,0.03675898537039757,0.11599908769130707
1.5563650131225586,1.3954885815328948,1.3933393955230713,-0.08509956300258636,0.20999465882778168
1.559450387954712,1.3957946520278255,1.3933393955230713,0.12437628954648972,0.1420614868402481
1.5625321865081787,1.396116452541496,1.3933393955230713,0.011581597849726677,0.16086061298847198
1.5656087398529053,1.396453709713713,1.3933393955230713,0.2059510201215744,0.20059509575366974
1.5686852931976318,1.3968069260936031,1.3933393955230713,-0.2069581151008606,0.2082856446504593
1.5717620849609375,1.3971760979079058,1.3933393955230713,-0.0941634252667427,0.18393224477767944
1.5748379230499268,1.3975610420969216,1.3937208652496338,0.23314259946346283,0.24289311468601227
1.5779180526733398,1.397962404934954,1.3937208652496338,0.06596475094556808,0.3027084767818451
1.581003189086914,1.3983803139187325,1.3937208652496338,0.15056076645851135,0.20273137092590332
1.5840883255004883,1.3988140902978141,1.3941023349761963,0.0800640881061554,0.3368886709213257
1.5871737003326416,1.399263728679478,1.3941023349761963,0.10423437505960464,0.3018539845943451
1.59027099609375,1.3997309827269797,1.3944838047027588,0.08812084794044495,0.3304798901081085
1.5933585166931152,1.4002125519615802,1.3944838047027588,0.04884412884712219,0.27707332372665405
1.5964407920837402,1.4007089826224128,1.3948653936386108,0.13041886687278748,0.32150760293006897
1.5995213985443115,1.4012207514433117,1.3948653936386108,0.03776608034968376,0.2736552953720093
1.602604627609253,1.401748530590855,1.3952468633651733,-0.009567406959831715,0.3505607545375824
1.6056816577911377,1.4022907336212649,1.3956283330917358,0.13948272168636322,0.33859768509864807
1.6087596416473389,1.4028485305716294,1.3956283330917358,0.15156786143779755,0.26425573229789734
1.6118388175964355,1.4034219285942857,1.3960098028182983,0.24119935929775238,0.2693827748298645
1.614919900894165,1.4040110304076863,1.3963912725448608,0.08711375296115875,0.28220033645629883
1.6180047988891602,1.404616188166388,1.3967727422714233,0.34291601181030273,0.3014267086982727
1.6210896968841553,1.4052366251679325,1.3971542119979858,0.2996108829975128,0.2710917890071869
1.6241753101348877,1.4058724322804372,1.3975356817245483,0.16768139600753784,0.3971312940120697
1.6272673606872559,1.4065247815730086,1.3979171514511108,0.1445181965827942,0.32578012347221375
1.6303436756134033,1.4071888656025189,1.3982986211776733,0.3630579113960266,0.34158846735954285
1.6334242820739746,1.4078688613676404,1.3986800909042358,0.26335546374320984,0.25912871956825256
1.6365091800689697,1.4085647677146498,1.3990615606307983,0.3529869616031647,0.24545662105083466
1.6395916938781738,1.4092750273391408,1.3994430303573608,0.3993133306503296,0.2693827748298645
1.6426723003387451,1.409999652476068,1.4002059698104858,0.546349287033081,0.24118410050868988
1.6457493305206299,1.4107381433063355,1.4005874395370483,0.366079181432724,0.2569924592971802
1.6488261222839355,1.4114912045519004,1.4009689092636108,0.2663767337799072,0.2693827748298645
1.6519067287445068,1.4122597832264197,1.4017318487167358,0.32881665229797363,0.27835509181022644
1.654991865158081,1.4130440449230992,1.4021133184432983,0.2855115532875061,0.221957728266716
1.6580734252929688,1.413841862251868,1.402876377105713,0.11229114234447479,0.30783551931381226
1.6611499786376953,1.414652729886313,1.403639316558838,0.3831998109817505,0.2240939885377884
1.6642000675201416,1.415470698322583,1.4040207862854004,0.33788052201271057,0.22452124953269958
1.6672770977020264,1.4163100166012441,1.4047837257385254,0.28148317337036133,0.20914015173912048
1.670356273651123,1.4171640435877455,1.4055466651916504,0.5795834064483643,0.2715190351009369
1.673438310623169,1.418032932089611,1.4063096046447754,0.7135271430015564,0.22665750980377197
1.6765179634094238,1.4189151253231231,1.4070725440979004,0.4134126901626587,0.15231555700302124
1.679600715637207,1.419812116239382,1.407454013824463,0.5070725679397583,0.15317006409168243
1.6826808452606201,1.4207221591441976,1.4085984230041504,0.5131151080131531,0.19845883548259735
1.6857657432556152,1.4216473667102312,1.4093613624572754,0.5241931676864624,0.1920500546693802
1.6888511180877686,1.4225864000556252,1.409742832183838,0.3177386224269867,0.23263904452323914
1.6919364929199219,1.4235390290062842,1.4105058908462524,0.3449302017688751,0.21982146799564362
1.695021390914917,1.4245050137068747,1.4112688302993774,0.33788052201271057,0.19546806812286377
1.6981077194213867,1.4254848668629891,1.412413239479065,0.5493705868721008,0.18350499868392944
1.701200246810913,1.4264800597027691,1.41317617893219,0.4919661283493042,0.18692301213741302
1.704277515411377,1.4274835353171316,1.413939118385315,0.40535593032836914,0.19674982130527496
1.7073545455932617,1.4284999982410487,1.41470205783844,0.6410162448883057,0.18478675186634064
1.7104337215423584,1.4295301531061757,1.415464997291565,0.5876401662826538,0.1595788449048996
1.7135157585144043,1.430574174344447,1.41622793674469,0.4899519383907318,0.191622793674469
1.7165958881378174,1.4316303549544958,1.416990876197815,0.5936827659606934,0.2651102542877197
1.7196812629699707,1.4327010691586222,1.41775381565094,0.7608606219291687,0.2399023473262787
1.722766637802124,1.4337844286610977,1.4185168743133545,0.3781643509864807,0.3680781126022339
1.7258520126342773,1.4348803316766818,1.419661283493042,0.40434882044792175,0.24930189549922943
1.728933334350586,1.4359872111461893,1.420424222946167,0.3338521420955658,0.2702372670173645
1.7320103645324707,1.4371048275200966,1.4215686321258545,0.23414969444274902,0.2381933331489563
1.7350869178771973,1.43823443335649,1.4223315715789795,0.6450446248054504,0.23178453743457794
1.7381672859191895,1.4393775183921347,1.423475980758667,0.6581368446350098,0.20358586311340332
1.7412590980529785,1.4405368959390976,1.4246203899383545,0.771938681602478,0.26297399401664734
1.7443397045135498,1.4417039655861268,1.4253833293914795,0.5956969261169434,0.1903410404920578
1.7474219799041748,1.442883440041433,1.4265278577804565,0.44866102933883667,0.2851911187171936
1.7504982948303223,1.4440722650595004,1.4272907972335815,0.4577248692512512,0.21896696090698242
1.753575086593628,1.4452727860667083,1.428435206413269,0.6571297645568848,0.28177309036254883
1.756652593612671,1.4464849905731985,1.429198145866394,0.5010299682617188,0.30954450368881226
1.7597291469573975,1.4477081066386723,1.4303425550460815,0.45369648933410645,0.3300526440143585
1.7628061771392822,1.448942586049961,1.431486964225769,0.5936827659606934,0.3304798901081085
1.765882968902588,1.4501880278163528,1.432249903678894,0.6228885054588318,0.34757000207901
1.7689597606658936,1.4514444107947373,1.4333943128585815,0.6349737048149109,0.34372472763061523
1.772036075592041,1.45271142037702,1.4345388412475586,0.5171434879302979,0.3027084767818451
1.7751126289367676,1.4539892315254606,1.4353017807006836,0.7125200033187866,0.3680781126022339
1.778198480606079,1.4552815369573036,1.436446189880371,0.532249927520752,0.41721218824386597
1.781285047531128,1.4565846726188199,1.4375905990600586,0.5926756858825684,0.26340124011039734
1.7843704223632812,1.4578977083629745,1.438735008239746,0.3781643509864807,0.3180895745754242
1.7874555587768555,1.459220919445803,1.4398794174194336,0.8333714604377747,0.2736552953720093
1.7905409336090088,1.460554386060457,1.441023826599121,0.8172579407691956,0.3317616581916809
1.793626070022583,1.4618977768602588,1.4421683549880981,0.6702220439910889,0.221530482172966
1.796708345413208,1.4632498087683843,1.4436942338943481,0.6843213438987732,0.29629969596862793
1.7997887134552002,1.4646107505089145,1.4448386430740356,0.8283360004425049,0.2663919925689697
1.8028712272644043,1.4659822662868203,1.4463645219802856,0.7830166816711426,0.1882047802209854
1.8059515953063965,1.4673623182259934,1.4475089311599731,0.6440375447273254,0.1899137794971466
1.809037208557129,1.468754102253355,1.4486533403396606,0.46981003880500793,0.21341268718242645
1.8121223449707031,1.4701549284874436,1.4497978687286377,0.5533989667892456,0.21298542618751526
1.8152027130126953,1.471562693507916,1.4509422779083252,0.6420233249664307,0.24203860759735107
1.8182859420776367,1.4729807434553153,1.4524681568145752,0.737697422504425,0.2565651834011078
1.8213627338409424,1.4744046537039184,1.4536125659942627,0.8998397588729858,0.23050278425216675
1.824439287185669,1.4758371312295877,1.4547569751739502,0.7125200033187866,0.27621880173683167
1.8275179862976074,1.4772791602149582,1.4562828540802002,0.7689173817634583,0.3309071362018585
1.8305957317352295,1.4787291590929394,1.4574273824691772,0.5856260061264038,0.2736552953720093
1.8336727619171143,1.4801870978276577,1.4585717916488647,0.6450446248054504,0.3022812306880951
1.8367533683776855,1.4816548848146802,1.4600976705551147,0.5936827659606934,0.22964827716350555
1.8398349285125732,1.4831311509744083,1.4616235494613647,0.7155413031578064,0.28091859817504883
1.8429155349731445,1.4846148442991425,1.4627679586410522,0.5997253656387329,0.29373615980148315
1.8459978103637695,1.4861070915237775,1.4642938375473022,0.844449520111084,0.29031816124916077
1.8490748405456543,1.4876043923092221,1.4654383659362793,0.6984207034111023,0.2826276123523712
1.8521547317504883,1.489110542135216,1.4669642448425293,0.6420233249664307,0.287754625082016
1.85520339012146,1.4906086271273087,1.4681086540222168,0.6279240250587463,0.3505607545375824
1.8582887649536133,1.4921319155377293,1.4696345329284668,0.8162508606910706,0.31296253204345703
1.8613700866699219,1.4936602505999799,1.4707789421081543,0.5584344267845154,0.3360341787338257
1.8644468784332275,1.4951932234847773,1.4723048210144043,0.7094987630844116,0.30954450368881226
1.8675239086151123,1.4967330522542404,1.4734493494033813,0.7074845433235168,0.3176623284816742
1.8706037998199463,1.4982809153803571,1.4749752283096313,0.8897688388824463,0.27621880173683167
1.873685359954834,1.4998360833141464,1.4765011072158813,0.7830166816711426,0.505226194858551
1.8767611980438232,1.501394668078722,1.4780269861221313,0.6923781037330627,0.2655375003814697
1.879838228225708,1.5029600135486845,1.4795528650283813,0.7810025215148926,0.2381933331489563
1.882918119430542,1.5045328344047,1.481078863143921,0.9491874575614929,0.16769665479660034
1.8860034942626953,1.506114346744199,1.482604742050171,0.9552300572395325,0.09976348280906677
1.8890883922576904,1.5077013612160166,1.484130620956421,0.7266193628311157,0.16940565407276154
1.8921740055084229,1.5092943426239158,1.485656499862671,0.8978255987167358,0.18350499868392944
1.8952693939208984,1.5108978462783862,1.487182378768921,0.877683699131012,0.23520256578922272
1.8983559608459473,1.5125020904050963,1.4887083768844604,0.7920805811882019,0.26425573229789734
1.901437759399414,1.5141089960195548,1.489852786064148,0.8514991998672485,0.28006407618522644
1.9045145511627197,1.515718264117634,1.491378664970398,0.8273289203643799,0.35654231905937195
1.9075956344604492,1.5173346054864334,1.492904543876648,0.7366903424263,0.2992904484272003
1.9106814861297607,1.5189581397909733,1.494430422782898,0.8061798810958862,0.286900132894516
1.9137673377990723,1.5205862166579756,1.495956301689148,0.877683699131012,0.4009765684604645
1.9168522357940674,1.5222181779051693,1.4974822998046875,0.8303502202033997,0.3962768018245697
1.919938087463379,1.5238548791675186,1.4990081787109375,0.9119248986244202,0.39157700538635254
1.9230246543884277,1.5254960435563107,1.5005340576171875,0.7789883017539978,0.4560921788215637
1.9261107444763184,1.5271408834382885,1.5020599365234375,0.7900663614273071,0.2681010067462921
1.9291949272155762,1.5287884773775493,1.5035858154296875,0.8273289203643799,0.29587242007255554
1.932271957397461,1.5304358526914421,1.505111813545227,0.6964064836502075,0.27707332372665405
1.9353480339050293,1.532086159927657,1.5070191621780396,0.9552300572395325,0.2980087101459503
1.9384269714355469,1.5337412944665845,1.508163571357727,0.6943923234939575,0.28220033645629883
1.9415087699890137,1.5354011104172853,1.5100709199905396,1.0116273164749146,0.2206759750843048
1.9445884227752686,1.5370627569456936,1.5115967988967896,0.9713435769081116,0.382177472114563
1.9476706981658936,1.5387286517332959,1.513122797012329,0.9381093978881836,0.27792781591415405
1.9507472515106201,1.5403941248016373,1.514648675918579,0.9894712567329407,0.27664607763290405
1.9538238048553467,1.5420621106160879,1.516174554824829,1.0418401956558228,0.16940565407276154
1.9569036960601807,1.5437342667952343,1.5180819034576416,0.8343786001205444,0.3535515367984772
1.9599888324737549,1.5454114817864617,1.5196079015731812,0.930052638053894,0.32877087593078613
1.9630706310272217,1.547088934354537,1.5211337804794312,0.8001373410224915,0.3206530809402466
1.966151237487793,1.5487676307554918,1.5230411291122437,0.9008468985557556,0.1899137794971466
1.9692034721374512,1.5504325783381232,1.5245670080184937,0.7195696830749512,0.3014267086982727
1.9722850322723389,1.552115094626642,1.5260928869247437,0.9713435769081116,0.2240939885377884
1.9753620624542236,1.5537965569541898,1.5276188850402832,0.9441519975662231,0.2890363931655884
1.978438138961792,1.5554787586942764,1.5295262336730957,0.8877546191215515,0.30569925904273987
1.9815187454223633,1.5571645433175796,1.5310521125793457,1.0307621955871582,0.35654231905937195
1.9846034049987793,1.5588534963111143,1.5325779914855957,1.0559395551681519,0.3992675542831421
1.9876878261566162,1.560543111164092,1.5341038703918457,0.7115129232406616,0.34329748153686523
1.9907727241516113,1.5622336210823895,1.5356298685073853,0.9945067763328552,0.32150760293006897
1.9938554763793945,1.563923429807221,1.5375372171401978,0.8192721605300903,0.3697871267795563
1.9969351291656494,1.5656118551335707,1.5390630960464478,0.8243076205253601,0.39072251319885254
2.0000202655792236,1.5673034444964398,1.5405889749526978,0.7266193628311157,0.31039902567863464
2.0031018257141113,1.56899307199447,1.5424963235855103,0.7799954414367676,0.2693827748298645
2.006178617477417,1.5706799260378663,1.5440223217010498,0.8958113789558411,0.3304798901081085
2.009265422821045,1.5723719518103165,1.5459296703338623,0.9431448578834534,0.3048447370529175
2.0123467445373535,1.574060495420425,1.5474555492401123,0.8484779000282288,0.23050278425216675
2.015428066253662,1.5757484048086277,1.5489814281463623,0.7588464021682739,0.25955596566200256
2.0185141563415527,1.5774381319386783,1.5508888959884644,0.7054703831672668,0.21554894745349884
2.0216002464294434,1.5791269053950212,1.5524147748947144,0.9683222770690918,0.13565270602703094
2.0246856212615967,1.5808141754341432,1.5543221235275269,0.9340810179710388,0.27878233790397644
2.0277678966522217,1.582498482055104,1.5558480024337769,0.7991302609443665,0.3351796865463257
2.0308451652526855,1.5841786304779264,1.5577553510665894,1.0609750747680664,0.2082856446504593
2.033926010131836,1.5858591504905435,1.559281349182129,1.083131194114685,0.21683070063591003
2.0370101928710938,1.5875397490377283,1.5611886978149414,0.9612725973129272,0.37064164876937866
2.0400922298431396,1.5892172795144504,1.5627145767211914,0.9975280165672302,0.3920042812824249
2.0431830883026123,1.5908975470119227,1.5642404556274414,0.8595559597015381,0.3497062623500824
2.046295404434204,1.5925872301537354,1.566147804260254,0.9824215769767761,0.383459210395813
2.0493783950805664,1.5942586087723987,1.5676738023757935,0.9320668578147888,0.40354010462760925
2.0524559020996094,1.595924491737847,1.5691996812820435,0.8122224807739258,0.32620736956596375
2.0555338859558105,1.5975879558046917,1.5707255601882935,0.8363927602767944,0.4462653398513794
2.058610439300537,1.5992478160107526,1.5722514390945435,0.6581368446350098,0.30954450368881226
2.0616867542266846,1.6009045627554561,1.574158787727356,0.7175555229187012,0.4150759279727936
2.0647635459899902,1.6025584261000936,1.5756847858428955,0.7145342230796814,0.3992675542831421
2.0678393840789795,1.6042084834069719,1.577592134475708,0.8877546191215515,0.30698099732398987
2.070918560028076,1.6058568786786274,1.579118013381958,0.9421377778053284,0.3155260682106018
2.0740017890930176,1.607503827811676,1.5810253620147705,1.159670352935791,0.3770504295825958
2.0770814418792725,1.6091451004963682,1.58255136013031,1.0750744342803955,0.24972915649414062
2.08016300201416,1.6107834683773183,1.58407723903656,1.0972304344177246,0.3317616581916809
2.0832011699676514,1.6123947763644269,1.5859845876693726,0.9783931970596313,0.2839093506336212
2.0862843990325928,1.6140257812914447,1.5875104665756226,0.8192721605300903,0.18521401286125183
2.0893685817718506,1.615652903996303,1.589417815208435,0.9955138564109802,0.3620965778827667
2.0924527645111084,1.6172754865744339,1.5909438133239746,1.0750744342803955,0.40140384435653687
2.095534086227417,1.6188918780922312,1.5924696922302246,1.0569466352462769,0.24972915649414062
2.0986130237579346,1.620502189348715,1.594377040863037,0.931059718132019,0.3779049217700958
2.101694107055664,1.6221086392149788,1.595902919769287,0.8706340193748474,0.34842449426651
2.104768991470337,1.6237067367692877,1.5978103876113892,0.9099107384681702,0.30997177958488464
2.107848882675171,1.6253021591968124,1.5993362665176392,0.7004348635673523,0.29715418815612793
2.110933780670166,1.6268947310128106,1.6008621454238892,0.9129320383071899,0.33774319291114807
2.114018678665161,1.6284817047153206,1.6023880243301392,0.7900663614273071,0.3039902448654175
2.11710262298584,1.6300624433273765,1.6039139032363892,0.8575417995452881,0.3544060289859772
2.1201937198638916,1.6316409355061758,1.6054397821426392,0.6017395257949829,0.3347524106502533
2.1232755184173584,1.6332086387148375,1.6073472499847412,0.8746623992919922,0.34842449426651
2.126354932785034,1.6347689575916113,1.6088731288909912,0.9038681387901306,0.45438316464424133
2.1294355392456055,1.636323561624136,1.6103990077972412,0.9542229175567627,0.35526055097579956
2.132511615753174,1.6378694282936834,1.6119248867034912,0.9703364372253418,0.3693598806858063
2.1355879306793213,1.6394088229621782,1.6134508848190308,0.7830166816711426,0.31125351786613464
2.1386654376983643,1.6409420743702845,1.6149767637252808,0.7860379815101624,0.32706186175346375
2.1417462825775146,1.6424700930912497,1.6168841123580933,0.8343786001205444,0.21768520772457123
2.144824981689453,1.6439900124800482,1.6184099912643433,0.9501945376396179,0.2689555287361145
2.1479063034057617,1.6455040425543863,1.6199358701705933,0.9068894386291504,0.2377660721540451
2.1509830951690674,1.6470085340681817,1.6218433380126953,0.9230029582977295,0.22494849562644958
2.1540589332580566,1.6485051147392413,1.6233692169189453,0.7769741415977478,0.2206759750843048
2.157137155532837,1.6499952634893154,1.6248950958251953,0.6138246655464172,0.3796139359474182
2.16020131111145,1.65147092154915,1.6264209747314453,0.877683699131012,0.286472886800766
2.163283109664917,1.6529472080257706,1.6279468536376953,0.8514991998672485,0.20059509575366974
2.16635799407959,1.6544121805803405,1.6294728517532349,0.99853515625,0.2732280492782593
2.169433355331421,1.6558692487817077,1.6309987306594849,0.7759670615196228,0.5000991821289062
2.172508716583252,1.6573180488168469,1.6325246095657349,0.8031586408615112,0.3979858160018921
2.1755855083465576,1.658759113475898,1.6340504884719849,0.8243076205253601,0.4595101773738861
2.178663969039917,1.6601924069624954,1.6355763673782349,0.9401236176490784,0.30869001150131226
2.1817474365234375,1.6616193210699162,1.6371023654937744,0.8917829990386963,0.46506446599960327
2.1848316192626953,1.6630377116991448,1.6386282444000244,0.9250171780586243,0.3603875935077667
2.187915563583374,1.6644470050792413,1.6401541233062744,0.8847333192825317,0.5000991821289062
2.1909966468811035,1.6658458842198138,1.6416800022125244,0.7689173817634583,0.3971312940120697
2.19407320022583,1.6672334933854995,1.642824411392212,0.9129320383071899,0.48557260632514954
2.1971490383148193,1.6686114470275577,1.644350290298462,0.7850309014320374,0.4719005227088928
2.2002012729644775,1.669969474925715,1.6458762884140015,0.8112154006958008,0.46549171209335327
2.203281879425049,1.6713305530956784,1.647020697593689,0.6480659246444702,0.4321660101413727
2.206357717514038,1.6726798026267193,1.648546576499939,0.8132295608520508,0.4291752576828003
2.209434747695923,1.6740197289550778,1.650072455406189,0.7356832027435303,0.3544060289859772
2.212514877319336,1.6753510166243164,1.651598334312439,0.809201180934906,0.3159533143043518
2.215599775314331,1.6766742237133843,1.6531243324279785,0.7799954414367676,0.3676508665084839
2.2186801433563232,1.6779852368280155,1.6546502113342285,0.6843213438987732,0.2710917890071869
2.221755266189575,1.67928367785638,1.6561760902404785,0.5584344267845154,0.286472886800766
2.2248311042785645,1.6805719650851498,1.6577019691467285,0.6118105053901672,0.24075685441493988
2.2279067039489746,1.6818495763796129,1.658846378326416,0.7447471022605896,0.3146715462207794
2.230982780456543,1.6831166883154276,1.6603723764419556,0.8273289203643799,0.2715190351009369
2.2340621948242188,1.6843743409497802,1.6618982553482056,0.5090867280960083,0.32834362983703613
2.2371459007263184,1.6856227655175793,1.6634241342544556,0.8525062799453735,0.29074540734291077
2.240200996398926,1.686848656276923,1.664568543434143,0.687342643737793,0.5248798131942749
2.243285655975342,1.6880752358041973,1.6657129526138306,0.6007324457168579,0.3509880304336548
2.2463669776916504,1.6892891638187593,1.6672388315200806,0.6420233249664307,0.43729305267333984
2.2494428157806396,1.6904895301352867,1.6683833599090576,0.7437399625778198,0.4462653398513794
2.2525179386138916,1.6916781179945337,1.6699092388153076,0.7930876612663269,0.3526970446109772
2.2555971145629883,1.6928566405164058,1.6710536479949951,0.810208261013031,0.3928587734699249
2.258680820465088,1.6940251210054686,1.6721980571746826,0.7447471022605896,0.42404821515083313
2.2617650032043457,1.6951818853229081,1.6741054058074951,1.0297551155090332,0.40482184290885925
2.2648463249206543,1.6963255869425002,1.6748683452606201,0.5936827659606934,0.3185168206691742
2.2679219245910645,1.697455107146849,1.6763943433761597,0.8202792406082153,0.41763943433761597
2.2709972858428955,1.6985723893466669,1.6775387525558472,0.7870450615882874,0.4257572293281555
2.2740726470947266,1.6996774172777815,1.6786831617355347,0.6430304646492004,0.3787594437599182
2.277151346206665,1.7007712669773978,1.6802090406417847,0.6087892055511475,0.42233920097351074
2.2802014350891113,1.7018426388193073,1.6813534498214722,0.7054703831672668,0.45566490292549133
2.28328537940979,1.7029133419205948,1.6824978590011597,0.6843213438987732,0.34158846735954285
2.2863686084747314,1.7039710708973157,1.6836423873901367,0.6128175854682922,0.32706186175346375
2.289452314376831,1.7050161369087449,1.6847867965698242,0.7467612624168396,0.35867857933044434
2.2925360202789307,1.7060482773037677,1.6859312057495117,0.6379949450492859,0.3005722165107727
2.2956185340881348,1.7070670037741418,1.6874570846557617,0.7306477427482605,0.37491416931152344
2.298694133758545,1.708070381407229,1.6886014938354492,0.5735408663749695,0.38858625292778015
2.301769495010376,1.7090605398983034,1.6897459030151367,0.7910735011100769,0.40823987126350403
2.3048453330993652,1.7100376155519195,1.6908903121948242,0.4567177891731262,0.26254671812057495
2.307924270629883,1.7110023269790853,1.6920348405838013,0.6964064836502075,0.21341268718242645
2.3110082149505615,1.7119551285491366,1.6931792497634888,0.7316548228263855,0.2531471848487854
2.314089298248291,1.7128934861557885,1.6943236589431763,0.5433279871940613,0.2710917890071869
2.317169427871704,1.7138179179726594,1.6958495378494263,0.6823071837425232,0.3937132954597473
2.3202643394470215,1.7147329673992961,1.6966124773025513,0.5342641472816467,0.3309071362018585
2.3233487606048584,1.7156310477793921,1.6977568864822388,0.6087892055511475,0.44882887601852417
2.326429605484009,1.7165141828104564,1.6989012956619263,0.5121080279350281,0.38815900683403015
2.3295066356658936,1.717382271577513,1.7000458240509033,0.580590546131134,0.32150760293006897
2.33258318901062,1.7182362038065793,1.7008087635040283,0.6571297645568848,0.37064164876937866
2.335662841796875,1.7190768742762517,1.7019531726837158,0.7628747820854187,0.45310139656066895
2.3387465476989746,1.7199044152346212,1.7027161121368408,0.4124055802822113,0.5334249138832092
2.341827630996704,1.720716947774263,1.7038605213165283,0.45168229937553406,0.4607919454574585
2.344907522201538,1.721514799607419,1.7050049304962158,0.6259098052978516,0.5223163366317749
2.347989320755005,1.722298693856207,1.7053864002227783,0.3368734121322632,0.4270389974117279
2.351069211959839,1.7230675868240106,1.7065308094024658,0.5674982666969299,0.35568779706954956
2.3541502952575684,1.7238221852918185,1.7072938680648804,0.3831998109817505,0.4415655732154846
2.3572051525115967,1.7245558819452218,1.7088197469711304,0.5433279871940613,0.4953994154930115
2.3602895736694336,1.7252819833175943,1.7092012166976929,0.5211718678474426,0.3650873601436615
2.363369941711426,1.7259923253253244,1.7103456258773804,0.3006179928779602,0.3954222798347473
2.3664467334747314,1.7266870064880158,1.7111085653305054,0.36003661155700684,0.3851682245731354
2.3695223331451416,1.727366534703149,1.7118715047836304,0.36003661155700684,0.38644999265670776
2.3725979328155518,1.7280311185581898,1.7126344442367554,0.41744107007980347,0.4112306535243988
2.375676393508911,1.7286812932612219,1.7137788534164429,0.4748454988002777,0.43515679240226746
2.3787572383880615,1.7293168588018637,1.7145417928695679,0.2875257432460785,0.33731594681739807
2.381836414337158,1.729936914312723,1.7153048515319824,0.5332570672035217,0.43344777822494507
2.3849167823791504,1.7305419813684968,1.7160677909851074,0.40737012028694153,0.3920042812824249
2.3879952430725098,1.7311313998666802,1.7168307304382324,0.6087892055511475,0.5359883904457092
2.3910763263702393,1.731705976584733,1.7175936698913574,0.4597390592098236,0.4612191915512085
2.394155502319336,1.732264807653476,1.718738079071045,0.4748454988002777,0.4001220762729645
2.3971989154815674,1.7328019788370745,1.7191195487976074,0.34392309188842773,0.27750056982040405
2.400278091430664,1.7333300642391543,1.7198824882507324,0.5866330862045288,0.34030669927597046
2.4033541679382324,1.7338421043689738,1.7206454277038574,0.48189517855644226,0.45395588874816895
2.406560182571411,1.7343592200178173,1.7214083671569824,0.2210574448108673,0.41806668043136597
2.4096429347991943,1.7348404715335084,1.7221713066101074,0.38622111082077026,0.3697871267795563
2.412804365158081,1.7353176834895558,1.722934365272522,0.42348363995552063,0.3783321976661682
2.4159507751464844,1.735776171739215,1.723697304725647,0.41945526003837585,0.4415655732154846
2.419092893600464,1.7362176062258576,1.724460244178772,0.4577248692512512,0.34799724817276
2.422253370285034,1.7366450149983947,1.7248417139053345,0.2865186631679535,0.3625238537788391
2.42535662651062,1.737048441167498,1.7256046533584595,0.426504909992218,0.34457921981811523
2.4284591674804688,1.737435645378472,1.7263675928115845,0.31270313262939453,0.3663691282272339
2.4315531253814697,1.7378056815457466,1.726749062538147,0.18178072571754456,0.24673838913440704
2.4346368312835693,1.7381584620427333,1.727512001991272,0.32378119230270386,0.38773176074028015
2.43772029876709,1.7384951810440754,1.7278934717178345,0.16365301609039307,0.4137941598892212
2.4408044815063477,1.738815907361774,1.7286564111709595,0.2875257432460785,0.3176623284816742
2.44388747215271,1.7391204162895402,1.729037880897522,0.5020371079444885,0.44028380513191223
2.4469680786132812,1.7394085895481537,1.729800820350647,0.23918516933918,0.31168079376220703
2.4500439167022705,1.7396802332240449,1.7301822900772095,0.4446326494216919,0.46463721990585327
2.453122138977051,1.739935972284278,1.7305638790130615,0.14653238654136658,0.4005493223667145
2.4562013149261475,1.7401756377407804,1.7313268184661865,0.4456397294998169,0.27493706345558167
2.4592835903167725,1.7403993422369473,1.731708288192749,0.2996108829975128,0.5261616110801697
2.46236515045166,1.7406067691507805,1.7320897579193115,0.060929276049137115,0.3603875935077667
2.4654407501220703,1.7407975987309992,1.732471227645874,0.2361638844013214,0.3787594437599182
2.468515157699585,1.7409721654946166,1.7328526973724365,0.3691004812717438,0.45096513628959656
2.4715938568115234,1.7411307399863951,1.733234167098999,0.23314259946346283,0.443274587392807
2.47467041015625,1.7412729588582645,1.7336156368255615,0.13041886687278748,0.3655146062374115
2.4777491092681885,1.7413990071879217,1.733997106552124,0.054886702448129654,0.5180438160896301
2.480832815170288,1.7415089335534755,1.733997106552124,0.03978027030825615,0.49924468994140625
2.4839160442352295,1.7416024961854435,1.7343785762786865,0.07704280316829681,0.46634623408317566
2.4869959354400635,1.7416796298279216,1.734760046005249,0.18681620061397552,0.4308842718601227
2.4900739192962646,1.7417404047849445,1.7351415157318115,0.0790569931268692,0.48258182406425476
2.4931745529174805,1.741785134914547,1.735522985458374,0.12336919456720352,0.4881361126899719
2.4963014125823975,1.741813475984622,1.735522985458374,0.02870221994817257,0.5133439898490906
2.4993815422058105,1.7418249284156535,1.7359044551849365,0.030716411769390106,0.3680781126022339
2.5024592876434326,1.7418200487376574,1.7359044551849365,0.04280155524611473,0.4578011631965637
2.5055348873138428,1.7417988730526153,1.736285924911499,0.03373769670724869,0.382604718208313
2.5086100101470947,1.74176141269094,1.736285924911499,-0.0961776152253151,0.39157700538635254
2.5116889476776123,1.7417075923493062,1.7366673946380615,0.08509956300258636,0.4283207356929779
2.5147712230682373,1.7416373685290483,1.7366673946380615,0.2996108829975128,0.37021440267562866
2.5178513526916504,1.7415508632562258,1.7366673946380615,-0.014602883718907833,0.5073624849319458
2.520930290222168,1.741448084381189,1.737048864364624,0.2401922643184662,0.3984130620956421
2.5240142345428467,1.74132880430353,1.737048864364624,0.10423437505960464,0.4415655732154846
2.527097702026367,1.7411932103082663,1.737048864364624,0.00553902518004179,0.4928358793258667
2.530181646347046,1.741041273186056,1.7374303340911865,0.029709314927458763,0.37491416931152344
2.5332772731781006,1.7408723585705301,1.7374303340911865,0.02870221994817257,0.40823987126350403
2.53635311126709,1.740688263804874,1.7374303340911865,-0.07100022584199905,0.41806668043136597
2.539428949356079,1.7404879784665739,1.7374303340911865,-0.10624857246875763,0.4321660101413727
2.54250431060791,1.7402715560659314,1.7374303340911865,0.08812084794044495,0.4095216393470764
2.5455799102783203,1.7400389683541357,1.7374303340911865,0.07200732082128525,0.4142214059829712
2.5486555099487305,1.7397902531970952,1.7374303340911865,-0.1273975670337677,0.442420095205307
2.5517337322235107,1.7395252011345512,1.7374303340911865,-0.03373769670724869,0.40738537907600403
2.5548148155212402,1.7392437733531603,1.7374303340911865,-0.054886702448129654,0.4616464376449585
2.5578935146331787,1.7389464715312068,1.7374303340911865,0.09214923530817032,0.37405967712402344
2.560976982116699,1.738632614163637,1.7374303340911865,-0.052872512489557266,0.3488517701625824
2.5640578269958496,1.7383029661472544,1.7374303340911865,0.04582284390926361,0.37405967712402344
2.5671331882476807,1.7379579277259014,1.737048864364624,-0.18077363073825836,0.42362096905708313
2.570206642150879,1.737597187417577,1.7374303340911865,0.002517738612368703,0.29031816124916077
2.57328724861145,1.7372196748463093,1.7374303340911865,0.22810712456703186,0.20102235674858093
2.576362133026123,1.7368269918452983,1.737048864364624,0.024673838168382645,0.2535744309425354
2.5794386863708496,1.7364182626177846,1.737048864364624,-0.10322728008031845,0.27493706345558167
2.582517147064209,1.7359934660927834,1.7366673946380615,-0.04582284390926361,0.23306630551815033
2.5856010913848877,1.7355520916444993,1.7366673946380615,-0.1445181965827942,0.20187686383724213
2.58868408203125,1.7350950670968592,1.7366673946380615,-0.2885328531265259,0.19589532911777496
2.591726064682007,1.73462869281724,1.7366673946380615,-0.03675898537039757,0.2702372670173645
2.5948073863983154,1.7341407071171624,1.736285924911499,-0.20393683016300201,0.19931334257125854
2.5978877544403076,1.7336372448990534,1.736285924911499,0.0317235067486763,0.21127641201019287
2.6009716987609863,1.7331175930669873,1.7359044551849365,-0.01762416958808899,0.23221179842948914
2.6040523052215576,1.7325829635224261,1.7359044551849365,-0.0639505609869957,0.1890592873096466
2.607131004333496,1.7320331977142431,1.735522985458374,-0.11329823732376099,0.18521401286125183
2.610200881958008,1.7314696622408858,1.7351415157318115,-0.2361638844013214,0.11300831288099289
2.613281011581421,1.7308888978497756,1.7351415157318115,-0.035751886665821075,0.21042190492153168
2.616356372833252,1.7302937498409792,1.7343785762786865,-0.3157244324684143,0.11557183414697647
2.6194357872009277,1.7296825721178353,1.7343785762786865,-0.16566720604896545,0.19803158938884735
2.6225199699401855,1.7290552145035714,1.733997106552124,-0.3348592221736908,0.22452124953269958
2.6256039142608643,1.7284127207249638,1.7336156368255615,-0.2683909237384796,0.19589532911777496
2.6286847591400146,1.7277557716757845,1.733234167098999,-0.14955367147922516,0.21725794672966003
2.631760358810425,1.727084947589235,1.7328526973724365,-0.24925611913204193,0.2232394963502884
2.6348390579223633,1.726398506870271,1.732471227645874,-0.1747310608625412,0.14804303646087646
2.637923002243042,1.7256959746953229,1.731708288192749,-0.21199358999729156,0.18521401286125183
2.6410067081451416,1.7249786298016359,1.7313268184661865,-0.24623483419418335,0.26211947202682495
2.6440916061401367,1.7242461998935967,1.730945348739624,-0.3771572411060333,0.13607995212078094
2.6471731662750244,1.7234998445850085,1.7301822900772095,-0.3701075613498688,0.11514458060264587
2.6502604484558105,1.722737422687425,1.729800820350647,-0.2240787297487259,0.15146104991436005
2.653341054916382,1.7219620740917283,1.7294193506240845,-0.24724192917346954,0.1446250081062317
2.6564230918884277,1.7211718685175323,1.7286564111709595,-0.2542915940284729,0.13607995212078094
2.659498929977417,1.7203688694910566,1.728274941444397,-0.3791714310646057,0.10788128525018692
2.6625757217407227,1.7195513215704574,1.727512001991272,-0.3952849507331848,0.09933622926473618
2.66565203666687,1.718719677894036,1.7271305322647095,-0.17775234580039978,0.14804303646087646
2.6687278747558594,1.717874022734176,1.7263675928115845,-0.19890135526657104,0.1446250081062317
2.6718029975891113,1.717014508792145,1.725986123085022,-0.2079652100801468,0.21170367300510406
2.6748790740966797,1.716140748228303,1.725223183631897,-0.18178072571754456,0.13693445920944214
2.6779580116271973,1.7152522549746705,1.724460244178772,-0.33788052201271057,0.1429159939289093
2.6810414791107178,1.7143485805993592,1.7240787744522095,-0.30867475271224976,0.13650721311569214
2.6841251850128174,1.7134310354039148,1.7233158349990845,-0.43556877970695496,0.1741054356098175
2.68719744682312,1.7125032561342843,1.72255277633667,-0.3469443917274475,0.1429159939289093
2.6902730464935303,1.7115609195263712,1.721789836883545,-0.45470359921455383,0.16556039452552795
2.6933486461639404,1.7106051141540686,1.72102689743042,-0.4567177891731262,0.15402457118034363
2.6964242458343506,1.709635929250366,1.720263957977295,-0.26436254382133484,0.125825896859169
2.699502944946289,1.708652458535296,1.71950101852417,-0.4808880686759949,0.13266193866729736
2.7025833129882812,1.7076552201075277,1.718738079071045,-0.3801785409450531,0.13992522656917572
2.705658435821533,1.7066465684689618,1.71797513961792,-0.497001588344574,0.15274280309677124
2.7087371349334717,1.7056237152056601,1.717212200164795,-0.3670862913131714,0.16556039452552795
2.7118160724639893,1.7045878407152046,1.7160677909851074,-0.43758296966552734,0.12155336886644363
2.714900016784668,1.703537404847134,1.7153048515319824,-0.4567177891731262,0.15658807754516602
2.7179837226867676,1.7024742628561538,1.7145417928695679,-0.7860379815101624,0.19931334257125854
2.7210631370544434,1.7013999397879804,1.7137788534164429,-0.37514305114746094,0.1899137794971466
2.724142074584961,1.700313234762387,1.7126344442367554,-0.6672007441520691,0.20230410993099213
2.727201461791992,1.6992211023969146,1.7118715047836304,-0.615838885307312,0.1882047802209854
2.730286121368408,1.6981076099972192,1.7107270956039429,-0.3368734121322632,0.21853971481323242
2.7333648204803467,1.6969840198725568,1.7099641561508179,-0.5533989667892456,0.20358586311340332
2.7364397048950195,1.6958497121451839,1.7088197469711304,-0.5654841065406799,0.21298542618751526
2.7395145893096924,1.6947034080169363,1.7076753377914429,-0.65310138463974,0.19888609647750854
2.7425904273986816,1.6935448534093007,1.7069122791290283,-0.4164339601993561,0.25912871956825256
2.7456653118133545,1.6923748748556227,1.7057678699493408,-0.7084916234016418,0.14547951519489288
2.7487406730651855,1.6911930400136221,1.7050049304962158,-0.4577248692512512,0.221530482172966
2.7518160343170166,1.6899996397244488,1.7038605213165283,-0.6339665651321411,0.23520256578922272
2.754891872406006,1.6887945976895116,1.7027161121368408,-0.40434882044792175,0.2655375003814697
2.7579703330993652,1.687577168613993,1.7015717029571533,-0.7517967224121094,0.31039902567863464
2.7610535621643066,1.6863465771433068,1.7004272937774658,-0.7366903424263,0.24289311468601227
2.7641375064849854,1.6851045263277284,1.6992828845977783,-0.7094987630844116,0.29202717542648315
2.767205238342285,1.6838580333002944,1.6981383562088013,-0.808194100856781,0.2557106912136078
2.7702856063842773,1.6825955122165095,1.6973754167556763,-0.6057679057121277,0.221530482172966
2.7733607292175293,1.6813243704449807,1.6962310075759888,-0.6087892055511475,0.1591515988111496
2.776435613632202,1.6800426858504276,1.6950865983963013,-0.5725337862968445,0.21811245381832123
2.7795116901397705,1.678749976899889,1.6943236589431763,-0.4285190999507904,0.13650721311569214
2.7825889587402344,1.6774463521454104,1.6931792497634888,-0.460746169090271,0.19418631494045258
2.785672187805176,1.6761298774776348,1.6920348405838013,-0.5020371079444885,0.1600061058998108
2.7887558937072754,1.67480298541527,1.6908903121948242,-0.7568322420120239,0.14505226910114288
2.791839122772217,1.673466210805542,1.6897459030151367,-0.5241931676864624,0.05105668678879738
2.7949187755584717,1.6721210424949096,1.6886014938354492,-0.7316548228263855,0.11001754552125931
2.79799747467041,1.6707664827762845,1.6874570846557617,-0.652094304561615,0.13138018548488617
2.8010804653167725,1.6694003349692381,1.6863126754760742,-0.721583902835846,0.11215381324291229
2.8041610717773438,1.668025676160718,1.6851682662963867,-0.6198672652244568,0.17111466825008392
2.807199001312256,1.666660820640584,1.6840238571166992,-0.6641794443130493,0.1758144497871399
2.810275077819824,1.6652696050248055,1.6824978590011597,-0.7467612624168396,0.1766689568758011
2.8133509159088135,1.663869348406682,1.6813534498214722,-0.5131151080131531,0.18350499868392944
2.816429376602173,1.66245886863743,1.6798275709152222,-0.6943923234939575,0.21298542618751526
2.819509744644165,1.6610386055327815,1.6786831617355347,-0.7658960819244385,0.1899137794971466
2.8225855827331543,1.659611671128436,1.6775387525558472,-0.6631723642349243,0.23263904452323914
2.825660228729248,1.6581766745767967,1.6760128736495972,-0.8676127195358276,0.23434805870056152
2.828735828399658,1.6567327493892123,1.6748683452606201,-0.7769741415977478,0.2074311375617981
2.8318111896514893,1.6552805870374607,1.6733424663543701,-0.8273289203643799,0.23306630551815033
2.8348898887634277,1.6538186220285778,1.6721980571746826,-0.6823071837425232,0.19803158938884735
2.8379733562469482,1.6523462796523232,1.6710536479949951,-0.7044632434844971,0.18435950577259064
2.8410565853118896,1.6508660708167484,1.6695277690887451,-0.6913710236549377,0.1587243527173996
2.8441402912139893,1.6493777901335265,1.6680018901824951,-0.7306477427482605,0.1582970917224884
2.8472020626068115,1.647892473454786,1.666857361793518,-0.6601510643959045,0.14035248756408691
2.85028338432312,1.6463901440723705,1.665331482887268,-0.65310138463974,0.2211032211780548
2.853358745574951,1.6448833301846344,1.663805603981018,-0.807187020778656,0.1437705010175705
2.856438159942627,1.6433672734656521,1.6626611948013306,-0.807187020778656,0.21383993327617645
2.859517812728882,1.6418439786395094,1.6611353158950806,-0.6682078242301941,0.15274280309677124
2.8625943660736084,1.6403152489597688,1.659609317779541,-0.8142366409301758,0.09079118072986603
2.8656694889068604,1.638780413259981,1.6584649085998535,-0.65108722448349,0.1587243527173996
2.8687448501586914,1.637238785806851,1.6569390296936035,-0.7830166816711426,0.09378194808959961
2.8718204498291016,1.6356905089675662,1.655794620513916,-0.7759670615196228,0.12497138977050781
2.8748960494995117,1.6341358465460738,1.654268741607666,-0.8061798810958862,0.07498283684253693
2.877973794937134,1.632573852537509,1.6531243324279785,-0.6249027252197266,0.11685358732938766
2.8810582160949707,1.63100234763175,1.651598334312439,-0.7820096015930176,0.10360875725746155
2.884141445159912,1.629425471474084,1.6504539251327515,-0.6097962856292725,0.09079118072986603
2.8872010707855225,1.6278549038759111,1.6489280462265015,-0.7689173817634583,0.08139162510633469
2.890284538269043,1.6262664371006426,1.6474021673202515,-0.8394140601158142,0.13180743157863617
2.893367290496826,1.6246728067419531,1.6458762884140015,-0.7890592813491821,0.1429159939289093
2.8964486122131348,1.623074537683269,1.644350290298462,-0.8555275797843933,0.12967117130756378
2.8995273113250732,1.6214724084239363,1.642824411392212,-0.8001373410224915,0.2369115799665451
2.9026083946228027,1.6198639642089419,1.641298532485962,-0.7366903424263,0.18265049159526825
2.9056835174560547,1.6182537202232192,1.639772653579712,-0.9481803774833679,0.21127641201019287
2.9087586402893066,1.6166387200107806,1.638246774673462,-0.7125200033187866,0.2065766453742981
2.911836624145508,1.6150176053585186,1.6363393068313599,-0.8887617588043213,0.21768520772457123
2.914919376373291,1.6133895065084018,1.6348134279251099,-0.8686197996139526,0.22836652398109436
2.918002128601074,1.6117570840345552,1.6332875490188599,-1.0801098346710205,0.11770809441804886
2.921086072921753,1.610119857394422,1.6317616701126099,-0.8988326787948608,0.1907682865858078
2.924168825149536,1.6084792458734056,1.6302357912063599,-0.8514991998672485,0.2236667424440384
2.9272620677948,1.6068291688140095,1.6287097930908203,-0.9169604182243347,0.18136873841285706
2.930338144302368,1.6051845461066512,1.6268024444580078,-1.0972304344177246,0.05233844369649887
2.933413505554199,1.6035367683581971,1.6252765655517578,-1.070038914680481,0.14505226910114288
2.9364917278289795,1.601884069781614,1.6241321563720703,-0.6782788038253784,0.19333180785179138
2.9395751953125,1.6002253119074188,1.6222248077392578,-0.7779812216758728,0.08224612474441528
2.9426558017730713,1.5985650070392636,1.6210802793502808,-0.7538109421730042,0.14932478964328766
2.9457321166992188,1.5969040920585702,1.6191729307174683,-0.7648890018463135,0.09890898317098618
2.9488072395324707,1.595241056472236,1.6180285215377808,-0.8041657209396362,0.11343556642532349
2.95188307762146,1.5935750247207625,1.6161211729049683,-0.9068894386291504,0.07498283684253693
2.954958438873291,1.5919067977062868,1.6149767637252808,-0.6329594850540161,0.10745403170585632
2.9580371379852295,1.5902344587625934,1.6130692958831787,-0.8041657209396362,0.0638742670416832
2.961120367050171,1.5885575083296781,1.6115434169769287,-0.7517967224121094,0.14847028255462646
2.964202642440796,1.5868790823478354,1.6100175380706787,-0.8635843396186829,0.2078583985567093
2.967282772064209,1.5851999901603977,1.6081101894378662,-0.9381093978881836,0.17880521714687347
2.970357656478882,1.583522084752594,1.6065843105316162,-0.9481803774833679,0.24161134660243988
2.9734323024749756,1.5818427951292944,1.6046768426895142,-1.2160677909851074,0.22836652398109436
2.976510763168335,1.5801600619838525,1.6031509637832642,-0.9230029582977295,0.18478675186634064
2.979590892791748,1.5784752120718104,1.6012436151504517,-0.8917829990386963,0.2240939885377884
2.9826691150665283,1.5767903593315231,1.5997177362442017,-1.0347905158996582,0.16256961226463318
2.9857523441314697,1.5751018758231925,1.5981918573379517,-0.7538109421730042,0.18478675186634064
2.9888358116149902,1.5734125289552114,1.596665859222412,-0.808194100856781,0.15103380382061005
2.9919192790985107,1.5717226077850737,1.5947585105895996,-0.8293430805206299,0.16812390089035034
2.994999885559082,1.5700338394282123,1.5932326316833496,-0.9179674983024597,0.1886320263147354
2.998079299926758,1.568345467919346,1.5917067527770996,-0.6974136233329773,0.0792553573846817
3.0011627674102783,1.5666547754921625,1.5897992849349976,-0.8917829990386963,0.13565270602703094
3.004197597503662,1.5649908089791171,1.5882734060287476,-0.8706340193748474,0.11300831288099289
3.0072760581970215,1.5633031347341333,1.5867475271224976,-0.9209887981414795,0.11471732705831528
3.0103588104248047,1.5616134817580483,1.584840178489685,-0.928038477897644,0.07284656912088394
3.013439893722534,1.559925275699933,1.583314299583435,-0.9270313382148743,0.095490962266922
3.0165183544158936,1.5582391959448942,1.5817883014678955,-0.99853515625,0.1112993061542511
3.0195999145507812,1.5565522667156129,1.5802624225616455,-1.001556396484375,0.035675592720508575
3.022675037384033,1.5548698647489392,1.5787365436553955,-0.8917829990386963,0.03823911026120186
3.025753974914551,1.5531865373708573,1.5772106647491455,-0.7840238213539124,0.12112611532211304
3.028834342956543,1.5515037486051122,1.575303316116333,-0.9129320383071899,0.14975203573703766
3.031909465789795,1.549825299985339,1.5737773180007935,-0.8202792406082153,0.14718852937221527
3.0349884033203125,1.54814640254382,1.571869969367981,-1.0509041547775269,0.1604333519935608
3.038071870803833,1.5464668303465472,1.570344090461731,-0.7648890018463135,0.2369115799665451
3.0411555767059326,1.5447890827198871,1.5684367418289185,-0.9481803774833679,0.18606851994991302
3.0442025661468506,1.543133385153422,1.5669108629226685,-1.0287480354309082,0.1112993061542511
3.047283172607422,1.5414616715250995,1.5650033950805664,-0.7880522012710571,0.18307773768901825
3.0503580570220947,1.5397954755549597,1.563096046447754,-0.9189745783805847,0.17923247814178467
3.053434371948242,1.5381310721286072,1.561570167541504,-1.0468757152557373,0.18051423132419586
3.0565102100372314,1.5364696497792185,1.560044288635254,-1.1203936338424683,0.2223849892616272
3.0595850944519043,1.5348116192248282,1.5585182905197144,-0.8565346598625183,0.12967117130756378
3.0626614093780518,1.5331558504086755,1.5566109418869019,-0.8363927602767944,0.06601052731275558
3.065736770629883,1.5315037818201382,1.5550850629806519,-0.9219958782196045,0.11300831288099289
3.068812131881714,1.5298550538952889,1.5535591840744019,-0.9934996366500854,0.09164568781852722
3.071890354156494,1.5282082916402244,1.5516518354415894,-1.0065919160842896,0.032684825360774994
3.0749709606170654,1.5265639132708166,1.5501258373260498,-0.7930876612663269,0.10275425016880035
3.0780458450317383,1.5249263932733628,1.5485999584197998,-1.1083085536956787,0.0801098644733429
3.081129312515259,1.523288272500924,1.5466926097869873,-0.8484779000282288,0.05661097168922424
3.084200859069824,1.521660589939609,1.5455482006072998,-0.6369878649711609,0.07797360420227051
3.0872836112976074,1.5200312416121993,1.5436408519744873,-0.8484779000282288,0.11728084087371826
3.090366840362549,1.5184060750869703,1.5421148538589478,-0.8877546191215515,0.10873579233884811
3.0934505462646484,1.5167852449340782,1.5402075052261353,-0.8917829990386963,0.11471732705831528
3.096531867980957,1.515170402578014,1.5386816263198853,-0.9089036583900452,0.18265049159526825
3.0996103286743164,1.5135619369361086,1.5371557474136353,-0.8686197996139526,0.22793926298618317
3.1026904582977295,1.511957628959508,1.5352483987808228,-1.0045777559280396,0.19888609647750854
3.1057653427124023,1.5103612208948074,1.5337224006652832,-0.7779812216758728,0.2364843189716339
3.1088435649871826,1.5087684011558145,1.5321965217590332,-0.8152437806129456,0.11429007351398468
3.111924409866333,1.5071797044492459,1.5302891731262207,-0.9532158374786377,0.1604333519935608
3.1150050163269043,1.5055967612404553,1.5283818244934082,-0.9078965187072754,0.1433432549238205
3.1180834770202637,1.5040206931473936,1.5268558263778687,-0.9401236176490784,0.1890592873096466
3.121166944503784,1.5024479942405364,1.5253299474716187,-1.0539253950119019,0.11984435468912125
3.124260663986206,1.500876181736261,1.5234225988388062,-0.8555275797843933,0.12112611532211304
3.1273419857025146,1.499316904069675,1.5218967199325562,-0.73870450258255,0.10019073635339737
3.1304168701171875,1.4977672336489751,1.5203708410263062,-0.687342643737793,0.05831998214125633
3.1334919929504395,1.496223931601088,1.5188448429107666,-0.880704939365387,0.026276035234332085
3.1365702152252197,1.4946857169404344,1.5173189640045166,-0.8283360004425049,0.06558327376842499
3.1396541595458984,1.4931514519996476,1.5157930850982666,-0.8716410994529724,0.05661097168922424
3.1427342891693115,1.491626031233155,1.5142672061920166,-0.7507896423339844,0.00021362630650401115
3.145810127258301,1.4901098059151094,1.5127413272857666,-0.8122224807739258,0.021576257422566414
3.148885726928711,1.488600904080412,1.511215329170227,-1.013641595840454,0.048493172973394394
3.151961088180542,1.4870994649064677,1.509689450263977,-0.7487754821777344,0.08609139919281006
3.155036211013794,1.4856056268196993,1.508163571357727,-1.08212411403656,0.08139162510633469
3.158111572265625,1.4841192976247317,1.506637692451477,-0.9512016773223877,0.13052567839622498
3.1612017154693604,1.4826336443102428,1.5047303438186646,-0.9794003367424011,0.13949798047542572
3.16428279876709,1.4811602901226995,1.503204345703125,-0.7316548228263855,0.12112611532211304
3.167358875274658,1.4796973803126268,1.501678466796875,-1.00054931640625,0.15487907826900482
3.1704370975494385,1.4782416389281958,1.500152587890625,-0.807187020778656,0.11258106678724289
3.173518419265747,1.47679277225908,1.498626708984375,-0.8142366409301758,0.13992522656917572
3.17659330368042,1.4753553862309972,1.497100830078125,-0.7346761226654053,0.14676126837730408
3.179669141769409,1.4739261375491022,1.4955748319625854,-0.8172579407691956,0.07669184356927872
3.1827471256256104,1.4725046188717785,1.4940489530563354,-0.7266193628311157,0.11728084087371826
3.1858303546905518,1.4710895635271897,1.4925230741500854,-0.8766765594482422,0.11813534796237946
3.1889126300811768,1.4696839676764328,1.4909971952438354,-0.880704939365387,0.06729228794574738
3.1919915676116943,1.4682890312821932,1.4894713163375854,-0.9441519975662231,0.11258106678724289
3.1950716972351074,1.4669028231155088,1.487945318222046,-0.7336690425872803,0.1253986358642578
3.1981470584869385,1.465528138952665,1.486419439315796,-0.7658960819244385,0.007049668114632368
3.201197624206543,1.464173922587598,1.484893560409546,-0.9119248986244202,0.03994812071323395
3.204272985458374,1.462818285986167,1.483367681503296,-0.8132295608520508,-0.005340657662600279
3.2073521614074707,1.4614707381247076,1.4822232723236084,-0.721583902835846,0.043366141617298126
3.2104358673095703,1.460131132114212,1.4806973934173584,-0.7155413031578064,-0.03012130968272686
3.2135169506073,1.4588027098021021,1.4795528650283813,-0.6943923234939575,0.06472877413034439
3.2165961265563965,1.4574852650160484,1.4780269861221313,-0.5977111458778381,0.0472114123404026
3.2196760177612305,1.4561777931206585,1.4768825769424438,-0.7427328824996948,0.04080262407660484
3.222754716873169,1.4548812237433115,1.4753566980361938,-0.7316548228263855,-0.01602197252213955
3.2258379459381104,1.453593285638324,1.4738308191299438,-0.7910735011100769,0.04934767633676529
3.2289178371429443,1.4523173920287764,1.4723048210144043,-0.6762645840644836,0.11471732705831528
3.2319939136505127,1.4510538225952783,1.4707789421081543,-1.0609750747680664,0.08609139919281006
3.2350730895996094,1.4497998517170587,1.4696345329284668,-0.6994277834892273,0.16983291506767273
3.2381560802459717,1.4485553423193334,1.4681086540222168,-0.6611581444740295,0.15359731018543243
3.241201400756836,1.4473369739307653,1.4665827751159668,-0.965300977230072,0.17880521714687347
3.2442851066589355,1.4461144367829495,1.4650568962097168,-0.8645914196968079,0.19546806812286377
3.2473645210266113,1.444904949988447,1.4639123678207397,-0.7920805811882019,0.18008697032928467
3.2504396438598633,1.4437085790927426,1.4623864889144897,-0.8051728010177612,0.15188831090927124
3.2535181045532227,1.4425224625076876,1.4612420797348022,-0.6087892055511475,0.09292744100093842
3.256601333618164,1.4413462059426103,1.4597162008285522,-0.7951018810272217,0.0792553573846817
3.259685516357422,1.4401814076495105,1.4585717916488647,-0.8504921197891235,0.08310063183307648
3.2627663612365723,1.4390297838253623,1.4574273824691772,-0.6651865243911743,0.09933622926473618
3.2658424377441406,1.4378919298239807,1.4559013843536377,-0.7084916234016418,0.03781185671687126
3.2689170837402344,1.4367666809627504,1.4547569751739502,-0.6964064836502075,0.0796826109290123
3.2719924449920654,1.4356533527750153,1.4532310962677002,-0.7638819217681885,0.11386281996965408
3.275071144104004,1.4345511240521465,1.4520866870880127,-0.7417258024215698,0.1104447990655899
3.278154134750366,1.4334598024779273,1.4509422779083252,-0.6369878649711609,0.0625925064086914
3.281202793121338,1.4323929791763956,1.4494163990020752,-0.7286335825920105,-0.0032043945975601673
3.2842869758605957,1.4313263166615826,1.4486533403396606,-0.5211718678474426,0.04422064498066902
3.28737211227417,1.430272094842102,1.4471274614334106,-0.6319524049758911,0.04934767633676529
3.290454864501953,1.4292315442997294,1.4459830522537231,-0.6430304646492004,-0.00021362630650401115
3.293534278869629,1.4282050485882654,1.4448386430740356,-0.7326619625091553,0.02371251955628395
3.2966148853302,1.4271911803492443,1.4440757036209106,-0.5030441880226135,-0.0010681315325200558
3.2996914386749268,1.4261917424334711,1.4429312944412231,-0.6148317456245422,-0.05661097168922424
3.302767753601074,1.425205561608964,1.4417868852615356,-0.6843213438987732,0.027557794004678726
3.305847644805908,1.424231528758499,1.4406423568725586,-0.6621652841567993,-0.03781185671687126
3.308932304382324,1.4232694123556842,1.439497947692871,-0.6369878649711609,0.03653009980916977
3.312013864517212,1.4223217674327895,1.4383535385131836,-0.6833142638206482,0.026276035234332085
3.3150901794433594,1.4213892876120662,1.4375905990600586,-0.3852140009403229,0.024567024782299995
3.3181698322296143,1.420469445943612,1.436446189880371,-0.6279240250587463,0.06472877413034439
3.3212671279907227,1.4195581964816986,1.434920310974121,-0.6249027252197266,0.08737315982580185
3.3243517875671387,1.4186645666683153,1.4337759017944336,-0.8162508606910706,0.17752346396446228
3.3274331092834473,1.417785838761685,1.4326313734054565,-0.5785763263702393,0.1741054356098175
3.330509901046753,1.4169223815367824,1.431486964225769,-0.7890592813491821,0.14035248756408691
3.333587169647217,1.4160728430305656,1.4303425550460815,-0.5141222476959229,0.17026016116142273
3.336668014526367,1.415236474920803,1.429198145866394,-0.7940947413444519,0.10916304588317871
3.339751958847046,1.4144135311594066,1.428435206413269,-0.6490730047225952,0.0963454619050026
3.3428332805633545,1.413605619070362,1.4272907972335815,-0.4577248692512512,0.15017929673194885
3.345909833908081,1.412813325249479,1.426146388053894,-0.5755550265312195,0.1288166642189026
3.3489866256713867,1.4120354026526984,1.4253833293914795,-0.6218814253807068,0.08822766691446304
3.3520636558532715,1.4112719273260192,1.4246203899383545,-0.5846189260482788,0.0476386658847332
3.3551433086395264,1.4105223993958909,1.423475980758667,-0.5544060468673706,0.08352788537740707
3.3582026958465576,1.4097923335131537,1.422713041305542,-0.5936827659606934,0.04251163452863693
3.3612873554229736,1.4090709672370099,1.421950101852417,-0.6259098052978516,-0.015594720840454102
3.364372491836548,1.4083643514324424,1.421187162399292,-0.26436254382133484,0.1108720526099205
3.3674540519714355,1.4076734582664086,1.4200427532196045,-0.497001588344574,-0.039093613624572754
3.370530128479004,1.4069987142635445,1.4192798137664795,-0.5231860876083374,0.008758679032325745
3.373605966567993,1.4063389903015426,1.4185168743133545,-0.6108033657073975,0.049774929881095886
3.376685619354248,1.4056935049011139,1.4173723459243774,-0.5191577076911926,0.01516746822744608
3.3797671794891357,1.4050627602811268,1.4166094064712524,-0.5070725679397583,0.07071030884981155
3.3828465938568115,1.4044476433172843,1.4158464670181274,-0.5141222476959229,0.07028305530548096
3.385927677154541,1.4038474461307446,1.4150835275650024,-0.30766767263412476,0.05447470769286156
3.389007568359375,1.4032627857752635,1.4143205881118774,-0.23314259946346283,0.0643015205860138
3.39208984375,1.402693047068212,1.4135576486587524,-0.3811856210231781,0.04165713116526604
3.3951661586761475,1.4021397989395155,1.4127947092056274,-0.366079181432724,0.02542153000831604
3.3982043266296387,1.4016085509064218,1.4120317697525024,-0.5977111458778381,-0.035675592720508575
3.4012882709503174,1.401084735444757,1.4112688302993774,-0.6581368446350098,0.008758679032325745
3.404374361038208,1.4005761730985955,1.410887360572815,-0.143511101603508,0.009185931645333767
3.407457113265991,1.4000838061754886,1.4101243019104004,-0.2724193036556244,0.024994278326630592
3.4105336666107178,1.3996080651184948,1.4093613624572754,-0.29558250308036804,-0.014740215614438057
3.41361141204834,1.399147813371842,1.4085984230041504,-0.37212178111076355,-0.027557794004678726
3.4166884422302246,1.3987033828110782,1.408216953277588,-0.23414969444274902,-0.030548561364412308
3.4197652339935303,1.3982747387868109,1.4078354835510254,-0.28047609329223633,0.023285267874598503
3.4228413105010986,1.3978619804395396,1.406691074371338,-0.45571067929267883,0.011322194710373878
3.4259226322174072,1.3974643815328613,1.4063096046447754,-0.27443352341651917,0.0079041738063097
3.429004192352295,1.3970826677193304,1.405928134918213,-0.26436254382133484,-0.03866636008024216
3.4320807456970215,1.396717487469938,1.405165195465088,-0.3207598924636841,0.04464789852499962
3.435157537460327,1.3963682153403398,1.4047837257385254,-0.08207827806472778,-0.0032043945975601673
3.4382028579711914,1.396038241151237,1.4040207862854004,-0.4144197702407837,0.016876477748155594
3.4412875175476074,1.3957199844119228,1.4032578468322754,-0.2401922643184662,0.07284656912088394
3.4444220066070557,1.395413091563778,1.402876377105713,-0.2573128938674927,0.08566414564847946
3.4475274085998535,1.3951254820569141,1.4021133184432983,-0.18580910563468933,0.08950942009687424
3.4506304264068604,1.3948544608128397,1.4017318487167358,-0.09114214032888412,0.0963454619050026
3.4537782669067383,1.3945962685190068,1.4009689092636108,-0.23414969444274902,0.06771954149007797
3.4569239616394043,1.3943551239606593,1.4005874395370483,-0.33989471197128296,0.08139162510633469
3.4600253105163574,1.3941339128627912,1.3998245000839233,-0.3801785409450531,0.08096437156200409
3.4631197452545166,1.3939295776938243,1.3994430303573608,-0.32881665229797363,0.10446326434612274
3.466203212738037,1.393742263512916,1.3990615606307983,-0.3680933713912964,0.1441977620124817
3.469284772872925,1.3935713355431634,1.3986800909042358,-0.10826276242733002,0.1736781895160675
3.472363233566284,1.393416836265852,1.3982986211776733,0.02366674318909645,0.16470588743686676
3.475454568862915,1.3932780560801796,1.3979171514511108,-0.39125657081604004,0.15060654282569885
3.478555679321289,1.3931553274480368,1.3971542119979858,-0.3197528123855591,0.1416342407464981
3.4816389083862305,1.3930496918440802,1.3971542119979858,0.05085831880569458,0.2048676311969757
3.4847230911254883,1.3929603790677312,1.3967727422714233,-0.13746853172779083,0.17880521714687347
3.487807512283325,1.3928874276998093,1.3963912725448608,0.05690089240670204,0.1604333519935608
3.4908881187438965,1.3928309119809963,1.3960098028182983,-0.1273975670337677,0.18350499868392944
3.493976593017578,1.3927906551870317,1.3956283330917358,-0.2855115532875061,0.11984435468912125
3.4970784187316895,1.3927667590183486,1.3952468633651733,-0.3016250729560852,0.1758144497871399
3.5001659393310547,1.3927594311660347,1.3952468633651733,-0.06495765596628189,0.1595788449048996
3.5031991004943848,1.3927682219811652,1.3948653936386108,-0.03373769670724869,0.18393224477767944
3.5062761306762695,1.3927933322268748,1.3944838047027588,-0.04481574892997742,0.16128785908222198
3.5093564987182617,1.3928348024543624,1.3944838047027588,-0.009567406959831715,0.14761577546596527
3.512439012527466,1.3928926563578956,1.3941023349761963,-0.04582284390926361,0.10232700407505035
3.5155179500579834,1.3929667697495678,1.3941023349761963,0.16365301609039307,0.13394369184970856
3.5186028480529785,1.39305738419982,1.3941023349761963,-0.13243305683135986,0.14590676128864288
3.5216870307922363,1.3931643368455733,1.3937208652496338,-0.15358205139636993,0.17196917533874512
3.524770736694336,1.39328761643224,1.3937208652496338,-0.2855115532875061,0.16812390089035034
3.527851104736328,1.3934270667206015,1.3937208652496338,0.015609979629516602,0.12112611532211304
3.5309269428253174,1.3935825582922607,1.3933393955230713,0.008560311049222946,0.08480964601039886
3.5340027809143066,1.3937542697411802,1.3933393955230713,-0.00553902518004179,0.16470588743686676
3.5370819568634033,1.393942397752765,1.3933393955230713,-0.03474479168653488,0.15231555700302124
3.540165662765503,1.3941470597619383,1.3933393955230713,0.0317235067486763,0.16256961226463318
3.5432019233703613,1.394364449860404,1.3933393955230713,0.1445181965827942,0.14676126837730408
3.546278715133667,1.3946007922809507,1.3933393955230713,0.0317235067486763,0.1591515988111496
3.549354076385498,1.3948531483720776,1.3933393955230713,0.21300068497657776,0.13693445920944214
3.5524303913116455,1.3951216864507379,1.3933393955230713,-0.07402151823043823,0.16470588743686676
3.5555078983306885,1.3954064190832802,1.3933393955230713,-0.05992217734456062,0.16769665479660034
3.558583974838257,1.3957070751660723,1.3933393955230713,0.07200732082128525,0.1894865334033966
3.561659097671509,1.396023654576221,1.3933393955230713,0.046829938888549805,0.14676126837730408
3.564734935760498,1.3963562977029296,1.3933393955230713,0.03474479168653488,0.2223849892616272
3.5678136348724365,1.3967052333910077,1.3937208652496338,-0.047837033867836,0.14590676128864288
3.570896625518799,1.3970706467901213,1.3937208652496338,0.09819180518388748,0.14889752864837646
3.5739872455596924,1.3974529919502063,1.3937208652496338,0.06797894090414047,0.29159989953041077
3.57708740234375,1.397852602334727,1.3937208652496338,0.18077363073825836,0.2403295934200287
3.5801758766174316,1.398266688487809,1.3937208652496338,0.1263904720544815,0.24118410050868988
3.583263635635376,1.3986965856639753,1.3937208652496338,0.11531242728233337,0.29245442152023315
3.586350202560425,1.3991421723115807,1.3941023349761963,0.05891508236527443,0.27963683009147644
3.58943510055542,1.3996033156927883,1.3941023349761963,0.1445181965827942,0.29715418815612793
3.592519760131836,1.4000801716828786,1.3944838047027588,0.10222018510103226,0.3206530809402466
3.5956103801727295,1.4005736974691874,1.3944838047027588,-0.17976653575897217,0.2582741975784302
3.5987112522125244,1.4010846556578707,1.3948653936386108,0.1576104313135147,0.287754625082016
3.6018025875091553,1.4016097427812413,1.3952468633651733,0.26436254382133484,0.31125351786613464
3.604886531829834,1.4021491451671102,1.3952468633651733,0.09114214032888412,0.2847638726234436
3.6079633235931396,1.4027027440458844,1.3956283330917358,-0.05085831880569458,0.29416343569755554
3.611039161682129,1.4032715420147193,1.3960098028182983,0.2865186631679535,0.35996031761169434
3.614118814468384,1.403856389078843,1.3963912725448608,0.22710002958774567,0.32535287737846375
3.617202043533325,1.4044572403899553,1.3967727422714233,0.11329823732376099,0.38815900683403015
3.6202831268310547,1.4050729352363485,1.3971542119979858,0.3328450322151184,0.3138170540332794
3.6233623027801514,1.405703433523048,1.3971542119979858,0.05589379742741585,0.3364614248275757
3.626444101333618,1.4063496090000542,1.3975356817245483,0.2724193036556244,0.3454337418079376
3.6295199394226074,1.407009577091689,1.3982986211776733,0.24321354925632477,0.2740825414657593
3.632598876953125,1.4076851989743815,1.3986800909042358,0.3016250729560852,0.2552834451198578
3.635683059692383,1.408376943091083,1.3990615606307983,0.3348592221736908,0.32150760293006897
3.6387674808502197,1.4090836615064444,1.3994430303573608,0.11229114234447479,0.252292662858963
3.6418516635894775,1.4098051786186867,1.3998245000839233,0.2875257432460785,0.2860456109046936
3.6449356079101562,1.410541423254635,1.4005874395370483,0.3368734121322632,0.3180895745754242
3.6480166912078857,1.4112916780358582,1.4009689092636108,0.14552529156208038,0.2565651834011078
3.651092052459717,1.4120551148690719,1.4017318487167358,0.2895399332046509,0.21853971481323242
3.6541714668273926,1.4128340770243657,1.4021133184432983,0.18681620061397552,0.2886091470718384
3.6572697162628174,1.4136323922583791,1.402876377105713,0.13746853172779083,0.2681010067462921
3.6603500843048096,1.4144405320149078,1.403639316558838,0.3962920606136322,0.20059509575366974
3.6634299755096436,1.4152628577192894,1.4040207862854004,0.3620508015155792,0.2860456109046936
3.666508674621582,1.4160990898339325,1.4047837257385254,0.366079181432724,0.24075685441493988
3.6695852279663086,1.4169488680598048,1.4055466651916504,0.6077821254730225,0.2501564025878906
3.6726605892181396,1.417812353479198,1.405928134918213,0.32680246233940125,0.2078583985567093
3.6757450103759766,1.4186923974654895,1.406691074371338,0.30968186259269714,0.2232394963502884
3.6788432598114014,1.4195904335983744,1.407454013824463,0.32881665229797363,0.16214236617088318
3.6819286346435547,1.4204986441489642,1.408216953277588,0.4285190999507904,0.15573357045650482
3.6850154399871826,1.4214210771214388,1.408979892730713,0.3680933713912964,0.13522544503211975
3.688100576400757,1.4223567180612613,1.409742832183838,0.5171434879302979,0.16812390089035034
3.6911861896514893,1.4233061218456284,1.4105058908462524,0.4154268801212311,0.1441977620124817
3.694293737411499,1.4242759490706471,1.4112688302993774,0.5352712273597717,0.18008697032928467
3.6974055767059326,1.4252607745223926,1.4120317697525024,0.4798809885978699,0.15445181727409363
3.7004969120025635,1.4262525515090518,1.4127947092056274,0.6007324457168579,0.17026016116142273
3.7035810947418213,1.427255290124215,1.4135576486587524,0.35600823163986206,0.1578698456287384
3.706657648086548,1.4282686463668917,1.4143205881118774,0.4627603590488434,0.17154192924499512
3.7097368240356445,1.42929587018399,1.4150835275650024,0.48592355847358704,0.20273137092590332
3.712817430496216,1.43033649339333,1.41622793674469,0.5403066873550415,0.18350499868392944
3.7158970832824707,1.4313896162238056,1.416990876197815,0.5171434879302979,0.21725794672966003
3.7189812660217285,1.4324570373546723,1.41775381565094,0.4879377484321594,0.2672465145587921
3.7220616340637207,1.4335357732417149,1.4185168743133545,0.4295262098312378,0.18564125895500183
3.7251369953155518,1.434625251420148,1.419661283493042,0.5926756858825684,0.23477530479431152
3.7281973361968994,1.4357217018068287,1.420424222946167,0.4305332899093628,0.23392081260681152
3.731276750564575,1.4368372612261844,1.421187162399292,0.5634698867797852,0.2390478402376175
3.7343533039093018,1.4379639766033208,1.4223315715789795,0.616845965385437,0.26126497983932495
3.737429141998291,1.4391025072791366,1.423475980758667,0.4929732084274292,0.26340124011039734
3.740504503250122,1.440252828198077,1.424238920211792,0.5977111458778381,0.26211947202682495
3.743579864501953,1.4414150075535739,1.425001859664917,0.365072101354599,0.24673838913440704
3.7466554641723633,1.4425890283245963,1.426146388053894,0.5785763263702393,0.24972915649414062
3.7497313022613525,1.4437747836259753,1.426909327507019,0.5252002477645874,0.24374762177467346
3.7528107166290283,1.4449734709418751,1.4280537366867065,0.5614557266235352,0.2587014436721802
3.755894184112549,1.446185206434119,1.429198145866394,0.425497829914093,0.22580300271511078
3.758970022201538,1.447405266046516,1.429961085319519,0.497001588344574,0.4005493223667145
3.7620601654052734,1.448642272216881,1.4311054944992065,0.5362783074378967,0.3185168206691742
3.7651703357696533,1.4498985861381182,1.432249903678894,0.5121080279350281,0.43857482075691223
3.768282413482666,1.4511668883180717,1.433012843132019,0.545342206954956,0.34116122126579285
3.771362066268921,1.452432903562212,1.434157371520996,0.6843213438987732,0.39072251319885254
3.774451971054077,1.4537139383533457,1.434920310974121,0.6390020847320557,0.4120851457118988
3.777553081512451,1.4550103794409501,1.4360647201538086,0.5171434879302979,0.34116122126579285
3.780643939971924,1.4563131390964807,1.437209129333496,0.5151293277740479,0.30997177958488464
3.783729076385498,1.4576239219763913,1.4383535385131836,0.6802929639816284,0.3971312940120697
3.786813735961914,1.4589448020012323,1.439497947692871,0.5906614661216736,0.23349355161190033
3.789898157119751,1.4602757536495565,1.4406423568725586,0.6279240250587463,0.2531471848487854
3.792982339859009,1.461616649606709,1.4417868852615356,0.6128175854682922,0.2984359562397003
3.796072483062744,1.4629700865763817,1.4433127641677856,0.6933852434158325,0.2360570728778839
3.799173593521118,1.4643382110335192,1.4444571733474731,0.7366903424263,0.15658807754516602
3.8022758960723877,1.4657166388265754,1.4459830522537231,0.8766765594482422,0.1424887478351593
3.8053598403930664,1.4670964727786124,1.4471274614334106,0.8756694793701172,0.14761577546596527
3.8084399700164795,1.4684839875582218,1.4482718706130981,0.6933852434158325,0.24502937495708466
3.8115227222442627,1.4698819473694225,1.4497978687286377,0.6087892055511475,0.1570153385400772
3.8146026134490967,1.4712877335746042,1.4509422779083252,0.5221790075302124,0.1899137794971466
3.817687511444092,1.4727048148558037,1.4520866870880127,0.8051728010177612,0.19290456175804138
3.8207693099975586,1.4741293431015783,1.4532310962677002,0.8877546191215515,0.2732280492782593
3.823847770690918,1.4755610470178795,1.4543755054473877,0.6500800848007202,0.3458609879016876
3.8269317150115967,1.4770039039476914,1.4559013843536377,0.6923781037330627,0.32706186175346375
3.8300139904022217,1.4784544482315416,1.4570459127426147,0.654108464717865,0.2655375003814697
3.8330929279327393,1.4799117380689968,1.4581903219223022,0.7195696830749512,0.29202717542648315
3.836181879043579,1.481381982682075,1.4600976705551147,0.8998397588729858,0.2719462811946869
3.839273691177368,1.4828616905398955,1.4612420797348022,0.7427328824996948,0.21768520772457123
3.8423502445220947,1.4843420027391692,1.4627679586410522,0.7326619625091553,0.3334706723690033
3.845426082611084,1.4858297170545152,1.4639123678207397,0.7538109421730042,0.2839093506336212
3.8485021591186523,1.4873251540121768,1.4654383659362793,0.7084916234016418,0.2501564025878906
3.8515796661376953,1.488828759569813,1.4665827751159668,0.8363927602767944,0.24887464940547943
3.854659080505371,1.4903406381742552,1.4681086540222168,0.7538109421730042,0.2552834451198578
3.857743501663208,1.4918621943860562,1.4692530632019043,0.9028610587120056,0.2992904484272003
3.8608274459838867,1.4933905962702863,1.4707789421081543,0.8293430805206299,0.41806668043136597
3.8639097213745117,1.4949251023070835,1.4719233512878418,0.8384069800376892,0.37149614095687866
3.866985559463501,1.4964631678905307,1.4734493494033813,0.963286817073822,0.34842449426651
3.8700613975524902,1.4980078470359555,1.4745937585830688,0.7598535418510437,0.26169222593307495
3.8731327056884766,1.4995567063651922,1.4761196374893188,0.7568322420120239,0.29416343569755554
3.876202344894409,1.5011110250328825,1.4776455163955688,0.9602655172348022,0.23178453743457794
3.8792784214019775,1.502674777207821,1.4791713953018188,0.7699244618415833,0.2057221382856369
3.8823554515838623,1.5042450514815555,1.4806973934173584,0.9199817180633545,0.1886320263147354
3.885434150695801,1.505822073718231,1.4822232723236084,0.7427328824996948,0.1886320263147354
3.888516426086426,1.5074066881931079,1.4837491512298584,0.9058823585510254,0.1758144497871399
3.891596555709839,1.5089958088474233,1.4852750301361084,0.6249027252197266,0.1288166642189026
3.894693613052368,1.51059916631319,1.4868009090423584,0.7568322420120239,0.14547951519489288
3.8978006839752197,1.512213100661879,1.488326907157898,0.8162508606910706,0.21255818009376526
3.900883436203003,1.5138195897852618,1.489852786064148,0.8404211401939392,0.27621880173683167
3.903961420059204,1.5154285978592084,1.491378664970398,0.7417258024215698,0.24075685441493988
3.907038927078247,1.517042205002485,1.4925230741500854,0.8585488796234131,0.286472886800766
3.910118579864502,1.5186616392187713,1.494430422782898,0.999542236328125,0.32535287737846375
3.9132018089294434,1.5202875139778613,1.4955748319625854,0.6037537455558777,0.3497062623500824
3.916285753250122,1.5219181775536925,1.497100830078125,0.8222934603691101,0.35996031761169434
3.9193663597106934,1.5235513284499151,1.498626708984375,0.9119248986244202,0.3338979184627533
3.9224462509155273,1.525188195666627,1.500152587890625,0.7185626029968262,0.3035629689693451
3.925530433654785,1.5268312936481037,1.501678466796875,0.8333714604377747,0.2646830081939697
3.928611993789673,1.528476788150198,1.503204345703125,0.8243076205253601,0.3450064957141876
3.931688070297241,1.530122982724256,1.505111813545227,1.0438544750213623,0.31039902567863464
3.9347636699676514,1.5317723924824935,1.5062562227249146,0.9894712567329407,0.4449836015701294
3.9378433227539062,1.533427298476054,1.508163571357727,0.7185626029968262,0.2728008031845093
3.940924882888794,1.5350864022731623,1.5093079805374146,0.7648890018463135,0.24716563522815704
3.9440011978149414,1.536745692826906,1.511215329170227,0.9572442173957825,0.29245442152023315
3.947077751159668,1.5384079654345102,1.5127413272857666,0.9109178185462952,0.27621880173683167
3.9501543045043945,1.5400729363289942,1.5142672061920166,0.6923781037330627,0.2663919925689697
3.9532012939453125,1.5417244145211393,1.516174554824829,1.0045777559280396,0.30997177958488464
3.9562816619873047,1.54339636489034,1.517700433731079,0.9763790369033813,0.16470588743686676
3.9593613147735596,1.545070164093924,1.519226312637329,0.8162508606910706,0.26254671812057495
3.962442636489868,1.5467469521381343,1.5207523107528687,0.7105058431625366,0.21554894745349884
3.9655187129974365,1.5484228062690288,1.5226596593856812,0.8343786001205444,0.2663919925689697
3.968595027923584,1.5501005526773217,1.5241855382919312,0.8595559597015381,0.26382848620414734
3.971670627593994,1.5517795142081185,1.5257114171981812,0.9441519975662231,0.28049135208129883
3.9747493267059326,1.553461618113356,1.5276188850402832,0.964293897151947,0.27450981736183167
3.9778330326080322,1.5551477544676255,1.5291447639465332,1.0267337560653687,0.31168079376220703
3.9809162616729736,1.5568347696259957,1.5306706428527832,0.7326619625091553,0.3501335084438324
3.984001398086548,1.5585238104412473,1.5321965217590332,0.8726481795310974,0.34457921981811523
3.9870855808258057,1.5602131524809335,1.5341038703918457,0.809201180934906,0.3296253979206085
3.9901680946350098,1.5619022444624835,1.5356298685073853,0.7930876612663269,0.3531242907047272
3.9932730197906494,1.5636041275646249,1.5371557474136353,0.7920805811882019,0.3356069326400757
3.9963769912719727,1.565305838714628,1.5390630960464478,0.8736553192138672,0.30826276540756226
3.99948787689209,1.5670115298548335,1.5405889749526978,0.8253147006034851,0.3958495557308197
4.002609014511108,1.5687228689148056,1.5421148538589478,1.0408331155776978,0.286472886800766
4.005722284317017,1.5704297571240857,1.5440223217010498,0.7961089611053467,0.251865416765213
4.008889436721802,1.572165878197902,1.5455482006072998,0.8575417995452881,0.2980087101459503
4.011983871459961,1.5738616732953434,1.5470740795135498,1.0418401956558228,0.2369115799665451
4.015063762664795,1.5755488821033705,1.5489814281463623,0.8021515011787415,0.24161134660243988
4.018143892288208,1.5772354484512603,1.5505073070526123,0.9562371373176575,0.2732280492782593
4.021206855773926,1.5789116922939617,1.5524147748947144,0.8716410994529724,0.3150987923145294
4.0242919921875,1.5805989825747193,1.5539406538009644,0.9522087574005127,0.2651102542877197
4.027375221252441,1.5822839808890965,1.5558480024337769,0.9884641766548157,0.32278934121131897
4.030457258224487,1.58396692199849,1.5573738813400269,0.877683699131012,0.23520256578922272
4.0335352420806885,1.5856460898165938,1.559281349182129,0.9975280165672302,0.2390478402376175
4.036619663238525,1.587327047807307,1.560807228088379,1.016662836074829,0.3005722165107727
4.039703369140625,1.5890057354971754,1.562333106994629,0.8686197996139526,0.33902496099472046
4.042786598205566,1.59068212625002,1.5642404556274414,1.0750744342803955,0.2992904484272003
4.0458667278289795,1.5923546406640863,1.5657663345336914,0.8756694793701172,0.29117265343666077
4.04894232749939,1.594022353870358,1.567292332649231,0.7105058431625366,0.3163805603981018
4.052017450332642,1.5956873136179681,1.568818211555481,0.8363927602767944,0.3693598806858063
4.055095434188843,1.5973511685539596,1.5707255601882935,0.8988326787948608,0.46591898798942566
4.058178424835205,1.5990149124330313,1.5722514390945435,0.5493705868721008,0.38986802101135254
4.0612733364105225,1.600682096150198,1.5737773180007935,0.9109178185462952,0.3347524106502533
4.064348936080933,1.6023357501304558,1.5756847858428955,0.8736553192138672,0.34457921981811523
4.0674238204956055,1.603985749076333,1.5772106647491455,1.0569466352462769,0.2847638726234436
4.0704991817474365,1.605632579025186,1.5787365436553955,0.8404211401939392,0.3176623284816742
4.073590517044067,1.6072843558896095,1.580643892288208,0.999542236328125,0.22623026371002197
4.076690673828125,1.6089370580681817,1.5821698904037476,0.771938681602478,0.22836652398109436
4.0797765254974365,1.6105782114475549,1.58407723903656,0.8414282202720642,0.21042190492153168
4.082863092422485,1.6122156756862238,1.58560311794281,0.9894712567329407,0.3813229501247406
4.085947513580322,1.613847782046421,1.5875104665756226,1.0227054357528687,0.23306630551815033
4.089031457901001,1.6154752657757983,1.5890363454818726,0.930052638053894,0.3334706723690033
4.092115163803101,1.6170981014628187,1.590562343597412,0.8192721605300903,0.3351796865463257
4.095199823379517,1.618716762490365,1.5924696922302246,0.9068894386291504,0.37448692321777344
4.098280191421509,1.6203283524414136,1.5939955711364746,0.9763790369033813,0.24716563522815704
4.101359844207764,1.62193460317343,1.5955214500427246,0.9562371373176575,0.2505836486816406
4.104435443878174,1.6235336352859766,1.597428798675537,0.9924925565719604,0.3646601140499115
4.107511043548584,1.6251274167693281,1.5989547967910767,0.8253147006034851,0.3509880304336548
4.11059045791626,1.6267177655018805,1.6008621454238892,0.8726481795310974,0.27536430954933167
4.1136720180511475,1.6283036548896652,1.6023880243301392,0.7457541823387146,0.3774776756763458
4.116751670837402,1.629882849968965,1.6039139032363892,0.6722362041473389,0.3941405415534973
4.119835138320923,1.6314581314143624,1.6054397821426392,1.1767910718917847,0.43985655903816223
4.12291955947876,1.6330278761242367,1.6069657802581787,0.7477683424949646,0.47830930352211
4.126003265380859,1.6345910867231073,1.6084916591644287,0.9169604182243347,0.4001220762729645
4.129083633422852,1.6361462994739384,1.6100175380706787,0.8887617588043213,0.4419928193092346
4.13216233253479,1.6376942268009822,1.6115434169769287,0.739711582660675,0.3450064957141876
4.135202407836914,1.639216272718886,1.6134508848190308,0.8061798810958862,0.4270389974117279
4.138280630111694,1.6407507322090924,1.6149767637252808,0.7648890018463135,0.3300526440143585
4.141364336013794,1.6422810370734702,1.6165026426315308,0.8293430805206299,0.26211947202682495
4.144444704055786,1.6438026591627302,1.6184099912643433,1.0539253950119019,0.24545662105083466
4.147521018981934,1.6453151282255765,1.6199358701705933,0.9199817180633545,0.29629969596862793
4.150596380233765,1.6468198443028204,1.6214618682861328,0.9743648171424866,0.24588388204574585
4.153672456741333,1.6483174842860662,1.6229877471923828,0.878690779209137,0.2659647464752197
4.156747579574585,1.6498070967205791,1.6248950958251953,0.7840238213539124,0.31125351786613464
4.159822463989258,1.6512888934589245,1.6264209747314453,0.8595559597015381,0.3638055920600891
4.162899017333984,1.6527636498684037,1.6279468536376953,0.9673151969909668,0.2980087101459503
4.165974378585815,1.654229855039812,1.6290913820266724,0.8112154006958008,0.4612191915512085
4.16904878616333,1.6556874941893083,1.6309987306594849,0.8817120790481567,0.48343634605407715
4.172130584716797,1.6571403615984381,1.6321431398391724,0.8927901387214661,0.29459068179130554
4.175216197967529,1.6585865897248588,1.6336690187454224,0.8404211401939392,0.3539787828922272
4.178316116333008,1.6600308839782687,1.6355763673782349,0.7517967224121094,0.34415197372436523
4.18140172958374,1.6614597788491272,1.636720895767212,0.8202792406082153,0.43558403849601746
4.184487342834473,1.662879825006792,1.638246774673462,0.6269168853759766,0.3791866898536682
4.187572479248047,1.664290671653679,1.639772653579712,0.773952841758728,0.40866711735725403
4.190654039382935,1.6656907868315893,1.641298532485962,0.6138246655464172,0.3633783459663391
4.193734407424927,1.6670811437291655,1.642824411392212,0.6490730047225952,0.5069352388381958
4.196816444396973,1.6684629012080183,1.6439688205718994,0.43456166982650757,0.38773176074028015
4.1998937129974365,1.6698330582106133,1.6458762884140015,0.8937972187995911,0.44925612211227417
4.202970027923584,1.6711932115694104,1.6474021673202515,1.0106202363967896,0.41849392652511597
4.206044912338257,1.6725430346438745,1.648546576499939,0.6953994035720825,0.32834362983703613
4.209123849868774,1.6738847959601302,1.650072455406189,0.8293430805206299,0.4249027371406555
4.212201118469238,1.675215865135672,1.651598334312439,0.9008468985557556,0.3979858160018921
4.215284824371338,1.6765396004346744,1.6531243324279785,0.8212863206863403,0.29459068179130554
4.2183637619018555,1.6778510596143297,1.654268741607666,0.7497825622558594,0.2894636392593384
4.221444606781006,1.6791529775184713,1.655794620513916,0.687342643737793,0.21213091909885406
4.224524259567261,1.6804439189161111,1.6577019691467285,0.8525062799453735,0.2548561692237854
4.227609157562256,1.6817264403046985,1.658846378326416,0.7618677020072937,0.3304798901081085
4.230689764022827,1.6829964518525133,1.6603723764419556,0.7145342230796814,0.28134584426879883
4.233768701553345,1.6842549469799513,1.661516785621643,0.8373998403549194,0.3326161503791809
4.236851930618286,1.685504230077425,1.663042664527893,0.6682078242301941,0.29074540734291077
4.239935636520386,1.6867426128443441,1.6641870737075806,0.6571297645568848,0.37491416931152344
4.243019104003906,1.6879696905533512,1.6657129526138306,0.6722362041473389,0.42233920097351074
4.2460997104644775,1.6891843214716,1.6672388315200806,0.9219958782196045,0.43472954630851746
4.249175071716309,1.6903854967099303,1.6683833599090576,0.5956969261169434,0.4966811537742615
4.252261161804199,1.6915793120246643,1.6695277690887451,0.5936827659606934,0.38730448484420776
4.255337476730347,1.692757718914561,1.6710536479949951,0.877683699131012,0.48172733187675476
4.258412837982178,1.6939240471860804,1.6721980571746826,0.6984207034111023,0.42233920097351074
4.26148796081543,1.6950784660432514,1.6737239360809326,0.7971160411834717,0.40482184290885925
4.264569044113159,1.6962231614458418,1.6748683452606201,0.5916685461997986,0.5646143555641174
4.267653942108154,1.697357171804126,1.6763943433761597,0.8504921197891235,0.42447546124458313
4.270734071731567,1.6984772414212659,1.6775387525558472,0.7195696830749512,0.5163347721099854
4.27382755279541,1.699589802681758,1.6786831617355347,0.6379949450492859,0.4723277688026428
4.276932954788208,1.700694083627105,1.6798275709152222,0.6923781037330627,0.4958266615867615
4.280014514923096,1.701777335740469,1.6809719800949097,0.6964064836502075,0.5009536743164062
4.283092021942139,1.7028465838832199,1.6821163892745972,0.5503776669502258,0.3197985887527466
4.2861714363098145,1.7039038120078758,1.6832607984542847,0.5987182259559631,0.41977569460868835
4.289268732070923,1.7049542818606707,1.6847867965698242,0.617853045463562,0.40482184290885925
4.29235315322876,1.7059874325549589,1.6859312057495117,0.7628747820854187,0.40866711735725403
4.2954347133636475,1.7070066202577447,1.6870756149291992,0.5886473059654236,0.4103761315345764
4.298515319824219,1.7080124044473954,1.6882200241088867,0.6279240250587463,0.34158846735954285
4.301596403121948,1.7090051609675696,1.6897459030151367,0.7497825622558594,0.21554894745349884
4.304672002792358,1.709982908706068,1.6908903121948242,0.5876401662826538,0.27750056982040405
4.3077473640441895,1.7109472607585174,1.6920348405838013,0.7024490833282471,0.19546806812286377
4.310826539993286,1.7118993746077553,1.6931792497634888,0.5916685461997986,0.21170367300510406
4.313908338546753,1.7128387502997182,1.6943236589431763,0.5241931676864624,0.3296253979206085
4.316986799240112,1.713763487863202,1.6954680681228638,0.5111009478569031,0.3505607545375824
4.320070743560791,1.7146761361273173,1.6966124773025513,0.6440375447273254,0.43729305267333984
4.323154926300049,1.7155750189784678,1.6977568864822388,0.6843213438987732,0.3488517701625824
4.326201677322388,1.7164493242286558,1.6985198259353638,0.4728313088417053,0.3761959373950958
4.32928466796875,1.7173201186823204,1.6996643543243408,0.7618677020072937,0.3454337418079376
4.33236026763916,1.7181748023439893,1.7004272937774658,0.43355458974838257,0.3603875935077667
4.335436105728149,1.7190154643906204,1.7015717029571533,0.5352712273597717,0.4949721395969391
4.338512659072876,1.7198421500678949,1.7027161121368408,0.4627603590488434,0.4595101773738861
4.341591119766235,1.7206550842637591,1.7034790515899658,0.5161364078521729,0.4253299832344055
4.344672441482544,1.721454409512292,1.7046234607696533,0.5100938677787781,0.5206072926521301
4.34774923324585,1.72223814551037,1.7053864002227783,0.4476539194583893,0.45481041073799133
4.350825548171997,1.7230072866202628,1.7061493396759033,0.5000228881835938,0.5069352388381958
4.3539018630981445,1.7237618835825972,1.7072938680648804,0.3640649914741516,0.4590829312801361
4.356977462768555,1.7245016955712822,1.7080568075180054,0.4426184594631195,0.504798948764801
4.36005711555481,1.725227776549119,1.7092012166976929,0.6037537455558777,0.40183109045028687
4.363138675689697,1.7259395098912493,1.7099641561508179,0.6551156044006348,0.4629282057285309
4.3661980628967285,1.7266314137082879,1.7111085653305054,0.5785763263702393,0.3616693317890167
4.369273662567139,1.7273121474621096,1.7118715047836304,0.6853284239768982,0.45481041073799133
4.372349500656128,1.7279779929646473,1.7126344442367554,0.29155412316322327,0.4001220762729645
4.375434398651123,1.7286307295334749,1.7133973836898804,0.3781643509864807,0.48728159070014954
4.378530740737915,1.7292706494705294,1.7145417928695679,0.46477454900741577,0.4001220762729645
4.381615400314331,1.7298929149092241,1.7153048515319824,0.5030441880226135,0.4108033776283264
4.384702682495117,1.7305004201226628,1.7160677909851074,0.19890135526657104,0.4757457971572876
4.38778829574585,1.7310922564779017,1.7168307304382324,0.4436255395412445,0.34073394536972046
4.390870571136475,1.7316680856725384,1.7175936698913574,0.6480659246444702,0.41849392652511597
4.393946886062622,1.7322274334101804,1.7183566093444824,0.32881665229797363,0.3360341787338257
4.397024154663086,1.7327715420477932,1.7191195487976074,0.4446326494216919,0.3761959373950958
4.400100469589233,1.7333000235182483,1.7198824882507324,0.4285190999507904,0.3138170540332794
4.403179883956909,1.7338135084721795,1.7206454277038574,0.4305332899093628,0.40268558263778687
4.406271696090698,1.734313381586254,1.7214083671569824,0.3670862913131714,0.4001220762729645
4.409350872039795,1.7347955505275616,1.7221713066101074,0.4949873983860016,0.382604718208313
4.412432909011841,1.7352624712976572,1.722934365272522,0.5010299682617188,0.3356069326400757
4.415509939193726,1.7357129246980392,1.723697304725647,0.5141222476959229,0.32877087593078613
4.41858983039856,1.7361480367602413,1.7240787744522095,0.270405113697052,0.2587014436721802
4.421671152114868,1.736567531681305,1.7248417139053345,0.5252002477645874,0.48429083824157715
4.424750328063965,1.7369708888361888,1.7256046533584595,0.5090867280960083,0.37363240122795105
4.427834749221802,1.7373590146002718,1.725986123085022,0.31068894267082214,0.4411383271217346
4.4309163093566895,1.7377308341153563,1.726749062538147,0.3509727716445923,0.3518425226211548
4.433995246887207,1.7380863838902296,1.7271305322647095,0.2653696537017822,0.3539787828922272
4.437079191207886,1.7384264930407465,1.7278934717178345,0.12236209958791733,0.33987945318222046
4.4401633739471436,1.7387505629017537,1.728274941444397,0.3701075613498688,0.37491416931152344
4.443201303482056,1.7390540365221052,1.729037880897522,0.10926985740661621,0.3526970446109772
4.446281909942627,1.739345796909945,1.7294193506240845,0.15156786143779755,0.2992904484272003
4.449358224868774,1.7396210694519159,1.7301822900772095,0.3962920606136322,0.39157700538635254
4.452434301376343,1.7398802266172175,1.7305638790130615,0.2552987039089203,0.4283207356929779
4.45551323890686,1.7401234846994347,1.730945348739624,0.39024949073791504,0.3672236204147339
4.458597898483276,1.7403509793683585,1.731708288192749,0.13746853172779083,0.4253299832344055
4.46168065071106,1.7405620965446502,1.7320897579193115,0.32680246233940125,0.37064164876937866
4.46476149559021,1.7407568465733934,1.732471227645874,0.09919890016317368,0.42447546124458313
4.46783709526062,1.7409350567710389,1.7328526973724365,0.12236209958791733,0.5141985416412354
4.470912218093872,1.7410970320067043,1.733234167098999,0.3932707607746124,0.3949950337409973
4.473997592926025,1.741243244825234,1.733234167098999,-0.07603570818901062,0.4633554518222809
4.477093935012817,1.7413735468435048,1.733997106552124,0.27544060349464417,0.3650873601436615
4.480180025100708,1.741487027170421,1.733997106552124,0.19890135526657104,0.44028380513191223
4.483281373977661,1.741584573172004,1.7343785762786865,0.14753948152065277,0.35953307151794434
4.486363887786865,1.7416651318573366,1.734760046005249,0.3801785409450531,0.504371702671051
4.489443063735962,1.7417292773267121,1.7351415157318115,0.09214923530817032,0.39157700538635254
4.492525577545166,1.7417771426323017,1.735522985458374,0.3771572411060333,0.3770504295825958
4.49560284614563,1.7418086051917618,1.735522985458374,0.12236209958791733,0.4885633587837219
4.4986817836761475,1.7418237611999827,1.7359044551849365,0.08308537304401398,0.37277790904045105
4.501762628555298,1.7418225819626432,1.7359044551849365,0.04179446026682854,0.4112306535243988
4.504838466644287,1.7418050948900823,1.736285924911499,0.0317235067486763,0.3949950337409973
4.50791335105896,1.741771325961802,1.736285924911499,0.11732661724090576,0.4249027371406555
4.510992050170898,1.7417212032297706,1.7366673946380615,0.21098649501800537,0.5573510527610779
4.514073133468628,1.741654705389414,1.7366673946380615,0.07704280316829681,0.4150759279727936
4.517152547836304,1.7415719204519313,1.737048864364624,0.05085831880569458,0.40695810317993164
4.52020263671875,1.7414738451635825,1.737048864364624,0.15660333633422852,0.40610361099243164
4.5232861042022705,1.7413584403829807,1.737048864364624,-0.01359578873962164,0.43387502431869507
4.526369571685791,1.741226701724154,1.737048864364624,-0.16163882613182068,0.3924315273761749
4.529451847076416,1.7410787019423781,1.7374303340911865,0.19487297534942627,0.3612420856952667
4.532528638839722,1.7409147138937489,1.7374303340911865,0.008560311049222946,0.42447546124458313
4.535604238510132,1.7407345770344742,1.7374303340911865,0.20393683016300201,0.29459068179130554
4.5386834144592285,1.7405380100806802,1.7374303340911865,0.016617074608802795,0.41977569460868835
4.541767120361328,1.740324906492228,1.7374303340911865,-0.10020599514245987,0.40567636489868164
4.544847726821899,1.7400958021576394,1.7374303340911865,0.07502861320972443,0.2830548584461212
4.547924041748047,1.7398508654601998,1.7374303340911865,0.029709314927458763,0.3847409784793854
4.550999402999878,1.739589894807985,1.7374303340911865,0.04481574892997742,0.32834362983703613
4.554078817367554,1.7393124653906076,1.7374303340911865,0.05387960746884346,0.3847409784793854
4.557158946990967,1.7390188664453086,1.7374303340911865,-0.03675898537039757,0.4479743540287018
4.5602028369903564,1.7387129249560775,1.7374303340911865,0.06999313086271286,0.35568779706954956
4.563283920288086,1.7383872814585235,1.7374303340911865,-0.10524147748947144,0.31338977813720703
4.566424369812012,1.7380388671443103,1.7374303340911865,0.03776608034968376,0.3505607545375824
4.569500684738159,1.7376814535829248,1.7374303340911865,-0.17170977592468262,0.30569925904273987
4.572576999664307,1.7373081252718372,1.737048864364624,-0.1102769523859024,0.26211947202682495
4.575662136077881,1.7369177782078602,1.737048864364624,-0.16163882613182068,0.3309071362018585
4.578763246536255,1.736509351708845,1.737048864364624,-0.016617074608802795,0.24802014231681824
4.581855535507202,1.7360860943749632,1.7366673946380615,-0.13545434176921844,0.22494849562644958
4.584942102432251,1.7356477345164627,1.7366673946380615,-0.16466011106967926,0.2834821045398712
4.588027238845825,1.7351937590414515,1.7366673946380615,0.01258869282901287,0.23221179842948914
4.591111898422241,1.7347240849254448,1.736285924911499,-0.16768139600753784,0.21554894745349884
4.594202280044556,1.7342377723346667,1.736285924911499,-0.08409246802330017,0.30612650513648987
4.59728479385376,1.7337370218237056,1.736285924911499,-0.21400777995586395,0.1882047802209854
4.600360870361328,1.7332217568263562,1.7359044551849365,0.07200732082128525,0.24460211396217346
4.603436470031738,1.732691079501806,1.7359044551849365,-0.09013504534959793,0.23135729134082794
4.606512784957886,1.7321448319268522,1.735522985458374,-0.05589379742741585,0.24289311468601227
4.609589099884033,1.731583186735846,1.7351415157318115,-0.052872512489557266,0.2048676311969757
4.612665176391602,1.7310062416985261,1.734760046005249,-0.12135500460863113,0.18222324550151825
4.615741014480591,1.730414054255797,1.7343785762786865,-0.10725566744804382,0.1723964363336563
4.6188201904296875,1.72980596816271,1.733997106552124,-0.401327520608902,0.19803158938884735
4.621901035308838,1.7291823327209193,1.733997106552124,-0.16365301609039307,0.20230410993099213
4.624980449676514,1.7285438319241264,1.7336156368255615,-0.2724193036556244,0.13052567839622498
4.628064870834351,1.7278891645639822,1.733234167098999,-0.13646143674850464,0.18393224477767944
4.63114595413208,1.727220150827473,1.7328526973724365,-0.17875944077968597,0.17154192924499512
4.634201765060425,1.7265418243284454,1.732471227645874,-0.1757381558418274,0.09121843427419662
4.637283563613892,1.7258428648793007,1.731708288192749,-0.2069581151008606,0.13308918476104736
4.640362977981567,1.7251296015552173,1.7313268184661865,-0.4798809885978699,0.16342411935329437
4.643447399139404,1.7244003704357826,1.730945348739624,-0.32579538226127625,0.17196917533874512
4.646529197692871,1.7236570264514688,1.7305638790130615,-0.3469443917274475,0.16128785908222198
4.649605751037598,1.7229003280455313,1.729800820350647,-0.19688716530799866,0.12967117130756378
4.652681589126587,1.7221292742144623,1.7294193506240845,-0.22508582472801208,0.10446326434612274
4.655761003494263,1.7213428410262033,1.729037880897522,-0.29054704308509827,0.15103380382061005
4.6588451862335205,1.7205407389129648,1.728274941444397,-0.24220645427703857,0.12155336886644363
4.661926984786987,1.71972488643721,1.7278934717178345,-0.37111467123031616,0.15658807754516602
4.665005922317505,1.7188955228682798,1.7271305322647095,-0.2240787297487259,0.1574425846338272
4.668086051940918,1.7180516457079356,1.726749062538147,-0.3962920606136322,0.13052567839622498
4.671161890029907,1.7171948575477392,1.725986123085022,-0.3852140009403229,0.1112993061542511
4.674210071563721,1.7163319643049464,1.725223183631897,-0.32378119230270386,0.2236667424440384
4.6773059368133545,1.7154415833812557,1.724460244178772,-0.45470359921455383,0.15317006409168243
4.6803879737854,1.714541259215301,1.723697304725647,-0.495994508266449,0.18692301213741302
4.683465957641602,1.7136283416156597,1.7233158349990845,-0.30968186259269714,0.11898985505104065
4.686547517776489,1.7127006565174363,1.72255277633667,-0.3328450322151184,0.18606851994991302
4.689629793167114,1.7117591235209695,1.721789836883545,-0.4627603590488434,0.13821622729301453
4.692708969116211,1.7108050118154796,1.72102689743042,-0.36003661155700684,0.18051423132419586
4.695791482925415,1.7098364146608507,1.720263957977295,-0.4295262098312378,0.10959029197692871
4.698870658874512,1.7088555203441145,1.7198824882507324,-0.4909590184688568,0.18735027313232422
4.7019548416137695,1.7078597518564058,1.718738079071045,-0.401327520608902,0.1279621571302414
4.705036163330078,1.706851728840099,1.7183566093444824,-0.4768596887588501,0.16684214770793915
4.708112001419067,1.7058324569251926,1.717212200164795,-0.37514305114746094,0.14761577546596527
4.711198091506958,1.7047967870947631,1.71644926071167,-0.4154268801212311,0.2211032211780548
4.714282274246216,1.7037488443238122,1.715686321258545,-0.34392309188842773,0.16427862644195557
4.717361688613892,1.7026897407520627,1.7145417928695679,-0.38924238085746765,0.17026016116142273
4.720442295074463,1.701617547901214,1.7137788534164429,-0.5544060468673706,0.19504082202911377
4.723517656326294,1.7005346313573946,1.7130159139633179,-0.497001588344574,0.21084916591644287
4.726596355438232,1.6994380818121004,1.7118715047836304,-0.5443350672721863,0.23263904452323914
4.729677677154541,1.6983282205285324,1.7111085653305054,-0.5272144675254822,0.22879377007484436
4.732753276824951,1.697208175450994,1.7099641561508179,-0.46477454900741577,0.24759289622306824
4.735828876495361,1.6960760015662424,1.7092012166976929,-0.7044632434844971,0.20999465882778168
4.738907814025879,1.694930556316025,1.7080568075180054,-0.5846189260482788,0.19717708230018616
4.7419915199279785,1.6937713673569286,1.7072938680648804,-0.5000228881835938,0.2659647464752197
4.745071887969971,1.6926015820763878,1.7061493396759033,-0.7497825622558594,0.21768520772457123
4.748147487640381,1.6914218997431725,1.7050049304962158,-0.580590546131134,0.21811245381832123
4.751197338104248,1.6902406500330924,1.7042419910430908,-0.32478827238082886,0.21896696090698242
4.754273414611816,1.6890378099857979,1.7030975818634033,-0.2512703239917755,0.251865416765213
4.757350444793701,1.6878232221914318,1.7019531726837158,-0.7165483832359314,0.24374762177467346
4.7604289054870605,1.6865967987896056,1.7008087635040283,-0.5533989667892456,0.2505836486816406
4.763509273529053,1.6853584463012297,1.6996643543243408,-0.6329594850540161,0.2202487289905548
4.766586065292358,1.684110493997679,1.6989012956619263,-0.582604706287384,0.2206759750843048
4.7696614265441895,1.6828522150273912,1.6973754167556763,-0.810208261013031,0.1924773007631302
4.772736310958862,1.681583346779574,1.6966124773025513,-0.5282215476036072,0.15573357045650482
4.775821924209595,1.6802993303457394,1.6954680681228638,-0.6732432842254639,0.1770962029695511
4.778918504714966,1.6790000745444815,1.6943236589431763,-0.5181506276130676,0.1741054356098175
4.782004356384277,1.677694803370885,1.6931792497634888,-0.7004348635673523,0.10574502497911453
4.785091876983643,1.676378441980118,1.6920348405838013,-0.6410162448883057,0.11685358732938766
4.788177251815796,1.6750527428384787,1.6912717819213867,-0.5967040657997131,0.08096437156200409
4.7912821769714355,1.6737084228545627,1.6901273727416992,-0.47081711888313293,0.08438239246606827
4.79436731338501,1.6723626417467379,1.6889829635620117,-0.6450446248054504,0.15658807754516602
4.797452211380005,1.671007095600796,1.6878385543823242,-0.6641794443130493,0.09250018745660782
4.8005335330963135,1.669643396467515,1.6866941452026367,-0.6349737048149109,0.14547951519489288
4.80361270904541,1.6682710659957503,1.6851682662963867,-0.722590982913971,0.10873579233884811
4.806694269180298,1.6668882127879205,1.6844053268432617,-0.3761501610279083,0.15188831090927124
4.809773683547974,1.6654969979710588,1.6828793287277222,-0.7961089611053467,0.23477530479431152
4.812854528427124,1.664095939452185,1.6817349195480347,-0.6470588445663452,0.1924773007631302
4.81593132019043,1.6626876736406653,1.6802090406417847,-0.6339665651321411,0.19504082202911377
4.819010972976685,1.6612691730129383,1.6790646314620972,-0.6097962856292725,0.2565651834011078
4.822092533111572,1.6598409889875576,1.6779202222824097,-0.6571297645568848,0.2057221382856369
4.82517147064209,1.6584053577023206,1.6763943433761597,-0.7266193628311157,0.23434805870056152
4.828263521194458,1.656955033110629,1.6752498149871826,-0.7880522012710571,0.22751201689243317
4.831477403640747,1.6554385980373028,1.6737239360809326,-0.6500800848007202,0.22793926298618317
4.8346099853515625,1.6539518747897888,1.6721980571746826,-0.7014420032501221,0.16598764061927795
4.8377299308776855,1.6524628061930025,1.6710536479949951,-0.6118105053901672,0.21554894745349884
4.840851783752441,1.650964637418422,1.6699092388153076,-0.5171434879302979,0.2732280492782593
4.8439531326293945,1.6494683389841993,1.6683833599090576,-0.6752575039863586,0.1591515988111496
4.847028017044067,1.6479771070825113,1.666857361793518,-0.928038477897644,0.13992522656917572
4.850103378295898,1.646478113041024,1.6657129526138306,-0.8263218402862549,0.16171512007713318
4.853173732757568,1.644974185820756,1.6641870737075806,-0.8051728010177612,0.20914015173912048
4.856257677078247,1.643456326559178,1.6626611948013306,-0.7608606219291687,0.16855116188526154
4.859327077865601,1.6419385263928488,1.6611353158950806,-0.7981231212615967,0.17154192924499512
4.862393856048584,1.6404150911140154,1.6599907875061035,-0.880704939365387,0.19888609647750854
4.865460395812988,1.6388849874984532,1.658846378326416,-0.7155413031578064,0.1600061058998108
4.868526458740234,1.6373484788552923,1.657320499420166,-0.771938681602478,0.13180743157863617
4.871596097946167,1.6358036668246965,1.655794620513916,-0.7286335825920105,0.10959029197692871
4.874673128128052,1.6342487409536464,1.6546502113342285,-0.9461661577224731,0.1433432549238205
4.877746105194092,1.6326896187536906,1.6531243324279785,-0.616845965385437,0.13479819893836975
4.880820989608765,1.6311234281710356,1.6519798040390015,-0.7981231212615967,0.08523689955472946
4.883894920349121,1.6295517696645412,1.6504539251327515,-0.8273289203643799,0.07071030884981155
4.886961221694946,1.6279782272700098,1.649309515953064,-0.5795834064483643,0.0784008577466011
4.8900275230407715,1.6263990535087207,1.647783637046814,-0.8222934603691101,0.1574425846338272
4.893094062805176,1.6248142714968996,1.646257758140564,-0.8222934603691101,0.24502937495708466
4.896161794662476,1.623223531722832,1.644731879234314,-0.808194100856781,0.15658807754516602
4.899197816848755,1.6216441194321551,1.642824411392212,-0.8827191591262817,0.20358586311340332
4.902266025543213,1.6200429400761183,1.641298532485962,-0.8504921197891235,0.23263904452323914
4.905339241027832,1.6184342348473786,1.639772653579712,-0.9078965187072754,0.19888609647750854
4.908407688140869,1.6168232695268976,1.638246774673462,-0.9320668578147888,0.16940565407276154
4.911484241485596,1.6152034275575793,1.636720895767212,-0.7769741415977478,0.1736781895160675
4.914558172225952,1.613580496394962,1.6351948976516724,-1.0609750747680664,0.17752346396446228
4.9176249504089355,1.611957039751684,1.6336690187454224,-0.9320668578147888,0.19333180785179138
4.92069149017334,1.6103295638345498,1.6321431398391724,-0.774959921836853,0.21811245381832123
4.923757314682007,1.6086984746294621,1.6306172609329224,-0.737697422504425,0.20871290564537048
4.926823854446411,1.607063162458253,1.6290913820266724,-0.8907759189605713,0.12967117130756378
4.929890871047974,1.6054239040274714,1.6275653839111328,-0.7820096015930176,0.21512168645858765
4.932962417602539,1.6037786765744912,1.6256580352783203,-1.0589609146118164,0.10061798989772797
4.936038970947266,1.6021273617273561,1.6241321563720703,-0.8696269392967224,0.06985580176115036
4.939107656478882,1.600477028026803,1.6226062774658203,-0.8937972187995911,0.1266804039478302
4.942177057266235,1.598823224421693,1.6210802793502808,-0.5765621662139893,0.15017929673194885
4.945257186889648,1.5971606930365128,1.6195544004440308,-0.7336690425872803,0.1595788449048996
4.948334217071533,1.5954970420752501,1.6180285215377808,-0.8273289203643799,0.05447470769286156
4.951401948928833,1.5938357945845019,1.6165026426315308,-0.7548180222511292,0.06942854821681976
4.954470872879028,1.5921714347230993,1.6149767637252808,-0.7598535418510437,0.06900129467248917
4.957547903060913,1.5905003569856515,1.6134508848190308,-0.9602655172348022,0.06472877413034439
4.9606218338012695,1.5888287970275081,1.6119248867034912,-0.963286817073822,0.15188831090927124
4.963693380355835,1.5871565274112354,1.6100175380706787,-0.8484779000282288,0.22708477079868317
4.966759920120239,1.585485138506259,1.6084916591644287,-0.7890592813491821,0.20187686383724213
4.9698262214660645,1.583812191272287,1.6069657802581787,-0.964293897151947,0.20956741273403168
4.972894906997681,1.5821364085337957,1.6050583124160767,-0.928038477897644,0.29416343569755554
4.975971221923828,1.5804550748254602,1.6035324335098267,-0.9864500164985657,0.21554894745349884
4.979039907455444,1.5787766859065957,1.6016250848770142,-1.0025634765625,0.18435950577259064
4.982112169265747,1.5770952718175573,1.6000992059707642,-0.8293430805206299,0.19845883548259735
4.985183477401733,1.5754134668658495,1.5985733270645142,-0.8827191591262817,0.1587243527173996
4.988258600234985,1.5737288156293505,1.5970473289489746,-0.8756694793701172,0.1890592873096466
4.9913249015808105,1.572048398803173,1.595139980316162,-0.7689173817634583,0.19290456175804138
4.994391679763794,1.57036727922169,1.593614101409912,-0.964293897151947,0.13522544503211975
4.997458219528198,1.5686860049342637,1.592088222503662,-0.9451590776443481,0.17965972423553467
5.000525712966919,1.5670040783907202,1.590562343597412,-0.8917829990386963,0.07541008293628693
5.003592252731323,1.5653227014937732,1.58865487575531,-0.9250171780586243,0.14035248756408691
5.006658554077148,1.5636416380968077,1.58712899684906,-0.7145342230796814,0.0625925064086914
5.009727478027344,1.561959476134681,1.5852216482162476,-0.9008468985557556,0.09207294136285782
5.0128045082092285,1.5602733687380639,1.5836957693099976,-0.7165483832359314,0.1736781895160675
5.0158774852752686,1.5585901368388815,1.5821698904037476,-0.9934996366500854,0.051483940333127975
5.018944263458252,1.5569111088808685,1.580643892288208,-0.7064774632453918,0.09848172962665558
5.022010326385498,1.5552334357970272,1.579118013381958,-0.6923781037330627,0.10061798989772797
5.0250771045684814,1.553556490581876,1.577592134475708,-1.0498969554901123,0.10574502497911453
5.028143405914307,1.551881080818934,1.576066255569458,-0.9139391183853149,0.11685358732938766
5.0311970710754395,1.5502139964479746,1.574158787727356,-0.7598535418510437,0.10104524344205856
5.034273624420166,1.5485360066113563,1.572632908821106,-0.8726481795310974,0.0784008577466011
5.03734278678894,1.546863793626653,1.5707255601882935,-0.9914854764938354,0.1441977620124817
5.040409564971924,1.5451947766092005,1.5691996812820435,-0.808194100856781,0.13223467767238617
5.043480157852173,1.5435257386190684,1.567292332649231,-0.6943923234939575,0.17068742215633392
5.0465497970581055,1.5418594295639014,1.565384864807129,-0.8484779000282288,0.19546806812286377
5.049626588821411,1.540191611435797,1.563858985900879,-1.1687343120574951,0.12497138977050781
5.0527002811431885,1.5385280015831653,1.5619516372680664,-1.0055848360061646,0.12155336886644363
5.05577278137207,1.5368677174387382,1.5604257583618164,-0.8525062799453735,0.10446326434612274
5.058849573135376,1.5352079549839994,1.5585182905197144,-0.9038681387901306,0.06771954149007797
5.061922550201416,1.5335532424016076,1.5569924116134644,-0.8394140601158142,0.10232700407505035
5.06499171257019,1.5319037224877887,1.5554665327072144,-0.8887617588043213,0.08737315982580185
5.068059206008911,1.5302583868570439,1.5535591840744019,-0.880704939365387,0.08566414564847946
5.0711305141448975,1.5286144508378796,1.5520333051681519,-0.8373998403549194,0.010894942097365856
5.074205160140991,1.5269723349934823,1.5505073070526123,-0.9562371373176575,0.07156481593847275
5.077288627624512,1.5253292859946226,1.5489814281463623,-0.8353856801986694,0.045075152069330215
5.080361366271973,1.5236958709272213,1.5474555492401123,-0.8414282202720642,0.10489051789045334
5.08342981338501,1.5220687911395643,1.5455482006072998,-0.7064774632453918,0.1736781895160675
5.086495876312256,1.5204471730666953,1.5440223217010498,-1.0055848360061646,0.13394369184970856
5.089561700820923,1.5188300269162276,1.5424963235855103,-0.8726481795310974,0.07541008293628693
5.09262752532959,1.5172173764421752,1.5409704446792603,-0.8172579407691956,0.10360875725746155
5.095693826675415,1.5156091215154377,1.5390630960464478,-0.8827191591262817,0.15103380382061005
5.098767518997192,1.5140018035044245,1.5375372171401978,-0.7961089611053467,0.16598764061927795
5.1018335819244385,1.5124034254837038,1.5356298685073853,-0.8676127195358276,0.21255818009376526
5.1048994064331055,1.5108102637972636,1.5341038703918457,-0.9874570965766907,0.15359731018543243
5.107968330383301,1.509220739119492,1.5325779914855957,-0.8545204997062683,0.1582970917224884
5.111044883728027,1.5076326811199559,1.5306706428527832,-0.9945067763328552,0.1762416958808899
5.1141197681427,1.5060510532466465,1.5291447639465332,-0.965300977230072,0.1266804039478302
5.117198944091797,1.504472944738328,1.5272372961044312,-0.9693293571472168,0.14633402228355408
5.120265483856201,1.5029071544643644,1.5257114171981812,-1.0388189554214478,0.13223467767238617
5.123331546783447,1.5013475818366702,1.5241855382919312,-0.9179674983024597,0.0946364551782608
5.1263978481292725,1.4997940070656552,1.5222781896591187,-1.012634515762329,0.11728084087371826
5.129464387893677,1.4982465757599968,1.5211337804794312,-0.7105058431625366,0.04934767633676529
5.132533073425293,1.4967044765416748,1.519226312637329,-0.9713435769081116,0.04934767633676529
5.13560938835144,1.4951651283593386,1.5180819034576416,-0.807187020778656,0.07455558329820633
5.1386778354644775,1.4936364280371626,1.516174554824829,-0.8162508606910706,0.07199206203222275
5.141743898391724,1.4921157519967263,1.514648675918579,-0.8706340193748474,0.08480964601039886
5.144810199737549,1.490601933474754,1.513122797012329,-1.0116273164749146,-0.010467689484357834
5.1478798389434814,1.4890935952520301,1.5119783878326416,-0.6953994035720825,0.057892728596925735
5.150957345962524,1.487588691383838,1.5100709199905396,-0.8233005404472351,0.08224612474441528
5.154033184051514,1.4860920478199824,1.5085450410842896,-0.7779812216758728,0.07370107620954514
5.157113075256348,1.4846010290913172,1.5070191621780396,-0.7094987630844116,0.10702677816152573
5.160197734832764,1.483115461519057,1.5054932832717896,-0.8333714604377747,0.1578698456287384
5.163267612457275,1.481644860992977,1.5039674043655396,-0.7336690425872803,0.13522544503211975
5.166333436965942,1.4801841524843282,1.50244140625,-0.7185626029968262,0.05233844369649887
5.169399261474609,1.478731524692955,1.5005340576171875,-0.8958113789558411,0.1766689568758011
5.172467947006226,1.477285768329237,1.4993896484375,-1.1224079132080078,0.10830853879451752
5.175544738769531,1.4758445913338063,1.49786376953125,-0.7880522012710571,0.07241931557655334
5.1786158084869385,1.4744146147411537,1.496337890625,-0.7658960819244385,0.13565270602703094
5.181684970855713,1.4729941636271275,1.4948118925094604,-0.7165483832359314,0.063019759953022
5.184750556945801,1.471584119061861,1.492904543876648,-1.071045994758606,0.1253986358642578
5.187816858291626,1.4701826257563566,1.491378664970398,-0.9945067763328552,0.06216525658965111
5.190883636474609,1.4687899279409196,1.489852786064148,-0.7588464021682739,0.10104524344205856
5.1939496994018555,1.4674066951366824,1.488326907157898,-0.7658960819244385,0.16214236617088318
5.197016716003418,1.4660323039044643,1.4868009090423584,-0.8736553192138672,0.09121843427419662
5.200082778930664,1.4646677364758103,1.4852750301361084,-0.7497825622558594,0.06942854821681976
5.203152179718018,1.4633112207158352,1.484130620956421,-0.8605630397796631,0.1283894032239914
5.206197738647461,1.4619747976147268,1.482604742050171,-0.8635843396186829,-0.03311207890510559
5.209268569946289,1.4606370466128595,1.481078863143921,-0.654108464717865,0.021576257422566414
5.212347030639648,1.459305935507289,1.4799343347549438,-0.6661936640739441,0.04165713116526604
5.215423345565796,1.4579858418962535,1.4787899255752563,-0.4718242287635803,-0.010467689484357834
5.218491315841675,1.4566794969749621,1.4772640466690063,-0.7779812216758728,-0.018585488200187683
5.221558570861816,1.4553837285371745,1.4761196374893188,-0.6087892055511475,0.0801098644733429
5.224626064300537,1.4540982516484329,1.4745937585830688,-0.7507896423339844,0.06088349595665932
5.227692365646362,1.4528237802301074,1.4730678796768188,-0.6722362041473389,0.08480964601039886
5.230758905410767,1.4515598331033874,1.4715418815612793,-0.7789883017539978,0.14676126837730408
5.233828067779541,1.4503055599284351,1.4700160026550293,-0.9209887981414795,0.12326237559318542
5.236904859542847,1.4490590856282866,1.4684901237487793,-0.8363927602767944,0.16769665479660034
5.239980459213257,1.4478241345269882,1.4669642448425293,-0.8001373410224915,0.20999465882778168
5.2430503368377686,1.4466026032578108,1.4658198356628418,-0.8011444211006165,0.2065766453742981
5.246119260787964,1.4453926718027317,1.4642938375473022,-1.0237125158309937,0.13864347338676453
5.2491981983184814,1.4441901791829113,1.4631494283676147,-0.7417258024215698,0.10489051789045334
5.252272605895996,1.4430009479426396,1.4616235494613647,-0.7920805811882019,0.1429159939289093
5.2553465366363525,1.4418234931681253,1.4604791402816772,-0.5634698867797852,0.026276035234332085
5.258425951004028,1.4406556702403295,1.4589532613754272,-0.8112154006958008,0.11728084087371826
5.261496067047119,1.4395031718426428,1.4578088521957397,-0.7487754821777344,0.12283512949943542
5.264563083648682,1.438363706678907,1.4562828540802002,-0.6208743453025818,0.06472877413034439
5.267629384994507,1.437236472608397,1.4551384449005127,-0.8031586408615112,0.06088349595665932
5.270695447921753,1.4361213933497317,1.4539940357208252,-0.6964064836502075,0.03012130968272686
5.273764133453369,1.4350175460953767,1.4524681568145752,-0.6279240250587463,0.07028305530548096
5.276840925216675,1.4339231253416196,1.4513237476348877,-0.9159532785415649,0.004486152436584234
5.2799155712127686,1.432841915649099,1.4501793384552002,-0.7538109421730042,0.08694590628147125
5.282982110977173,1.43177605125442,1.4490348100662231,-0.6752575039863586,0.05105668678879738
5.286049127578735,1.4307226012917995,1.4478904008865356,-0.5211718678474426,0.06857404112815857
5.289118051528931,1.429681186992846,1.4467459917068481,-0.7528038620948792,0.04892042279243469
5.292198657989502,1.4286486731075452,1.4456015825271606,-0.6138246655464172,0.029266804456710815
5.295267820358276,1.4276329083038692,1.4444571733474731,-0.33989471197128296,-0.0318303182721138
5.29833459854126,1.426630901352511,1.4433127641677856,-0.546349287033081,0.019867246970534325
5.301400423049927,1.4256422566772544,1.4421683549880981,-0.65310138463974,-0.0019226367585361004
5.304466724395752,1.4246666016812737,1.4414052963256836,-0.5040512681007385,-0.011322194710373878
5.307535886764526,1.4237032899039306,1.440260887145996,-0.582604706287384,-0.011322194710373878
5.310613632202148,1.4227506895758848,1.4391164779663086,-0.5866330862045288,0.032684825360774994
5.313684463500977,1.4218136967843729,1.437972068786621,-0.5060654878616333,0.0010681315325200558
5.316751718521118,1.4208913111869532,1.4368276596069336,-0.7517967224121094,0.06216525658965111
5.319818735122681,1.419982589480527,1.435683250427246,-0.652094304561615,0.063019759953022
5.322885274887085,1.419087681894026,1.4345388412475586,-0.7044632434844971,0.16342411935329437
5.32595157623291,1.4182065971150601,1.4333943128585815,-0.5282215476036072,0.15146104991436005
5.329017877578735,1.4173393467940094,1.432249903678894,-0.4889448285102844,0.18692301213741302
5.332085847854614,1.416485550756583,1.4311054944992065,-0.42247653007507324,0.16897840797901154
5.335162878036499,1.4156433050016237,1.429961085319519,-0.5946898460388184,0.1886320263147354
5.338198184967041,1.4148263634468747,1.4288166761398315,-0.5624628067016602,0.10788128525018692
5.341269493103027,1.4140138437762786,1.4280537366867065,-0.29054704308509827,0.09890898317098618
5.344341993331909,1.4132152870673063,1.426909327507019,-0.7024490833282471,0.10147249698638916
5.347412109375,1.4124316887898016,1.426146388053894,-0.3842069208621979,0.08523689955472946
5.350489854812622,1.4116606031546637,1.425001859664917,-0.5634698867797852,0.04635690897703171
5.353561162948608,1.4109056345251694,1.424238920211792,-0.40334174036979675,0.07626459002494812
5.356640577316284,1.4101632904110148,1.4230945110321045,-0.4466468393802643,0.08310063183307648
5.359717845916748,1.4094361540012792,1.4223315715789795,-0.4778667986392975,0.05874723568558693
5.36278510093689,1.408726065008395,1.4215686321258545,-0.4748454988002777,-0.02841229923069477
5.365851640701294,1.408030859808077,1.420424222946167,-0.4637674391269684,0.02542153000831604
5.368917942047119,1.4073504879504202,1.419661283493042,-0.545342206954956,0.01516746822744608
5.371985912322998,1.4066845997638593,1.418898344039917,-0.5201647877693176,0.08523689955472946
5.3750622272491455,1.4060318812662105,1.418135404586792,-0.48290225863456726,0.037384603172540665
5.378135919570923,1.4053947620585026,1.416990876197815,-0.5503776669502258,0.018158236518502235
5.381201267242432,1.4047744069168608,1.41622793674469,-0.583611786365509,0.04592965543270111
5.384269952774048,1.4041684724393764,1.415464997291565,-0.3771572411060333,0.009185931645333767
5.387343645095825,1.4035767471670932,1.41470205783844,-0.4798809885978699,0.026276035234332085
5.390410900115967,1.403001478562616,1.413939118385315,-0.35600823163986206,0.07498283684253693
5.393476963043213,1.402441679544478,1.41317617893219,-0.2512703239917755,0.07626459002494812
5.396543264389038,1.4018971337711275,1.412413239479065,-0.37212178111076355,0.011322194710373878
5.399609327316284,1.401367976447065,1.41165030002594,-0.3529869616031647,-0.0010681315325200558
5.402678489685059,1.4008537021811764,1.410887360572815,-0.4788738787174225,-0.029694056138396263
5.405747890472412,1.4003548633297427,1.4105058908462524,-0.40535593032836914,-0.06216525658965111
5.408816814422607,1.399871620702216,1.409742832183838,-0.2865186631679535,-0.024567024782299995
5.411893129348755,1.3994028330121289,1.408979892730713,-0.30968186259269714,-0.04422064498066902
5.4149651527404785,1.3989503477532323,1.4085984230041504,-0.23012131452560425,-0.04080262407660484
5.418034553527832,1.3985139084027263,1.4078354835510254,-0.30867475271224976,-0.048493172973394394
5.421100616455078,1.3980936115848823,1.4070725440979004,-0.5574273467063904,-0.06002899259328842
5.424166917800903,1.3976889823239036,1.406691074371338,-0.29457542300224304,0.018585488200187683
5.4271955490112305,1.39730477342914,1.4063096046447754,-0.23012131452560425,0.02841229923069477
5.430262088775635,1.3969314346301875,1.4055466651916504,-0.1727168709039688,-0.001495384145528078
5.43333101272583,1.3965736351709366,1.4047837257385254,-0.2502632141113281,0.018585488200187683
5.436407089233398,1.3962309263614223,1.404402256011963,-0.38722819089889526,0.07583733648061752
5.439476251602173,1.3959049090856763,1.403639316558838,-0.5211718678474426,0.05233844369649887
5.442542552947998,1.3955951070783277,1.4032578468322754,-0.16365301609039307,0.08352788537740707
5.445611238479614,1.3953010154789631,1.4024949073791504,-0.3187457025051117,0.0796826109290123
5.448704481124878,1.3950207476929113,1.4021133184432983,-0.3167315125465393,0.06643778085708618
5.451815605163574,1.3947552692641498,1.4013503789901733,-0.32579538226127625,0.10702677816152573
5.45489501953125,1.3945087276029504,1.4009689092636108,-0.3983062505722046,0.06857404112815857
5.457963228225708,1.3942791658314073,1.4005874395370483,-0.18178072571754456,0.10104524344205856
5.461031436920166,1.3940656788507084,1.3998245000839233,-0.29054704308509827,0.14889752864837646
5.464098930358887,1.393868330634885,1.3994430303573608,-0.29256123304367065,0.15274280309677124
5.467171907424927,1.3936867783009683,1.3990615606307983,-0.2683909237384796,0.10446326434612274
5.470266103744507,1.3935203203413398,1.3986800909042358,0.01359578873962164,0.10702677816152573
5.473343849182129,1.3933710365959382,1.3982986211776733,-0.1757381558418274,0.09378194808959961
5.476422309875488,1.3932379836015494,1.3975356817245483,-0.29658961296081543,0.18393224477767944
5.479498863220215,1.3931212776923556,1.3971542119979858,-0.060929276049137115,0.20999465882778168
5.482570171356201,1.3930209996765783,1.3967727422714233,-0.32378119230270386,0.1416342407464981
5.485637664794922,1.3929370404097625,1.3963912725448608,-0.17170977592468262,0.049774929881095886
5.488706111907959,1.3928692545297034,1.3963912725448608,-0.0800640881061554,0.13266193866729736
5.491782903671265,1.392817558793675,1.3960098028182983,-0.10423437505960464,0.13009841740131378
5.494856595993042,1.3927821919205805,1.3956283330917358,-0.23314259946346283,0.10830853879451752
5.497926950454712,1.392763108840637,1.3952468633651733,0.08610665798187256,0.13479819893836975
5.500993251800537,1.3927602571495412,1.3948653936386108,-0.26234835386276245,0.11001754552125931
5.504061937332153,1.3927736178942542,1.3948653936386108,-0.15660333633422852,0.1433432549238205
5.5071375370025635,1.392803283312189,1.3944838047027588,-0.2734264135360718,0.10702677816152573
5.510195970535278,1.3928489371494428,1.3944838047027588,-0.03675898537039757,0.07711909711360931
5.513270378112793,1.3929110603808397,1.3941023349761963,-0.17775234580039978,0.09378194808959961
5.516340732574463,1.3929893369963708,1.3941023349761963,-0.05992217734456062,0.12454413622617722
5.5194079875946045,1.3930837273376386,1.3941023349761963,0.0317235067486763,0.0942092016339302
5.522474050521851,1.3931942473660557,1.3937208652496338,0.06193637102842331,0.16128785908222198
5.525543451309204,1.393321067069137,1.3937208652496338,0.02568093314766884,0.0788281038403511
5.528614282608032,1.393464133556806,1.3937208652496338,-0.1273975670337677,0.07583733648061752
5.531681060791016,1.3936231573428113,1.3937208652496338,0.10222018510103226,0.1441977620124817
5.534753322601318,1.393798629427542,1.3933393955230713,0.01359578873962164,0.15017929673194885
5.537836313247681,1.3939909610814318,1.3933393955230713,-0.021652551367878914,0.0801098644733429
5.5409088134765625,1.3941988125207252,1.3933393955230713,-0.11229114234447479,0.13095292448997498
5.543978452682495,1.3944225751787396,1.3933393955230713,0.019638361409306526,0.15060654282569885
5.547045946121216,1.3946622410191474,1.3933393955230713,0.02668802998960018,0.13778896629810333
5.550116062164307,1.3949181640467978,1.3933393955230713,-0.1908445805311203,0.10275425016880035
5.553197622299194,1.3951911661257266,1.3933393955230713,-0.08308537304401398,0.10318150371313095
5.556274652481079,1.3954798608714352,1.3933393955230713,-0.11934080719947815,0.13095292448997498
5.559342384338379,1.3957836657090779,1.3933393955230713,-0.04078736528754234,0.1433432549238205
5.5624098777771,1.3961033751332803,1.3937208652496338,0.08308537304401398,0.2078583985567093
5.565475702285767,1.3964387955342823,1.3933393955230713,0.09919890016317368,0.18307773768901825
5.568544864654541,1.3967904564768616,1.3937208652496338,0.23012131452560425,0.19760432839393616
5.571624279022217,1.3971592228687084,1.3937208652496338,0.11531242728233337,0.17111466825008392
5.574683427810669,1.3975413285285587,1.3937208652496338,0.006546120624989271,0.23178453743457794
5.577749967575073,1.3979400928978154,1.3937208652496338,0.046829938888549805,0.20016784965991974
5.580820560455322,1.3983551330198138,1.3941023349761963,0.18278782069683075,0.30783551931381226
5.583897590637207,1.3987868131815262,1.3941023349761963,0.20897230505943298,0.26340124011039734
5.586967945098877,1.3992332517592292,1.3941023349761963,0.1112840473651886,0.27579155564308167
5.590036153793335,1.3996949983086364,1.3944838047027588,0.19688716530799866,0.27878233790397644
5.593106031417847,1.400172580322715,1.3944838047027588,0.009567406959831715,0.32236209511756897
5.5961785316467285,1.400666134373448,1.3948653936386108,0.08812084794044495,0.23392081260681152
5.599266767501831,1.4011778602280536,1.3948653936386108,0.05085831880569458,0.22879377007484436
5.6023430824279785,1.401703156375985,1.3952468633651733,0.2361638844013214,0.26425573229789734
5.6054160594940186,1.402243323846227,1.3956283330917358,0.10121309012174606,0.34201571345329285
5.608493328094482,1.4027996604319513,1.3956283330917358,0.1263904720544815,0.3317616581916809
5.6115641593933105,1.4033701585893388,1.3960098028182983,0.21803615987300873,0.27920958399772644
5.614630937576294,1.4039551297795472,1.3963912725448608,0.18480201065540314,0.27963683009147644
5.61769700050354,1.404555120880917,1.3967727422714233,0.2240787297487259,0.4001220762729645
5.620764255523682,1.4051704529625364,1.3967727422714233,0.06193637102842331,0.33945220708847046
5.6238319873809814,1.4058009377219367,1.3975356817245483,0.37111467123031616,0.35654231905937195
5.626898288726807,1.4064461176302645,1.3979171514511108,0.24824902415275574,0.3522697687149048
5.629965305328369,1.4071063790288676,1.3979171514511108,0.1586175262928009,0.3304798901081085
5.633032560348511,1.4077815649278695,1.3982986211776733,0.06697184592485428,0.3014267086982727
5.63610577583313,1.4084729171063457,1.3990615606307983,0.29658961296081543,0.3039902448654175
5.639200925827026,1.409184166632678,1.3994430303573608,0.22810712456703186,0.28091859817504883
5.642280578613281,1.409906692072423,1.4002059698104858,0.3469443917274475,0.3150987923145294
5.645347595214844,1.4106408945602702,1.4005874395370483,0.24119935929775238,0.2689555287361145
5.64841628074646,1.4113900517298863,1.4009689092636108,0.1414969116449356,0.27707332372665405
5.651494741439819,1.412156154045579,1.4017318487167358,0.24522773921489716,0.2569924592971802
5.654571533203125,1.4129363395581833,1.4021133184432983,0.18681620061397552,0.2834821045398712
5.657642841339111,1.4137295177804152,1.402876377105713,0.3479514718055725,0.3001449704170227
5.660709857940674,1.414535854263204,1.4032578468322754,0.3197528123855591,0.21084916591644287
5.663777112960815,1.4153564367787823,1.4040207862854004,0.270405113697052,0.23135729134082794
5.666845321655273,1.4161913887138207,1.4047837257385254,0.32579538226127625,0.252292662858963
5.669922351837158,1.4170428406777704,1.405165195465088,0.329823762178421,0.2394750863313675
5.672995567321777,1.4179072511899784,1.4063096046447754,0.3610437214374542,0.20273137092590332
5.67606520652771,1.4187845563497374,1.406691074371338,0.24220645427703857,0.15616083145141602
5.679142713546753,1.4196779740535599,1.407454013824463,0.401327520608902,0.16470588743686676
5.68219780921936,1.420578533681273,1.408216953277588,0.2875257432460785,0.20999465882778168
5.685269355773926,1.4214975668204555,1.408979892730713,0.329823762178421,0.17154192924499512
5.688335657119751,1.4224285712395919,1.409742832183838,0.3479514718055725,0.12155336886644363
5.691411733627319,1.4233760505730646,1.4105058908462524,0.3529869616031647,0.1416342407464981
5.694489479064941,1.42433749492661,1.4112688302993774,0.4456397294998169,0.18350499868392944
5.697563171386719,1.4253110115379137,1.4120317697525024,0.26436254382133484,0.21725794672966003
5.700630187988281,1.4262956095385557,1.4127947092056274,0.4275120198726654,0.2390478402376175
5.703697204589844,1.4272932974792731,1.4135576486587524,0.3137102425098419,0.18649576604366302
5.706766366958618,1.4283046943666422,1.4143205881118774,0.4738384187221527,0.19974060356616974
5.709843158721924,1.4293315750302005,1.4150835275650024,0.2885328531265259,0.16812390089035034
5.712913274765015,1.4303690756768075,1.41622793674469,0.45470359921455383,0.2211032211780548
5.715979814529419,1.4314180830329581,1.416990876197815,0.40737012028694153,0.24161134660243988
5.719046115875244,1.432479617817079,1.41775381565094,0.32277408242225647,0.28049135208129883
5.722118377685547,1.4335557625015989,1.4185168743133545,0.5906614661216736,0.28049135208129883
5.725195646286011,1.4346461497900413,1.419661283493042,0.4285190999507904,0.2078583985567093
5.728262662887573,1.435745239807748,1.420424222946167,0.4426184594631195,0.22623026371002197
5.731329917907715,1.4368566293356033,1.421187162399292,0.5231860876083374,0.21853971481323242
5.734399080276489,1.4379808326025627,1.4223315715789795,0.652094304561615,0.21426717936992645
5.737475395202637,1.4391197196587189,1.4230945110321045,0.6319524049758911,0.20999465882778168
5.740544557571411,1.4402678887468254,1.424238920211792,0.5846189260482788,0.3779049217700958
5.743612051010132,1.4414272331593312,1.4253833293914795,0.688349723815918,0.2881819009780884
5.746679067611694,1.442598083408615,1.426146388053894,0.4788738787174225,0.23434805870056152
5.749725580215454,1.4437725669982813,1.4272907972335815,0.6259098052978516,0.2394750863313675
5.752803325653076,1.4449705801935127,1.4280537366867065,0.5886473059654236,0.2540016770362854
5.755880117416382,1.4461796526386763,1.429198145866394,0.5000228881835938,0.27664607763290405
5.7589497566223145,1.4473971907570025,1.4303425550460815,0.43959715962409973,0.3509880304336548
5.762018203735352,1.4486253995080753,1.4311054944992065,0.6379949450492859,0.30655375123023987
5.765085458755493,1.4498641518418138,1.432249903678894,0.4164339601993561,0.30740824341773987
5.768157958984375,1.4511159540067011,1.433012843132019,0.3691004812717438,0.3189440667629242
5.771199703216553,1.4523658881786803,1.434157371520996,0.5171434879302979,0.30911725759506226
5.7742791175842285,1.4536419917930812,1.4353017807006836,0.5433279871940613,0.37192338705062866
5.777350425720215,1.4549253309554766,1.4360647201538086,0.4154268801212311,0.3330434262752533
5.780422925949097,1.4562196355177122,1.437209129333496,0.4899519383907318,0.29459068179130554
5.783491611480713,1.4575226626482383,1.4383535385131836,0.5614557266235352,0.3018539845943451
5.786559104919434,1.4588353796208895,1.439497947692871,0.5201647877693176,0.2689555287361145
5.789626121520996,1.4601579623157368,1.4406423568725586,0.5926756858825684,0.2663919925689697
5.7926926612854,1.461490283278382,1.4421683549880981,0.6571297645568848,0.23093003034591675
5.795759201049805,1.4628324237024377,1.4433127641677856,0.810208261013031,0.23306630551815033
5.798835039138794,1.4641883726585985,1.4444571733474731,0.65108722448349,0.09677271544933319
5.801913499832153,1.465555117211098,1.4459830522537231,0.6017395257949829,0.20102235674858093
5.804989337921143,1.4669302010444816,1.4471274614334106,0.8243076205253601,0.20144960284233093
5.808065891265869,1.468314979055373,1.4482718706130981,0.4587319791316986,0.20059509575366974
5.811138868331909,1.4697073774464873,1.4494163990020752,0.6289311051368713,0.12240787595510483
5.814198017120361,1.471102543894133,1.4509422779083252,0.6440375447273254,0.16513313353061676
5.817276239395142,1.472515376424364,1.4520866870880127,0.6440375447273254,0.2988632023334503
5.8203465938568115,1.4739334273450015,1.4532310962677002,0.810208261013031,0.2856183648109436
5.823415517807007,1.4753594977180762,1.4543755054473877,0.4778667986392975,0.30655375123023987
5.826482534408569,1.4767932193808186,1.4559013843536377,0.6661936640739441,0.2668192684650421
5.829549312591553,1.478235230427184,1.4570459127426147,0.7447471022605896,0.3924315273761749
5.832616567611694,1.4796857342577614,1.4585717916488647,0.5856260061264038,0.2890363931655884
5.835685968399048,1.4811453958669143,1.4597162008285522,0.6591439843177795,0.3138170540332794
5.838763475418091,1.4826169542566336,1.4612420797348022,0.8172579407691956,0.2997176945209503
5.841832399368286,1.4840922905761773,1.4623864889144897,0.7528038620948792,0.3689326345920563
5.84489893913269,1.4855742055485013,1.4635308980941772,0.5352712273597717,0.38644999265670776
5.847968578338623,1.4870652140300682,1.4650568962097168,0.5997253656387329,0.24802014231681824
5.851046323776245,1.4885676503065772,1.4665827751159668,0.7135271430015564,0.3027084767818451
5.854129791259766,1.4900802602274856,1.4677271842956543,0.49800869822502136,0.3343251645565033
5.857200860977173,1.4915939902806556,1.4688715934753418,0.5846189260482788,0.42191195487976074
5.860270738601685,1.4931141749830976,1.4703974723815918,0.73870450258255,0.32492560148239136
5.863337755203247,1.494639832777548,1.4719233512878418,0.8484779000282288,0.40653085708618164
5.866407632827759,1.4961736681140796,1.4730678796768188,0.5997253656387329,0.4159304201602936
5.869485139846802,1.4977179548482393,1.4745937585830688,0.7769741415977478,0.3185168206691742
5.872560024261475,1.4992674207449999,1.4757381677627563,0.5342641472816467,0.21213091909885406
5.8756325244903564,1.5008220256636686,1.4772640466690063,0.6279240250587463,0.18564125895500183
5.878698825836182,1.5023796685744517,1.4787899255752563,0.6984207034111023,0.24887464940547943
5.881766319274902,1.5039439441391163,1.4803158044815063,1.0307621955871582,0.26126497983932495
5.884833574295044,1.5055139804448892,1.481841802597046,0.739711582660675,0.22793926298618317
5.887899875640869,1.507089262241553,1.483367681503296,0.7910735011100769,0.2228122353553772
5.890967130661011,1.5086706231331863,1.484893560409546,0.8021515011787415,0.15530632436275482
5.894034147262573,1.5102573036786897,1.486419439315796,0.8112154006958008,0.23520256578922272
5.897100925445557,1.5118491553208315,1.487945318222046,0.7467612624168396,0.21768520772457123
5.900169849395752,1.5134472725871457,1.4894713163375854,0.877683699131012,0.26169222593307495
5.903194904327393,1.515027444424255,1.4909971952438354,0.7507896423339844,0.28177309036254883
5.906264543533325,1.516635729850471,1.4925230741500854,0.9713435769081116,0.3454337418079376
5.909350633621216,1.5182573830405088,1.493667483329773,0.7084916234016418,0.39029526710510254
5.912426710128784,1.5198783612657272,1.495193362236023,0.8514991998672485,0.383459210395813
5.9154956340789795,1.5214999829353393,1.4967193603515625,0.9844357967376709,0.3300526440143585
5.918562650680542,1.5231248494118628,1.4982452392578125,0.8484779000282288,0.3625238537788391
5.921628713607788,1.5247533091950103,1.4997711181640625,0.9028610587120056,0.27707332372665405
5.924698352813721,1.5263876220832004,1.5012969970703125,1.0478827953338623,0.40225833654403687
5.927776098251343,1.5280300698077245,1.5028228759765625,0.7487754821777344,0.3796139359474182
5.930851459503174,1.5296749115804067,1.504348874092102,0.8897688388824463,0.2672465145587921
5.933927059173584,1.5313233926530851,1.505874752998352,0.8696269392967224,0.32236209511756897
5.9370033740997314,1.5329756162756172,1.507400631904602,0.8887617588043213,0.2894636392593384
5.9400763511657715,1.5346292473082215,1.508926510810852,0.9199817180633545,0.23135729134082794
5.9431471824646,1.536284764701501,1.510452389717102,0.8917829990386963,0.35825130343437195
5.946195602416992,1.5379310546234612,1.512359857559204,0.6994277834892273,0.23392081260681152
5.949264764785767,1.5395912665299234,1.513885736465454,0.723598062992096,0.3638055920600891
5.952343225479126,1.5412590950957428,1.515411615371704,0.845456600189209,0.23050278425216675
5.955419540405273,1.5429281935922838,1.5173189640045166,0.8585488796234131,0.22665750980377197
5.958488464355469,1.5445955496081387,1.5188448429107666,0.8706340193748474,0.14077973365783691
5.961555004119873,1.5462637176300362,1.5203708410263062,1.0952162742614746,0.21725794672966003
5.964622259140015,1.5479342270754073,1.5218967199325562,0.8917829990386963,0.3193713426589966
5.967690706253052,1.549607184253543,1.5238040685653687,0.7840238213539124,0.30655375123023987
5.9707677364349365,1.5512864711848744,1.5253299474716187,0.8021515011787415,0.27707332372665405
5.973841905593872,1.5529656903591187,1.5268558263778687,0.8575417995452881,0.3044174909591675
5.976913690567017,1.5546449419701112,1.5287632942199707,0.9219958782196045,0.24887464940547943
5.979981184005737,1.5563230229551082,1.5299077033996582,0.7165483832359314,0.2698100209236145
5.983047723770142,1.5580016004631698,1.5318150520324707,0.8736553192138672,0.3937132954597473
5.986117124557495,1.5596826074810055,1.5333409309387207,0.772945761680603,0.3189440667629242
5.989195108413696,1.5613690255548638,1.5348668098449707,0.810208261013031,0.3334706723690033
5.99226450920105,1.563051292674115,1.5367742776870728,0.9219958782196045,0.34073394536972046
5.9953320026397705,1.5647329084295045,1.5383001565933228,0.6037537455558777,0.33817043900489807
5.998398065567017,1.5664139775164145,1.5402075052261353,1.0116273164749146,0.3497062623500824
6.001466751098633,1.5680965660864101,1.5413519144058228,0.965300977230072,0.28049135208129883
6.004512548446655,1.5697665313277305,1.5432593822479248,0.9119248986244202,0.33859768509864807
6.0075860023498535,1.5714514301479283,1.5447852611541748,0.687342643737793,0.32364386320114136
6.010653495788574,1.5731326748616985,1.5466926097869873,0.7961089611053467,0.32236209511756897
6.013720750808716,1.5748132465914126,1.5482184886932373,0.9411306977272034,0.35483330488204956
6.016787052154541,1.5764925977979583,1.5497443675994873,0.7185626029968262,0.2078583985567093
6.019853353500366,1.5781710952629933,1.5516518354415894,0.8233005404472351,0.22623026371002197
6.0229198932647705,1.5798487136186876,1.5535591840744019,0.9270313382148743,0.3022812306880951
6.025986671447754,1.5815252969120532,1.5550850629806519,0.9693293571472168,0.23392081260681152
6.029053211212158,1.583200428858745,1.5566109418869019,0.9814144968986511,0.3492790162563324
6.032119512557983,1.5848739543164234,1.5585182905197144,1.014648675918579,0.38773176074028015
6.03519606590271,1.5865514352511514,1.560044288635254,0.6309453248977661,0.286900132894516
6.0382773876190186,1.588229712734487,1.561570167541504,0.9209887981414795,0.2672465145587921
6.04136323928833,1.5899084911313583,1.5634775161743164,0.9048752784729004,0.35782405734062195
6.044434309005737,1.5915771177644198,1.5650033950805664,1.0106202363967896,0.37192338705062866
6.0475013256073,1.5932412862012917,1.566529393196106,1.0398260354995728,0.45310139656066895
6.050570726394653,1.5949043363867648,1.568055272102356,0.8162508606910706,0.3949950337409973
6.053650140762329,1.5965702318958161,1.5699626207351685,0.8414282202720642,0.45011061429977417
6.056727170944214,1.5982321006957043,1.5714884996414185,1.0257266759872437,0.4137941598892212
6.059799909591675,1.5998887666126334,1.5730143785476685,0.8565346598625183,0.4881361126899719
6.062869071960449,1.6015404722308297,1.5749218463897705,1.0065919160842896,0.49839016795158386
6.065937042236328,1.6031883541846792,1.5764477252960205,0.8887617588043213,0.4009765684604645
6.069010019302368,1.604835582547824,1.5779736042022705,0.9501945376396179,0.29544517397880554
6.07209587097168,1.6064861909112023,1.579880952835083,0.9703364372253418,0.2984359562397003
6.075171947479248,1.6081279046988342,1.581406831741333,0.8988326787948608,0.24545662105083466
6.078198194503784,1.6097393037222723,1.5829328298568726,0.7618677020072937,0.27835509181022644
6.081267833709717,1.611369887700423,1.584840178489685,0.9975280165672302,0.2676737606525421
6.084334850311279,1.6129949847527771,1.586366057395935,0.808194100856781,0.32449835538864136
6.087400913238525,1.6146153355124877,1.5882734060287476,0.9330739378929138,0.2839093506336212
6.0904669761657715,1.616231295602065,1.5897992849349976,0.8494849801063538,0.24460211396217346
6.093533515930176,1.6178429653399693,1.591325283050537,0.9914854764938354,0.26041045784950256
6.0966010093688965,1.6194504425011793,1.5932326316833496,0.9612725973129272,0.2574197053909302
6.099667072296143,1.6210523296414132,1.5947585105895996,0.8545204997062683,0.29074540734291077
6.102733373641968,1.6226493528593842,1.5962843894958496,0.9914854764938354,0.35782405734062195
6.105879068374634,1.6242823871459144,1.5981918573379517,0.7517967224121094,0.3454337418079376
6.108994007110596,1.625893971037213,1.5997177362442017,0.8615701794624329,0.4291752576828003
6.112206220626831,1.6275500031073236,1.6016250848770142,0.9360952377319336,0.32706186175346375
6.11530876159668,1.6291436703960602,1.6031509637832642,1.0277409553527832,0.40781262516975403
6.118379354476929,1.6307151420410964,1.6046768426895142,1.0388189554214478,0.35739681124687195
6.121445178985596,1.63227828531401,1.6062028408050537,0.7517967224121094,0.43772029876708984
6.124511241912842,1.63383552092358,1.6077287197113037,0.8363927602767944,0.37235066294670105
6.127578496932983,1.6353871844344547,1.6092545986175537,1.1183794736862183,0.3514152765274048
6.1306471824646,1.6369332443519973,1.6107804775238037,1.0448615550994873,0.4291752576828003
6.133717060089111,1.6384734286734455,1.6123063564300537,0.8897688388824463,0.43558403849601746
6.136799097061157,1.6400130531795496,1.6142138242721558,0.8645914196968079,0.3039902448654175
6.139866352081299,1.6415385250131744,1.6157397031784058,0.7830166816711426,0.3685053884983063
6.1429338455200195,1.6430572206295189,1.6172655820846558,0.772945761680603,0.2394750863313675
6.146000862121582,1.644568645720422,1.6187914609909058,0.7679103016853333,0.13479819893836975
6.149070739746094,1.6460742964119208,1.6206988096237183,0.8545204997062683,0.18692301213741302
6.152147054672241,1.647575753517021,1.6222248077392578,0.877683699131012,0.20273137092590332
6.155205726623535,1.6490611656020733,1.6237506866455078,0.7256122827529907,0.16598764061927795
6.158288240432739,1.650550517317605,1.6252765655517578,0.618860125541687,0.32663461565971375
6.1613609790802,1.6520273754154928,1.6268024444580078,0.8575417995452881,0.39029526710510254
6.164427995681763,1.6534936093750703,1.6283283233642578,0.6500800848007202,0.3159533143043518
6.167494058609009,1.6549513883555513,1.6302357912063599,0.9099107384681702,0.38901349902153015
6.170562267303467,1.6564020458984619,1.6313802003860474,0.8625772595405579,0.4761730432510376
6.173634052276611,1.6578461005283212,1.6329060792922974,0.7709315419197083,0.37277790904045105
6.176710367202759,1.6592838329251653,1.6344319581985474,0.73870450258255,0.3505607545375824
6.179784536361694,1.6607119792796285,1.6359578371047974,0.7779812216758728,0.2728008031845093
6.182852745056152,1.66212866858196,1.637483835220337,0.8857404589653015,0.3539787828922272
6.185918807983398,1.6635355650678547,1.639009714126587,0.7618677020072937,0.4616464376449585
6.1889848709106445,1.6649335320213743,1.640535593032837,0.689356803894043,0.3988403081893921
6.19205117225647,1.6663225473844612,1.642061471939087,0.9099107384681702,0.32663461565971375
6.195117950439453,1.6677025870614066,1.643587350845337,0.6440375447273254,0.3663691282272339
6.198194980621338,1.6690778726719642,1.644731879234314,0.7195696830749512,0.4774547815322876
6.201263904571533,1.670440061415412,1.646257758140564,0.6027466058731079,0.3539787828922272
6.204330682754517,1.6717917198039471,1.647783637046814,0.8172579407691956,0.3522697687149048
6.207396745681763,1.673133366282247,1.649309515953064,0.9089036583900452,0.3770504295825958
6.210468530654907,1.6744676690017286,1.650835394859314,0.6964064836502075,0.4137941598892212
6.213545560836792,1.675794243480279,1.6519798040390015,0.7407187223434448,0.42447546124458313
6.216615438461304,1.6771076307063135,1.653505802154541,0.8746623992919922,0.2663919925689697
6.219682216644287,1.6784094932718447,1.655031681060791,0.5604485869407654,0.19418631494045258
6.222748517990112,1.6797008414701324,1.656557559967041,0.8937972187995911,0.3975585699081421
6.225815296173096,1.680981957062016,1.658083438873291,0.7407187223434448,0.29245442152023315
6.2288899421691895,1.6822557654599837,1.659609317779541,0.7910735011100769,0.2715190351009369
6.231956720352173,1.68351562929342,1.660753846168518,0.843442440032959,0.3291981518268585
6.2350263595581055,1.6847658649945958,1.662279725074768,0.7799954414367676,0.37534141540527344
6.23810338973999,1.686008146651886,1.6634241342544556,0.6319524049758911,0.3663691282272339
6.241172552108765,1.6872362009701982,1.6649500131607056,0.7064774632453918,0.3531242907047272
6.244196176528931,1.6884351308195737,1.666094422340393,0.7044632434844971,0.4578011631965637
6.247265338897705,1.6896409379371633,1.667620301246643,0.7850309014320374,0.37576866149902344
6.2503416538238525,1.6908381406854927,1.6687648296356201,0.6611581444740295,0.3360341787338257
6.2534143924713135,1.6920224323460118,1.6702907085418701,0.8726481795310974,0.3838864862918854
6.25648307800293,1.6931935618766192,1.6714351177215576,0.6742504239082336,0.3163805603981018
6.2595601081848145,1.6943561269601743,1.6729609966278076,0.7185626029968262,0.3954222798347473
6.2626307010650635,1.6955044236279997,1.6741054058074951,0.7115129232406616,0.4120851457118988
6.265698432922363,1.6966397362661485,1.6752498149871826,0.6047608256340027,0.46848249435424805
6.26876425743103,1.6977623402175837,1.6767758131027222,0.5161364078521729,0.2847638726234436
6.271829843521118,1.6988727550420835,1.6779202222824097,0.687342643737793,0.37320515513420105
6.274899005889893,1.6999722395086514,1.6790646314620972,0.7266193628311157,0.3185168206691742
6.277975082397461,1.7010618240187516,1.6805905103683472,0.688349723815918,0.3526970446109772
6.28104305267334,1.7021360941743786,1.6817349195480347,0.724605143070221,0.4116578996181488
6.284109115600586,1.7031971816647347,1.6824978590011597,0.5926756858825684,0.539833664894104
6.287177801132202,1.70424655118949,1.6840238571166992,0.8061798810958862,0.3813229501247406
6.290256023406982,1.7052863939262526,1.6851682662963867,0.6238956451416016,0.34030669927597046
6.293322563171387,1.7063094587704,1.6863126754760742,0.4305332899093628,0.4129396378993988
6.296389102935791,1.7073196214702746,1.6878385543823242,0.930052638053894,0.34671550989151
6.299455404281616,1.7083167112523743,1.6886014938354492,0.43657588958740234,0.3018539845943451
6.302521228790283,1.709300562633551,1.6901273727416992,0.7528038620948792,0.32663461565971375
6.3055877685546875,1.71027146532901,1.6912717819213867,0.7336690425872803,0.3351796865463257
6.308657169342041,1.7112299853966817,1.6924163103103638,0.5604485869407654,0.2211032211780548
6.311733722686768,1.7121773084401846,1.6935607194900513,0.6118105053901672,0.2582741975784302
6.314801931381226,1.713108582419693,1.6947051286697388,0.688349723815918,0.3488517701625824
6.317867755889893,1.7140256006480792,1.6958495378494263,0.5654841065406799,0.40183109045028687
6.3209333419799805,1.7149289372276535,1.6969939470291138,0.6379949450492859,0.33945220708847046
6.324002265930176,1.7158195413771415,1.6977568864822388,0.5282215476036072,0.4163576662540436
6.327068567276001,1.716695595944857,1.6989012956619263,0.580590546131134,0.38687723875045776
6.3301355838775635,1.7175579860834533,1.7000458240509033,0.5262073874473572,0.43302053213119507
6.333196401596069,1.718404725070907,1.7008087635040283,0.3489585816860199,0.42191195487976074
6.336272954940796,1.7192417366539043,1.7019531726837158,0.4285190999507904,0.5146257877349854
6.339346170425415,1.7200636686175652,1.7030975818634033,0.6208743453025818,0.3612420856952667
6.342412710189819,1.7208696211116927,1.7038605213165283,0.7467612624168396,0.44028380513191223
6.345478296279907,1.7216610761465454,1.7046234607696533,0.582604706287384,0.442420095205307
6.34854793548584,1.7224392311367946,1.7057678699493408,0.6228885054588318,0.47104600071907043
6.3516247272491455,1.7232047205139218,1.7065308094024658,0.46477454900741577,0.4953994154930115
6.354696989059448,1.7239545479491576,1.7076753377914429,0.400320440530777,0.505226194858551
6.357773542404175,1.7246907980745552,1.7084382772445679,0.33888763189315796,0.3996948301792145
6.360846519470215,1.7254115143444269,1.7092012166976929,0.46477454900741577,0.3667963743209839
6.3639137744903564,1.726116193101436,1.7103456258773804,0.5967040657997131,0.3975585699081421
6.366979598999023,1.7268058062551161,1.7111085653305054,0.5131151080131531,0.5312886238098145
6.370048522949219,1.7274812966153381,1.7122529745101929,0.580590546131134,0.3796139359474182
6.3731162548065186,1.7281416430470216,1.7126344442367554,0.18681620061397552,0.3979858160018921
6.376195907592773,1.7287895282582446,1.7137788534164429,0.39125657081604004,0.2839093506336212
6.3792643547058105,1.7294200215696716,1.7145417928695679,0.3771572411060333,0.31125351786613464
6.382330656051636,1.7300350240360858,1.7153048515319824,0.22005034983158112,0.382604718208313
6.385396242141724,1.7306347865734895,1.7160677909851074,0.582604706287384,0.4411383271217346
6.388462066650391,1.7312194436429569,1.7168307304382324,0.3348592221736908,0.4270389974117279
6.391529083251953,1.7317891122314042,1.7175936698913574,0.37413597106933594,0.4253299832344055
6.394595623016357,1.7323434241632594,1.7183566093444824,0.21803615987300873,0.32834362983703613
6.39766263961792,1.7328825003631156,1.7191195487976074,0.401327520608902,0.34244295954704285
6.400728702545166,1.7334060429530864,1.7198824882507324,0.46779584884643555,0.32407110929489136
6.403795480728149,1.7339142901014561,1.7206454277038574,0.4093843102455139,0.30740824341773987
6.406862258911133,1.734407070703448,1.7214083671569824,0.3761501610279083,0.43686580657958984
6.409933567047119,1.7348850324968594,1.7221713066101074,0.3167315125465393,0.3347524106502533
6.413011312484741,1.7353483443091144,1.722934365272522,0.5161364078521729,0.3031357228755951
6.416088819503784,1.735795910624117,1.723697304725647,0.330830842256546,0.28134584426879883
6.419163227081299,1.7362272991477252,1.7240787744522095,0.3701075613498688,0.35953307151794434
6.422195196151733,1.7366372984859697,1.7248417139053345,0.3811856210231781,0.34757000207901
6.425261497497559,1.7370363138344127,1.7256046533584595,0.40434882044792175,0.28049135208129883
6.428328514099121,1.737419665297594,1.7263675928115845,0.531242847442627,0.32834362983703613
6.431396007537842,1.7377872782906345,1.726749062538147,0.3016250729560852,0.3321889042854309
6.4344642162323,1.7381391380238447,1.7271305322647095,0.2583199739456177,0.34116122126579285
6.4375410079956055,1.7384760418450735,1.7278934717178345,0.1767452508211136,0.28177309036254883
6.440614223480225,1.7387965880328116,1.7286564111709595,0.3207598924636841,0.3697871267795563
6.443681001663208,1.7391005263601809,1.729037880897522,0.19688716530799866,0.3035629689693451
6.446749210357666,1.7393886473419133,1.729800820350647,0.3358663320541382,0.3796139359474182
6.449825763702393,1.739661497011721,1.7301822900772095,0.3026321828365326,0.3497062623500824
6.45289945602417,1.7399180132222933,1.7305638790130615,0.24119935929775238,0.442420095205307
6.455976486206055,1.7401586855878937,1.7313268184661865,0.4275120198726654,0.40567636489868164
6.459059238433838,1.7403836067697347,1.7313268184661865,0.057907987385988235,0.44968336820602417
6.462136745452881,1.7405919518093829,1.7320897579193115,0.16466011106967926,0.3044174909591675
6.465198040008545,1.740783127946486,1.732471227645874,0.27846190333366394,0.40268558263778687
6.4682652950286865,1.7409585828032523,1.7328526973724365,0.07804989814758301,0.4317387640476227
6.471331357955933,1.7411178534303797,1.733234167098999,0.3479514718055725,0.4560921788215637
6.474400043487549,1.7412611119038774,1.7336156368255615,0.24925611913204193,0.41806668043136597
6.4774768352508545,1.7413885160730522,1.7336156368255615,0.10725566744804382,0.43515679240226746
6.480546712875366,1.7414994226975193,1.733997106552124,0.24220645427703857,0.3202258348464966
6.483614683151245,1.7415940721821557,1.7343785762786865,0.032730601727962494,0.4612191915512085
6.4866814613342285,1.741672502330396,1.734760046005249,0.024673838168382645,0.3202258348464966
6.489748001098633,1.7417347415729323,1.7351415157318115,0.1757381558418274,0.3779049217700958
6.492814302444458,1.7417807879088536,1.7351415157318115,-0.054886702448129654,0.3783321976661682
6.495880842208862,1.7418106442251713,1.735522985458374,0.16163882613182068,0.4009765684604645
6.498946905136108,1.7418243026763836,1.7359044551849365,-0.08308537304401398,0.3646601140499115
6.5020129680633545,1.7418217678967807,1.7359044551849365,0.1414969116449356,0.4800183176994324
6.50508189201355,1.74180301508449,1.736285924911499,0.038773175328969955,0.2894636392593384
6.508151292800903,1.7417680340912107,1.736285924911499,-0.035751886665821075,0.4633554518222809
6.511197566986084,1.7417172762710185,1.7366673946380615,0.1425040066242218,0.48429083824157715
6.5142741203308105,1.7416497999010654,1.7366673946380615,0.13948272168636322,0.39114975929260254
6.517347574234009,1.7415661281853088,1.737048864364624,0.0941634252667427,0.4283207356929779
6.52041482925415,1.7414664270180022,1.737048864364624,0.16566720604896545,0.35867857933044434
6.5234808921813965,1.741350601430121,1.737048864364624,0.09919890016317368,0.40268558263778687
6.526550054550171,1.7412184849834471,1.7374303340911865,0.007553216069936752,0.3949950337409973
6.529620409011841,1.7410701381371305,1.7374303340911865,0.04582284390926361,0.41934844851493835
6.532688140869141,1.7409057702848614,1.7374303340911865,-0.008560311049222946,0.5099260210990906
6.53576397895813,1.7407247785973072,1.7374303340911865,-0.009567406959831715,0.5103532671928406
6.538832187652588,1.74052810205176,1.7374303340911865,-0.06898603588342667,0.3937132954597473
6.541900634765625,1.7403153128745943,1.7374303340911865,-0.07402151823043823,0.4296025037765503
6.544967412948608,1.740086574343774,1.7374303340911865,0.14854657649993896,0.34757000207901
6.548036575317383,1.7398415997993641,1.7374303340911865,-0.03474479168653488,0.4266117215156555
6.551114797592163,1.7395797893771603,1.7374303340911865,-0.09114214032888412,0.3313344120979309
6.554195880889893,1.73930160113681,1.7374303340911865,-0.16365301609039307,0.40653085708618164
6.557269334793091,1.7390080456160861,1.7374303340911865,0.002517738612368703,0.48215457797050476
6.56034517288208,1.7386982349104636,1.7374303340911865,0.04884412884712219,0.3531242907047272
6.563416242599487,1.7383729369202174,1.7374303340911865,-0.02668802998960018,0.3800412118434906
6.56648325920105,1.7380321748555168,1.7374303340911865,0.19990845024585724,0.3150987923145294
6.569549322128296,1.7376756748883484,1.7374303340911865,0.06495765596628189,0.3779049217700958
6.572618246078491,1.737303011821384,1.737048864364624,-0.029709314927458763,0.3172350525856018
6.575686454772949,1.7369146379375724,1.737048864364624,0.05387960746884346,0.30826276540756226
6.5787694454193115,1.7365085191977583,1.737048864364624,-0.09819180518388748,0.24246585369110107
6.581843614578247,1.736087756666242,1.737048864364624,-0.02064545638859272,0.3356069326400757
6.58491063117981,1.735652284071302,1.7366673946380615,-0.06697184592485428,0.22537575662136078
6.5879762172698975,1.7352013952115974,1.7366673946380615,-0.10322728008031845,0.27579155564308167
6.5910422801971436,1.7347348586803075,1.7366673946380615,-0.014602883718907833,0.24289311468601227
6.594109058380127,1.734252672415583,1.736285924911499,-0.0800640881061554,0.221957728266716
6.597175598144531,1.7337550274867553,1.736285924911499,-0.1273975670337677,0.2360570728778839
6.6001975536346436,1.7332495035024431,1.7359044551849365,-0.10524147748947144,0.23135729134082794
6.603264331817627,1.7327211893800119,1.7359044551849365,-0.17170977592468262,0.25998321175575256
6.6063313484191895,1.7321774765979678,1.735522985458374,0.1747310608625412,0.2057221382856369
6.609399795532227,1.7316181918073048,1.7351415157318115,-0.1908445805311203,0.21512168645858765
6.612476587295532,1.7310420537226168,1.734760046005249,-0.13444724678993225,0.12069886177778244
6.615545749664307,1.7304521017217895,1.734760046005249,-0.14955367147922516,0.24118410050868988
6.6186134815216064,1.7298472665584834,1.7343785762786865,-0.17170977592468262,0.12497138977050781
6.621679782867432,1.7292276255715207,1.733997106552124,-0.03776608034968376,0.21127641201019287
6.624750137329102,1.728592108908974,1.7336156368255615,-0.19688716530799866,0.17196917533874512
6.627819538116455,1.7279417891683488,1.733234167098999,-0.1908445805311203,0.18435950577259064
6.630885362625122,1.7272773155440229,1.7328526973724365,-0.23012131452560425,0.21426717936992645
6.633954048156738,1.7265973598321231,1.732471227645874,-0.26134127378463745,0.20273137092590332
6.637030124664307,1.7259009071979003,1.7320897579193115,-0.22005034983158112,0.1587243527173996
6.640100002288818,1.725191090626188,1.7313268184661865,-0.39125657081604004,0.16598764061927795
6.64316987991333,1.724466587591328,1.730945348739624,-0.30867475271224976,0.16940565407276154
6.646195888519287,1.7237381302910535,1.7305638790130615,-0.38622111082077026,0.1446250081062317
6.649265289306641,1.7229847834481076,1.7301822900772095,-0.10524147748947144,0.191622793674469
6.65234112739563,1.7222153343721938,1.7294193506240845,-0.24220645427703857,0.1582970917224884
6.655411243438721,1.7214328913227572,1.729037880897522,-0.24724192917346954,0.1749599426984787
6.658487558364868,1.7206344858989662,1.728274941444397,-0.3187457025051117,0.13009841740131378
6.661562442779541,1.7198221391947532,1.7278934717178345,-0.32579538226127625,0.1604333519935608
6.664632558822632,1.7189968518868952,1.7271305322647095,-0.3640649914741516,0.18008697032928467
6.667698860168457,1.71815850376217,1.726749062538147,-0.27644771337509155,0.10360875725746155
6.670764446258545,1.717306356411257,1.725986123085022,-0.35600823163986206,0.15359731018543243
6.67383337020874,1.7164393444192074,1.725223183631897,-0.5926756858825684,0.15146104991436005
6.676909685134888,1.7155563304913743,1.7248417139053345,-0.3993133306503296,0.15487907826900482
6.679978132247925,1.714661779710642,1.7240787744522095,-0.38924238085746765,0.11813534796237946
6.683044195175171,1.7137542455909833,1.723697304725647,-0.3177386224269867,0.14718852937221527
6.686110973358154,1.7128329061455685,1.722934365272522,-0.3519798517227173,0.14804303646087646
6.689177751541138,1.71189805701593,1.7221713066101074,-0.32881665229797363,0.1574425846338272
6.692251920700073,1.7109474834875729,1.7214083671569824,-0.4889448285102844,0.16598764061927795
6.695318222045898,1.7099859950874048,1.7206454277038574,-0.45571067929267883,0.1433432549238205
6.698385238647461,1.70901103647734,1.7198824882507324,-0.5100938677787781,0.24289311468601227
6.701451539993286,1.7080231528636116,1.7191195487976074,-0.5967040657997131,0.13949798047542572
6.7045183181762695,1.707022053422696,1.7183566093444824,-0.3842069208621979,0.14547951519489288
6.707583904266357,1.7060083803737949,1.7175936698913574,-0.38823530077934265,0.11386281996965408
6.710652112960815,1.7049809574459946,1.71644926071167,-0.5030441880226135,0.1446250081062317
6.713728904724121,1.703937813985101,1.715686321258545,-0.4124055802822113,0.14676126837730408
6.716798782348633,1.7028842906256068,1.71492338180542,-0.4466468393802643,0.19290456175804138
6.719938516616821,1.7017937491682322,1.7141603231430054,-0.4285190999507904,0.16983291506767273
6.723007440567017,1.7007151551840367,1.7130159139633179,-0.4325474798679352,0.18478675186634064
6.726077079772949,1.6996239032893747,1.7122529745101929,-0.37514305114746094,0.1903410404920578
6.729145050048828,1.6985209482139483,1.7111085653305054,-0.5705195665359497,0.17795071005821228
6.732194900512695,1.6974124242525745,1.7103456258773804,-0.46678873896598816,0.2211032211780548
6.73526406288147,1.696284822224543,1.7092012166976929,-0.40233463048934937,0.27493706345558167
6.738340377807617,1.6951425582485857,1.7084382772445679,-0.6047608256340027,0.2663919925689697
6.741408586502075,1.6939914097394484,1.7072938680648804,-0.6843213438987732,0.2082856446504593
6.744477987289429,1.6928280354145333,1.7061493396759033,-0.5282215476036072,0.21640345454216003
6.747549533843994,1.6916521628892498,1.7053864002227783,-0.5262073874473572,0.19845883548259735
6.750626087188721,1.6904627658349294,1.7042419910430908,-0.5443350672721863,0.2574197053909302
6.753701448440552,1.6892623301215015,1.7030975818634033,-0.6581368446350098,0.24844738841056824
6.756775140762329,1.6880511698774265,1.7023346424102783,-0.495994508266449,0.24844738841056824
6.759851694107056,1.686827606642644,1.7011902332305908,-0.5624628067016602,0.19760432839393616
6.762922048568726,1.6855953757792639,1.7000458240509033,-0.7115129232406616,0.3031357228755951
6.76598858833313,1.6843536893229871,1.6985198259353638,-0.689356803894043,0.19461356103420258
6.769055604934692,1.6831009428253592,1.6977568864822388,-0.5564202070236206,0.2736552953720093
6.7721240520477295,1.6818368530086931,1.6966124773025513,-0.6913710236549377,0.1882047802209854
6.775200128555298,1.6805589364467701,1.6958495378494263,-0.40233463048934937,0.2070038914680481
6.77827787399292,1.679269740230176,1.6947051286697388,-0.5674982666969299,0.1894865334033966
6.781357526779175,1.6779692666752506,1.6935607194900513,-0.6289311051368713,0.1433432549238205
6.784424781799316,1.6766637308178116,1.6924163103103638,-0.6843213438987732,0.24673838913440704
6.787490606307983,1.675348655455282,1.6912717819213867,-0.7356832027435303,0.057892728596925735
6.790557622909546,1.6740230389148254,1.6901273727416992,-0.6440375447273254,0.15445181727409363
6.793623208999634,1.6726881388471426,1.6893644332885742,-0.8132295608520508,0.13949798047542572
6.796690225601196,1.6713428333684712,1.6882200241088867,-0.737697422504425,0.11856260150671005
6.7997565269470215,1.66998818509216,1.6870756149291992,-0.546349287033081,0.19589532911777496
6.802822828292847,1.6686240071217866,1.6859312057495117,-0.7880522012710571,0.06771954149007797
6.805889844894409,1.6672501045534898,1.6844053268432617,-0.7487754821777344,0.15359731018543243
6.808959007263184,1.6658659511141531,1.6832607984542847,-0.6581368446350098,0.15103380382061005
6.81203556060791,1.6644692671649977,1.6821163892745972,-0.7417258024215698,0.15573357045650482
6.815104722976685,1.6630668931655914,1.6809719800949097,-0.7276264429092407,0.1886320263147354
6.81817102432251,1.6616569348189492,1.6794461011886597,-0.7417258024215698,0.19632257521152496
6.821195125579834,1.660257803833951,1.6783016920089722,-0.7850309014320374,0.2373388260602951
6.8242621421813965,1.6588302478406174,1.6767758131027222,-0.7346761226654053,0.22964827716350555
6.827327728271484,1.6573948653559711,1.6756312847137451,-0.9522087574005127,0.21597619354724884
6.830394268035889,1.6559506752585675,1.6741054058074951,-0.7880522012710571,0.21512168645858765
6.83346152305603,1.6544979170838094,1.6729609966278076,-0.6208743453025818,0.2057221382856369
6.836538791656494,1.6530322792789613,1.6714351177215576,-0.7175555229187012,0.15146104991436005
6.839611768722534,1.651560688851091,1.6702907085418701,-0.7870450615882874,0.16684214770793915
6.8426783084869385,1.6500843518956017,1.6687648296356201,-0.8615701794624329,0.13437095284461975
6.845744848251343,1.648600331033771,1.667620301246643,-0.5554131269454956,0.20187686383724213
6.848813533782959,1.6471077176848323,1.6664758920669556,-0.7467612624168396,0.2535744309425354
6.851890563964844,1.6456035973108785,1.664568543434143,-0.7951018810272217,0.1574425846338272
6.854960918426514,1.6440954460118657,1.6634241342544556,-0.879697859287262,0.13095292448997498
6.858037233352661,1.642577200392936,1.6618982553482056,-0.5332570672035217,0.191622793674469
6.861109972000122,1.641053700181569,1.660753846168518,-0.6833142638206482,0.17752346396446228
6.864177227020264,1.6395260636432885,1.6592278480529785,-0.7094987630844116,0.09036392718553543
6.867194890975952,1.6380165796888477,1.6577019691467285,-0.6702220439910889,0.11984435468912125
6.8702616691589355,1.6364760164125405,1.656557559967041,-0.688349723815918,0.06515602022409439
6.8733367919921875,1.6349248132676053,1.655031681060791,-0.688349723815918,0.20956741273403168
6.876413106918335,1.6333666929958293,1.6538872718811035,-0.7830166816711426,0.09292744100093842
6.87948203086853,1.631806166777549,1.6523613929748535,-0.6621652841567993,0.0476386658847332
6.8825483322143555,1.630240984952044,1.6512168645858765,-0.8273289203643799,0.06045624613761902
6.885614633560181,1.628669961786467,1.6496909856796265,-0.6097962856292725,0.07626459002494812
6.888681173324585,1.6270931202498546,1.6481651067733765,-0.8233005404472351,0.09378194808959961
6.89174747467041,1.6255108518576522,1.647020697593689,-0.880704939365387,0.10830853879451752
6.8948140144348145,1.623923057404869,1.645494818687439,-0.7185626029968262,0.12368962913751602
6.8978800773620605,1.6223302551840286,1.643587350845337,-0.7608606219291687,0.19760432839393616
6.900945663452148,1.620732595393663,1.642061471939087,-0.7427328824996948,0.3009994626045227
6.9040117263793945,1.619129729253328,1.640535593032837,-0.8907759189605713,0.24802014231681824
6.907078266143799,1.6175218031997696,1.639009714126587,-0.7588464021682739,0.16812390089035034
6.9101481437683105,1.6159074576103558,1.637483835220337,-0.7195696830749512,0.1723964363336563
6.91319727897644,1.6142995433665888,1.6359578371047974,-0.8283360004425049,0.16171512007713318
6.9162657260894775,1.6126770911932886,1.6344319581985474,-0.7276264429092407,0.10318150371313095
6.919332027435303,1.6110515606002136,1.6329060792922974,-0.9260242581367493,0.06857404112815857
6.92239785194397,1.60942222307956,1.6313802003860474,-0.6400091648101807,0.10232700407505035
6.925464153289795,1.6077887229983394,1.6298543214797974,-0.8202792406082153,0.18179598450660706
6.928532600402832,1.606150318024613,1.6283283233642578,-0.8021515011787415,0.14505226910114288
6.9316020011901855,1.6045077912789338,1.6264209747314453,-0.8565346598625183,0.2381933331489563
6.93467116355896,1.6028619321120714,1.6248950958251953,-0.8051728010177612,0.15658807754516602
6.93774676322937,1.6012093037404396,1.6233692169189453,-0.9371023178100586,0.09036392718553543
6.94081449508667,1.599557748578566,1.6218433380126953,-0.8172579407691956,0.19803158938884735
6.943880319595337,1.5979042261525924,1.6203173398971558,-0.809201180934906,0.07797360420227051
6.946948528289795,1.5962465748088788,1.6187914609909058,-0.7064774632453918,0.08096437156200409
6.950024843215942,1.5945818432413335,1.6168841123580933,-0.8404211401939392,0.07711909711360931
6.953098297119141,1.5929161145024486,1.6153582334518433,-0.9582512974739075,0.18179598450660706
6.956171035766602,1.5912483853618822,1.6142138242721558,-0.8142366409301758,0.0625925064086914
6.959266424179077,1.5895661063496986,1.6126878261566162,-0.8988326787948608,0.12112611532211304
6.962336301803589,1.587895611152646,1.6107804775238037,-0.9733577370643616,0.13266193866729736
6.9654059410095215,1.5862233295618973,1.6092545986175537,-0.9945067763328552,0.18478675186634064
6.968475103378296,1.5845495476107276,1.6077287197113037,-0.9099107384681702,0.19418631494045258
6.971541166305542,1.5828758539530943,1.6058213710784912,-0.8061798810958862,0.2886091470718384
6.974609136581421,1.5811996719473431,1.6042953729629517,-0.8011444211006165,0.2360570728778839
6.977688312530518,1.579516068897814,1.6023880243301392,-0.8474708199501038,0.17111466825008392
6.980766296386719,1.5778319744428428,1.6008621454238892,-0.7004348635673523,0.22793926298618317
6.983832359313965,1.5761534224491496,1.5993362665176392,-0.8927901387214661,0.20914015173912048
6.986898183822632,1.574474178932586,1.597428798675537,-0.9814144968986511,0.11300831288099289
6.989964246749878,1.5727941385189421,1.595902919769287,-0.721583902835846,0.13266193866729736
6.993031024932861,1.571113195554031,1.594377040863037,-0.9371023178100586,0.11642633378505707
6.996100664138794,1.5694303293070777,1.5924696922302246,-1.0327763557434082,0.14761577546596527
6.999166965484619,1.567749094412242,1.5909438133239746,-0.7467612624168396,0.11300831288099289
7.002195358276367,1.566088602319785,1.589417815208435,-1.0357977151870728,0.10830853879451752
7.005261659622192,1.5644074363116567,1.587891936302185,-0.8031586408615112,0.12198062241077423
7.008328437805176,1.562726276642651,1.586366057395935,-0.7991302609443665,0.16513313353061676
7.01139760017395,1.5610442343756743,1.584840178489685,-0.6672007441520691,0.11856260150671005
7.014474153518677,1.5593587246162228,1.5829328298568726,-0.8968185186386108,0.08181887865066528
7.017543792724609,1.557677741331386,1.581406831741333,-0.7618677020072937,0.07455558329820633
7.020613193511963,1.5559977826326312,1.579880952835083,-0.8001373410224915,0.1279621571302414
7.023680686950684,1.554319917062986,1.578355073928833,-0.929045557975769,0.03610284626483917
7.026747465133667,1.5526436470079326,1.5764477252960205,-1.0196841955184937,0.07156481593847275
7.029813289642334,1.5509692573235585,1.5749218463897705,-0.8313573002815247,0.10788128525018692
7.032881498336792,1.549295081565144,1.573395848274231,-0.8927901387214661,0.1108720526099205
7.035958766937256,1.5476176419525074,1.5714884996414185,-0.7306477427482605,0.15487907826900482
7.039026975631714,1.545946971491875,1.569581151008606,-1.1294575929641724,0.1416342407464981
7.042093753814697,1.5442790617627433,1.568055272102356,-0.8565346598625183,0.18649576604366302
7.0451600551605225,1.5426135470498612,1.566529393196106,-1.0075989961624146,0.18179598450660706
7.048201084136963,1.540964020884797,1.564621925354004,-0.9240100979804993,0.15274280309677124
7.051284313201904,1.5392940583912393,1.5627145767211914,-0.8716410994529724,0.1279621571302414
7.054357290267944,1.5376322622788028,1.5611886978149414,-0.8041657209396362,0.07583733648061752
7.057432174682617,1.5359722016346344,1.559281349182129,-1.1264362335205078,0.06729228794574738
7.060511112213135,1.5343128813089395,1.5577553510665894,-0.8655985593795776,0.06942854821681976
7.063587188720703,1.5326581841298186,1.5562294721603394,-0.7024490833282471,0.17154192924499512
7.066655397415161,1.5310109411217023,1.5547035932540894,-0.774959921836853,0.06686503440141678
7.069721698760986,1.529368089879064,1.5527962446212769,-0.7961089611053467,0.09762722253799438
7.072789430618286,1.5277279938812922,1.5512703657150269,-0.9360952377319336,0.11685358732938766
7.075857639312744,1.5260913186293315,1.5497443675994873,-0.842435359954834,0.09207294136285782
7.078934192657471,1.5244540358766783,1.5482184886932373,-0.8373998403549194,0.03482108935713768
7.082004547119141,1.522824041681119,1.5463111400604248,-0.999542236328125,0.12967117130756378
7.085070610046387,1.5212004544059226,1.5447852611541748,-1.08816659450531,0.10916304588317871
7.088139772415161,1.5195795088510413,1.5432593822479248,-0.8978255987167358,0.030975814908742905
7.091197490692139,1.5179690181995724,1.5417333841323853,-0.6752575039863586,0.16256961226463318
7.094266414642334,1.5163572021723408,1.5398260354995728,-0.8927901387214661,0.10019073635339737
7.0973334312438965,1.5147511180814928,1.5383001565933228,-0.9209887981414795,0.15317006409168243
7.100401878356934,1.5131491661740482,1.5363928079605103,-1.013641595840454,0.18350499868392944
7.103471517562866,1.511551626125716,1.5348668098449707,-0.9512016773223877,0.14847028255462646
7.1065380573272705,1.5099608749728937,1.5329594612121582,-0.9904783964157104,0.16214236617088318
7.109606504440308,1.5083744603071119,1.5314335823059082,-0.7961089611053467,0.2070038914680481
7.112683296203613,1.506789228827271,1.5295262336730957,-1.1244220733642578,0.16513313353061676
7.1157543659210205,1.5052125825076903,1.5280003547668457,-1.0539253950119019,0.15231555700302124
7.118821620941162,1.5036436624207157,1.5264743566513062,-0.9592584371566772,0.16427862644195557
7.121888160705566,1.5020810160860878,1.5245670080184937,-0.9270313382148743,0.1416342407464981
7.124955177307129,1.5005241804299407,1.5230411291122437,-0.963286817073822,0.11001754552125931
7.128025531768799,1.4989718592940804,1.5218967199325562,-0.7024490833282471,0.11471732705831528
7.131098508834839,1.497424576991132,1.5199893712997437,-0.8222934603691101,0.11300831288099289
7.134173393249512,1.4958828520692014,1.518463373184204,-0.8867475390434265,0.0079041738063097
7.137263536453247,1.4943401900364746,1.516937494277954,-0.931059718132019,0.06942854821681976
7.1403326988220215,1.4928148071734153,1.515411615371704,-0.9209887981414795,0.10189975053071976
7.143405437469482,1.4912945831194424,1.513885736465454,-0.8333714604377747,0.05020218342542648
7.146474599838257,1.4897831978768024,1.512359857559204,-1.0438544750213623,0.02371251955628395
7.149547815322876,1.4882770369635532,1.5108338594436646,-0.8061798810958862,0.07327382266521454
7.152625799179077,1.4867759216819305,1.5093079805374146,-0.8353856801986694,0.09121843427419662
7.155703067779541,1.485282681178135,1.5077821016311646,-0.7810025215148926,0.05661097168922424
7.158778667449951,1.4837979089078488,1.5062562227249146,-1.0811169147491455,0.15359731018543243
7.161846876144409,1.4823244714612573,1.504348874092102,-0.8484779000282288,0.095918208360672
7.164913654327393,1.480859609875457,1.5028228759765625,-0.6974136233329773,0.13266193866729736
7.167980194091797,1.4794028842788924,1.5012969970703125,-0.878690779209137,0.16342411935329437
7.17104697227478,1.4779542033764868,1.500152587890625,-0.6792858839035034,0.13308918476104736
7.17411732673645,1.4765121404179091,1.4982452392578125,-0.8233005404472351,0.0946364551782608
7.177197456359863,1.4750739731109277,1.4967193603515625,-0.8192721605300903,0.13266193866729736
7.180266380310059,1.473649625495952,1.495193362236023,-0.8061798810958862,0.08780041337013245
7.183332681655884,1.4722351883660283,1.493667483329773,-0.7336690425872803,0.12497138977050781
7.186405181884766,1.4708267395003727,1.492141604423523,-0.6722362041473389,0.08310063183307648
7.189471960067749,1.4694298762599887,1.490615725517273,-0.8545204997062683,0.0796826109290123
7.192538499832153,1.4680422045545725,1.489089846611023,-0.9260242581367493,0.16171512007713318
7.195605754852295,1.4666634237936054,1.4875638484954834,-0.928038477897644,0.1437705010175705
7.198671579360962,1.4652946232160626,1.4860379695892334,-0.6309453248977661,0.059601739048957825
7.201738595962524,1.4639347579060003,1.4845120906829834,-0.844449520111084,0.08737315982580185
7.204805612564087,1.4625844881697205,1.483367681503296,-0.7346761226654053,0.01773098297417164
7.2078728675842285,1.4612438355361583,1.481841802597046,-0.6339665651321411,0.045075152069330215
7.210942268371582,1.459912102309188,1.4803158044815063,-0.7628747820854187,0.04422064498066902
7.214018821716309,1.4585872853332449,1.4791713953018188,-0.6621652841567993,0.04251163452863693
7.217092514038086,1.4572738410484114,1.4780269861221313,-0.6410162448883057,-0.01516746822744608
7.220159530639648,1.4559734744112856,1.4765011072158813,-0.7920805811882019,0.04080262407660484
7.223198175430298,1.4546953283363486,1.4749752283096313,-0.7477683424949646,0.0946364551782608
7.226264238357544,1.453416049856287,1.4734493494033813,-0.8233005404472351,0.09378194808959961
7.229330778121948,1.4521471404349644,1.4723048210144043,-0.8212863206863403,0.15573357045650482
7.232397079467773,1.4508890150161602,1.4707789421081543,-0.7810025215148926,0.13180743157863617
7.235466241836548,1.4496405325404085,1.4692530632019043,-0.7145342230796814,0.13437095284461975
7.238541841506958,1.4484004039165592,1.4677271842956543,-0.721583902835846,0.16256961226463318
7.241609334945679,1.4471745995305711,1.4662013053894043,-0.7578393220901489,0.11898985505104065
7.244675397872925,1.4459605140047243,1.4646753072738647,-0.9501945376396179,0.1886320263147354
7.247744083404541,1.444756661745348,1.4635308980941772,-0.7276264429092407,0.12069886177778244
7.2508225440979,1.4435604176857777,1.4623864889144897,-0.9119248986244202,0.16769665479660034
7.253895044326782,1.4423780290963126,1.4608606100082397,-0.7820096015930176,0.06857404112815857
7.256972551345825,1.4412053806456964,1.4597162008285522,-0.7779812216758728,0.12411688268184662
7.260047912597656,1.440045323416478,1.4581903219223022,-0.6843213438987732,0.09719996899366379
7.263116359710693,1.4388997119696012,1.4570459127426147,-0.7054703831672668,0.095918208360672
7.266185283660889,1.4377658561956599,1.4559013843536377,-0.7034561634063721,0.024994278326630592
7.269262075424194,1.4366411800001546,1.4543755054473877,-0.5513847470283508,0.06173800304532051
7.272327899932861,1.4355326543230646,1.4532310962677002,-0.6108033657073975,0.12326237559318542
7.275403738021851,1.434432790923884,1.4517052173614502,-0.7669031620025635,0.05404745414853096
7.278480052947998,1.4333451654576337,1.4505608081817627,-0.7870450615882874,0.05874723568558693
7.281549453735352,1.432272453234835,1.4494163990020752,-0.772945761680603,0.08737315982580185
7.2846152782440186,1.431213523453625,1.4482718706130981,-0.617853045463562,0.06814679503440857
7.287681341171265,1.430167136347244,1.4471274614334106,-0.5554131269454956,0.05703822523355484
7.29074764251709,1.4291333919569933,1.4459830522537231,-0.6138246655464172,0.016876477748155594
7.293813228607178,1.4281127047110944,1.4448386430740356,-0.5977111458778381,0.024567024782299995
7.296880006790161,1.427104537293713,1.4436942338943481,-0.5654841065406799,-0.035675592720508575
7.299946308135986,1.4261095364083656,1.4425498247146606,-0.7477683424949646,0.0010681315325200558
7.303012371063232,1.4251277124606,1.4417868852615356,-0.3358663320541382,0.019439993426203728
7.306081295013428,1.4241581810027801,1.4406423568725586,-0.6339665651321411,-0.011322194710373878
7.309153318405151,1.4232009954739135,1.439497947692871,-0.7145342230796814,-0.059601739048957825
7.312196493148804,1.4222660308696544,1.4383535385131836,-0.5735408663749695,0.061310749500989914
7.315265417098999,1.4213365797330388,1.437209129333496,-0.7638819217681885,0.07498283684253693
7.318331241607666,1.420421613903399,1.4360647201538086,-0.5382925271987915,0.061310749500989914
7.321398019790649,1.4195199945017238,1.434920310974121,-0.6259098052978516,0.11685358732938766
7.324467182159424,1.4186314070270867,1.4337759017944336,-0.6228885054588318,0.08908216655254364
7.327534437179565,1.4177571796648774,1.4326313734054565,-0.6500800848007202,0.16086061298847198
7.330602169036865,1.4168967044314231,1.431486964225769,-0.6087892055511475,0.1882047802209854
7.333672761917114,1.4160494153097754,1.4303425550460815,-0.7910735011100769,0.16812390089035034
7.33675217628479,1.4152138267454697,1.4295796155929565,-0.3993133306503296,0.13180743157863617
7.339826822280884,1.4143937321119024,1.428435206413269,-0.42146944999694824,0.09976348280906677
7.342894077301025,1.4135898230046242,1.4272907972335815,-0.45168229937553406,0.11813534796237946
7.345961332321167,1.412800185643598,1.4265278577804565,-0.3630579113960266,0.10360875725746155
7.349031925201416,1.4120240574975758,1.4253833293914795,-0.6430304646492004,0.059601739048957825
7.352109432220459,1.411260679141169,1.4246203899383545,-0.3670862913131714,0.039093613624572754
7.355193853378296,1.410510219992704,1.423475980758667,-0.5403066873550415,0.021149003878235817
7.358269453048706,1.4097765651064198,1.422713041305542,-0.4154268801212311,-0.009185931645333767
7.361338376998901,1.4090591602642597,1.421950101852417,-0.495994508266449,0.010467689484357834
7.36440634727478,1.408356679919977,1.421187162399292,-0.45571067929267883,-0.008331426419317722
7.3674750328063965,1.407668805513517,1.4200427532196045,-0.5413138270378113,0.051483940333127975
7.370541095733643,1.4069963353163915,1.4192798137664795,-0.41844815015792847,0.09292744100093842
7.373610019683838,1.4063381308668426,1.418135404586792,-0.6772716641426086,0.023285267874598503
7.376686096191406,1.4056934061272595,1.4173723459243774,-0.5886473059654236,0.035675592720508575
7.379759073257446,1.4050643995735155,1.4166094064712524,-0.4627603590488434,0.0472114123404026
7.382826089859009,1.404451688678493,1.415464997291565,-0.5745479464530945,0.05020218342542648
7.385891675949097,1.4038543708782572,1.41470205783844,-0.6289311051368713,0.0625925064086914
7.388958215713501,1.403272033541087,1.413939118385315,-0.2210574448108673,0.045502401888370514
7.392025470733643,1.4027047883894064,1.4135576486587524,-0.41844815015792847,0.05532921478152275
7.39509391784668,1.4021526141491554,1.4127947092056274,-0.4416113495826721,0.05191119387745857
7.398166179656982,1.4016151277416191,1.4120317697525024,-0.27443352341651917,-0.00747692072764039
7.40119743347168,1.4010999416497816,1.4112688302993774,-0.3006179928779602,-0.008331426419317722
7.404267072677612,1.4005935906844602,1.4105058908462524,-0.3167315125465393,0.016876477748155594
7.4073357582092285,1.400102892361672,1.4101243019104004,-0.15056076645851135,0.005767910275608301
7.410404205322266,1.3996277688836127,1.4093613624572754,-0.36003661155700684,-0.04251163452863693
7.413480758666992,1.3991670323244751,1.4085984230041504,-0.13243305683135986,-0.03994812071323395
7.416549921035767,1.3987230517718052,1.408216953277588,-0.19890135526657104,-0.0638742670416832
7.419616937637329,1.3982950368257239,1.407454013824463,-0.3036392629146576,-0.06002899259328842
7.42268967628479,1.3978819567771938,1.4070725440979004,-0.26234835386276245,-0.049774929881095886
7.425755500793457,1.3974855395159211,1.4063096046447754,-0.3801785409450531,-0.02670328877866268
7.428821802139282,1.3971048166503357,1.405928134918213,-0.2049439251422882,0.02371251955628395
7.431888103485107,1.3967398863890477,1.405165195465088,-0.5604485869407654,-0.009185931645333767
7.434956789016724,1.3963905173183138,1.4047837257385254,-0.07804989814758301,0.015594720840454102
7.438033103942871,1.3960562225122113,1.4040207862854004,-0.41744107007980347,0.054901961237192154
7.441105365753174,1.3957383304000008,1.4032578468322754,-0.5846189260482788,0.07113756239414215
7.444179058074951,1.3954362827961453,1.402876377105713,-0.3509727716445923,0.04635690897703171
7.447274208068848,1.3951483192386687,1.4021133184432983,-0.27745479345321655,0.10489051789045334
7.450378656387329,1.3948758401852588,1.4017318487167358,-0.35500115156173706,0.0942092016339302
7.4534592628479,1.3946216652444465,1.4009689092636108,-0.4567177891731262,0.06686503440141678
7.456538677215576,1.3943837521517741,1.4005874395370483,-0.20393683016300201,0.095918208360672
7.459615707397461,1.394162187097421,1.4002059698104858,-0.0790569931268692,0.13180743157863617
7.462685823440552,1.3939572436886736,1.3994430303573608,-0.35600823163986206,0.19803158938884735
7.465753078460693,1.3937685934569948,1.3990615606307983,-0.2069581151008606,0.1433432549238205
7.468822479248047,1.3935959403738587,1.3986800909042358,-0.14854657649993896,0.10189975053071976
7.471899747848511,1.3934390577057563,1.3982986211776733,-0.29356831312179565,0.10104524344205856
7.474973917007446,1.3932985568855956,1.3979171514511108,-0.32378119230270386,0.126253142952919
7.478044033050537,1.3931744379914985,1.3975356817245483,-0.14955367147922516,0.15359731018543243
7.481111288070679,1.39306660967671,1.3971542119979858,-0.2673838436603546,0.11685358732938766
7.48418116569519,1.392974887311033,1.3967727422714233,-0.24422064423561096,0.15146104991436005
7.487259864807129,1.3928991849320087,1.3963912725448608,-0.21300068497657776,0.16769665479660034
7.490326404571533,1.3928399990041542,1.3960098028182983,-0.17875944077968597,0.1741054356098175
7.4933929443359375,1.39279700395321,1.3956283330917358,-0.10926985740661621,0.14804303646087646
7.496459245681763,1.3927702052236195,1.3952468633651733,-0.20292973518371582,0.10745403170585632
7.499527215957642,1.392759599968381,1.3952468633651733,-0.02870221994817257,0.1745326966047287
7.5025951862335205,1.3927652081680153,1.3948653936386108,-0.10322728008031845,0.1441977620124817
7.505661487579346,1.3927870130240705,1.3948653936386108,-0.08509956300258636,0.16128785908222198
7.508728981018066,1.3928250290775575,1.3944838047027588,-0.1727168709039688,0.08609139919281006
7.511795520782471,1.392879228096486,1.3944838047027588,-0.01359578873962164,0.16556039452552795
7.514861822128296,1.3929496082500057,1.3941023349761963,-0.18782329559326172,0.17837797105312347
7.517928600311279,1.3930361813100163,1.3941023349761963,-0.1102769523859024,0.02841229923069477
7.5209949016571045,1.393138912321575,1.3937208652496338,-0.0961776152253151,0.08737315982580185
7.5240631103515625,1.393257882936761,1.3937208652496338,-0.27443352341651917,0.1271076500415802
7.527134895324707,1.3933931901792715,1.3937208652496338,-0.20393683016300201,0.10659952461719513
7.530202150344849,1.3935444568796587,1.3937208652496338,0.08812084794044495,0.051483940333127975
7.5332725048065186,1.3937120339102274,1.3937208652496338,-0.0015106431674212217,0.07455558329820633
7.536341667175293,1.393895686524182,1.3933393955230713,0.1918516755104065,0.09378194808959961
7.539418935775757,1.3940960085415173,1.3933393955230713,0.16365301609039307,0.16513313353061676
7.542492628097534,1.394312256533944,1.3933393955230713,0.021652551367878914,0.1288166642189026
7.545560121536255,1.3945441488766106,1.3933393955230713,0.006546120624989271,0.15402457118034363
7.548629283905029,1.3947922231644432,1.3933393955230713,0.09919890016317368,0.08395513892173767
7.551708459854126,1.3950572224608995,1.3933393955230713,-0.0005035477224737406,0.10061798989772797
7.5547871589660645,1.3953382940834664,1.3933393955230713,0.057907987385988235,0.1578698456287384
7.557863473892212,1.3956352151877338,1.3933393955230713,0.08509956300258636,0.1570153385400772
7.56093168258667,1.395947323783438,1.3933393955230713,-0.04179446026682854,0.2228122353553772
7.5639989376068115,1.3962752477506102,1.3933393955230713,-0.01258869282901287,0.21896696090698242
7.567067861557007,1.3966192425593624,1.3933393955230713,0.002517738612368703,0.19504082202911377
7.570143222808838,1.3969798736179948,1.3937208652496338,0.0961776152253151,0.20273137092590332
7.57319712638855,1.3973537202614856,1.3937208652496338,0.13545434176921844,0.21768520772457123
7.576275825500488,1.397746435445438,1.3937208652496338,-0.032730601727962494,0.2578469514846802
7.57934308052063,1.3981534631021881,1.3937208652496338,0.10322728008031845,0.24075685441493988
7.582409620285034,1.3985760954131505,1.3941023349761963,-0.019638361409306526,0.21597619354724884
7.5854761600494385,1.3990143862353681,1.3941023349761963,-0.03776608034968376,0.2655375003814697
7.588543891906738,1.3994684743759722,1.3941023349761963,-0.02366674318909645,0.27792781591415405
7.591610670089722,1.3999380018913354,1.3944838047027588,0.16868849098682404,0.29544517397880554
7.594676733016968,1.400422948997778,1.3944838047027588,-0.009567406959831715,0.24161134660243988
7.59774374961853,1.4009235364518293,1.3948653936386108,0.23414969444274902,0.2646830081939697
7.600810289382935,1.4014394879269882,1.3948653936386108,0.2371709793806076,0.2390478402376175
7.603876352310181,1.4019707483462935,1.3952468633651733,0.2381780743598938,0.29373615980148315
7.6069440841674805,1.4025176491431242,1.3956283330917358,0.07804989814758301,0.33902496099472046
7.610011100769043,1.4030797216681699,1.3960098028182983,0.2683909237384796,0.4257572293281555
7.6130781173706055,1.403657039464098,1.3963912725448608,0.34291601181030273,0.3791866898536682
7.616228342056274,1.4042658348517025,1.3963912725448608,0.2069581151008606,0.26083773374557495
7.619354009628296,1.4048856659166216,1.3967727422714233,0.25932708382606506,0.3009994626045227
7.62247633934021,1.4055204697991384,1.3971542119979858,0.17976653575897217,0.3176623284816742
7.625596761703491,1.4061704369238057,1.3975356817245483,0.33989471197128296,0.30783551931381226
7.628718614578247,1.406836196457128,1.3979171514511108,0.1102769523859024,0.3035629689693451
7.631826162338257,1.4075142334534265,1.3986800909042358,0.45168229937553406,0.38687723875045776
7.6349005699157715,1.408200025297698,1.3990615606307983,0.09819180518388748,0.3458609879016876
7.63797664642334,1.4089010426765372,1.3994430303573608,0.23012131452560425,0.28177309036254883
7.6410441398620605,1.4096148340712433,1.3998245000839233,0.30565345287323,0.24716563522815704
7.644113779067993,1.4103437832407382,1.4002059698104858,0.37312886118888855,0.33859768509864807
7.647183656692505,1.4110873865414533,1.4009689092636108,0.2875257432460785,0.221957728266716
7.6502580642700195,1.411846648171587,1.4013503789901733,0.43556877970695496,0.21554894745349884
7.653326988220215,1.4126190178224167,1.4021133184432983,0.3761501610279083,0.29544517397880554
7.656404495239258,1.4134079854376294,1.4024949073791504,0.2502632141113281,0.2719462811946869
7.659481763839722,1.41421127456688,1.4032578468322754,0.1898374855518341,0.20444037020206451
7.662554979324341,1.4150277844536896,1.403639316558838,0.495994508266449,0.24460211396217346
7.665624141693115,1.4158573826814993,1.404402256011963,0.3942778706550598,0.18435950577259064
7.668691635131836,1.4167005970177522,1.405165195465088,0.24824902415275574,0.18307773768901825
7.671757936477661,1.4175574605973027,1.405928134918213,0.4103913903236389,0.21896696090698242
7.674830436706543,1.4184299932290882,1.406691074371338,0.5151293277740479,0.17880521714687347
7.677913665771484,1.4193195149208742,1.407454013824463,0.6087892055511475,0.19589532911777496
7.680988550186157,1.4202204561282612,1.4078354835510254,0.34090182185173035,0.17880521714687347
7.6840598583221436,1.4211340496762657,1.4085984230041504,0.2895399332046509,0.20016784965991974
7.687129259109497,1.4220606703396066,1.4093613624572754,0.4325474798679352,0.13437095284461975
7.690197467803955,1.4230004273440144,1.4101243019104004,0.3529869616031647,0.15060654282569885
7.693267107009888,1.4239540381367073,1.410887360572815,0.3781643509864807,0.14547951519489288
7.696334362030029,1.4249202228538569,1.41165030002594,0.23012131452560425,0.19717708230018616
7.69940185546875,1.4258997038959669,1.4127947092056274,0.5000228881835938,0.252719908952713
7.702468156814575,1.4268919274269212,1.41317617893219,0.41844815015792847,0.2211032211780548
7.7055346965789795,1.4278972581247817,1.413939118385315,0.3197528123855591,0.20871290564537048
7.708601474761963,1.4289156057134405,1.41470205783844,0.40434882044792175,0.2710917890071869
7.711670875549316,1.4299476853183561,1.4158464670181274,0.5282215476036072,0.3014267086982727
7.714748382568359,1.4309953118946523,1.4166094064712524,0.40535593032836914,0.221957728266716
7.717822790145874,1.432054604504903,1.4173723459243774,0.583611786365509,0.20871290564537048
7.7208898067474365,1.433123921031353,1.418135404586792,0.5151293277740479,0.221530482172966
7.723956108093262,1.434205439843569,1.418898344039917,0.3801785409450531,0.24545662105083466
7.727024793624878,1.435300163806349,1.4200427532196045,0.43556877970695496,0.21383993327617645
7.730096340179443,1.4364081928499919,1.421187162399292,0.6480659246444702,0.2672465145587921
7.733167409896851,1.4375282340693172,1.421950101852417,0.34392309188842773,0.2206759750843048
7.736199378967285,1.438645864715406,1.422713041305542,0.5282215476036072,0.28220033645629883
7.739271640777588,1.4397902530870337,1.4238574504852295,0.4406042695045471,0.24332036077976227
7.742338180541992,1.4409443545931204,1.4246203899383545,0.495994508266449,0.26126497983932495
7.745405197143555,1.4421103646118167,1.425764799118042,0.43959715962409973,0.24930189549922943
7.748473167419434,1.4432883643258132,1.4265278577804565,0.5090867280960083,0.23050278425216675
7.751540899276733,1.4444777906717836,1.427672266960144,0.5685054063796997,0.2851911187171936
7.754611015319824,1.4456795619415348,1.4288166761398315,0.6833142638206482,0.252292662858963
7.7576892375946045,1.4468958642659921,1.4295796155929565,0.6440375447273254,0.2856183648109436
7.760765552520752,1.4481226617636085,1.430724024772644,0.7628747820854187,0.34457921981811523
7.763835906982422,1.449358180776489,1.431486964225769,0.5141222476959229,0.30826276540756226
7.766901731491089,1.450602825396443,1.4326313734054565,0.6027466058731079,0.3779049217700958
7.769968271255493,1.451858589043136,1.4337759017944336,0.6782788038253784,0.4159304201602936
7.77303409576416,1.453124769426618,1.4345388412475586,0.5191577076911926,0.32663461565971375
7.776102542877197,1.4544026374215346,1.435683250427246,0.4808880686759949,0.43302053213119507
7.779179096221924,1.4556944130938607,1.4368276596069336,0.6390020847320557,0.3360341787338257
7.782255172729492,1.456996411262865,1.437972068786621,0.5725337862968445,0.3296253979206085
7.785321950912476,1.4583047275398084,1.4391164779663086,0.7981231212615967,0.2672465145587921
7.7883875370025635,1.459622646061583,1.440260887145996,0.6974136233329773,0.29501792788505554
7.79145359992981,1.4609507584850019,1.4414052963256836,0.618860125541687,0.32449835538864136
7.794520139694214,1.462288946218615,1.4425498247146606,0.7205767631530762,0.2369115799665451
7.797586441040039,1.4636367741147085,1.4440757036209106,0.6823071837425232,0.1903410404920578
7.800652265548706,1.4649940089247873,1.4452201128005981,0.6269168853759766,0.19803158938884735
7.803720712661743,1.4663619067542466,1.4463645219802856,0.7054703831672668,0.17111466825008392
7.806789398193359,1.4677392909428333,1.4478904008865356,0.5664911866188049,0.19760432839393616
7.809857606887817,1.469125711379952,1.4490348100662231,0.6752575039863586,0.2065766453742981
7.812933921813965,1.4705249515526342,1.4501793384552002,0.5513847470283508,0.19674982130527496
7.816002130508423,1.47192950738855,1.4513237476348877,0.6782788038253784,0.26083773374557495
7.819068193435669,1.473341931915181,1.4524681568145752,0.5564202070236206,0.37491416931152344
7.8221352100372314,1.474763516620271,1.4539940357208252,0.46477454900741577,0.2381933331489563
7.825197696685791,1.4761915729486836,1.4551384449005127,0.6269168853759766,0.30569925904273987
7.828266382217407,1.4776309780880716,1.4566643238067627,0.7830166816711426,0.2386205792427063
7.831336259841919,1.4790792803296522,1.4578088521957397,0.723598062992096,0.32620736956596375
7.834405183792114,1.480535333702681,1.4589532613754272,0.4154268801212311,0.3146715462207794
7.837481260299683,1.4820028731413135,1.4604791402816772,0.8011444211006165,0.2732280492782593
7.840550422668457,1.4834750522439117,1.4616235494613647,0.6027466058731079,0.32150760293006897
7.843616247177124,1.4849534099961335,1.4631494283676147,0.6943923234939575,0.24887464940547943
7.846683502197266,1.4864401011645885,1.4646753072738647,0.7608606219291687,0.30698099732398987
7.84975004196167,1.4879339504112918,1.4658198356628418,0.8414282202720642,0.29288166761398315
7.852818965911865,1.4894363348889792,1.4673457145690918,0.9159532785415649,0.3027084767818451
7.8558971881866455,1.4909505411566493,1.4684901237487793,0.5503776669502258,0.30569925904273987
7.858973503112793,1.4924709419266198,1.4700160026550293,0.9360952377319336,0.33987945318222046
7.862041473388672,1.4939941787525117,1.4711604118347168,0.8343786001205444,0.3031357228755951
7.865110397338867,1.495524701366389,1.4726864099502563,0.5936827659606934,0.252292662858963
7.8681793212890625,1.49706189507713,1.4742122888565063,0.73870450258255,0.32620736956596375
7.871252775192261,1.4986079003955752,1.4753566980361938,0.8112154006958008,0.29587242007255554
7.874321222305298,1.5001577750064052,1.4765011072158813,0.7135271430015564,0.2830548584461212
7.877397775650024,1.5017180071899656,1.4780269861221313,0.6500800848007202,0.2364843189716339
7.88046932220459,1.5032818111291908,1.4795528650283813,0.7417258024215698,0.16983291506767273
7.883536338806152,1.5048492558600481,1.481078863143921,0.7094987630844116,0.24716563522815704
7.886603116989136,1.5064223751999304,1.482604742050171,0.7810025215148926,0.21426717936992645
7.889669179916382,1.508000775884452,1.484130620956421,0.7679103016853333,0.23135729134082794
7.89273476600647,1.5095844309420638,1.485656499862671,0.8263218402862549,0.1886320263147354
7.895802021026611,1.5111743050243969,1.487182378768921,0.9572442173957825,0.251010924577713
7.898867845535278,1.5127686447267163,1.4887083768844604,0.8504921197891235,0.21768520772457123
7.901933670043945,1.5143680423984036,1.4902342557907104,0.7679103016853333,0.3317616581916809
7.904999256134033,1.5159722247205376,1.4917601346969604,0.7165483832359314,0.26340124011039734
7.9080650806427,1.5175812923997154,1.4932860136032104,0.877683699131012,0.26340124011039734
7.911133766174316,1.5191964795861939,1.4948118925094604,0.8394140601158142,0.33774319291114807
7.914196252822876,1.5208128606004245,1.496337890625,0.8132295608520508,0.3364614248275757
7.917264461517334,1.522436576035875,1.4974822998046875,0.7810025215148926,0.4095216393470764
7.920331001281738,1.5240635724746008,1.4990081787109375,0.9240100979804993,0.3163805603981018
7.9233973026275635,1.5256944540032682,1.5005340576171875,0.686335563659668,0.43686580657958984
7.926463603973389,1.5273291956202228,1.50244140625,0.8535133600234985,0.31082627177238464
7.929529905319214,1.5289676456290997,1.5035858154296875,0.7306477427482605,0.2565651834011078
7.932595491409302,1.5306092685666517,1.5054932832717896,0.8303502202033997,0.2988632023334503
7.935664176940918,1.5322559587956674,1.5070191621780396,0.7145342230796814,0.29373615980148315
7.938740491867065,1.533910011336702,1.508163571357727,0.7064774632453918,0.33902496099472046
7.941816091537476,1.535566796216759,1.5100709199905396,0.8414282202720642,0.2668192684650421
7.944883584976196,1.537222164676014,1.5115967988967896,0.8041657209396362,0.2505836486816406
7.9479498863220215,1.5388796807570921,1.513122797012329,0.807187020778656,0.26041045784950256
7.9510157108306885,1.5405395750336686,1.5150301456451416,0.9159532785415649,0.2548561692237854
7.954087495803833,1.5422051853167726,1.516174554824829,0.7940947413444519,0.24502937495708466
7.957175016403198,1.5438816819287209,1.5180819034576416,0.8474708199501038,0.17795071005821228
7.960273027420044,1.5455660883729625,1.5199893712997437,0.9864500164985657,0.29459068179130554
7.96334171295166,1.5472365797567025,1.5215152502059937,1.0629892349243164,0.1766689568758011
7.966407775878906,1.548907505111495,1.5230411291122437,0.8827191591262817,0.2826276123523712
7.9694743156433105,1.5505803964807474,1.5245670080184937,0.7910735011100769,0.2881819009780884
7.9725401401519775,1.5522544481561138,1.5264743566513062,0.8535133600234985,0.19974060356616974
7.975610733032227,1.5539325017225345,1.5280003547668457,0.8283360004425049,0.29330891370773315
7.978687047958374,1.5556149289218548,1.5295262336730957,0.8726481795310974,0.3155260682106018
7.981759309768677,1.5572962280961982,1.5310521125793457,0.9320668578147888,0.3142443001270294
7.984828233718872,1.5589766303633839,1.5325779914855957,0.8625772595405579,0.43387502431869507
7.9878950119018555,1.5606566299113205,1.5344853401184082,0.9522087574005127,0.43900206685066223
7.990960597991943,1.562336592038356,1.5360113382339478,0.8132295608520508,0.3920042812824249
7.9940268993377686,1.564017405934179,1.5375372171401978,0.9240100979804993,0.32364386320114136
7.997096061706543,1.5657000923938866,1.5394445657730103,0.810208261013031,0.30911725759506226
8.000166893005371,1.5673838419750559,1.5409704446792603,0.7538109421730042,0.33987945318222046
8.00319504737854,1.5690441839911362,1.5424963235855103,0.9844357967376709,0.32748913764953613
8.006261110305786,1.5707251491573158,1.5440223217010498,0.999542236328125,0.30612650513648987
8.009329080581665,1.572406841195612,1.5459296703338623,0.809201180934906,0.2531471848487854
8.012412309646606,1.5740964183296842,1.5474555492401123,1.0398260354995728,0.28134584426879883
8.015481948852539,1.5757779144318416,1.5493628978729248,0.8625772595405579,0.2988632023334503
8.018548488616943,1.5774569248225434,1.5508888959884644,0.99853515625,0.2582741975784302
8.02161431312561,1.5791346005610114,1.5524147748947144,0.9099107384681702,0.21939422190189362
8.024680852890015,1.5808115687388011,1.5543221235275269,1.1516135931015015,0.2574197053909302
8.027746200561523,1.5824866310433898,1.5558480024337769,0.8273289203643799,0.2587014436721802
8.030812978744507,1.5841610649589015,1.5577553510665894,0.9471732378005981,0.2685282528400421
8.033881425857544,1.5858348429627136,1.559281349182129,0.7769741415977478,0.3620965778827667
8.03695797920227,1.5875113127191323,1.560807228088379,0.9673151969909668,0.2369115799665451
8.040027141571045,1.5891818731307221,1.5627145767211914,0.9109178185462952,0.46805524826049805
8.04309892654419,1.5908518233464757,1.5642404556274414,1.0911879539489746,0.37363240122795105
8.046169996261597,1.5925191914609949,1.566147804260254,1.0317692756652832,0.49710842967033386
8.049196720123291,1.594160186118956,1.5676738023757935,0.9612725973129272,0.35526055097579956
8.052262544631958,1.5958199027274074,1.5691996812820435,0.9532158374786377,0.4137941598892212
8.055331468582153,1.5974786467834012,1.5707255601882935,0.9199817180633545,0.3313344120979309
8.0584077835083,1.5991385694285498,1.5722514390945435,0.7528038620948792,0.3497062623500824
8.0614755153656,1.6007908988744894,1.574158787727356,0.8384069800376892,0.40225833654403687
8.064541816711426,1.602439348612762,1.5756847858428955,0.7789883017539978,0.3924315273761749
8.06760835647583,1.604084664662531,1.5772106647491455,0.9401236176490784,0.42319372296333313
8.070674419403076,1.6057263109882016,1.5787365436553955,0.9421377778053284,0.3321889042854309
8.073742389678955,1.6073654092574685,1.580643892288208,0.8958113789558411,0.38602274656295776
8.076818227767944,1.609004973890473,1.5821698904037476,0.8484779000282288,0.22964827716350555
8.079888820648193,1.6106378577749254,1.58407723903656,0.9411306977272034,0.23093003034591675
8.082956075668335,1.612264939748738,1.58560311794281,0.8243076205253601,0.3048447370529175
8.08602237701416,1.6138873419478115,1.5875104665756226,0.9340810179710388,0.31168079376220703
8.089090824127197,1.6155065511144475,1.5890363454818726,0.928038477897644,0.2890363931655884
8.092159986495972,1.6171216558232113,1.590562343597412,0.7528038620948792,0.3014267086982727
8.09519648551941,1.6187150135461439,1.5924696922302246,1.0025634765625,0.3044174909591675
8.098263025283813,1.620319385066948,1.5939955711364746,0.9501945376396179,0.31253528594970703
8.101328611373901,1.6219183385220843,1.5955214500427246,0.8766765594482422,0.3514152765274048
8.104394674301147,1.6235124728239334,1.597428798675537,0.9763790369033813,0.32834362983703613
8.107463121414185,1.625102624454106,1.5989547967910767,0.8122224807739258,0.37192338705062866
8.110533475875854,1.626688387448087,1.6004806756973267,1.0065919160842896,0.32321658730506897
8.113610029220581,1.6282718089110182,1.6020065546035767,0.7266193628311157,0.32620736956596375
8.11668062210083,1.6298464828065409,1.6039139032363892,0.8404211401939392,0.32535287737846375
8.119747638702393,1.631413511930713,1.6054397821426392,1.1103227138519287,0.42233920097351074
8.122813701629639,1.6329741036645884,1.6069657802581787,0.9562371373176575,0.44840162992477417
8.125879764556885,1.6345286013855556,1.6084916591644287,0.9008468985557556,0.4415655732154846
8.128946304321289,1.636077101160172,1.6100175380706787,0.808194100856781,0.3672236204147339
8.132012128829956,1.6376188581021551,1.6115434169769287,0.6460517048835754,0.3847409784793854
8.135084629058838,1.6391574267928537,1.6130692958831787,0.9360952377319336,0.4137941598892212
8.138168096542358,1.6406947555884777,1.6145952939987183,0.9179674983024597,0.3334706723690033
8.141202211380005,1.642200755919228,1.6165026426315308,1.0247195959091187,0.20956741273403168
8.144273519515991,1.6437182851455583,1.6180285215377808,0.8162508606910706,0.20871290564537048
8.147339820861816,1.6452262428396478,1.6199358701705933,1.08212411403656,0.24759289622306824
8.150405883789062,1.6467268522285647,1.6214618682861328,0.7135271430015564,0.24887464940547943
8.153472185134888,1.648220207437247,1.6229877471923828,0.7648890018463135,0.2685282528400421
8.156540393829346,1.649706974801268,1.6245136260986328,0.7427328824996948,0.2386205792427063
8.159616231918335,1.6511897532459763,1.6260395050048828,0.8172579407691956,0.3650873601436615
8.162684917449951,1.652661277256574,1.6275653839111328,0.9612725973129272,0.2847638726234436
8.165754318237305,1.654125207306309,1.6290913820266724,0.7205767631530762,0.3022812306880951
8.168823957443237,1.655581176142239,1.6306172609329224,0.8202792406082153,0.3535515367984772
8.171897649765015,1.6570308404565812,1.6321431398391724,0.9804074168205261,0.4167849123477936
8.17496633529663,1.6584697963892518,1.6336690187454224,0.65108722448349,0.35996031761169434
8.178042650222778,1.6599038241244695,1.6351948976516724,0.8303502202033997,0.3330434262752533
8.18111515045166,1.6613274396381965,1.636720895767212,0.7850309014320374,0.40610361099243164
8.184184312820435,1.662740761569721,1.638246774673462,0.9230029582977295,0.5590600371360779
8.18725848197937,1.6641474935835183,1.639772653579712,0.8363927602767944,0.46677348017692566
8.190327644348145,1.6655429227442096,1.641298532485962,0.9512016773223877,0.35739681124687195
8.19339394569397,1.666927929700902,1.642824411392212,0.6329594850540161,0.3612420856952667
8.196460008621216,1.6683035843320724,1.6439688205718994,0.8061798810958862,0.44968336820602417
8.199527263641357,1.6696703964248485,1.645494818687439,0.8172579407691956,0.4120851457118988
8.202593088150024,1.6710270716152327,1.647020697593689,0.652094304561615,0.3612420856952667
8.20565938949585,1.6723743324575935,1.648546576499939,0.7447471022605896,0.3958495557308197
8.208726406097412,1.6737121530273722,1.6496909856796265,0.739711582660675,0.29031816124916077
8.211795091629028,1.675040813621312,1.6512168645858765,0.9179674983024597,0.27664607763290405
8.214871644973755,1.6763628280126408,1.652742862701416,0.8192721605300903,0.26297399401664734
8.217946290969849,1.6776738432796736,1.654268741607666,0.7044632434844971,0.3146715462207794
8.221014499664307,1.6789718474027027,1.655794620513916,0.7940947413444519,0.24289311468601227
8.22408413887024,1.6802600731939592,1.657320499420166,0.5705195665359497,0.191195547580719
8.227153539657593,1.6815376944439226,1.658846378326416,0.7044632434844971,0.24631112813949585
8.23019528388977,1.6827933244205817,1.6599907875061035,0.8343786001205444,0.35654231905937195
8.233263492584229,1.684049193565095,1.661516785621643,0.739711582660675,0.37320515513420105
8.236329793930054,1.6852934441645075,1.6626611948013306,0.7195696830749512,0.4321660101413727
8.2393958568573,1.6865266493475362,1.6641870737075806,0.930052638053894,0.3949950337409973
8.242461919784546,1.6877487918650198,1.665331482887268,0.6923781037330627,0.43900206685066223
8.24552845954895,1.6889599457811706,1.666857361793518,0.8142366409301758,0.4740367829799652
8.248595237731934,1.69015990060242,1.6680018901824951,0.6994277834892273,0.3450064957141876
8.251661777496338,1.6913483583880633,1.6695277690887451,0.6108033657073975,0.4133669137954712
8.25472903251648,1.6925255757303967,1.6706721782684326,0.686335563659668,0.4009765684604645
8.257801532745361,1.6936931479973207,1.6718165874481201,0.7115129232406616,0.3291981518268585
8.260883569717407,1.6948525124192728,1.6733424663543701,0.580590546131134,0.3321889042854309
8.263953447341919,1.6959954149111638,1.6744868755340576,0.6249027252197266,0.37491416931152344
8.26702070236206,1.6971253854663755,1.6760128736495972,0.8827191591262817,0.43472954630851746
8.270087003707886,1.698242954928038,1.6771572828292847,0.9320668578147888,0.38944074511528015
8.273155450820923,1.6993491420670002,1.6783016920089722,0.6249027252197266,0.3928587734699249
8.276199579238892,1.7004344365762432,1.6798275709152222,0.5725337862968445,0.41721218824386597
8.279275894165039,1.7015188351507478,1.6809719800949097,0.7830166816711426,0.4723277688026428
8.282345056533813,1.7025882191469057,1.6821163892745972,0.4627603590488434,0.47916379570961
8.285411357879639,1.7036440456298774,1.6832607984542847,0.5231860876083374,0.40482184290885925
8.28847885131836,1.704687622396491,1.6844053268432617,0.6903639435768127,0.3620965778827667
8.291544914245605,1.7057179618803742,1.6855497360229492,0.5191577076911926,0.26297399401664734
8.294610977172852,1.7067354581117313,1.6870756149291992,0.6672007441520691,0.38730448484420776
8.297677993774414,1.7077403271238571,1.6882200241088867,0.7920805811882019,0.3138170540332794
8.300745248794556,1.7087322337310913,1.6893644332885742,0.6017395257949829,0.2830548584461212
8.303811311721802,1.7097106293738886,1.6905088424682617,0.7346761226654053,0.3172350525856018
8.30687689781189,1.7106756622468764,1.6916533708572388,0.5795834064483643,0.3544060289859772
8.309945344924927,1.711628278011442,1.6927977800369263,0.5503776669502258,0.2997176945209503
8.313021659851074,1.7125698722233342,1.6939421892166138,0.5221790075302124,0.31039902567863464
8.316092014312744,1.713496112263249,1.6950865983963013,0.4899519383907318,0.3321889042854309
8.31916069984436,1.714408257022318,1.6962310075759888,0.6077821254730225,0.35611504316329956
8.322198152542114,1.7152976534537572,1.6973754167556763,0.41744107007980347,0.3800412118434906
8.325266599655151,1.7161824411129327,1.6981383562088013,0.5090867280960083,0.29672694206237793
8.328340291976929,1.7170548700387114,1.6992828845977783,0.5171434879302979,0.37320515513420105
8.331406116485596,1.717911155086785,1.7004272937774658,0.7034561634063721,0.37106889486312866
8.334472417831421,1.71875359767697,1.7011902332305908,0.46981003880500793,0.3932860195636749
8.337539196014404,1.7195821130958884,1.7023346424102783,0.4637674391269684,0.37106889486312866
8.340605735778809,1.7203964295806389,1.7030975818634033,0.4879377484321594,0.5090714693069458
8.343671560287476,1.721196351554372,1.7042419910430908,0.5987182259559631,0.5308613777160645
8.346738576889038,1.7219822990956495,1.7050049304962158,0.3691004812717438,0.4155031740665436
8.349805355072021,1.7227538260148796,1.7061493396759033,0.5503776669502258,0.40225833654403687
8.352871179580688,1.7235106891651708,1.7069122791290283,0.460746169090271,0.4924086332321167
8.355939865112305,1.724253746482058,1.7080568075180054,0.34291601181030273,0.4321660101413727
8.359015941619873,1.7249839527208621,1.7088197469711304,0.43456166982650757,0.42362096905708313
8.362083911895752,1.7256975664130454,1.7099641561508179,0.4808880686759949,0.4599374234676361
8.365152835845947,1.7263966797932577,1.7107270956039429,0.5352712273597717,0.35782405734062195
8.368195056915283,1.7270751133925681,1.7114900350570679,0.46779584884643555,0.42148470878601074
8.37126088142395,1.727744045115378,1.7122529745101929,0.40535593032836914,0.3813229501247406
8.374329328536987,1.7283986454049205,1.7130159139633179,0.43859007954597473,0.40610361099243164
8.377405166625977,1.7290397974077656,1.7141603231430054,0.4929732084274292,0.3454337418079376
8.380473852157593,1.72966440824472,1.71492338180542,0.28148317337036133,0.3005722165107727
8.38354229927063,1.7302738815052001,1.715686321258545,0.45369648933410645,0.48215457797050476
8.386611223220825,1.7308683008458443,1.71644926071167,0.37312886118888855,0.3787594437599182
8.38967752456665,1.7314470266553696,1.717212200164795,0.40837720036506653,0.45352864265441895
8.392745018005371,1.7320107357796541,1.71797513961792,0.3620508015155792,0.3924315273761749
8.395811319351196,1.7325589377739177,1.718738079071045,0.4808880686759949,0.3629510998725891
8.39887809753418,1.7330918854715665,1.71950101852417,0.43657588958740234,0.41934844851493835
8.401945114135742,1.7336094825984765,1.720263957977295,0.34090182185173035,0.3813229501247406
8.405011892318726,1.734111600637552,1.72102689743042,0.2361638844013214,0.3544060289859772
8.40807843208313,1.7345981965860962,1.721789836883545,0.6067749857902527,0.34073394536972046
8.411150693893433,1.7350701293737714,1.72255277633667,0.3509727716445923,0.3928587734699249
8.414196729660034,1.7355226036577265,1.7233158349990845,0.35500115156173706,0.33731594681739807
8.41727066040039,1.7359636039051514,1.723697304725647,0.19688716530799866,0.32278934121131897
8.420336961746216,1.7363878382621594,1.724460244178772,0.3519798517227173,0.31168079376220703
8.423403263092041,1.7367963813483183,1.725223183631897,0.3701075613498688,0.21042190492153168
8.42647099494934,1.737189374834439,1.725986123085022,0.32680246233940125,0.3142443001270294
8.429537534713745,1.7375664444451928,1.7263675928115845,0.49800869822502136,0.3954222798347473
8.432604551315308,1.7379277659039252,1.7271305322647095,0.2653696537017822,0.32748913764953613
8.435670852661133,1.7382731670861498,1.727512001991272,0.3539940416812897,0.38773176074028015
8.438736915588379,1.7386026770426202,1.728274941444397,0.3811856210231781,0.35782405734062195
8.441804885864258,1.7389164828158226,1.7286564111709595,0.3529869616031647,0.37149614095687866
8.444871187210083,1.7392141876372738,1.7294193506240845,0.2986038029193878,0.4565194249153137
8.447938203811646,1.7394960027749569,1.729800820350647,0.21400777995586395,0.37405967712402344
8.45100474357605,1.7397617906778264,1.7301822900772095,0.4949873983860016,0.4137941598892212
8.454071044921875,1.7400115529367057,1.730945348739624,0.3610437214374542,0.3193713426589966
8.457139730453491,1.740245463158511,1.7313268184661865,0.2824902832508087,0.38687723875045776
8.460201025009155,1.7404627938384343,1.731708288192749,0.34090182185173035,0.4103761315345764
8.463273286819458,1.74066479994603,1.7320897579193115,0.20897230505943298,0.35526055097579956
8.466339349746704,1.7408502965676653,1.732471227645874,0.3026321828365326,0.38730448484420776
8.469405174255371,1.7410196777819438,1.7328526973724365,-0.06697184592485428,0.43729305267333984
8.472471952438354,1.7411729880926048,1.733234167098999,0.2532845139503479,0.3689326345920563
8.475540399551392,1.7413102283251105,1.7336156368255615,0.2361638844013214,0.44028380513191223
8.478616952896118,1.7414315963191989,1.733997106552124,0.24321354925632477,0.42404821515083313
8.481689691543579,1.7415365765303559,1.7343785762786865,0.1414969116449356,0.4112306535243988
8.484756231307983,1.7416251570535606,1.7343785762786865,0.1414969116449356,0.4723277688026428
8.487822771072388,1.7416975577914775,1.734760046005249,-0.06495765596628189,0.4595101773738861
8.490889072418213,1.7417537682833786,1.7351415157318115,0.17775234580039978,0.4582284390926361
8.4939546585083,1.7417937821238114,1.735522985458374,0.2855115532875061,0.4099488854408264
8.497021675109863,1.7418176179413334,1.735522985458374,0.022659648209810257,0.40140384435653687
8.500088930130005,1.7418252510371293,1.7359044551849365,0.04280155524611473,0.37106889486312866
8.5031578540802,1.741816669143954,1.736285924911499,0.12135500460863113,0.43558403849601746
8.506195068359375,1.7417922037275153,1.736285924911499,0.11934080719947815,0.5013809204101562
8.5092613697052,1.7417513880488729,1.736285924911499,0.1727168709039688,0.48343634605407715
8.512338399887085,1.7416941555150471,1.7366673946380615,-0.004531929735094309,0.46805524826049805
8.515416860580444,1.7416205878870485,1.7366673946380615,0.24925611913204193,0.4313115179538727
8.518496751785278,1.7415306693108468,1.737048864364624,0.23112840950489044,0.4761730432510376
8.521568536758423,1.7414247395985645,1.737048864364624,-0.07804989814758301,0.4155031740665436
8.524634838104248,1.7413028258612782,1.737048864364624,-0.06596475094556808,0.46420997381210327
8.527701616287231,1.7411647420405076,1.7374303340911865,0.10725566744804382,0.37448692321777344
8.530770778656006,1.7410103924843108,1.737048864364624,-0.02568093314766884,0.5300068855285645
8.533849239349365,1.7408393515412566,1.7374303340911865,0.14048981666564941,0.4936904013156891
8.536919355392456,1.740652607831293,1.7374303340911865,-0.06495765596628189,0.4475471079349518
8.539987087249756,1.7404499008458425,1.7374303340911865,-0.07200732082128525,0.4800183176994324
8.543053388595581,1.74023121642218,1.7374303340911865,0.06898603588342667,0.40183109045028687
8.546124696731567,1.7399960876874236,1.7374303340911865,0.052872512489557266,0.40823987126350403
8.549196004867554,1.7397448804746274,1.7374303340911865,0.10121309012174606,0.43302053213119507
8.552268981933594,1.7394774685820837,1.7374303340911865,-0.24623483419418335,0.3189440667629242
8.55534553527832,1.7391936698440904,1.7374303340911865,0.006546120624989271,0.4629282057285309
8.558414936065674,1.7388945283513335,1.7374303340911865,-0.09013504534959793,0.3937132954597473
8.561493158340454,1.7385785022101212,1.7374303340911865,0.02668802998960018,0.2980087101459503
8.564571619033813,1.7382464313506518,1.7374303340911865,-0.04078736528754234,0.3343251645565033
8.567647695541382,1.7378986464309907,1.737048864364624,-0.07402151823043823,0.3518425226211548
8.570715427398682,1.7375359371442893,1.737048864364624,-0.14653238654136658,0.34244295954704285
8.573781251907349,1.7371576555547186,1.737048864364624,-0.0629434660077095,0.34757000207901
8.576850414276123,1.7367631785835786,1.737048864364624,0.08509956300258636,0.4116578996181488
8.579932928085327,1.7363511271989922,1.737048864364624,-0.0800640881061554,0.2501564025878906
8.58301591873169,1.7359231542024007,1.7366673946380615,-0.16667430102825165,0.3356069326400757
8.58608627319336,1.7354812134429833,1.7366673946380615,0.07603570818901062,0.2655375003814697
8.589154958724976,1.7350238772278619,1.7366673946380615,-0.04179446026682854,0.23263904452323914
8.59219765663147,1.734555022463035,1.736285924911499,-0.03675898537039757,0.1907682865858078
8.595268964767456,1.7340662598403098,1.736285924911499,-0.07100022584199905,0.24203860759735107
8.598345518112183,1.7335610963145491,1.736285924911499,-0.09919890016317368,0.23520256578922272
8.601419925689697,1.7330407690481469,1.7359044551849365,-0.060929276049137115,0.1770962029695511
8.604490518569946,1.7325056540369468,1.7359044551849365,-0.008560311049222946,0.22751201689243317
8.607558727264404,1.7319555984420159,1.735522985458374,0.04078736528754234,0.22537575662136078
8.610631465911865,1.7313893978687274,1.7351415157318115,0.1253833770751953,0.1766689568758011
8.613716125488281,1.73080562020297,1.734760046005249,-0.16365301609039307,0.16556039452552795
8.616792440414429,1.7302081284842974,1.734760046005249,-0.08711375296115875,0.21683070063591003
8.619865417480469,1.7295960930683032,1.7343785762786865,-0.07603570818901062,0.15573357045650482
8.622936248779297,1.7289693741656824,1.733997106552124,-0.13344015181064606,0.16256961226463318
8.626002311706543,1.728328616195105,1.7336156368255615,-0.09919890016317368,0.1433432549238205
8.62907099723816,1.727672349894882,1.733234167098999,-0.007553216069936752,0.12198062241077423
8.632152795791626,1.7269982780000288,1.7328526973724365,0.01359578873962164,0.16598764061927795
8.635198593139648,1.7263173714427096,1.7320897579193115,-0.531242847442627,0.13821622729301453
8.638266801834106,1.725616733666595,1.731708288192749,-0.22911421954631805,0.1587243527173996
8.641333103179932,1.7249018350954566,1.7313268184661865,-0.23414969444274902,0.18350499868392944
8.644402265548706,1.7241716236073665,1.730945348739624,-0.30766767263412476,0.11429007351398468
8.647473335266113,1.723426359898891,1.7301822900772095,-0.40636301040649414,0.09164568781852722
8.650550603866577,1.7226650143042823,1.729800820350647,-0.32378119230270386,0.12967117130756378
8.65362548828125,1.7218897542553868,1.7294193506240845,-0.3147173225879669,0.10830853879451752
8.656699895858765,1.7211001914402035,1.7286564111709595,-0.29457542300224304,0.11514458060264587
8.659776210784912,1.7202957772323337,1.728274941444397,-0.2824902832508087,0.11343556642532349
8.662848472595215,1.7194781601696894,1.727512001991272,-0.35600823163986206,0.14590676128864288
8.66592526435852,1.7186451291358074,1.7271305322647095,-0.34090182185173035,0.17752346396446228
8.668996334075928,1.7177995456072548,1.7263675928115845,-0.42247653007507324,0.11685358732938766
8.672066688537598,1.7169401540682143,1.725986123085022,-0.19588007032871246,0.11300831288099289
8.675137519836426,1.7160667024708571,1.725223183631897,-0.23314259946346283,0.20016784965991974
8.678199052810669,1.7151821119993371,1.724460244178772,-0.4103913903236389,0.10489051789045334
8.68127703666687,1.7142789771106242,1.7240787744522095,-0.22609293460845947,0.09976348280906677
8.684354066848755,1.7133623846221497,1.7233158349990845,-0.2653696537017822,0.20871290564537048
8.687423706054688,1.7124343932089359,1.72255277633667,-0.4889448285102844,0.14761577546596527
8.690489768981934,1.7114940086545523,1.721789836883545,-0.4738384187221527,0.12112611532211304
8.69355583190918,1.7105402449409062,1.72102689743042,-0.32176700234413147,0.13052567839622498
8.696624994277954,1.7095722062825556,1.720263957977295,-0.4899519383907318,0.1753872036933899
8.699703454971313,1.708587947222501,1.71950101852417,-0.33989471197128296,0.19632257521152496
8.702776670455933,1.7075921831244412,1.718738079071045,-0.4899519383907318,0.19803158938884735
8.70584487915039,1.706584995238462,1.71797513961792,-0.6490730047225952,0.1604333519935608
8.708910703659058,1.705565663263565,1.717212200164795,-0.3006179928779602,0.18649576604366302
8.711980104446411,1.7045322926969848,1.71644926071167,-0.5403066873550415,0.2386205792427063
8.715063333511353,1.7034814193817736,1.7153048515319824,-0.5392996072769165,0.13351644575595856
8.718146324157715,1.7024178511795278,1.7145417928695679,-0.582604706287384,0.2710917890071869
8.721194982528687,1.701353661608875,1.7137788534164429,-0.5493705868721008,0.21939422190189362
8.724263191223145,1.7002702317928104,1.7126344442367554,-0.4466468393802643,0.2078583985567093
8.72732949256897,1.6991751319048014,1.7118715047836304,-0.29558250308036804,0.22580300271511078
8.730399131774902,1.6980665818733895,1.7111085653305054,-0.4436255395412445,0.18307773768901825
8.733476400375366,1.6969430696472423,1.7099641561508179,-0.5544060468673706,0.191622793674469
8.736548900604248,1.6958092092541104,1.7092012166976929,-0.45571067929267883,0.3206530809402466
8.739618062973022,1.6946646260840441,1.7080568075180054,-0.6782788038253784,0.16983291506767273
8.742684125900269,1.6935093750658798,1.7069122791290283,-0.5926756858825684,0.20102235674858093
8.745753049850464,1.6923413191614052,1.7057678699493408,-0.5544060468673706,0.1749599426984787
8.748829364776611,1.691158784440237,1.7046234607696533,-0.5906614661216736,0.24075685441493988
8.751898765563965,1.689967376982561,1.7038605213165283,-0.546349287033081,0.2710917890071869
8.754966020584106,1.6887654076563343,1.7027161121368408,-0.6390020847320557,0.27450981736183167
8.75803518295288,1.68755140125015,1.7015717029571533,-0.7094987630844116,0.18649576604366302
8.761114835739136,1.686322007792637,1.7004272937774658,-0.6631723642349243,0.24631112813949585
8.764205694198608,1.6850769385073918,1.6996643543243408,-0.6641794443130493,0.286472886800766
8.767288208007812,1.6838241698406242,1.6985198259353638,-0.5403066873550415,0.1745326966047287
8.770357131958008,1.6825660679776049,1.6973754167556763,-0.45067521929740906,0.17837797105312347
8.773423671722412,1.6812982407933572,1.6962310075759888,-0.7568322420120239,0.15487907826900482
8.776492357254028,1.6800189345251066,1.6950865983963013,-0.4456397294998169,0.19632257521152496
8.779570579528809,1.6787251269390249,1.6943236589431763,-0.5171434879302979,0.18777751922607422
8.782646656036377,1.677421811107429,1.6931792497634888,-0.7679103016853333,0.16214236617088318
8.785713911056519,1.6761119922105197,1.6920348405838013,-0.5584344267845154,0.05575646460056305
8.788780689239502,1.6747922750516415,1.6908903121948242,-0.43758296966552734,0.0788281038403511
8.79184627532959,1.673463098090017,1.6897459030151367,-0.6430304646492004,0.10702677816152573
8.794915437698364,1.6721225057808393,1.6886014938354492,-0.7306477427482605,0.10617227107286453
8.797993659973145,1.670768167174675,1.6874570846557617,-0.6259098052978516,0.125825896859169
8.801069498062134,1.669405211878095,1.6863126754760742,-0.5151293277740479,0.1288166642189026
8.804144382476807,1.668033148961582,1.6851682662963867,-0.5886473059654236,0.13778896629810333
8.80719804763794,1.6666612505261376,1.6840238571166992,-0.4305332899093628,0.16171512007713318
8.810269594192505,1.6652720932820544,1.6828793287277222,-0.6601510643959045,0.13009841740131378
8.813348054885864,1.663870655080412,1.6813534498214722,-0.7880522012710571,0.2070038914680481
8.81642460823059,1.6624610603126557,1.6802090406417847,-0.772945761680603,0.19333180785179138
8.819494247436523,1.6610457729039965,1.6786831617355347,-0.8474708199501038,0.18051423132419586
8.822561502456665,1.6596228760377474,1.6775387525558472,-0.6390020847320557,0.2057221382856369
8.825627088546753,1.6581921871862628,1.6763943433761597,-0.6964064836502075,0.20059509575366974
8.828693866729736,1.6567525059456691,1.6748683452606201,-0.8112154006958008,0.20230410993099213
8.831762790679932,1.655303504633974,1.6737239360809326,-0.9703364372253418,0.2578469514846802
8.834840059280396,1.6538423490963372,1.6721980571746826,-0.6923781037330627,0.221530482172966
8.837913513183594,1.6523749308495508,1.6710536479949951,-0.6903639435768127,0.19717708230018616
8.840983390808105,1.6509013017377898,1.6695277690887451,-0.6379949450492859,0.15487907826900482
8.844051837921143,1.6494205880970458,1.6683833599090576,-0.6037537455558777,0.2082856446504593
8.847124338150024,1.6479302717253053,1.6672388315200806,-0.7326619625091553,0.19845883548259735
8.850196123123169,1.646432791792715,1.6657129526138306,-0.4154268801212311,0.16171512007713318
8.853266716003418,1.6449285271171223,1.6641870737075806,-0.7407187223434448,0.16342411935329437
8.856335163116455,1.6434180967230545,1.6626611948013306,-0.9592584371566772,0.24972915649414062
8.859411001205444,1.6418969286813816,1.6611353158950806,-0.9028610587120056,0.24716563522815704
8.86249566078186,1.6403644019909842,1.6599907875061035,-0.9028610587120056,0.11898985505104065
8.86557650566101,1.6388269210086586,1.6584649085998535,-0.7759670615196228,0.19717708230018616
8.868653297424316,1.6372847746768442,1.657320499420166,-0.652094304561615,0.07156481593847275
8.871790170669556,1.6357057830541295,1.655794620513916,-0.8323643803596497,0.09933622926473618
8.874861717224121,1.6341532356293937,1.6546502113342285,-0.6742504239082336,0.09378194808959961
8.877938747406006,1.6325916742258513,1.6531243324279785,-0.6128175854682922,0.12411688268184662
8.881014347076416,1.631024741073682,1.651598334312439,-0.7538109421730042,-0.0036316472105681896
8.884090662002563,1.6294514914630946,1.6504539251327515,-0.8907759189605713,0.11514458060264587
8.887159585952759,1.6278762366260962,1.6489280462265015,-0.9582512974739075,0.10446326434612274
8.89019775390625,1.6263112209707478,1.6474021673202515,-0.8504921197891235,0.09848172962665558
8.89326810836792,1.6247241635883483,1.6458762884140015,-0.7517967224121094,0.21896696090698242
8.896336555480957,1.6231327535533198,1.644350290298462,-0.6440375447273254,0.12368962913751602
8.899413585662842,1.6215316813840126,1.642824411392212,-0.9914854764938354,0.2501564025878906
8.902486085891724,1.619927908959914,1.641298532485962,-0.880704939365387,0.1903410404920578
8.905556440353394,1.6183203575736524,1.639772653579712,-0.930052638053894,0.1903410404920578
8.908622980117798,1.6167100645501553,1.6378653049468994,-0.9360952377319336,0.18179598450660706
8.911694765090942,1.6150924190411895,1.6363393068313599,-1.013641595840454,0.126253142952919
8.914780139923096,1.6134631360564904,1.6351948976516724,-0.8736553192138672,0.221957728266716
8.917855978012085,1.6118345711393336,1.6336690187454224,-0.6138246655464172,0.17837797105312347
8.920924186706543,1.6102059020345358,1.6321431398391724,-0.7306477427482605,0.18051423132419586
8.923990964889526,1.6085740079056392,1.6302357912063599,-0.8978255987167358,0.18179598450660706
8.927057027816772,1.6069386637697174,1.6287097930908203,-0.9330739378929138,0.19290456175804138
8.930125713348389,1.6052982377176068,1.6271839141845703,-0.9421377778053284,0.18094147741794586
8.933197021484375,1.6036528729584718,1.6256580352783203,-0.8716410994529724,0.14932478964328766
8.93627119064331,1.602002585689575,1.6241321563720703,-0.9250171780586243,0.13180743157863617
8.939343214035034,1.6003502161734795,1.6226062774658203,-0.7266193628311157,0.2211032211780548
8.942412376403809,1.5986963107106342,1.6210802793502808,-0.8948042988777161,0.09121843427419662
8.945491075515747,1.5970343330579342,1.6191729307174683,-0.8525062799453735,0.15146104991436005
8.94856882095337,1.5953700892236673,1.6180285215377808,-0.9552300572395325,0.0946364551782608
8.951645612716675,1.5937037373091985,1.6165026426315308,-0.582604706287384,0.042084380984306335
8.954715967178345,1.5920384117343558,1.6149767637252808,-0.9532158374786377,0.11856260150671005
8.957786798477173,1.5903705246052144,1.6134508848190308,-0.8615701794624329,0.10360875725746155
8.96086311340332,1.588697505561959,1.6119248867034912,-0.880704939365387,0.07327382266521454
8.963939189910889,1.5870226171141946,1.6100175380706787,-0.8897688388824463,0.1587243527173996
8.96701693534851,1.5853449759117237,1.6081101894378662,-0.9542229175567627,0.18478675186634064
8.970086097717285,1.5836703324143053,1.6065843105316162,-1.0025634765625,0.2740825414657593
8.973153352737427,1.5819952083815016,1.6046768426895142,-1.067017674446106,0.2394750863313675
8.976197242736816,1.5803314946805536,1.6031509637832642,-0.9149461984634399,0.17795071005821228
8.979275226593018,1.5786479342546849,1.6016250848770142,-0.8162508606910706,0.1582970917224884
8.982352018356323,1.57696396467125,1.6000992059707642,-0.9068894386291504,0.14718852937221527
8.985422611236572,1.5752824868101323,1.5981918573379517,-0.6440375447273254,0.1271076500415802
8.988489866256714,1.5736020944138063,1.596665859222412,-0.8595559597015381,0.13052567839622498
8.991556644439697,1.5719213775001377,1.595139980316162,-0.7366903424263,0.10104524344205856
8.994623899459839,1.5702399694812461,1.5932326316833496,-0.9109178185462952,0.191622793674469
8.997692823410034,1.56855737269605,1.5917067527770996,-0.7890592813491821,0.0963454619050026
9.00076961517334,1.5668703443213807,1.5901808738708496,-0.7789883017539978,0.1112993061542511
9.003841161727905,1.565186231171474,1.58865487575531,-0.8937972187995911,0.063019759953022
9.00690746307373,1.5635051894569694,1.5867475271224976,-0.8182650208473206,0.09207294136285782
9.00997543334961,1.561823584527566,1.5852216482162476,-0.9582512974739075,0.1283894032239914
9.01305365562439,1.560136871059976,1.5836957693099976,-0.8373998403549194,0.12497138977050781
9.016133069992065,1.5584501739597687,1.5821698904037476,-0.8585488796234131,0.0963454619050026
9.019197940826416,1.556772264277514,1.580643892288208,-0.6772716641426086,0.063019759953022
9.022267818450928,1.5550925913311007,1.5787365436553955,-0.965300977230072,0.13522544503211975
9.025334596633911,1.5534157471841483,1.5772106647491455,-0.9129320383071899,0.11770809441804886
9.028404951095581,1.5517382380070501,1.5756847858428955,-0.8484779000282288,0.11642633378505707
9.03148365020752,1.5500576228853964,1.574158787727356,-0.8736553192138672,0.10318150371313095
9.034560441970825,1.5483796596851072,1.5722514390945435,-1.018676996231079,0.21512168645858765
9.037628173828125,1.546708396493193,1.5707255601882935,-0.9894712567329407,0.17923247814178467
9.04069471359253,1.5450396934801987,1.568818211555481,-0.999542236328125,0.14547951519489288
9.043761730194092,1.5433727967407709,1.567292332649231,-0.771938681602478,0.1736781895160675
9.046831369400024,1.5417066981885432,1.565384864807129,-0.9089036583900452,0.16556039452552795
9.049909114837646,1.5400385888111459,1.5634775161743164,-1.08212411403656,0.13437095284461975
9.052983522415161,1.5383748322557589,1.5619516372680664,-0.9481803774833679,0.19845883548259735
9.056061267852783,1.5367119714391466,1.560044288635254,-0.9189745783805847,0.11770809441804886
9.059140920639038,1.535050941735806,1.5585182905197144,-0.7709315419197083,0.13095292448997498
9.062197923660278,1.5334051126949495,1.5569924116134644,-0.8887617588043213,0.18051423132419586
9.065276622772217,1.5317507621623416,1.5554665327072144,-0.771938681602478,0.10489051789045334
9.068352222442627,1.5301013968702246,1.5535591840744019,-0.8887617588043213,0.07113756239414215
9.071419477462769,1.5284599644507209,1.5520333051681519,-0.928038477897644,0.10275425016880035
9.074487209320068,1.5268218834056593,1.5505073070526123,-1.0025634765625,0.049774929881095886
9.077563762664795,1.5251828672872145,1.5485999584197998,-0.8696269392967224,0.10189975053071976
9.08063530921936,1.5235504425613298,1.5470740795135498,-1.1052871942520142,0.05703822523355484
9.08371114730835,1.5219198185796337,1.5455482006072998,-0.8585488796234131,0.1266804039478302
9.086782932281494,1.5202955714659645,1.5440223217010498,-0.8555275797843933,0.08651865273714066
9.08984923362732,1.5186785887822518,1.5421148538589478,-1.071045994758606,0.04293888807296753
9.092918157577515,1.5170647400545771,1.5405889749526978,-0.771938681602478,0.1591515988111496
9.095988750457764,1.5154546863880032,1.5390630960464478,-0.6228885054588318,0.14590676128864288
9.09906816482544,1.5138448519239152,1.5371557474136353,-0.8887617588043213,0.2228122353553772
9.102150201797485,1.512238655054306,1.5356298685073853,-1.0549324750900269,0.17965972423553467
9.10519790649414,1.5106554251973574,1.5341038703918457,-0.8766765594482422,0.1728236824274063
9.108266592025757,1.5090665423171608,1.5321965217590332,-1.158663272857666,0.20059509575366974
9.111335277557373,1.50748307092304,1.5306706428527832,-0.7094987630844116,0.126253142952919
9.114413499832153,1.505900263222727,1.5287632942199707,-0.9965209364891052,0.1253986358642578
9.117489337921143,1.504324416031328,1.5272372961044312,-0.7256122827529907,0.1882047802209854
9.120559453964233,1.502757363464405,1.5257114171981812,-1.0055848360061646,0.11514458060264587
9.123629331588745,1.5011964353406793,1.5238040685653687,-0.6933852434158325,0.045075152069330215
9.126695394515991,1.4996435830513126,1.5222781896591187,-0.8686197996139526,0.1104447990655899
9.129763841629028,1.4980958071273442,1.5207523107528687,-0.8384069800376892,0.04122987762093544
9.132840633392334,1.496550278510228,1.519226312637329,-0.7467612624168396,0.08609139919281006
9.135915517807007,1.4950123113394924,1.517700433731079,-0.7538109421730042,0.063019759953022
9.138986349105835,1.4934831028748297,1.516174554824829,-0.6802929639816284,0.09762722253799438
9.142053365707397,1.4919626505971104,1.514648675918579,-0.8887617588043213,0.07284656912088394
9.145126104354858,1.4904463748290901,1.513122797012329,-0.65310138463974,0.043366141617298126
9.148199796676636,1.4889367927260597,1.5115967988967896,-0.8827191591262817,0.03311207890510559
9.151275396347046,1.487433586819239,1.5100709199905396,-0.9058823585510254,0.03439383581280708
9.15435242652893,1.485937142499902,1.5085450410842896,-0.9512016773223877,0.10318150371313095
9.15742826461792,1.484448875795188,1.5070191621780396,-0.9109178185462952,0.11429007351398468
9.160496711730957,1.4829718926764288,1.505111813545227,-0.7991302609443665,0.1288166642189026
9.163563251495361,1.4815036558153627,1.5039674043655396,-0.73870450258255,0.09079118072986603
9.166630744934082,1.480042928096036,1.5020599365234375,-0.8535133600234985,0.10489051789045334
9.169699668884277,1.4785896274953692,1.5005340576171875,-0.6732432842254639,0.09378194808959961
9.172775983810425,1.4771411020699723,1.4990081787109375,-0.8293430805206299,0.13308918476104736
9.175849914550781,1.4757021097900234,1.4974822998046875,-0.8212863206863403,0.11685358732938766
9.178921937942505,1.4742725439071538,1.495956301689148,-0.8464637398719788,0.10617227107286453
9.181992530822754,1.472852301687572,1.494430422782898,-0.9219958782196045,0.08352788537740707
9.185069799423218,1.4714377886609673,1.492904543876648,-0.9330739378929138,0.10446326434612274
9.188144445419312,1.470033428262074,1.491378664970398,-0.9814144968986511,0.14932478964328766
9.191195726394653,1.4686487108141943,1.4894713163375854,-1.152620792388916,0.12368962913751602
9.194262742996216,1.4672659869653428,1.487945318222046,-0.7578393220901489,0.16171512007713318
9.197330713272095,1.46589212381714,1.4868009090423584,-0.7689173817634583,0.11514458060264587
9.20039701461792,1.4645284200320072,1.4852750301361084,-0.6923781037330627,0.024994278326630592
9.203463792800903,1.4631740424195665,1.4837491512298584,-0.8464637398719788,0.05276569724082947
9.206531047821045,1.461829121177558,1.482604742050171,-0.6269168853759766,0.05874723568558693
9.209597826004028,1.460494199308355,1.481078863143921,-0.5554131269454956,0.01730373129248619
9.212665319442749,1.4591688830262248,1.4799343347549438,-0.723598062992096,0.04122987762093544
9.21573281288147,1.4578536078965827,1.4784084558486938,-0.7648890018463135,0.005767910275608301
9.21880030632019,1.4565484960657187,1.4772640466690063,-0.7588464021682739,0.061310749500989914
9.221866607666016,1.4552541699201864,1.4757381677627563,-0.7799954414367676,-0.026276035234332085
9.22493314743042,1.4539701409674304,1.4742122888565063,-0.8112154006958008,0.07071030884981155
9.228002786636353,1.4526953476036384,1.4726864099502563,-0.737697422504425,0.11642633378505707
9.231074094772339,1.4514305270901064,1.4715418815612793,-0.7810025215148926,0.16769665479660034
9.23414659500122,1.450176008519084,1.4700160026550293,-0.6702220439910889,0.1420614868402481
9.23720097541809,1.4489397036336091,1.4684901237487793,-0.8142366409301758,0.1899137794971466
9.240283489227295,1.4477030600650662,1.4669642448425293,-0.7971160411834717,0.2082856446504593
9.243351936340332,1.4464831979355792,1.4654383659362793,-0.7366903424263,0.17923247814178467
9.246419668197632,1.4452748424397521,1.4642938375473022,-0.844449520111084,0.14804303646087646
9.249486684799194,1.4440780979241687,1.4627679586410522,-0.5574273467063904,0.11514458060264587
9.252556562423706,1.44289169212641,1.4612420797348022,-0.7920805811882019,0.095490962266922
9.25563645362854,1.441713043946761,1.4604791402816772,-0.48592355847358704,0.08822766691446304
9.258713245391846,1.440547320810956,1.4589532613754272,-0.7991302609443665,0.09250018745660782
9.261784791946411,1.4393953965903061,1.4574273824691772,-0.6208743453025818,0.08053711801767349
9.264852523803711,1.438256789652675,1.4562828540802002,-0.8303502202033997,0.08438239246606827
9.267918825149536,1.4371306903285446,1.4551384449005127,-0.6400091648101807,0.08053711801767349
9.27098798751831,1.4360156356265166,1.4536125659942627,-0.7648890018463135,0.07583733648061752
9.274075269699097,1.4349063109347404,1.4524681568145752,-0.7286335825920105,0.10531777143478394
9.277157306671143,1.4338112926692435,1.4513237476348877,-0.8414282202720642,0.0480659194290638
9.280197620391846,1.4327433587313418,1.4497978687286377,-0.7658960819244385,-0.018585488200187683
9.28327465057373,1.4316750262735047,1.4486533403396606,-0.4436255395412445,0.03994812071323395
9.286344766616821,1.4306217244909434,1.4475089311599731,-0.4949873983860016,0.06173800304532051
9.289411544799805,1.4295822610738431,1.4463645219802856,-0.6641794443130493,0.05276569724082947
9.292478322982788,1.428555580481056,1.4456015825271606,-0.3701075613498688,-0.0061951628886163235
9.29554533958435,1.4275416997010397,1.4444571733474731,-0.5604485869407654,-0.05831998214125633
9.298612356185913,1.4265407931758178,1.4433127641677856,-0.6037537455558777,0.020294498652219772
9.301678895950317,1.4255531063897473,1.4421683549880981,-0.460746169090271,0.0006408789195120335
9.304745435714722,1.424578574385374,1.441023826599121,-0.5151293277740479,-0.0019226367585361004
9.307811975479126,1.423617287608767,1.4398794174194336,-0.4436255395412445,0.02243076264858246
9.310878992080688,1.4226691889146128,1.4391164779663086,-0.7094987630844116,-0.08267337828874588
9.313946008682251,1.4217345168323914,1.437972068786621,-0.6108033657073975,0.06686503440141678
9.317012548446655,1.4208135002959688,1.436446189880371,-0.7981231212615967,0.02200350910425186
9.32008171081543,1.419905308208637,1.435683250427246,-0.5644770264625549,0.07156481593847275
9.323153495788574,1.4190100600211029,1.4345388412475586,-0.6047608256340027,0.13949798047542572
9.326198101043701,1.4181363593348677,1.433012843132019,-0.6994277834892273,0.1736781895160675
9.329267740249634,1.4172692895197958,1.4318684339523315,-0.6269168853759766,0.22494849562644958
9.332334756851196,1.4164168943653743,1.430724024772644,-0.4295262098312378,0.18307773768901825
9.335403680801392,1.4155779892659641,1.429961085319519,-0.44966810941696167,0.15188831090927124
9.338481903076172,1.4147507091328824,1.4288166761398315,-0.37212178111076355,0.15317006409168243
9.341559886932373,1.413937756839916,1.427672266960144,-0.4436255395412445,0.06942854821681976
9.344627857208252,1.4131417185667279,1.426909327507019,-0.5362783074378967,0.10019073635339737
9.347695112228394,1.4123601808963535,1.425764799118042,-0.48491644859313965,0.04464789852499962
9.350764036178589,1.411592615660724,1.425001859664917,-0.4798809885978699,0.0788281038403511
9.35384225845337,1.4108372636747062,1.4238574504852295,-0.65310138463974,-0.0023498893715441227
9.35692024230957,1.410096599893908,1.4230945110321045,-0.30565345287323,0.026276035234332085
9.359992742538452,1.4093719147480217,1.4223315715789795,-0.3207598924636841,0.07370107620954514
9.363060474395752,1.408663033594748,1.421187162399292,-0.6198672652244568,0.03353932872414589
9.366130590438843,1.4079683525029651,1.420424222946167,-0.49901577830314636,0.02200350910425186
9.369197368621826,1.407289223817798,1.419661283493042,-0.3983062505722046,0.046784162521362305
9.372273683547974,1.4066229048219938,1.418898344039917,-0.2845044732093811,0.03524833917617798
9.375348091125488,1.405971991891996,1.41775381565094,-0.6359807848930359,0.0480659194290638
9.378414630889893,1.4053377359893595,1.416990876197815,-0.3640649914741516,0.05404745414853096
9.381484031677246,1.4047179403631547,1.41622793674469,-0.5896543860435486,0.019439993426203728
9.384580612182617,1.4041079746173142,1.4150835275650024,-0.4597390592098236,0.020294498652219772
9.387655258178711,1.4035176089896129,1.4143205881118774,-0.652094304561615,0.08609139919281006
9.390727281570435,1.4029430077265184,1.4135576486587524,-0.21803615987300873,0.019867246970534325
9.393795251846313,1.402384442086448,1.4127947092056274,-0.3318379521369934,0.03994812071323395
9.396862745285034,1.4018412790292236,1.4120317697525024,-0.2502632141113281,0.06814679503440857
9.399929523468018,1.401313602268032,1.41165030002594,-0.36003661155700684,0.05191119387745857
9.402995347976685,1.4008014892467413,1.410887360572815,-0.32378119230270386,-0.03823911026120186
9.4060640335083,1.4003043647287818,1.4101243019104004,-0.16868849098682404,-0.03311207890510559
9.409136295318604,1.3998222078227534,1.409742832183838,-0.33989471197128296,-0.010894942097365856
9.412195444107056,1.3993576099746312,1.408979892730713,-0.3026321828365326,0.030975814908742905
9.415262699127197,1.3989073537032355,1.408216953277588,-0.4144197702407837,-0.05831998214125633
9.418329238891602,1.39847283201406,1.4078354835510254,-0.35802242159843445,-0.05447470769286156
9.421395063400269,1.39805407428571,1.4070725440979004,-0.2079652100801468,-0.0006408789195120335
9.424461603164673,1.397650923992446,1.406691074371338,-0.24119935929775238,-0.005767910275608301
9.42752981185913,1.3972633115272908,1.405928134918213,-0.3842069208621979,0.03695734962821007
9.430597305297852,1.3968915814268834,1.405165195465088,-0.28047609329223633,0.024567024782299995
9.433663368225098,1.3965358382966344,1.4047837257385254,-0.29054704308509827,-0.01516746822744608
9.436732530593872,1.3961956025312858,1.4040207862854004,-0.42449072003364563,-0.00961318425834179
9.439809083938599,1.3958705115758272,1.403639316558838,-0.2381780743598938,0.0643015205860138
9.442883491516113,1.3955616442897036,1.402876377105713,-0.4456397294998169,0.04080262407660484
9.445955038070679,1.3952690622409543,1.4024949073791504,-0.35500115156173706,0.045502401888370514
9.449037313461304,1.3949915598747136,1.4017318487167358,-0.3499656617641449,0.08438239246606827
9.452115535736084,1.3947305462788318,1.4013503789901733,-0.3469443917274475,0.05746547505259514
9.455204486846924,1.3944848451148741,1.4009689092636108,-0.41844815015792847,0.15530632436275482
9.458285570144653,1.394255981131096,1.4002059698104858,-0.330830842256546,0.06088349595665932
9.461368560791016,1.3940432026791798,1.3998245000839233,-0.2502632141113281,0.12967117130756378
9.464447736740112,1.3938469095339938,1.3994430303573608,-0.24623483419418335,0.09890898317098618
9.467525243759155,1.3936669399469235,1.3990615606307983,0.1414969116449356,0.16171512007713318
9.470595598220825,1.393503561682268,1.3982986211776733,-0.27846190333366394,0.11728084087371826
9.473672151565552,1.3933560720212121,1.3979171514511108,-0.32881665229797363,0.11429007351398468
9.476744890213013,1.3932249836023538,1.3979171514511108,-0.03776608034968376,0.13693445920944214
9.479813814163208,1.393110248253284,1.3971542119979858,-0.3036392629146576,0.16342411935329437
9.482890605926514,1.3930114720233078,1.3967727422714233,-0.2240787297487259,0.13565270602703094
9.485963582992554,1.3929290712795874,1.3963912725448608,-0.26436254382133484,0.13223467767238617
9.489030838012695,1.3928630292274702,1.3960098028182983,-0.37514305114746094,0.1582970917224884
9.49209976196289,1.3928131607554795,1.3960098028182983,-0.2996108829975128,0.125825896859169
9.495171308517456,1.3927794890217244,1.3956283330917358,-0.30666056275367737,0.16214236617088318
9.498260736465454,1.3927620128642633,1.3952468633651733,-0.17170977592468262,0.15017929673194885
9.501338005065918,1.3927609493703366,1.3952468633651733,-0.15358205139636993,0.08267337828874588
9.50441026687622,1.3927761595750219,1.3948653936386108,-0.13646143674850464,0.11856260150671005
9.507480144500732,1.3928075963601982,1.3944838047027588,-0.1284046620130539,0.09677271544933319
9.510547161102295,1.3928552103245753,1.3944838047027588,-0.13847562670707703,0.10019073635339737
9.513616561889648,1.3929190746895859,1.3944838047027588,0.10624857246875763,0.125825896859169
9.516693592071533,1.3929993720436866,1.3941023349761963,0.02668802998960018,0.09164568781852722
9.51976752281189,1.3930958508668823,1.3941023349761963,-0.04481574892997742,0.14633402228355408
9.522836446762085,1.3932083780400828,1.3937208652496338,-0.04582284390926361,0.14889752864837646
9.525903224945068,1.3933369913909837,1.3937208652496338,0.18278782069683075,0.1437705010175705
9.528971910476685,1.3934818470575654,1.3937208652496338,-0.046829938888549805,0.11215381324291229
9.53204894065857,1.3936433164562492,1.3933393955230713,0.04078736528754234,0.11770809441804886
9.535129070281982,1.3938211997951762,1.3937208652496338,0.13948272168636322,0.10489051789045334
9.538204908370972,1.394015044191987,1.3933393955230713,-0.09919890016317368,0.08224612474441528
9.541293382644653,1.3942259642497377,1.3933393955230713,0.02366674318909645,0.14505226910114288
9.544363260269165,1.3944517603216402,1.3933393955230713,0.00553902518004179,0.08352788537740707
9.547432661056519,1.3946935938065186,1.3933393955230713,-0.07301442325115204,0.095918208360672
9.55051326751709,1.3949524468825745,1.3933393955230713,0.05085831880569458,0.0963454619050026
9.553590536117554,1.3952271351712664,1.3933393955230713,0.08812084794044495,0.12283512949943542
9.556667566299438,1.3955178815747704,1.3933393955230713,0.02668802998960018,0.17837797105312347
9.559735298156738,1.3958237283338104,1.3933393955230713,0.11329823732376099,0.17837797105312347
9.562812089920044,1.3961464752732655,1.3933393955230713,0.01258869282901287,0.19974060356616974
9.565894842147827,1.3964858843109713,1.3933393955230713,0.2583199739456177,0.11386281996965408
9.568978071212769,1.3968413701296363,1.3937208652496338,-0.01359578873962164,0.18521401286125183
9.572054147720337,1.3972119678735113,1.3937208652496338,-0.07502861320972443,0.22580300271511078
9.57512617111206,1.397597929394164,1.3937208652496338,0.2220645397901535,0.2685282528400421
9.578200578689575,1.398000014524063,1.3941023349761963,0.2734264135360718,0.2369115799665451
9.581272602081299,1.3984175621875288,1.3941023349761963,-0.0015106431674212217,0.20059509575366974
9.584349393844604,1.398851523914467,1.3941023349761963,0.16969558596611023,0.23349355161190033
9.587421655654907,1.3993005496525959,1.3941023349761963,-0.1576104313135147,0.2565651834011078
9.590489864349365,1.3997646015863654,1.3944838047027588,0.1102769523859024,0.2052948772907257
9.593556880950928,1.4002440292920169,1.3944838047027588,0.10826276242733002,0.27621880173683167
9.596625566482544,1.4007392390654791,1.3944838047027588,0.04481574892997742,0.23135729134082794
9.599703311920166,1.4012514588460143,1.3952468633651733,0.3519798517227173,0.24844738841056824
9.602778196334839,1.401778703891706,1.3952468633651733,0.2673838436603546,0.2715190351009369
9.605851173400879,1.402321052523361,1.3956283330917358,-0.10121309012174606,0.287754625082016
9.608920812606812,1.4028781623254754,1.3956283330917358,0.011581597849726677,0.3633783459663391
9.611990690231323,1.4034506072770812,1.3963912725448608,0.11531242728233337,0.3159533143043518
9.61506986618042,1.4040400945836198,1.3963912725448608,0.10725566744804382,0.3693598806858063
9.618151426315308,1.4046453325820019,1.3967727422714233,0.24119935929775238,0.3625238537788391
9.621195316314697,1.4052581372490496,1.3971542119979858,0.26234835386276245,0.30740824341773987
9.624262809753418,1.405890683494694,1.3975356817245483,0.26234835386276245,0.32193484902381897
9.627333402633667,1.4065388805443935,1.3979171514511108,0.20091554522514343,0.3996948301792145
9.630402326583862,1.4072016720551046,1.3982986211776733,0.27846190333366394,0.27750056982040405
9.633478879928589,1.4078810478481771,1.3986800909042358,0.26033416390419006,0.3304798901081085
9.636555910110474,1.4085754240987678,1.3990615606307983,0.09919890016317368,0.32193484902381897
9.6396324634552,1.4092845207317348,1.3994430303573608,0.269398033618927,0.3321889042854309
9.64271068572998,1.4100087746208547,1.4002059698104858,0.14854657649993896,0.2557106912136078
9.645780324935913,1.410745656540719,1.4005874395370483,0.07603570818901062,0.3334706723690033
9.648857831954956,1.411499041569947,1.4013503789901733,0.330830842256546,0.2565651834011078
9.651932954788208,1.4122663887857116,1.4017318487167358,0.401327520608902,0.19589532911777496
9.655011892318726,1.4130491833736336,1.4024949073791504,0.35902953147888184,0.1924773007631302
9.658087491989136,1.4138455371576195,1.402876377105713,0.24119935929775238,0.29501792788505554
9.661158323287964,1.4146549486575664,1.403639316558838,0.3852140009403229,0.287754625082016
9.664201736450195,1.4154711497165684,1.404402256011963,0.38722819089889526,0.2236667424440384
9.667285203933716,1.4163122463973736,1.4047837257385254,0.3962920606136322,0.2228122353553772
9.670356750488281,1.4171641769312564,1.4055466651916504,0.26436254382133484,0.24502937495708466
9.673433065414429,1.4180314414490758,1.4063096046447754,0.365072101354599,0.19803158938884735
9.67650842666626,1.4189123719592232,1.406691074371338,0.32378119230270386,0.24802014231681824
9.679562330245972,1.4198008619872486,1.407454013824463,0.2895399332046509,0.22494849562644958
9.682639122009277,1.4207097398707909,1.408216953277588,0.5010299682617188,0.1920500546693802
9.685710668563843,1.4216307287858783,1.4093613624572754,0.5523918271064758,0.2074311375617981
9.68877911567688,1.4225643308516938,1.409742832183838,0.41744107007980347,0.2377660721540451
9.691845655441284,1.4235107889544265,1.4105058908462524,0.32579538226127625,0.1886320263147354
9.69491457939148,1.424471342785415,1.41165030002594,0.4164339601993561,0.22452124953269958
9.698004961013794,1.4254520278785459,1.4120317697525024,0.5392996072769165,0.2061493843793869
9.701085567474365,1.426442917360528,1.4127947092056274,0.4768596887588501,0.18222324550151825
9.704165697097778,1.4274468428090166,1.413939118385315,0.3781643509864807,0.2399023473262787
9.707202672958374,1.4284495237387147,1.4143205881118774,0.32478827238082886,0.2057221382856369
9.710272789001465,1.429475992144364,1.415464997291565,0.7558251023292542,0.2236667424440384
9.713342428207397,1.4305151186921947,1.41622793674469,0.3610437214374542,0.287754625082016
9.716420888900757,1.4315700061903056,1.416990876197815,0.48390936851501465,0.2728008031845093
9.71949577331543,1.432636340620111,1.41775381565094,0.33989471197128296,0.3138170540332794
9.722566843032837,1.4337138943211045,1.418898344039917,0.38722819089889526,0.2676737606525421
9.725635290145874,1.43480294596348,1.419661283493042,0.5725337862968445,0.2052948772907257
9.72870397567749,1.435904395264924,1.420424222946167,0.548363447189331,0.34073394536972046
9.73178744316101,1.4370234496405603,1.4215686321258545,0.3207598924636841,0.21768520772457123
9.734862089157104,1.438151474276832,1.4223315715789795,0.5574273467063904,0.191622793674469
9.737940549850464,1.4392929698161914,1.423475980758667,0.6500800848007202,0.2860456109046936
9.741016387939453,1.4404454497569479,1.424238920211792,0.41945526003837585,0.26382848620414734
9.744088172912598,1.4416082318186358,1.425001859664917,0.46981003880500793,0.24545662105083466
9.747164249420166,1.442784367518378,1.426146388053894,0.426504909992218,0.3039902448654175
9.750260829925537,1.443980086712652,1.4272907972335815,0.5151293277740479,0.24545662105083466
9.75333857536316,1.4451800967746302,1.4280537366867065,0.4295262098312378,0.26340124011039734
9.756415843963623,1.446391334454554,1.429198145866394,0.5926756858825684,0.29587242007255554
9.759483575820923,1.447610065483708,1.4303425550460815,0.5121080279350281,0.3202258348464966
9.762553215026855,1.4488406809178105,1.4311054944992065,0.6923781037330627,0.32236209511756897
9.765631914138794,1.4500859928639727,1.432249903678894,0.5554131269454956,0.30740824341773987
9.768674373626709,1.451327418084379,1.433012843132019,0.654108464717865,0.3612420856952667
9.771745681762695,1.4525913596210211,1.434157371520996,0.44966810941696167,0.39114975929260254
9.774816513061523,1.4538657809434954,1.4353017807006836,0.6027466058731079,0.442847341299057
9.777883291244507,1.4551490559243363,1.436446189880371,0.5735408663749695,0.35654231905937195
9.780953168869019,1.4564440532011114,1.4375905990600586,0.5775692462921143,0.3210803270339966
9.784030675888062,1.4577526174369275,1.4383535385131836,0.7316548228263855,0.3014267086982727
9.787106037139893,1.4590704978101583,1.4398794174194336,0.8384069800376892,0.3018539845943451
9.790179967880249,1.460397860051086,1.4406423568725586,0.5604485869407654,0.23349355161190033
9.793264865875244,1.4617399800848503,1.4421683549880981,0.687342643737793,0.2689555287361145
9.796335220336914,1.4630856169195785,1.4436942338943481,0.6641794443130493,0.2403295934200287
9.799412250518799,1.4644439065336903,1.4448386430740356,0.8233005404472351,0.21896696090698242
9.802486181259155,1.465810424247132,1.4459830522537231,0.7538109421730042,0.2651102542877197
9.805556297302246,1.4671846925434868,1.4471274614334106,0.4879377484321594,0.19418631494045258
9.808626174926758,1.4685681656836174,1.4482718706130981,0.4426184594631195,0.1604333519935608
9.811696529388428,1.4699610383705028,1.4497978687286377,0.6651865243911743,0.1420614868402481
9.814765930175781,1.4713625299967301,1.4509422779083252,0.5987182259559631,0.2565651834011078
9.817842721939087,1.4727763483299625,1.4520866870880127,0.7991302609443665,0.32578012347221375
9.820915222167969,1.4741970070070853,1.4532310962677002,0.7366903424263,0.43387502431869507
9.823982954025269,1.4756241145517786,1.4547569751739502,0.722590982913971,0.4629282057285309
9.827049016952515,1.477058953108225,1.4559013843536377,0.6359807848930359,0.2984359562397003
9.830121278762817,1.4785050898312857,1.4570459127426147,0.7437399625778198,0.26254671812057495
9.833195686340332,1.4799605163210185,1.4585717916488647,0.6440375447273254,0.28134584426879883
9.836271524429321,1.481424772569583,1.4597162008285522,0.7004348635673523,0.22751201689243317
9.839348077774048,1.4828973898512183,1.4612420797348022,0.7568322420120239,0.3672236204147339
9.842418432235718,1.4843749001783915,1.4627679586410522,0.7689173817634583,0.24887464940547943
9.845489025115967,1.485860240835753,1.4642938375473022,0.8514991998672485,0.3018539845943451
9.848567724227905,1.4873571103220375,1.4654383659362793,0.6742504239082336,0.23263904452323914
9.85164499282837,1.488860756818924,1.4665827751159668,0.7910735011100769,0.40781262516975403
9.854727029800415,1.4903740804986216,1.4681086540222168,0.7326619625091553,0.35782405734062195
9.857803106307983,1.4918916677912075,1.4692530632019043,0.8555275797843933,0.3001449704170227
9.860870838165283,1.4934121512483887,1.4707789421081543,0.7658960819244385,0.33902496099472046
9.863940238952637,1.4949403295982209,1.4719233512878418,0.8283360004425049,0.2505836486816406
9.867017030715942,1.4964789394419058,1.4734493494033813,0.6581368446350098,0.20102235674858093
9.870097160339355,1.4980258453559268,1.4749752283096313,0.7779812216758728,0.3338979184627533
9.87317442893982,1.4995777911249513,1.4761196374893188,0.5141222476959229,0.286900132894516
9.8762526512146,1.5011365494051079,1.4776455163955688,0.7689173817634583,0.2984359562397003
9.879321575164795,1.502696758089884,1.4791713953018188,1.071045994758606,0.21255818009376526
9.8823983669281,1.5042669940981301,1.4806973934173584,0.7538109421730042,0.16171512007713318
9.88546872138977,1.5058398150160701,1.4822232723236084,1.014648675918579,0.22494849562644958
9.888535737991333,1.507416634404476,1.4837491512298584,0.6299381852149963,0.2048676311969757
9.891602277755737,1.5089987661286492,1.4852750301361084,0.8303502202033997,0.24161134660243988
9.8946692943573,1.5105865553347488,1.4868009090423584,0.6037537455558777,0.2719462811946869
9.897737979888916,1.512180477299711,1.488326907157898,0.8051728010177612,0.29672694206237793
9.9008150100708,1.5137838764574003,1.489852786064148,0.9230029582977295,0.28177309036254883
9.903888702392578,1.515390528363658,1.491378664970398,0.842435359954834,0.33859768509864807
9.906960487365723,1.5170010182958245,1.4925230741500854,0.7900663614273071,0.35483330488204956
9.910027503967285,1.5186136809264132,1.4940489530563354,0.771938681602478,0.2646830081939697
9.913100242614746,1.52023388407588,1.4955748319625854,0.9169604182243347,0.32236209511756897
9.916198968887329,1.521872230574548,1.497100830078125,0.8142366409301758,0.3009994626045227
9.919280052185059,1.5235055169318446,1.498626708984375,1.0378118753433228,0.3009994626045227
9.922351837158203,1.5251379583171318,1.500152587890625,0.7789883017539978,0.34030669927597046
9.925420045852661,1.5267724180954279,1.501678466796875,0.7407187223434448,0.27963683009147644
9.928568363189697,1.5284534644866683,1.503204345703125,0.8061798810958862,0.3544060289859772
9.931708335876465,1.5301338397398725,1.505111813545227,1.0287480354309082,0.35953307151794434
9.934880495071411,1.531835110828078,1.5062562227249146,0.7336690425872803,0.29587242007255554
9.938059568405151,1.5335436228216923,1.5077821016311646,0.7024490833282471,0.34244295954704285
9.94126033782959,1.5352671952860022,1.509689450263977,0.688349723815918,0.32535287737846375
9.944384813308716,1.5369528090808322,1.511215329170227,0.9149461984634399,0.26382848620414734
9.947486877441406,1.5386292244596167,1.5127413272857666,0.9411306977272034,0.28134584426879883
9.950557708740234,1.540291442771108,1.514648675918579,0.878690779209137,0.25955596566200256
9.953624486923218,1.5419539752205111,1.516174554824829,0.9421377778053284,0.21982146799564362
9.956679344177246,1.5436123837251279,1.517700433731079,0.7669031620025635,0.2698100209236145
9.959754467010498,1.5452839963513965,1.5196079015731812,0.8363927602767944,0.17795071005821228
9.962822675704956,1.546953897738663,1.5211337804794312,0.9512016773223877,0.19546806812286377
9.965889930725098,1.5486251688750259,1.5226596593856812,0.9431448578834534,0.23221179842948914
9.968942165374756,1.5502899766277531,1.5241855382919312,0.8172579407691956,0.32620736956596375
9.972009897232056,1.5519648121231022,1.5260928869247437,0.7850309014320374,0.24203860759735107
9.975080251693726,1.5536425048667681,1.5276188850402832,1.2341954708099365,0.2685282528400421
9.97815203666687,1.5553222501199373,1.5291447639465332,0.8011444211006165,0.2663919925689697
9.981200695037842,1.5569904516201882,1.5306706428527832,0.6823071837425232,0.4313115179538727
9.984276294708252,1.5586743522878095,1.5325779914855957,0.9058823585510254,0.3027084767818451
9.987345933914185,1.5603557919116335,1.5341038703918457,1.0096131563186646,0.3193713426589966
9.990418910980225,1.5620397059733626,1.5356298685073853,0.8917829990386963,0.37192338705062866
9.993490219116211,1.5637231946768928,1.5371557474136353,0.9260242581367493,0.3855954706668854
9.996560335159302,1.5654063620622543,1.5390630960464478,0.8726481795310974,0.35611504316329956
9.999629497528076,1.5670891819824633,1.5405889749526978,0.9411306977272034,0.31210803985595703
10.002717018127441,1.5687820864513717,1.5421148538589478,0.8817120790481567,0.34799724817276
10.005783557891846,1.5704633486339081,1.5440223217010498,0.8525062799453735,0.33987945318222046
10.008849143981934,1.5721437938068743,1.5455482006072998,0.8877546191215515,0.22879377007484436
10.011922597885132,1.5738280999844267,1.5470740795135498,0.9078965187072754,0.29159989953041077
10.015000104904175,1.5755140167436432,1.5489814281463623,0.8817120790481567,0.20871290564537048
10.018075942993164,1.5771982513646525,1.5505073070526123,0.9219958782196045,0.2578469514846802
10.021147012710571,1.5788789522528166,1.5524147748947144,1.1888761520385742,0.24631112813949585
10.024194955825806,1.5805459306809557,1.5539406538009644,0.8162508606910706,0.32236209511756897
10.02726125717163,1.5822217230770614,1.5554665327072144,0.8907759189605713,0.3009994626045227
10.030327320098877,1.5838959999609517,1.5573738813400269,0.963286817073822,0.27493706345558167
10.033393144607544,1.5855686063329775,1.5588998794555664,0.8746623992919922,0.2728008031845093
10.03645944595337,1.5872397770218758,1.560807228088379,0.880704939365387,0.3492790162563324
10.039526462554932,1.5889094858444843,1.562333106994629,1.1324788331985474,0.33859768509864807
10.042592287063599,1.5905765399654859,1.563858985900879,0.8051728010177612,0.3044174909591675
10.045660257339478,1.592242598558137,1.5657663345336914,0.9038681387901306,0.4009765684604645
10.048726081848145,1.5939051765720493,1.567292332649231,0.8525062799453735,0.3351796865463257
10.051795959472656,1.5955674788209342,1.568818211555481,0.8464637398719788,0.3539787828922272
10.054874897003174,1.5972320451699322,1.570344090461731,0.878690779209137,0.32278934121131897
10.0579514503479,1.5988925246387813,1.5722514390945435,1.0549324750900269,0.38730448484420776
10.061019897460938,1.6005456888083498,1.5737773180007935,0.9854428768157959,0.3206530809402466
10.064087152481079,1.6021951224674336,1.575303316116333,0.7699244618415833,0.41849392652511597
10.06715726852417,1.6038428492439405,1.576829195022583,0.844449520111084,0.2830548584461212
10.070197343826294,1.605471103272251,1.5787365436553955,1.0660104751586914,0.24075685441493988
10.073265790939331,1.6071110213087285,1.5802624225616455,0.8212863206863403,0.24374762177467346
10.076334238052368,1.6087472391842148,1.5821698904037476,0.810208261013031,0.16855116188526154
10.079411745071411,1.610384418726618,1.5836957693099976,0.9894712567329407,0.24161134660243988
10.08248496055603,1.6120152957173353,1.58560311794281,1.0025634765625,0.383031964302063
10.085551977157593,1.6136387270071955,1.58712899684906,0.6692149043083191,0.26126497983932495
10.088621616363525,1.6152592381940163,1.5890363454818726,0.9683222770690918,0.23050278425216675
10.091689825057983,1.6168745365322916,1.590562343597412,0.8243076205253601,0.32449835538864136
10.0947585105896,1.6184854781039864,1.592088222503662,0.7830166816711426,0.2381933331489563
10.097825050354004,1.6200905403803068,1.593614101409912,0.9209887981414795,0.3334706723690033
10.100890636444092,1.6216902056052567,1.595139980316162,0.722590982913971,0.35867857933044434
10.103956460952759,1.6232849491347334,1.5970473289489746,0.9965209364891052,0.3039902448654175
10.107022523880005,1.6248746218354886,1.5985733270645142,0.9078965187072754,0.2710917890071869
10.110088348388672,1.626458829013649,1.6004806756973267,0.8525062799453735,0.34842449426651
10.113157272338867,1.628039140728141,1.6020065546035767,0.8504921197891235,0.3027084767818451
10.116199731826782,1.629600251411994,1.6035324335098267,0.8384069800376892,0.32150760293006897
10.119267702102661,1.6311686873714768,1.6050583124160767,0.7105058431625366,0.38944074511528015
10.122333765029907,1.6327302199206224,1.6069657802581787,0.9924925565719604,0.4616464376449585
10.125399351119995,1.6342854396572681,1.6081101894378662,0.7799954414367676,0.3655146062374115
10.128466606140137,1.6358352872202995,1.6096360683441162,0.7799954414367676,0.3492790162563324
10.131532430648804,1.6373780520146914,1.6111619472503662,0.7346761226654053,0.34030669927597046
10.13459849357605,1.6389144344185482,1.6130692958831787,0.9713435769081116,0.3787594437599182
10.137664556503296,1.6404441716603457,1.6145952939987183,0.8706340193748474,0.23221179842948914
10.140730381011963,1.6419670036518745,1.6161211729049683,1.1485923528671265,0.3672236204147339
10.143797159194946,1.6434833787930385,1.6176470518112183,0.7991302609443665,0.28049135208129883
10.146862983703613,1.6449922133296968,1.6195544004440308,0.9169604182243347,0.2236667424440384
10.14992904663086,1.6464939564160974,1.6210802793502808,0.9501945376396179,0.18094147741794586
10.152997970581055,1.6479897420892398,1.6226062774658203,0.8384069800376892,0.2992904484272003
10.156076431274414,1.6494826396446958,1.6241321563720703,0.8343786001205444,0.1886320263147354
10.159152030944824,1.6509664730219993,1.6260395050048828,0.9421377778053284,0.42319372296333313
10.162195444107056,1.6524270888522845,1.6271839141845703,0.7769741415977478,0.29672694206237793
10.16526174545288,1.6538908183776984,1.6287097930908203,0.8212863206863403,0.2681010067462921
10.168336391448975,1.6553504624147775,1.6306172609329224,0.7991302609443665,0.3193713426589966
10.171409845352173,1.6568013294005213,1.6317616701126099,0.8585488796234131,0.3791866898536682
10.174476146697998,1.6582405043226678,1.6332875490188599,0.7034561634063721,0.3638055920600891
10.177545547485352,1.6596726815644887,1.6351948976516724,0.7054703831672668,0.35782405734062195
10.180622339248657,1.6610996864632748,1.6363393068313599,0.7699244618415833,0.39072251319885254
10.183694839477539,1.6625159548075825,1.638246774673462,0.9884641766548157,0.3629510998725891
10.186765432357788,1.6639224801776291,1.6393911838531494,0.877683699131012,0.34415197372436523
10.189831733703613,1.6653180667148044,1.6409170627593994,0.878690779209137,0.34201571345329285
10.19289755821228,1.6667043420253065,1.6424429416656494,0.7125200033187866,0.3988403081893921
10.195964336395264,1.668081822142503,1.6439688205718994,0.8595559597015381,0.29159989953041077
10.199034214019775,1.669451324478632,1.6451133489608765,0.9683222770690918,0.5791409015655518
10.20210599899292,1.6708121668162195,1.6466392278671265,0.73870450258255,0.37064164876937866
10.205177068710327,1.6721630551179625,1.6481651067733765,0.7497825622558594,0.4407110810279846
10.20826268196106,1.6735105093106208,1.6496909856796265,0.6762645840644836,0.2732280492782593
10.211330890655518,1.674840466550081,1.6512168645858765,0.810208261013031,0.45053789019584656
10.214406728744507,1.6761637010692445,1.652742862701416,0.7679103016853333,0.3001449704170227
10.21747612953186,1.6774740325257305,1.6538872718811035,0.6037537455558777,0.31168079376220703
10.220544576644897,1.6787737166185002,1.6554131507873535,0.8222934603691101,0.1920500546693802
10.223610639572144,1.680062043523807,1.6569390296936035,0.8353856801986694,0.28091859817504883
10.226676225662231,1.6813397096403677,1.6584649085998535,0.8756694793701172,0.3309071362018585
10.229743242263794,1.6826073864119917,1.6599907875061035,0.8897688388824463,0.38644999265670776
10.232809066772461,1.6838638710274418,1.6611353158950806,0.7487754821777344,0.3642328381538391
10.235874891281128,1.6851095417142543,1.6626611948013306,1.0478827953338623,0.34372472763061523
10.238940715789795,1.6863442829159725,1.663805603981018,0.8766765594482422,0.3189440667629242
10.24200701713562,1.6875681695505425,1.665331482887268,0.7517967224121094,0.37021440267562866
10.245079040527344,1.6887831477227384,1.6664758920669556,0.8474708199501038,0.5265888571739197
10.248149156570435,1.6899860662090294,1.6680018901824951,0.7417258024215698,0.4911268651485443
10.251204013824463,1.6911716774513839,1.6691462993621826,0.5856260061264038,0.46890974044799805
10.254287481307983,1.6923568216140576,1.6702907085418701,0.7004348635673523,0.46762797236442566
10.25736379623413,1.6935275218447174,1.6718165874481201,0.8031586408615112,0.32150760293006897
10.260437250137329,1.694685359114556,1.6733424663543701,0.7084916234016418,0.35996031761169434
10.263509035110474,1.695830700663043,1.6744868755340576,0.8162508606910706,0.37576866149902344
10.266574621200562,1.696961796727418,1.6760128736495972,0.7870450615882874,0.40439459681510925
10.269641399383545,1.6980812984974238,1.6767758131027222,0.7548180222511292,0.3526970446109772
10.272707223892212,1.6991883174312485,1.6783016920089722,0.9028610587120056,0.46506446599960327
10.275774955749512,1.7002837781124533,1.6794461011886597,0.65108722448349,0.4795910716056824
10.278852224349976,1.7013702340165384,1.6805905103683472,0.6631723642349243,0.42063018679618835
10.281924962997437,1.7024425873265128,1.6817349195480347,0.618860125541687,0.3988403081893921
10.284994125366211,1.703501120546489,1.6828793287277222,0.6118105053901672,0.46805524826049805
10.28806209564209,1.7045465868760903,1.6840238571166992,0.6057679057121277,0.3984130620956421
10.291131258010864,1.7055797015679246,1.6855497360229492,0.6228885054588318,0.38687723875045776
10.29419469833374,1.7065980697669434,1.6866941452026367,0.6218814253807068,0.32321658730506897
10.297261714935303,1.7076047013673956,1.6878385543823242,0.6460517048835754,0.30869001150131226
10.300328254699707,1.708598153101128,1.6889829635620117,0.5292286276817322,0.286472886800766
10.303401470184326,1.7095806100552884,1.6901273727416992,0.6772716641426086,0.2052948772907257
10.306467294692993,1.710547488817738,1.6916533708572388,0.6611581444740295,0.26041045784950256
10.309534072875977,1.7115013728595252,1.6924163103103638,0.6299381852149963,0.34287023544311523
10.312605619430542,1.7124433226778668,1.6939421892166138,0.7044632434844971,0.3296253979206085
10.315683126449585,1.713373545514278,1.6950865983963013,0.65108722448349,0.4253299832344055
10.318756341934204,1.714288844849029,1.6962310075759888,0.5382925271987915,0.3039902448654175
10.321823120117188,1.7151885678628376,1.6973754167556763,0.9139391183853149,0.4261844754219055
10.324894905090332,1.7160759977260232,1.6981383562088013,0.5725337862968445,0.38944074511528015
10.327960968017578,1.7169479573961421,1.6992828845977783,0.34190890192985535,0.4159304201602936
10.33103060722351,1.717807024610822,1.7004272937774658,0.5674982666969299,0.3808957040309906
10.334110021591187,1.718654762996233,1.7011902332305908,0.5272144675254822,0.47104600071907043
10.337183713912964,1.7194867995426315,1.7023346424102783,0.6097962856292725,0.538979172706604
10.340262651443481,1.7203060284582925,1.7030975818634033,0.4456397294998169,0.4795910716056824
10.343329429626465,1.7211077906451504,1.7042419910430908,0.531242847442627,0.44840162992477417
10.34639573097229,1.7218951537102538,1.7050049304962158,0.6490730047225952,0.4595101773738861
10.349464893341064,1.7226688849018963,1.7061493396759033,0.5382925271987915,0.4112306535243988
10.352543354034424,1.7234304492699466,1.7069122791290283,0.425497829914093,0.43472954630851746
10.355621099472046,1.724177237765863,1.7076753377914429,0.5231860876083374,0.4881361126899719
10.35869812965393,1.7249091907741292,1.7084382772445679,0.3328450322151184,0.45523765683174133
10.361765384674072,1.7256241600471665,1.7095826864242554,0.6097962856292725,0.35953307151794434
10.364834785461426,1.7263249124544253,1.7103456258773804,0.5121080279350281,0.46677348017692566
10.367911338806152,1.7270124587043787,1.7114900350570679,0.3842069208621979,0.38602274656295776
10.37098503112793,1.727684465848102,1.7122529745101929,0.5624628067016602,0.5206072926521301
10.374053716659546,1.7283404594279768,1.7130159139633179,0.45571067929267883,0.47788205742836
10.377129793167114,1.7289830110508966,1.7141603231430054,0.5010299682617188,0.3924315273761749
10.380201578140259,1.7296095978877923,1.71492338180542,0.4899519383907318,0.4731822609901428
10.383284568786621,1.7302232713849945,1.715686321258545,0.5262073874473572,0.4257572293281555
10.386351823806763,1.7308186453404524,1.71644926071167,0.5423209071159363,0.4112306535243988
10.389418363571167,1.731398701858798,1.717212200164795,0.37413597106933594,0.39072251319885254
10.392484664916992,1.731963484385665,1.71797513961792,0.5332570672035217,0.47147324681282043
10.395551919937134,1.7325131547234964,1.718738079071045,0.5362783074378967,0.3300526440143585
10.398621082305908,1.7330478112897987,1.71950101852417,0.32579538226127625,0.3693598806858063
10.40170168876648,1.7335689650422705,1.720263957977295,0.2220645397901535,0.2894636392593384
10.404775857925415,1.7340735046008082,1.72102689743042,0.5151293277740479,0.31125351786613464
10.407843112945557,1.7345614058360759,1.721789836883545,0.3680933713912964,0.3163805603981018
10.410909175872803,1.735033595063877,1.72255277633667,0.3167315125465393,0.3185168206691742
10.413980722427368,1.7354910238127659,1.7233158349990845,0.5171434879302979,0.4163576662540436
10.41706109046936,1.735934037229499,1.723697304725647,0.35701534152030945,0.3843137323856354
10.420140266418457,1.7363610953033415,1.724460244178772,0.27846190333366394,0.3667963743209839
10.423194885253906,1.7367691155435523,1.725223183631897,0.33888763189315796,0.32449835538864136
10.426262855529785,1.7371632096277378,1.725986123085022,0.4134126901626587,0.4005493223667145
10.429342031478882,1.7375428761389333,1.7263675928115845,0.2361638844013214,0.4727550148963928
10.432427883148193,1.7379073825059048,1.7271305322647095,0.4909590184688568,0.383031964302063
10.435508251190186,1.7382552490641092,1.727512001991272,0.4275120198726654,0.34671550989151
10.438585996627808,1.7385868294527094,1.728274941444397,0.4808880686759949,0.39114975929260254
10.441661834716797,1.7389022050461265,1.7286564111709595,0.09315633028745651,0.29459068179130554
10.444729328155518,1.7392007664080777,1.7294193506240845,0.4738384187221527,0.24246585369110107
10.447799444198608,1.7394835978393135,1.729800820350647,0.17170977592468262,0.37363240122795105
10.450877904891968,1.7397511142997466,1.7301822900772095,0.33888763189315796,0.3330434262752533
10.453955173492432,1.74000240599963,1.7305638790130615,0.2522774040699005,0.3924315273761749
10.457032442092896,1.7402375561641306,1.7313268184661865,0.10121309012174606,0.26169222593307495
10.460114479064941,1.7404568695928444,1.731708288192749,0.29054704308509827,0.34158846735954285
10.463185548782349,1.7406592549760633,1.7320897579193115,0.08308537304401398,0.33945220708847046
10.46627426147461,1.74084652596521,1.732471227645874,0.027695124968886375,0.4125123918056488
10.469352006912231,1.7410168776584742,1.7328526973724365,0.18379491567611694,0.45181962847709656
10.472428321838379,1.7411709201171084,1.733234167098999,0.24321354925632477,0.4163576662540436
10.475499153137207,1.7413084907223815,1.7336156368255615,0.3509727716445923,0.4266117215156555
10.47856616973877,1.7414297249721393,1.733997106552124,0.15559624135494232,0.47830930352211
10.481654405593872,1.7415354631261686,1.7343785762786865,0.16969558596611023,0.4740367829799652
10.484731912612915,1.7416245182170478,1.7343785762786865,0.15156786143779755,0.3625238537788391
10.487809181213379,1.741697272639263,1.734760046005249,0.14552529156208038,0.4629282057285309
10.49088168144226,1.7417536522565917,1.7351415157318115,0.13646143674850464,0.45566490292549133
10.493950843811035,1.741793742389206,1.735522985458374,0.19588007032871246,0.3625238537788391
10.497020244598389,1.7418176106006165,1.735522985458374,0.1425040066242218,0.3975585699081421
10.500100135803223,1.7418252492124005,1.7359044551849365,0.2502632141113281,0.4454108476638794
10.503177881240845,1.7418165598600113,1.7359044551849365,0.03776608034968376,0.4719005227088928
10.506251573562622,1.7417915980240124,1.736285924911499,-0.0005035477224737406,0.3697871267795563
10.509317874908447,1.7417504839790778,1.736285924911499,0.08912795037031174,0.4454108476638794
10.512385129928589,1.7416931606948671,1.7366673946380615,0.05085831880569458,0.46976426243782043
10.515454530715942,1.7416195866652915,1.7366673946380615,-0.016617074608802795,0.4112306535243988
10.518535137176514,1.7415294456980612,1.737048864364624,0.07301442325115204,0.33817043900489807
10.521621942520142,1.7414227544635674,1.737048864364624,0.20997940003871918,0.33987945318222046
10.524694919586182,1.7413002757328837,1.737048864364624,0.05589379742741585,0.48172733187675476
10.527761697769165,1.7411618755927223,1.737048864364624,0.006546120624989271,0.4407110810279846
10.53083086013794,1.741007209737614,1.7374303340911865,0.1102769523859024,0.5509422421455383
10.533908128738403,1.7408359213334055,1.737048864364624,-0.03675898537039757,0.442847341299057
10.536980867385864,1.7406487014298782,1.7374303340911865,-0.014602883718907833,0.32620736956596375
10.540057897567749,1.7404450319231273,1.7374303340911865,0.20292973518371582,0.43515679240226746
10.543137311935425,1.7402250054052937,1.7374303340911865,0.08912795037031174,0.3488517701625824
10.546202182769775,1.7399899475900296,1.7374303340911865,-0.1908445805311203,0.43472954630851746
10.549290418624878,1.739736903741366,1.7374303340911865,0.007553216069936752,0.46591898798942566
10.552366256713867,1.7394687415170895,1.7374303340911865,-0.0639505609869957,0.30954450368881226
10.55544400215149,1.7391843213502933,1.7374303340911865,0.0961776152253151,0.40823987126350403
10.558525562286377,1.7388834487264295,1.7374303340911865,0.014602883718907833,0.4313115179538727
10.561602592468262,1.738566972101915,1.7374303340911865,0.03675898537039757,0.3364614248275757
10.564673662185669,1.7382351500745103,1.7374303340911865,0.008560311049222946,0.43387502431869507
10.567750692367554,1.7378867256326602,1.737048864364624,0.06193637102842331,0.32407110929489136
10.570829629898071,1.7375221290629332,1.737048864364624,-0.027695124968886375,0.3783321976661682
10.573915719985962,1.7371407030092698,1.737048864364624,0.02064545638859272,0.34287023544311523
10.57698917388916,1.7367449713790675,1.737048864364624,-0.00553902518004179,0.2826276123523712
10.580058574676514,1.7363339949847774,1.737048864364624,-0.09919890016317368,0.22623026371002197
10.583139181137085,1.7359057140779306,1.7366673946380615,0.030716411769390106,0.19760432839393616
10.586199283599854,1.7354646481063765,1.7366673946380615,0.03675898537039757,0.24075685441493988
10.589274168014526,1.735005796245004,1.7366673946380615,-0.06898603588342667,0.26041045784950256
10.592339992523193,1.734532715140387,1.7366673946380615,-0.1112840473651886,0.19290456175804138
10.595409154891968,1.7340435793503979,1.736285924911499,-0.049851223826408386,0.16855116188526154
10.59848690032959,1.7335375079959203,1.7359044551849365,-0.08207827806472778,0.20401312410831451
10.601561069488525,1.733016509606949,1.7359044551849365,-0.019638361409306526,0.16812390089035034
10.604633569717407,1.7324803491911802,1.7359044551849365,-0.20393683016300201,0.2061493843793869
10.607701539993286,1.7319296225472454,1.7351415157318115,-0.18077363073825836,0.1582970917224884
10.610769271850586,1.7313636462785866,1.7351415157318115,-0.1757381558418274,0.2078583985567093
10.61383843421936,1.7307821561790293,1.734760046005249,-0.2552987039089203,0.17880521714687347
10.61691689491272,1.7301836358992595,1.7343785762786865,-0.26134127378463745,0.2061493843793869
10.619990348815918,1.7295708904996885,1.7343785762786865,-0.16566720604896545,0.191195547580719
10.623060464859009,1.7289437061510573,1.733997106552124,-0.20897230505943298,0.17795071005821228
10.626132249832153,1.7283011307720004,1.7336156368255615,-0.2512703239917755,0.13223467767238617
10.629197835922241,1.7276449030824341,1.733234167098999,-0.32881665229797363,0.2211032211780548
10.632282018661499,1.7269696860343682,1.7328526973724365,-0.3167315125465393,0.15231555700302124
10.635359048843384,1.7262810963161994,1.732471227645874,-0.13444724678993225,0.1591515988111496
10.63844108581543,1.7255764930783228,1.731708288192749,-0.365072101354599,0.15402457118034363
10.641517639160156,1.7248583438597909,1.7313268184661865,-0.08812084794044495,0.15231555700302124
10.644586563110352,1.7241273108737354,1.730945348739624,-0.4124055802822113,0.18265049159526825
10.647655725479126,1.723381640941005,1.7301822900772095,-0.3831998109817505,0.12497138977050781
10.650733947753906,1.722619194207375,1.7294193506240845,-0.5231860876083374,0.11386281996965408
10.653814315795898,1.721841674917747,1.7294193506240845,-0.3459372818470001,0.1749599426984787
10.656891345977783,1.721050548291906,1.7286564111709595,-0.11934080719947815,0.14590676128864288
10.659962892532349,1.7202465018248672,1.728274941444397,-0.28047609329223633,0.1441977620124817
10.663042068481445,1.7194261631175185,1.7278934717178345,-0.18580910563468933,0.13052567839622498
10.666118621826172,1.7185923051673493,1.7271305322647095,-0.3197528123855591,0.16769665479660034
10.669200658798218,1.7177427892223651,1.7263675928115845,-0.3499656617641449,0.10318150371313095
10.672274351119995,1.7168815257553676,1.7256046533584595,-0.330830842256546,0.09121843427419662
10.6753511428833,1.716005424557999,1.725223183631897,-0.3781643509864807,0.11685358732938766
10.678420543670654,1.7151175834002064,1.724460244178772,-0.4456397294998169,0.13907071948051453
10.68148946762085,1.7142161381326058,1.723697304725647,-0.4788738787174225,0.1582970917224884
10.684566736221313,1.7132985289145215,1.7233158349990845,-0.365072101354599,0.0784008577466011
10.687642097473145,1.7123678553311374,1.72255277633667,-0.366079181432724,0.1732509285211563
10.690712690353394,1.7114251141989871,1.721789836883545,-0.3318379521369934,0.09762722253799438
10.693778991699219,1.7104703064170055,1.72102689743042,-0.6561226844787598,0.18564125895500183
10.696848392486572,1.7095012271411698,1.720263957977295,-0.4808880686759949,0.1587243527173996
10.699925661087036,1.7085163900009885,1.71950101852417,-0.42046234011650085,0.18136873841285706
10.70300006866455,1.7075192880211905,1.718738079071045,-0.42348363995552063,0.13607995212078094
10.706074476242065,1.7065091047458512,1.71797513961792,-0.4939803183078766,0.19375905394554138
10.709144592285156,1.7054873716520687,1.7168307304382324,-0.545342206954956,0.13736172020435333
10.71228313446045,1.7044295783493035,1.71644926071167,-0.3469443917274475,0.16086061298847198
10.715525388717651,1.7033228313175528,1.7153048515319824,-0.40233463048934937,0.1591515988111496
10.718645334243774,1.7022445084544493,1.7141603231430054,-0.5141222476959229,0.18564125895500183
10.721812725067139,1.7011365258112878,1.7133973836898804,-0.4275120198726654,0.21683070063591003
10.724925756454468,1.7000346446614854,1.7126344442367554,-0.401327520608902,0.21084916591644287
10.728028059005737,1.6989239303345922,1.7114900350570679,-0.6269168853759766,0.16556039452552795
10.731106042861938,1.6978095658626657,1.7107270956039429,-0.4164339601993561,0.22836652398109436
10.734208583831787,1.6966739606381689,1.7099641561508179,-0.5755550265312195,0.22836652398109436
10.737280368804932,1.6955375031932578,1.7088197469711304,-0.3519798517227173,0.20187686383724213
10.740346908569336,1.6943910736583432,1.7080568075180054,-0.3610437214374542,0.22964827716350555
10.74341368675232,1.6932327576154547,1.7069122791290283,-0.6400091648101807,0.1741054356098175
10.746483087539673,1.692061745734466,1.7057678699493408,-0.6228885054588318,0.2651102542877197
10.749561071395874,1.6908758092735465,1.7046234607696533,-0.6148317456245422,0.251865416765213
10.75262999534607,1.6896818589046965,1.7038605213165283,-0.5171434879302979,0.18649576604366302
10.755697965621948,1.6884769082387103,1.7027161121368408,-0.6692149043083191,0.2715190351009369
10.758766174316406,1.6872606050185401,1.7015717029571533,-0.5533989667892456,0.1903410404920578
10.761844396591187,1.6860291313527456,1.7004272937774658,-0.5070725679397583,0.19674982130527496
10.76492166519165,1.6847869403055376,1.6992828845977783,-0.49800869822502136,0.21383993327617645
10.767990589141846,1.6835371811555429,1.6981383562088013,-0.7014420032501221,0.252719908952713
10.771056890487671,1.6822776983861967,1.6969939470291138,-0.6551156044006348,0.24246585369110107
10.774127006530762,1.6810059587563075,1.6962310075759888,-0.6621652841567993,0.13095292448997498
10.777197360992432,1.6797235407735935,1.6950865983963013,-0.7064774632453918,0.13949798047542572
10.780269384384155,1.6784299565185736,1.6939421892166138,-0.5121080279350281,0.11386281996965408
10.783355712890625,1.6771199247841466,1.6927977800369263,-0.5382925271987915,0.06216525658965111
10.786426067352295,1.6758064281987033,1.6916533708572388,-0.6259098052978516,0.1253986358642578
10.789494037628174,1.6744838670545006,1.6908903121948242,-0.45168229937553406,0.10830853879451752
10.79255986213684,1.6731522836345911,1.6897459030151367,-0.5292286276817322,0.09250018745660782
10.795640468597412,1.6718043887623013,1.6886014938354492,-0.5997253656387329,0.07797360420227051
10.798721075057983,1.6704467049607254,1.6870756149291992,-0.8998397588729858,0.042084380984306335
10.80179738998413,1.6690812708791793,1.6863126754760742,-0.5765621662139893,0.1570153385400772
10.804868221282959,1.6677087887268136,1.6851682662963867,-0.6903639435768127,0.1108720526099205
10.8079354763031,1.6663285755029478,1.6836423873901367,-0.8696269392967224,0.08694590628147125
10.81100344657898,1.6649388414023658,1.6824978590011597,-0.5100938677787781,0.19931334257125854
10.814072608947754,1.6635394910299615,1.6813534498214722,-0.7185626029968262,0.16684214770793915
10.81714940071106,1.6621276808768282,1.6798275709152222,-0.615838885307312,0.17026016116142273
10.820195198059082,1.6607213651613228,1.6783016920089722,-0.9058823585510254,0.23392081260681152
10.823261976242065,1.659296719596251,1.6771572828292847,-0.6964064836502075,0.2364843189716339
10.826328039169312,1.6578638690426062,1.6760128736495972,-0.7840238213539124,0.2655375003814697
10.829397201538086,1.6564211540309153,1.6744868755340576,-0.6984207034111023,0.2202487289905548
10.832475662231445,1.6549657444390673,1.6733424663543701,-0.5040512681007385,0.2373388260602951
10.835553646087646,1.6535023618474494,1.6718165874481201,-0.7507896423339844,0.11215381324291229
10.838632106781006,1.652030689723196,1.6706721782684326,-0.8736553192138672,0.1770962029695511
10.841707944869995,1.6505523556236268,1.6691462993621826,-0.7105058431625366,0.16086061298847198
10.844777822494507,1.6490691345107427,1.6680018901824951,-0.8645914196968079,0.13607995212078094
10.84784722328186,1.647578539332627,1.6664758920669556,-0.9592584371566772,0.17880521714687347
10.850929021835327,1.6460744130638203,1.665331482887268,-1.0075989961624146,0.30783551931381226
10.854005813598633,1.6445653636669955,1.663805603981018,-0.7669031620025635,0.19333180785179138
10.85708236694336,1.643049212318172,1.662279725074768,-0.7799954414367676,0.1890592873096466
10.860153436660767,1.6415287052026368,1.6611353158950806,-0.8303502202033997,0.1894865334033966
10.863198041915894,1.640014479252008,1.659609317779541,-0.8152437806129456,0.1604333519935608
10.86627459526062,1.638477606299115,1.658083438873291,-0.6631723642349243,0.1728236824274063
10.869346141815186,1.6369366006985195,1.6569390296936035,-0.7024490833282471,0.08310063183307648
10.872418403625488,1.635388749206889,1.6554131507873535,-0.7447471022605896,0.07199206203222275
10.875494956970215,1.6338323787267053,1.654268741607666,-0.7961089611053467,0.11856260150671005
10.878565788269043,1.6322727042003726,1.652742862701416,-0.6571297645568848,0.07071030884981155
10.881643295288086,1.630703571744614,1.6512168645858765,-0.8887617588043213,0.03952086716890335
10.884716033935547,1.629130956885856,1.650072455406189,-0.7618677020072937,0.13864347338676453
10.887783288955688,1.6275554014004094,1.648546576499939,-0.9965209364891052,0.11599908769130707
10.890849351882935,1.6259748658899569,1.647020697593689,-0.6017395257949829,0.13394369184970856
10.89391541481018,1.6243888857620774,1.6458762884140015,-0.7991302609443665,0.13437095284461975
10.896984577178955,1.6227959969339274,1.6439688205718994,-0.6631723642349243,0.13266193866729736
10.90006422996521,1.6211924771893071,1.6424429416656494,-0.9804074168205261,0.2531471848487854
10.903142929077148,1.6195844110009854,1.6409170627593994,-0.8706340193748474,0.2048676311969757
10.906197547912598,1.617984087499015,1.6393911838531494,-0.9461661577224731,0.16086061298847198
10.909266710281372,1.6163714432606575,1.6378653049468994,-0.7155413031578064,0.19333180785179138
10.912338018417358,1.6147531039964487,1.6363393068313599,-0.7588464021682739,0.14847028255462646
10.915416479110718,1.6131265620328883,1.6348134279251099,-0.965300977230072,0.16299687325954437
10.91849136352539,1.611497630047654,1.6332875490188599,-0.6208743453025818,0.1582970917224884
10.92156434059143,1.6098655872526109,1.6317616701126099,-0.6450446248054504,0.23392081260681152
10.924631595611572,1.6082326265697546,1.6302357912063599,-0.7115129232406616,0.16940565407276154
10.927697896957397,1.6065963739348272,1.6283283233642578,-0.9602655172348022,0.14676126837730408
10.930766582489014,1.6049551975942509,1.6268024444580078,-0.9723506569862366,0.19760432839393616
10.933843851089478,1.603305915976437,1.6252765655517578,-0.9431448578834534,0.16171512007713318
10.93692660331726,1.6016503206232842,1.6237506866455078,-0.5926756858825684,0.17026016116142273
10.940003156661987,1.5999948414341936,1.6222248077392578,-0.8988326787948608,0.11258106678724289
10.943074941635132,1.5983388801370961,1.6206988096237183,-0.9068894386291504,0.11343556642532349
10.94614863395691,1.59667899666275,1.6191729307174683,-0.9169604182243347,0.07541008293628693
10.949199199676514,1.5950288925845773,1.6176470518112183,-0.6611581444740295,0.07455558329820633
10.95229196548462,1.5933533618797413,1.6157397031784058,-1.0539253950119019,0.16342411935329437
10.955370903015137,1.5916828787312514,1.6145952939987183,-0.6913710236549377,0.1112993061542511
10.95844841003418,1.590010891254275,1.6130692958831787,-0.7054703831672668,0.11557183414697647
10.961526155471802,1.588336650391109,1.6111619472503662,-0.8847333192825317,0.10830853879451752
10.964597940444946,1.5866636901115305,1.6096360683441162,-1.0952162742614746,0.18350499868392944
10.96767520904541,1.5849859345835495,1.6081101894378662,-0.8847333192825317,0.1420614868402481
10.970750331878662,1.5833076969912867,1.6065843105316162,-0.8333714604377747,0.24075685441493988
10.973827123641968,1.5816270526835088,1.6046768426895142,-0.8142366409301758,0.27621880173683167
10.976896524429321,1.5799491109531414,1.6031509637832642,-0.7890592813491821,0.19760432839393616
10.979965925216675,1.5782699923574854,1.6012436151504517,-0.9139391183853149,0.1574425846338272
10.98304295539856,1.576585675679554,1.5997177362442017,-0.8222934603691101,0.1587243527173996
10.986114740371704,1.5749033638502257,1.5981918573379517,-0.7920805811882019,0.1600061058998108
10.989184141159058,1.5732216497462106,1.5962843894958496,-1.0196841955184937,0.10745403170585632
10.992267608642578,1.5715316736669653,1.5947585105895996,-0.9018539786338806,0.16812390089035034
10.995333671569824,1.5698508418740211,1.592851161956787,-0.8333714604377747,0.07028305530548096
10.998409748077393,1.5681642822094752,1.5917067527770996,-0.7497825622558594,0.08609139919281006
11.001486778259277,1.5664771182106294,1.5897992849349976,-0.774959921836853,0.126253142952919
11.004560708999634,1.5647917296745968,1.5882734060287476,-0.965300977230072,0.125825896859169
11.007630825042725,1.5631086653794746,1.5867475271224976,-1.0065919160842896,0.08950942009687424
11.01069712638855,1.5614280807360346,1.584840178489685,-1.0075989961624146,0.10189975053071976
11.013766288757324,1.5597464730028732,1.583314299583435,-1.0206912755966187,0.12069886177778244
11.016844034194946,1.5580608671876055,1.5817883014678955,-0.8041657209396362,0.10916304588317871
11.019919157028198,1.5563775596039764,1.5802624225616455,-1.0468757152557373,0.08267337828874588
11.02299427986145,1.5546952706962043,1.5787365436553955,-0.8464637398719788,0.08908216655254364
11.026136636734009,1.5529774161717511,1.5772106647491455,-0.8736553192138672,0.14633402228355408
11.029197931289673,1.5513052167277313,1.575303316116333,-0.8686197996139526,0.07498283684253693
11.032277584075928,1.549624481624745,1.5737773180007935,-0.8373998403549194,0.1587243527173996
11.03535509109497,1.5479465696221832,1.571869969367981,-0.9673151969909668,0.17026016116142273
11.038432836532593,1.5462703361847365,1.5699626207351685,-0.9159532785415649,0.12368962913751602
11.04150938987732,1.544596716166353,1.5684367418289185,-1.0237125158309937,0.2211032211780548
11.044578552246094,1.5429292291734902,1.566529393196106,-0.9955138564109802,0.1766689568758011
11.0476553440094,1.5412598706871141,1.564621925354004,-0.9884641766548157,0.1749599426984787
11.050732851028442,1.539592557236298,1.563096046447754,-0.7860379815101624,0.19333180785179138
11.05380654335022,1.537929894843584,1.561570167541504,-0.8555275797843933,0.2074311375617981
11.056885719299316,1.5362670114454444,1.5596628189086914,-0.7689173817634583,0.125825896859169
11.059964179992676,1.5346074165231278,1.5581368207931519,-0.8031586408615112,0.16684214770793915
11.063042640686035,1.5329508787100712,1.5566109418869019,-0.7779812216758728,0.07241931557655334
11.066119194030762,1.5312985762858102,1.5547035932540894,-0.9461661577224731,0.10617227107286453
11.069196939468384,1.5296489980309231,1.5531777143478394,-0.7286335825920105,0.02542153000831604
11.072270154953003,1.528005359100057,1.5516518354415894,-0.7084916234016418,0.07455558329820633
11.075347423553467,1.5263632218747283,1.5501258373260498,-0.8474708199501038,0.10531777143478394
11.078420877456665,1.5247269383779989,1.5485999584197998,-0.5010299682617188,0.045075152069330215
11.081494808197021,1.5230943702659714,1.5466926097869873,-1.0287480354309082,0.08224612474441528
11.08457326889038,1.5214635272799504,1.5451667308807373,-0.9078965187072754,0.08438239246606827
11.087644815444946,1.5198406190720533,1.5432593822479248,-0.8998397588729858,0.11642633378505707
11.090713262557983,1.5182237601490924,1.5421148538589478,-1.0297551155090332,0.10788128525018692
11.09377932548523,1.5166127118836334,1.5402075052261353,-0.7507896423339844,0.0796826109290123
11.096848249435425,1.515004869037294,1.5386816263198853,-0.8353856801986694,0.1253986358642578
11.09992527961731,1.5133976589883562,1.5367742776870728,-0.8112154006958008,0.19931334257125854
11.102997541427612,1.5117979640335455,1.5348668098449707,-0.8988326787948608,0.15103380382061005
11.106066703796387,1.5102050447125628,1.5337224006652832,-0.8565346598625183,0.17752346396446228
11.109145164489746,1.5086126311040686,1.5318150520324707,-0.8958113789558411,0.1766689568758011
11.112195253372192,1.5070403059311606,1.5299077033996582,-0.9018539786338806,0.19845883548259735
11.115264177322388,1.5054638550409483,1.5283818244934082,-0.8051728010177612,0.1574425846338272
11.118341207504272,1.5038890102574891,1.5268558263778687,-0.7880522012710571,0.191622793674469
11.12142038345337,1.5023189982643645,1.5249484777450562,-0.9723506569862366,0.11984435468912125
11.124492168426514,1.5007588127535898,1.5234225988388062,-1.0297551155090332,0.09677271544933319
11.127562522888184,1.499205545562774,1.5218967199325562,-0.8857404589653015,0.12112611532211304
11.130631923675537,1.497659092710676,1.5203708410263062,-0.8504921197891235,0.07797360420227051
11.133709907531738,1.4961148174859553,1.5188448429107666,-0.8736553192138672,0.09378194808959961
11.136785507202148,1.4945783860433166,1.5173189640045166,-0.73870450258255,0.0788281038403511
11.139864206314087,1.49304720507015,1.5157930850982666,-0.928038477897644,0.07156481593847275
11.142940521240234,1.4915241471861025,1.5142672061920166,-0.7658960819244385,0.08310063183307648
11.146010875701904,1.4900110965616302,1.5127413272857666,-0.8525062799453735,0.08822766691446304
11.14908766746521,1.4885020867114962,1.511215329170227,-0.8545204997062683,0.07113756239414215
11.152163743972778,1.4870007865584431,1.5093079805374146,-0.9199817180633545,0.12027160823345184
11.155200719833374,1.4855259250597705,1.508163571357727,-0.8676127195358276,0.13138018548488617
11.158279657363892,1.4840382842131268,1.5062562227249146,-0.8343786001205444,0.15060654282569885
11.161357164382935,1.482559118483644,1.5047303438186646,-0.9149461984634399,0.0796826109290123
11.164427518844604,1.481091283264157,1.503204345703125,-0.877683699131012,0.1420614868402481
11.167505025863647,1.479628077010011,1.501678466796875,-0.7507896423339844,0.14718852937221527
11.170575857162476,1.478176212394573,1.500152587890625,-0.7578393220901489,0.13522544503211975
11.17365288734436,1.4767297362282772,1.498626708984375,-1.0982376337051392,0.13095292448997498
11.17672610282898,1.4752935002166563,1.497100830078125,-0.8313573002815247,0.06002899259328842
11.17979645729065,1.4738671648660926,1.4955748319625854,-0.8333714604377747,0.09378194808959961
11.18287444114685,1.47244601016226,1.4940489530563354,-0.9270313382148743,0.13351644575595856
11.185962915420532,1.471028925891806,1.4925230741500854,-0.9451590776443481,0.0792553573846817
11.189030647277832,1.469630329924052,1.4909971952438354,-0.8655985593795776,0.11856260150671005
11.192099571228027,1.4682402668135202,1.489089846611023,-0.8817120790481567,0.14077973365783691
11.19517183303833,1.4668579141965448,1.487945318222046,-0.878690779209137,0.09292744100093842
11.198204040527344,1.4655027572619395,1.4860379695892334,-0.8666056394577026,0.0963454619050026
11.201287984848022,1.464133953230985,1.484893560409546,-0.8283360004425049,0.04080262407660484
11.204363822937012,1.4627783919710766,1.483367681503296,-0.5604485869407654,0.07754635065793991
11.207436561584473,1.461433940711936,1.4822232723236084,-0.530235767364502,-0.024994278326630592
11.210505962371826,1.4601007982439618,1.4806973934173584,-0.7084916234016418,0.022858014330267906
11.2135751247406,1.4587777251556722,1.4791713953018188,-0.8112154006958008,0.014740215614438057
11.216652393341064,1.4574612861424008,1.4780269861221313,-0.8233005404472351,0.045502401888370514
11.219727754592896,1.4561559183584927,1.4765011072158813,-0.8766765594482422,0.05062943324446678
11.222798109054565,1.454863024341938,1.4753566980361938,-0.9773861169815063,0.04122987762093544
11.225866317749023,1.4535814834065746,1.4738308191299438,-0.8847333192825317,0.08865492045879364
11.228932857513428,1.4523111958815893,1.4723048210144043,-0.8555275797843933,0.09378194808959961
11.232001304626465,1.4510507996067084,1.4707789421081543,-0.73870450258255,0.13266193866729736
11.235083818435669,1.4497955016336237,1.4696345329284668,-0.7618677020072937,0.1441977620124817
11.23817253112793,1.4485487313722971,1.4681086540222168,-0.688349723815918,0.191195547580719
11.241256475448608,1.4473150404534896,1.4665827751159668,-0.6571297645568848,0.18735027313232422
11.244329452514648,1.4460969385169165,1.4650568962097168,-0.7658960819244385,0.1600061058998108
11.247401237487793,1.444890597916681,1.4635308980941772,-0.7286335825920105,0.08908216655254364
11.250478267669678,1.4436936256820954,1.4623864889144897,-0.6249027252197266,0.1886320263147354
11.253552913665771,1.4425091172351003,1.4612420797348022,-0.5946898460388184,0.0634470134973526
11.25663161277771,1.4413347128105087,1.4597162008285522,-0.7306477427482605,0.07241931557655334
11.259711503982544,1.4401716434915788,1.4585717916488647,-0.5523918271064758,0.09250018745660782
11.262789249420166,1.4390212730233694,1.4570459127426147,-0.6742504239082336,0.09848172962665558
11.265868902206421,1.437882192783733,1.4559013843536377,-0.6974136233329773,0.1283894032239914
11.268937826156616,1.4367591309596377,1.4543755054473877,-0.6420233249664307,0.02841229923069477
11.27200698852539,1.4356481169024082,1.4532310962677002,-0.6249027252197266,0.10745403170585632
11.275086879730225,1.4345455222284607,1.4520866870880127,-0.721583902835846,0.06472877413034439
11.278166770935059,1.433455355267167,1.4509422779083252,-0.6279240250587463,0.07711909711360931
11.281201362609863,1.4323934768639965,1.4494163990020752,-0.7699244618415833,0.1104447990655899
11.284284591674805,1.4313271363135174,1.4482718706130981,-0.6903639435768127,0.07541008293628693
11.28735637664795,1.4302774392879398,1.4471274614334106,-0.4738384187221527,0.11813534796237946
11.290426015853882,1.429241221985305,1.4459830522537231,-0.4124055802822113,0.12069886177778244
11.293492078781128,1.4282190278632154,1.4448386430740356,-0.5382925271987915,0.06900129467248917
11.296561241149902,1.427208723367377,1.4436942338943481,-0.6007324457168579,0.05276569724082947
11.299639463424683,1.4262085177247936,1.4425498247146606,-0.7336690425872803,-0.00747692072764039
11.30271291732788,1.4252230246879325,1.4417868852615356,-0.6772716641426086,-0.007049668114632368
11.30578351020813,1.4242516754536323,1.4406423568725586,-0.6672007441520691,0.03482108935713768
11.308850049972534,1.4232948926801299,1.4398794174194336,-0.6007324457168579,0.009185931645333767
11.311919450759888,1.4223506003487685,1.438735008239746,-0.7064774632453918,0.01901274174451828
11.314997673034668,1.4214171294693512,1.437209129333496,-0.6702220439910889,0.029694056138396263
11.318074941635132,1.4204975834356124,1.436446189880371,-0.6077821254730225,0.03866636008024216
11.321147918701172,1.4195930105491879,1.4353017807006836,-0.6430304646492004,0.10189975053071976
11.324198246002197,1.4187087184598723,1.434157371520996,-0.5866330862045288,0.17026016116142273
11.327268362045288,1.4178324674210516,1.4326313734054565,-0.5513847470283508,0.095918208360672
11.330336332321167,1.416970717925446,1.431486964225769,-0.7105058431625366,0.13864347338676453
11.333412885665894,1.4161205806267376,1.4303425550460815,-0.6339665651321411,0.15658807754516602
11.33648681640625,1.4152852719424087,1.4295796155929565,-0.6309453248977661,0.0318303182721138
11.33955693244934,1.414465149276761,1.428435206413269,-0.460746169090271,0.13479819893836975
11.342636823654175,1.413656700370294,1.4272907972335815,-0.2714122235774994,0.10574502497911453
11.345711469650269,1.4128639748453276,1.4265278577804565,-0.5614557266235352,0.10531777143478394
11.34878158569336,1.4120867937308912,1.425764799118042,-0.44866102933883667,0.10446326434612274
11.351860284805298,1.411321938739219,1.4246203899383545,-0.6108033657073975,0.046784162521362305
11.354937553405762,1.410572019552969,1.423475980758667,-0.5332570672035217,0.045502401888370514
11.358015537261963,1.409836578301515,1.422713041305542,-0.5382925271987915,0.04892042279243469
11.36109185218811,1.4091162465369635,1.421950101852417,-0.4808880686759949,-0.002777141984552145
11.364166498184204,1.4084110675500277,1.421187162399292,-0.3922636806964874,0.09805447608232498
11.367262363433838,1.4077159996172905,1.4200427532196045,-0.5382925271987915,0.0032043945975601673
11.37033724784851,1.4070405838025999,1.4192798137664795,-0.32680246233940125,-0.010894942097365856
11.373413801193237,1.4063797675640137,1.4185168743133545,-0.48189517855644226,0.04165713116526604
11.376482963562012,1.4057355166145422,1.41775381565094,-0.2855115532875061,0.05276569724082947
11.379552364349365,1.405106237074844,1.4166094064712524,-0.3821927309036255,0.00021362630650401115
11.382629156112671,1.4044905773695098,1.4158464670181274,-0.6067749857902527,0.10489051789045334
11.385705709457397,1.4038901743877927,1.41470205783844,-0.5392996072769165,0.0032043945975601673
11.388781309127808,1.4033052149338059,1.413939118385315,-0.6077821254730225,0.03353932872414589
11.391849040985107,1.4027370028117525,1.41317617893219,-0.3207598924636841,0.045075152069330215
11.394917964935303,1.402183863019127,1.4127947092056274,-0.36003661155700684,0.10061798989772797
11.397988557815552,1.4016457824631126,1.4120317697525024,-0.400320440530777,0.03311207890510559
11.401068449020386,1.401121556915942,1.4112688302993774,-0.4758526086807251,0.03695734962821007
11.40414571762085,1.4006133147346693,1.410887360572815,-0.3922636806964874,-0.02542153000831604
11.40720009803772,1.4001242571595405,1.4101243019104004,-0.21501487493515015,-0.01901274174451828
11.410269260406494,1.3996483367680201,1.4093613624572754,-0.3328450322151184,0.02841229923069477
11.413338422775269,1.3991880019975986,1.408979892730713,-0.05891508236527443,-0.022858014330267906
11.416417837142944,1.398741836417173,1.408216953277588,-0.17170977592468262,-0.04293888807296753
11.419494867324829,1.398311772703567,1.4078354835510254,-0.400320440530777,-0.0049134050495922565
11.422571182250977,1.3978975939767753,1.4070725440979004,-0.39024949073791504,-0.021149003878235817
11.425639867782593,1.3975002054625452,1.4063096046447754,-0.26134127378463745,0.006622415501624346
11.42870831489563,1.3971186264083395,1.405928134918213,-0.29457542300224304,-0.05062943324446678
11.431777954101562,1.3967527217630549,1.405165195465088,-0.38622111082077026,-0.0318303182721138
11.434855699539185,1.396401773501927,1.404402256011963,-0.35500115156173706,0.0314030684530735
11.437934160232544,1.3960667256870973,1.4040207862854004,-0.3358663320541382,0.03866636008024216
11.44101095199585,1.3957478616831316,1.4032578468322754,-0.3821927309036255,0.05191119387745857
11.444082498550415,1.395445527919167,1.402876377105713,-0.2220645397901535,0.03353932872414589
11.447152614593506,1.3951593249614376,1.4024949073791504,-0.24321354925632477,0.021149003878235817
11.450282096862793,1.3948840682788575,1.4017318487167358,-0.3761501610279083,0.09036392718553543
11.45340371131897,1.3946261055735094,1.4009689092636108,-0.3630579113960266,0.08224612474441528
11.456503629684448,1.394386368895756,1.4005874395370483,-0.3801785409450531,0.11001754552125931
11.459576606750488,1.3941649011414545,1.4002059698104858,-0.3187457025051117,0.07583733648061752
11.46265697479248,1.3939590944413736,1.3998245000839233,-0.29558250308036804,0.1582970917224884
11.465741395950317,1.393769281428447,1.3990615606307983,-0.38924238085746765,0.10959029197692871
11.46882152557373,1.393595991510331,1.3986800909042358,-0.29155412316322327,0.07541008293628693
11.47188949584961,1.3934395533963162,1.3982986211776733,-0.05891508236527443,0.12069886177778244
11.474956035614014,1.393299327218844,1.3979171514511108,-0.4728313088417053,0.13565270602703094
11.478035688400269,1.39317475340173,1.3975356817245483,-0.366079181432724,0.10788128525018692
11.481128692626953,1.393066043974853,1.3971542119979858,-0.24925611913204193,0.15616083145141602
11.484195947647095,1.3929744848704206,1.3967727422714233,-0.03776608034968376,0.1587243527173996
11.487265348434448,1.3928990646475006,1.3963912725448608,-0.2069581151008606,0.12411688268184662
11.490333795547485,1.392839875910949,1.3960098028182983,-0.16264592111110687,0.20401312410831451
11.49340033531189,1.39279691988869,1.3960098028182983,-0.11229114234447479,0.18350499868392944
11.49647045135498,1.3927701369875243,1.3952468633651733,-0.3479514718055725,0.14077973365783691
11.499555349349976,1.3927595777381372,1.3952468633651733,-0.1253833770751953,0.15658807754516602
11.502624034881592,1.3927653378481384,1.3948653936386108,-0.16868849098682404,0.13009841740131378
11.505691289901733,1.3927873044152037,1.3948653936386108,0.0800640881061554,0.13223467767238617
11.508758544921875,1.392825474305744,1.3944838047027588,-0.2673838436603546,0.12411688268184662
11.511827230453491,1.3928798731112602,1.3944838047027588,0.0629434660077095,0.21896696090698242
11.514906167984009,1.3929507448074674,1.3941023349761963,-0.05992217734456062,0.0950637087225914
11.517982959747314,1.3930378617615122,1.3941023349761963,0.043808650225400925,0.14676126837730408
11.521056890487671,1.393141155837732,1.3937208652496338,0.021652551367878914,0.10574502497911453
11.524130821228027,1.3932606908456486,1.3937208652496338,-0.13041886687278748,0.12411688268184662
11.527201414108276,1.393396299418441,1.3937208652496338,-0.07200732082128525,0.04251163452863693
11.530273914337158,1.3935481892423807,1.3937208652496338,0.02064545638859272,0.10574502497911453
11.533350706100464,1.3937165130395108,1.3937208652496338,0.0639505609869957,0.11770809441804886
11.536425590515137,1.3939009348379323,1.3933393955230713,-0.006546120624989271,0.12454413622617722
11.53949785232544,1.3941013587630233,1.3933393955230713,0.014602883718907833,0.07241931557655334
11.542574644088745,1.3943182477500917,1.3933393955230713,-0.046829938888549805,0.15188831090927124
11.545647621154785,1.3945509989976868,1.3933393955230713,0.046829938888549805,0.08438239246606827
11.548717975616455,1.3947996304671484,1.3933393955230713,-0.07200732082128525,0.12112611532211304
11.55179500579834,1.3950649037434664,1.3933393955230713,-0.024673838168382645,0.07626459002494812
11.554870128631592,1.3953460915631948,1.3933393955230713,-0.038773175328969955,0.12069886177778244
11.557947397232056,1.3956435401292584,1.3933393955230713,0.022659648209810257,0.1283894032239914
11.56102466583252,1.3959570310430789,1.3933393955230713,0.022659648209810257,0.14505226910114288
11.564095735549927,1.396285855173791,1.3933393955230713,0.08912795037031174,0.22708477079868317
11.567177534103394,1.3966318295243179,1.3937208652496338,0.12336919456720352,0.18606851994991302
11.570261478424072,1.396994058445299,1.3937208652496338,0.11631952226161957,0.20102235674858093
11.573337316513062,1.397371257555106,1.3937208652496338,-0.029709314927458763,0.21341268718242645
11.576407194137573,1.3977635457633104,1.3937208652496338,-0.06697184592485428,0.24203860759735107
11.579480409622192,1.3981720544110867,1.3937208652496338,0.15559624135494232,0.28006407618522644
11.582557439804077,1.3985968639002284,1.3941023349761963,0.02568093314766884,0.20315861701965332
11.585632085800171,1.3990370898127409,1.3941023349761963,-0.18379491567611694,0.21213091909885406
11.588702201843262,1.3994923308674436,1.3941023349761963,0.046829938888549805,0.2719462811946869
11.591769218444824,1.3999626985377933,1.3944838047027588,0.06495765596628189,0.3039902448654175
11.594835758209229,1.4004485241095108,1.3948653936386108,0.30565345287323,0.3005722165107727
11.597904920578003,1.4009502697637055,1.3948653936386108,-0.03776608034968376,0.29672694206237793
11.600981712341309,1.4014687849224778,1.3952468633651733,0.12437628954648972,0.30698099732398987
11.604055881500244,1.402002331434521,1.3952468633651733,0.13041886687278748,0.251865416765213
11.607129096984863,1.4025511222111835,1.3956283330917358,-0.02366674318909645,0.2997176945209503
11.61020040512085,1.4031149143377308,1.3960098028182983,0.15458914637565613,0.26254671812057495
11.613273620605469,1.4036943555094041,1.3963912725448608,0.27946898341178894,0.29672694206237793
11.616351842880249,1.4042900276117107,1.3967727422714233,0.3801785409450531,0.3027084767818451
11.619426727294922,1.404900272722533,1.3967727422714233,0.37111467123031616,0.3462882339954376
11.622498273849487,1.4055249844553535,1.3971542119979858,0.23515678942203522,0.3018539845943451
11.625565767288208,1.406163904715235,1.3975356817245483,0.21300068497657776,0.31296253204345703
11.628631830215454,1.406817480152638,1.3982986211776733,0.3852140009403229,0.3774776756763458
11.631700992584229,1.4074866278430282,1.3982986211776733,0.1747310608625412,0.3138170540332794
11.634781837463379,1.4081732643489866,1.3990615606307983,0.2865186631679535,0.3052719831466675
11.637858629226685,1.4088738740536915,1.3994430303573608,0.269398033618927,0.2706645429134369
11.640935182571411,1.4095892289986571,1.3998245000839233,0.304646372795105,0.2693827748298645
11.644004106521606,1.4103174873994608,1.4002059698104858,0.1908445805311203,0.2715190351009369
11.647076845169067,1.4110612696783225,1.4009689092636108,0.24321354925632477,0.23477530479431152
11.650163888931274,1.4118231747892593,1.4013503789901733,0.3006179928779602,0.2582741975784302
11.653196811676025,1.4125859632091562,1.4021133184432983,0.365072101354599,0.2651102542877197
11.656278610229492,1.4133754301571715,1.4024949073791504,0.3691004812717438,0.22922103106975555
11.659356832504272,1.4141783833945087,1.4032578468322754,0.42449072003364563,0.18521401286125183
11.662434577941895,1.4149955278726745,1.403639316558838,0.0961776152253151,0.1886320263147354
11.66551423072815,1.4158274300926887,1.404402256011963,0.2381780743598938,0.16940565407276154
11.668585777282715,1.4166712646265085,1.405165195465088,0.40434882044792175,0.18307773768901825
11.671654224395752,1.417528251255853,1.405928134918213,0.3207598924636841,0.24161134660243988
11.674734354019165,1.4184024970326408,1.406691074371338,0.5292286276817322,0.19546806812286377
11.677813053131104,1.41929026825923,1.407454013824463,0.5211718678474426,0.1907682865858078
11.680886030197144,1.4201901961388428,1.408216953277588,0.4778667986392975,0.18265049159526825
11.683963775634766,1.4211052622200842,1.4085984230041504,0.3499656617641449,0.20102235674858093
11.687035322189331,1.4220321109858036,1.4093613624572754,0.32780957221984863,0.221957728266716
11.690105438232422,1.4229720442794183,1.4105058908462524,0.497001588344574,0.1723964363336563
11.693174123764038,1.4239249558346798,1.410887360572815,0.3781643509864807,0.24075685441493988
11.696201801300049,1.4248781922826084,1.41165030002594,0.41744107007980347,0.19290456175804138
11.699284791946411,1.4258620827815385,1.4127947092056274,0.7296406626701355,0.1736781895160675
11.702357053756714,1.4268557475807466,1.41317617893219,0.2996108829975128,0.1886320263147354
11.705424547195435,1.4278609223173573,1.413939118385315,0.3167315125465393,0.16897840797901154
11.70849347114563,1.4288795235011058,1.4150835275650024,0.5080796480178833,0.24246585369110107
11.711563348770142,1.429911313245756,1.4158464670181274,0.5604485869407654,0.23520256578922272
11.71463394165039,1.4309561259167016,1.4166094064712524,0.4919661283493042,0.23093003034591675
11.717711687088013,1.4320161034319572,1.4173723459243774,0.5100938677787781,0.2988632023334503
11.72078824043274,1.4330883099312905,1.418135404586792,0.30565345287323,0.2894636392593384
11.723856210708618,1.4341700097508343,1.418898344039917,0.45571067929267883,0.2360570728778839
11.726922273635864,1.4352633921502662,1.4200427532196045,0.4567177891731262,0.2689555287361145
11.729991436004639,1.4363701481436635,1.4208056926727295,0.5876401662826538,0.3492790162563324
11.733074426651001,1.4374941445600748,1.421950101852417,0.46779584884643555,0.2386205792427063
11.7361581325531,1.4386305821070762,1.422713041305542,0.4637674391269684,0.23093003034591675
11.739197492599487,1.439762493291044,1.4238574504852295,0.6108033657073975,0.2223849892616272
11.742274284362793,1.4409201870766895,1.4246203899383545,0.5886473059654236,0.2240939885377884
11.745347023010254,1.442088139656628,1.425764799118042,0.5433279871940613,0.27878233790397644
11.74842381477356,1.4432693230743177,1.4265278577804565,0.583611786365509,0.19674982130527496
11.75149416923523,1.4444595865783076,1.427672266960144,0.3771572411060333,0.24545662105083466
11.754563570022583,1.445660903521579,1.428435206413269,0.6249027252197266,0.34244295954704285
11.757640361785889,1.446876463628537,1.4295796155929565,0.6198672652244568,0.2890363931655884
11.760714292526245,1.448102128383693,1.430724024772644,0.48189517855644226,0.25912871956825256
11.763792276382446,1.4493405465759917,1.4318684339523315,0.5272144675254822,0.3659418523311615
11.766868352890015,1.4505892160610698,1.4326313734054565,0.497001588344574,0.35526055097579956
11.76993703842163,1.4518457448375717,1.4333943128585815,0.5533989667892456,0.3193713426589966
11.773006439208984,1.4531132997993728,1.4345388412475586,0.7044632434844971,0.37448692321777344
11.776083707809448,1.4543947613558892,1.435683250427246,0.6400091648101807,0.3360341787338257
11.779160737991333,1.4556866738460306,1.4368276596069336,0.4134126901626587,0.3193713426589966
11.782198667526245,1.4569724012992098,1.437972068786621,0.545342206954956,0.21512168645858765
11.78527045249939,1.4582826739785855,1.4391164779663086,0.4406042695045471,0.24374762177467346
11.788336515426636,1.459600629440134,1.440260887145996,0.48592355847358704,0.2232394963502884
11.791402816772461,1.4609286802804793,1.4414052963256836,0.6470588445663452,0.32278934121131897
11.794468641281128,1.4622663923500312,1.4425498247146606,0.6047608256340027,0.21554894745349884
11.79753828048706,1.4636155299117055,1.4436942338943481,0.6953994035720825,0.2381933331489563
11.800615549087524,1.464977698218611,1.4452201128005981,0.48592355847358704,0.221957728266716
11.803689002990723,1.4663477225665753,1.4463645219802856,0.8323643803596497,0.2202487289905548
11.806756019592285,1.467724258901176,1.4478904008865356,0.6208743453025818,0.18051423132419586
11.809822082519531,1.4691096066723761,1.4490348100662231,0.6037537455558777,0.18179598450660706
11.81289291381836,1.470506239625155,1.4501793384552002,0.7135271430015564,0.24545662105083466
11.815969944000244,1.4719147269258088,1.4513237476348877,0.6722362041473389,0.20999465882778168
11.819040536880493,1.4733291523817158,1.4528496265411377,0.7306477427482605,0.21640345454216003
11.822108030319214,1.4747508807001664,1.4539940357208252,0.6410162448883057,0.27835509181022644
11.82517695426941,1.4761818721187157,1.4551384449005127,0.7034561634063721,0.3689326345920563
11.828261137008667,1.4776285106098335,1.4562828540802002,0.5876401662826538,0.2881819009780884
11.831333637237549,1.479078039520354,1.4578088521957397,0.7185626029968262,0.24673838913440704
11.834411382675171,1.48053828297436,1.4589532613754272,0.5332570672035217,0.2715190351009369
11.837486982345581,1.4820056104885517,1.4604791402816772,0.7890592813491821,0.252292662858963
11.840563774108887,1.4834814736255728,1.4616235494613647,0.7286335825920105,0.30911725759506226
11.843632698059082,1.4849613634296155,1.4631494283676147,0.6249027252197266,0.29117265343666077
11.846702098846436,1.486449137952233,1.4646753072738647,0.8766765594482422,0.3027084767818451
11.849779844284058,1.4879485048236576,1.4658198356628418,0.7900663614273071,0.3338979184627533
11.852856397628784,1.4894547044556452,1.4669642448425293,0.5403066873550415,0.2898908853530884
11.855934619903564,1.490968998390921,1.4684901237487793,0.6551156044006348,0.32535287737846375
11.859012603759766,1.4924903118372317,1.4700160026550293,0.8172579407691956,0.3005722165107727
11.862171411514282,1.4940588438911355,1.4711604118347168,0.8635843396186829,0.4578011631965637
11.865301847457886,1.4956204032156883,1.4726864099502563,0.7155413031578064,0.30826276540756226
11.868422269821167,1.4971838663319184,1.4738308191299438,0.6802929639816284,0.3172350525856018
11.871541500091553,1.4987534657362824,1.4753566980361938,0.7135271430015564,0.3522697687149048
11.874661445617676,1.5003300088585134,1.4768825769424438,0.8867475390434265,0.3685053884983063
11.877761363983154,1.5019028036541455,1.4784084558486938,0.7014420032501221,0.2065766453742981
11.880831480026245,1.503466590693995,1.4799343347549438,0.8293430805206299,0.22665750980377197
11.883897304534912,1.505034116907725,1.4814603328704834,0.6359807848930359,0.19589532911777496
11.886963129043579,1.5066074185955682,1.4829862117767334,0.7558251023292542,0.16598764061927795
11.890028715133667,1.5081862268047896,1.4845120906829834,0.8333714604377747,0.20102235674858093
11.893096208572388,1.5097715046163345,1.4860379695892334,0.6198672652244568,0.2373388260602951
11.896162271499634,1.511361381242116,1.4875638484954834,0.9139391183853149,0.2587014436721802
11.899194717407227,1.5129389309159487,1.4887083768844604,0.7195696830749512,0.3338979184627533
11.902260065078735,1.514538609887083,1.4902342557907104,0.878690779209137,0.3035629689693451
11.905332565307617,1.516146930758109,1.4917601346969604,0.7810025215148926,0.42447546124458313
11.908398151397705,1.5177563816783528,1.4932860136032104,0.6964064836502075,0.29672694206237793
11.911463499069214,1.5193703014553177,1.4948118925094604,0.7125200033187866,0.3304798901081085
11.91452956199646,1.5209890435359938,1.496337890625,0.7094987630844116,0.34329748153686523
11.917598247528076,1.522613471763608,1.49786376953125,0.6953994035720825,0.4001220762729645
11.920673608779907,1.5242455997148823,1.4993896484375,0.773952841758728,0.2403295934200287
11.923741102218628,1.5258775550294001,1.50091552734375,0.9723506569862366,0.34287023544311523
11.92680811882019,1.5275131018561776,1.50244140625,0.8142366409301758,0.3159533143043518
11.929874420166016,1.5291519590274054,1.5039674043655396,0.7769741415977478,0.3027084767818451
11.932940244674683,1.53079409977213,1.5054932832717896,0.9532158374786377,0.2890363931655884
11.936006784439087,1.5324400106125367,1.5070191621780396,0.687342643737793,0.29416343569755554
11.939073324203491,1.534089156088126,1.5085450410842896,0.686335563659668,0.30655375123023987
11.942142009735107,1.5357425403074167,1.5100709199905396,1.0448615550994873,0.34842449426651
11.945197820663452,1.5373919018032178,1.5115967988967896,0.8847333192825317,0.37064164876937866
11.948266744613647,1.5390511142104761,1.5135042667388916,0.7447471022605896,0.286900132894516
11.951333284378052,1.5407116597278745,1.5150301456451416,1.0045777559280396,0.32791638374328613
11.954399347305298,1.542374413413883,1.5165560245513916,0.9371023178100586,0.23520256578922272
11.957466125488281,1.544039867693215,1.5180819034576416,0.9602655172348022,0.31082627177238464
11.96053409576416,1.5457081289838481,1.5199893712997437,0.7920805811882019,0.3458609879016876
11.963610410690308,1.5473829409613664,1.5215152502059937,0.7517967224121094,0.20999465882778168
11.966681718826294,1.5490568822666937,1.5234225988388062,0.843442440032959,0.22879377007484436
11.969751358032227,1.5507316103021815,1.5249484777450562,0.966308057308197,0.2548561692237854
11.972819566726685,1.5524070969346373,1.5264743566513062,1.013641595840454,0.2732280492782593
11.97588586807251,1.554082923744617,1.5280003547668457,0.7981231212615967,0.3009994626045227
11.978951930999756,1.5557598458839461,1.5295262336730957,0.9522087574005127,0.30783551931381226
11.98201847076416,1.5574380990557677,1.5314335823059082,1.0227054357528687,0.27493706345558167
11.985084533691406,1.5591170056282613,1.5329594612121582,1.0206912755966187,0.4137941598892212
11.988150358200073,1.560796540077796,1.5344853401184082,0.7709315419197083,0.33774319291114807
11.991194725036621,1.562464916124045,1.5360113382339478,0.8243076205253601,0.32706186175346375
11.994260787963867,1.5641456280179633,1.5375372171401978,0.9401236176490784,0.3462882339954376
11.997327089309692,1.5658267625889315,1.5394445657730103,0.9371023178100586,0.2992904484272003
12.00039267539978,1.5675076409753912,1.5409704446792603,0.9572442173957825,0.31296253204345703
12.003458023071289,1.5691883686716672,1.5428777933120728,1.1294575929641724,0.27835509181022644
12.006524801254272,1.5708697047350468,1.5444037914276123,0.8968185186386108,0.23520256578922272
12.00959038734436,1.5725500553904177,1.5459296703338623,0.9874570965766907,0.30655375123023987
12.012657165527344,1.5742305715027722,1.5474555492401123,0.8746623992919922,0.26254671812057495
12.015724658966064,1.57591083528322,1.5493628978729248,0.722590982913971,0.27835509181022644
12.018801927566528,1.5775956491744916,1.5508888959884644,0.8212863206863403,0.27621880173683167
12.021878480911255,1.5792791088579143,1.5527962446212769,0.8283360004425049,0.18222324550151825
12.024951934814453,1.580959754534756,1.5543221235275269,1.0025634765625,0.2232394963502884
12.02802038192749,1.5826363913669532,1.5558480024337769,0.7658960819244385,0.22623026371002197
12.03108811378479,1.5843112120350589,1.5577553510665894,0.9783931970596313,0.3039902448654175
12.034155130386353,1.5859840620297605,1.559281349182129,0.964293897151947,0.2830548584461212
12.037194728851318,1.587640245628906,1.5611886978149414,1.1143511533737183,0.3159533143043518
12.040260314941406,1.5893087093382137,1.5627145767211914,0.7094987630844116,0.3168078064918518
12.04332685470581,1.5909756490578528,1.5642404556274414,0.723598062992096,0.4296025037765503
12.046393156051636,1.5926402613933268,1.566147804260254,0.842435359954834,0.34457921981811523
12.049460887908936,1.5943032964755688,1.5676738023757935,1.0509041547775269,0.4962539076805115
12.052526712417603,1.5959627911142542,1.5691996812820435,0.7799954414367676,0.3159533143043518
12.055594682693481,1.5976207847457589,1.5707255601882935,0.5594415068626404,0.4155031740665436
12.058667659759521,1.5992786597615214,1.572632908821106,0.9602655172348022,0.442847341299057
12.061736106872559,1.600931116406642,1.574158787727356,0.9199817180633545,0.3501335084438324
12.064812898635864,1.6025849281177895,1.5756847858428955,0.8907759189605713,0.3787594437599182
12.067886590957642,1.6042337814408822,1.577592134475708,1.0297551155090332,0.31338977813720703
12.070957899093628,1.6058779152975298,1.579118013381958,0.8484779000282288,0.43430227041244507
12.074024438858032,1.6075159127242322,1.5810253620147705,0.8907759189605713,0.30612650513648987
12.07709288597107,1.6091511923090025,1.58255136013031,1.013641595840454,0.27493706345558167
12.080162286758423,1.6107830885655048,1.58407723903656,0.7618677020072937,0.251865416765213
12.083198547363281,1.6123933872035163,1.5859845876693726,0.7920805811882019,0.27579155564308167
12.086264848709106,1.614015452969342,1.5875104665756226,0.9360952377319336,0.21469444036483765
12.08933162689209,1.615633434274932,1.5890363454818726,0.9612725973129272,0.35696956515312195
12.092397689819336,1.617246552581732,1.5909438133239746,1.013641595840454,0.3356069326400757
12.09546422958374,1.6188552858764997,1.5924696922302246,0.771938681602478,0.3330434262752533
12.098530530929565,1.6204591091121356,1.5939955711364746,0.8484779000282288,0.42191195487976074
12.101600646972656,1.6220599847181059,1.595902919769287,0.8655985593795776,0.3018539845943451
12.104669570922852,1.623655146873079,1.597428798675537,0.7467612624168396,0.3804684579372406
12.10773515701294,1.6252433435207043,1.5989547967910767,0.8061798810958862,0.35526055097579956
12.110801458358765,1.6268265337562322,1.6004806756973267,0.5040512681007385,0.37021440267562866
12.113867282867432,1.6284039545927786,1.6023880243301392,0.9783931970596313,0.31338977813720703
12.116935968399048,1.6299771703839414,1.6039139032363892,0.7961089611053467,0.34671550989151
12.120012283325195,1.6315484497444144,1.6054397821426392,0.7961089611053467,0.34116122126579285
12.123085498809814,1.6331121534550732,1.6069657802581787,0.9673151969909668,0.44882887601852417
12.12615442276001,1.6346675511272994,1.6084916591644287,0.9149461984634399,0.5573510527610779
12.12919569015503,1.6362027538810873,1.6100175380706787,0.7538109421730042,0.4727550148963928
12.132261991500854,1.6377442246844183,1.6115434169769287,0.7034561634063721,0.3761959373950958
12.135327577590942,1.639278800611908,1.6134508848190308,0.9129320383071899,0.40781262516975403
12.138393640518188,1.6408069367790035,1.6145952939987183,0.7175555229187012,0.30655375123023987
12.141459941864014,1.6423283702253624,1.6165026426315308,0.9139391183853149,0.2843366265296936
12.14452600479126,1.6438427231964223,1.6184099912643433,0.7034561634063721,0.3001449704170227
12.147592544555664,1.6453502076038973,1.6199358701705933,1.141542673110962,0.2074311375617981
12.150657892227173,1.6468498656991015,1.6214618682861328,0.7175555229187012,0.2390478402376175
12.15372371673584,1.648342377373287,1.6229877471923828,0.7709315419197083,0.24759289622306824
12.156789541244507,1.6498273703219595,1.6245136260986328,0.6480659246444702,0.3044174909591675
12.159855604171753,1.651304821373647,1.6260395050048828,0.9371023178100586,0.28177309036254883
12.16292405128479,1.652775617415837,1.6275653839111328,0.8041657209396362,0.3138170540332794
12.166000604629517,1.6542423238305768,1.6290913820266724,0.8464637398719788,0.40439459681510925
12.169070720672607,1.6556978643215017,1.6306172609329224,0.5554131269454956,0.40610361099243164
12.172142267227173,1.6571458532038605,1.6321431398391724,0.880704939365387,0.4278934895992279
12.17519736289978,1.6585777876065786,1.6336690187454224,0.9602655172348022,0.32364386320114136
12.178263902664185,1.66000662935997,1.6351948976516724,0.8152437806129456,0.34671550989151
12.181329488754272,1.6614264259896003,1.636720895767212,0.5946898460388184,0.4612191915512085
12.18439769744873,1.662838694880102,1.638246774673462,0.931059718132019,0.3843137323856354
12.187466859817505,1.66424252129698,1.639772653579712,1.012634515762329,0.46805524826049805
12.190533638000488,1.6656362544077505,1.641298532485962,0.8716410994529724,0.34799724817276
12.193601131439209,1.667021180677203,1.642824411392212,0.771938681602478,0.3343251645565033
12.196667671203613,1.6683964191422385,1.6439688205718994,0.6611581444740295,0.2390478402376175
12.19973373413086,1.6697620625125225,1.645494818687439,0.8283360004425049,0.3975585699081421
12.202800273895264,1.671118408812184,1.647020697593689,0.5100938677787781,0.37405967712402344
12.20586609840393,1.6724648060595404,1.648546576499939,0.8535133600234985,0.3932860195636749
12.208932161331177,1.6738015503924533,1.6496909856796265,0.581597626209259,0.27493706345558167
12.211998224258423,1.6751284127057764,1.651598334312439,0.7880522012710571,0.28006407618522644
12.215065002441406,1.6764455759136596,1.652742862701416,0.6621652841567993,0.3509880304336548
12.218136548995972,1.677754631342836,1.654268741607666,0.7205767631530762,0.26425573229789734
12.221195936203003,1.6790482802793425,1.655794620513916,0.7175555229187012,0.2651102542877197
12.22426962852478,1.680337581652785,1.657320499420166,0.7487754821777344,0.2898908853530884
12.227335929870605,1.6816132801661292,1.658846378326416,0.6762645840644836,0.29672694206237793
12.230401754379272,1.6828781743290981,1.6603723764419556,0.7648890018463135,0.26340124011039734
12.233468055725098,1.6841325402281877,1.661516785621643,0.7256122827529907,0.35739681124687195
12.236534118652344,1.685375967638292,1.663042664527893,0.7286335825920105,0.2860456109046936
12.239599704742432,1.686608248326668,1.6641870737075806,0.7427328824996948,0.40311282873153687
12.242666244506836,1.6878298403958714,1.6657129526138306,0.6551156044006348,0.4009765684604645
12.24573302268982,1.689040339078725,1.666857361793518,0.774959921836853,0.5124894976615906
12.248799562454224,1.6902394438165533,1.6680018901824951,0.8525062799453735,0.382604718208313
12.25186562538147,1.6914269540742397,1.6695277690887451,0.6440375447273254,0.39029526710510254
12.25493311882019,1.69260349298149,1.6706721782684326,0.6923781037330627,0.4146486520767212
12.257999897003174,1.6937681242984544,1.6721980571746826,0.7689173817634583,0.4475471079349518
12.26106858253479,1.6949217289565408,1.6733424663543701,0.654108464717865,0.4261844754219055
12.264147758483887,1.6960673544046798,1.6744868755340576,0.7598535418510437,0.5223163366317749
12.267194986343384,1.6971892303582947,1.6760128736495972,0.8162508606910706,0.3808957040309906
12.270261526107788,1.6983061982812127,1.6771572828292847,0.6943923234939575,0.4761730432510376
12.273327350616455,1.6994107505748415,1.6786831617355347,0.7679103016853333,0.3779049217700958
12.276392936706543,1.7005029622459542,1.6794461011886597,0.48189517855644226,0.4953994154930115
12.279459238052368,1.7015830688608848,1.6809719800949097,0.6108033657073975,0.30740824341773987
12.282524824142456,1.7026504663428628,1.6821163892745972,0.7014420032501221,0.4962539076805115
12.285590410232544,1.7037053090832015,1.6832607984542847,0.7648890018463135,0.43430227041244507
12.288656234741211,1.7047475798023628,1.6844053268432617,0.6329594850540161,0.4159304201602936
12.291722297668457,1.7057771788490488,1.6855497360229492,0.5443350672721863,0.4001220762729645
12.294788360595703,1.706793929149007,1.6870756149291992,0.5392996072769165,0.4266117215156555
12.297855138778687,1.7077979690195777,1.6882200241088867,0.5241931676864624,0.3501335084438324
12.300920963287354,1.7087886604366818,1.6893644332885742,0.6913710236549377,0.2377660721540451
12.3039870262146,1.709766301249827,1.6905088424682617,0.7115129232406616,0.3176623284816742
12.307052850723267,1.7107306487242417,1.6916533708572388,0.6369878649711609,0.35654231905937195
12.310121297836304,1.7116824977638627,1.6927977800369263,0.460746169090271,0.2390478402376175
12.313194274902344,1.7126223047594633,1.6939421892166138,0.6661936640739441,0.37320515513420105
12.316262483596802,1.7135471402758107,1.6950865983963013,0.546349287033081,0.37064164876937866
12.319338321685791,1.714460636036818,1.6962310075759888,0.5685054063796997,0.3924315273761749
12.322407245635986,1.7153583831154302,1.6973754167556763,0.5745479464530945,0.4582284390926361
12.32547378540039,1.716241685459017,1.6985198259353638,0.5493705868721008,0.40781262516975403
12.328540325164795,1.7171111638508876,1.6992828845977783,0.5292286276817322,0.45566490292549133
12.331607341766357,1.7179668695485952,1.7004272937774658,0.5272144675254822,0.4146486520767212
12.334675073623657,1.7188087814898423,1.7015717029571533,0.6903639435768127,0.3808957040309906
12.337741613388062,1.7196363013452585,1.7023346424102783,0.5876401662826538,0.4719005227088928
12.340807676315308,1.7204495568204305,1.7034790515899658,0.5362783074378967,0.4800183176994324
12.343874216079712,1.7212487253919697,1.7042419910430908,0.5967040657997131,0.5124894976615906
12.346940279006958,1.7220334843778973,1.7050049304962158,0.45168229937553406,0.4283207356929779
12.3500075340271,1.7228041830754466,1.7061493396759033,0.3630579113960266,0.4877088665962219
12.353073835372925,1.7235602091384963,1.7069122791290283,0.4627603590488434,0.45481041073799133
12.356142044067383,1.7243021910024314,1.7080568075180054,0.46678873896598816,0.48429083824157715
12.359198093414307,1.7250267311654197,1.7088197469711304,0.45268940925598145,0.42233920097351074
12.362273931503296,1.7257412819522606,1.7099641561508179,0.40334174036979675,0.3924315273761749
12.365351438522339,1.7264414134725738,1.7107270956039429,0.40233463048934937,0.4159304201602936
12.368422269821167,1.7271251982598592,1.7114900350570679,0.5282215476036072,0.43430227041244507
12.371488094329834,1.7277930289791823,1.7122529745101929,0.26335546374320984,0.48599985241889954
12.37455415725708,1.728446020813967,1.7133973836898804,0.5030441880226135,0.3531242907047272
12.377619981765747,1.7290840116353192,1.7141603231430054,0.3821927309036255,0.5082169771194458
12.380686521530151,1.7297071372015498,1.71492338180542,0.4154268801212311,0.382604718208313
12.383753061294556,1.7303151890908965,1.715686321258545,0.42146944999694824,0.3971312940120697
12.386818647384644,1.7309079288330154,1.71644926071167,0.581597626209259,0.45566490292549133
12.38988447189331,1.7314855372235791,1.717212200164795,0.46477454900741577,0.4578011631965637
12.392950773239136,1.7320480002730192,1.71797513961792,0.4929732084274292,0.42020294070243835
12.396017789840698,1.7325953006164834,1.718738079071045,0.2845044732093811,0.502662718296051
12.399090766906738,1.733128273291622,1.71950101852417,-0.01258869282901287,0.42148470878601074
12.4021737575531,1.7336474511482927,1.720263957977295,0.5574273467063904,0.34116122126579285
12.405257940292358,1.734151215222912,1.72102689743042,0.26436254382133484,0.3309071362018585
12.408329725265503,1.7346373838237577,1.721789836883545,0.33989471197128296,0.45096513628959656
12.411399841308594,1.735107716562843,1.72255277633667,0.4164339601993561,0.4612191915512085
12.414472103118896,1.7355627503949427,1.7233158349990845,0.329823762178421,0.29672694206237793
12.417551755905151,1.7360031467918982,1.7240787744522095,0.5644770264625549,0.3924315273761749
12.420628547668457,1.7364273638636025,1.724460244178772,0.37111467123031616,0.34158846735954285
12.423696279525757,1.7368345990425091,1.725223183631897,0.2683909237384796,0.4321660101413727
12.42676329612732,1.737225997371522,1.725986123085022,0.4154268801212311,0.31082627177238464
12.429833173751831,1.7376019623123142,1.7263675928115845,0.29759669303894043,0.31125351786613464
12.432913541793823,1.7379632898541133,1.7271305322647095,0.3489585816860199,0.40695810317993164
12.435990333557129,1.7383082426275283,1.727512001991272,0.15257495641708374,0.40140384435653687
12.439063787460327,1.738636868936044,1.728274941444397,0.43657588958740234,0.3693598806858063
12.442137241363525,1.7389495210106536,1.7286564111709595,0.3852140009403229,0.35867857933044434
12.445194721221924,1.7392446693142194,1.7294193506240845,0.5654841065406799,0.3159533143043518
12.44826340675354,1.73952494728844,1.729800820350647,0.3932707607746124,0.3360341787338257
12.451339960098267,1.7397898749893916,1.7301822900772095,0.32780957221984863,0.32492560148239136
12.454412460327148,1.740038371330428,1.730945348739624,0.22911421954631805,0.383459210395813
12.457479476928711,1.7402703723430721,1.7313268184661865,0.11833371222019196,0.37320515513420105
12.460549592971802,1.740486524410039,1.731708288192749,0.3781643509864807,0.37405967712402344
12.463619232177734,1.740686535036828,1.7320897579193115,0.14854657649993896,0.42319372296333313
12.466696500778198,1.7408708573768756,1.732471227645874,-0.02064545638859272,0.43814754486083984
12.469770193099976,1.7410387710790807,1.7328526973724365,0.06999313086271286,0.3945677876472473
12.4728422164917,1.7411904061304257,1.733234167098999,0.29155412316322327,0.3949950337409973
12.475908756256104,1.7413256166515831,1.7336156368255615,0.14552529156208038,0.4727550148963928
12.478976488113403,1.741444718328599,1.733997106552124,0.35500115156173706,0.39072251319885254
12.482053279876709,1.741547924402615,1.7343785762786865,0.2845044732093811,0.38730448484420776
12.485129833221436,1.7416348434385793,1.7343785762786865,-0.018631266430020332,0.34116122126579285
12.488194942474365,1.7417052433945703,1.734760046005249,0.3006179928779602,0.43472954630851746
12.49126148223877,1.741759492763347,1.7351415157318115,0.23112840950489044,0.35996031761169434
12.494329929351807,1.7417975685105829,1.735522985458374,0.15056076645851135,0.42362096905708313
12.497401714324951,1.7418194432666068,1.735522985458374,0.3167315125465393,0.5069352388381958
12.500478982925415,1.7418250602485914,1.7359044551849365,0.16667430102825165,0.32407110929489136
12.503552913665771,1.741814385786741,1.7359044551849365,0.09919890016317368,0.3304798901081085
12.506623983383179,1.7417874684559032,1.736285924911499,0.11934080719947815,0.32748913764953613
12.509689807891846,1.7417443959539702,1.736285924911499,0.04481574892997742,0.39114975929260254
12.512758016586304,1.7416850877748051,1.7366673946380615,0.20192264020442963,0.4005493223667145
12.5158371925354,1.7416092776587973,1.7366673946380615,0.10222018510103226,0.46720072627067566
12.518916130065918,1.7415171633909767,1.7366673946380615,0.18782329559326172,0.47830930352211
12.521992683410645,1.7414088386068691,1.737048864364624,0.2865186631679535,0.37534141540527344
12.525066614151001,1.7412843615359375,1.737048864364624,0.1596246212720871,0.37363240122795105
12.528138160705566,1.7411437737909343,1.737048864364624,0.19688716530799866,0.4586556851863861
12.531198024749756,1.7409876251468472,1.7374303340911865,0.08107118308544159,0.48471808433532715
12.534273624420166,1.7408144989918393,1.7374303340911865,-0.035751886665821075,0.5227435827255249
12.537342548370361,1.7406256014596142,1.7374303340911865,0.02568093314766884,0.42191195487976074
12.540409326553345,1.7404207408517547,1.7374303340911865,0.002517738612368703,0.5077897310256958
12.543474912643433,1.7401998987396756,1.7374303340911865,-0.06797894090414047,0.3642328381538391
12.546544313430786,1.7399627143543055,1.7374303340911865,0.03978027030825615,0.504798948764801
12.549621105194092,1.739708845409848,1.7374303340911865,0.08509956300258636,0.4296025037765503
12.552694082260132,1.739439212050151,1.7374303340911865,-0.0629434660077095,0.48557260632514954
12.555762529373169,1.7391539675540657,1.737048864364624,-0.15559624135494232,0.4261844754219055
12.558830261230469,1.738852824847207,1.7374303340911865,0.1253833770751953,0.3992675542831421
12.561899423599243,1.7385355957040465,1.7374303340911865,-0.13948272168636322,0.3984130620956421
12.564977884292603,1.7382014128548124,1.737048864364624,-0.13243305683135986,0.38815900683403015
12.56805419921875,1.7378514940499392,1.737048864364624,-0.08711375296115875,0.3039902448654175
12.57113003730774,1.737485702553543,1.737048864364624,-0.13746853172779083,0.32706186175346375
12.57419466972351,1.7371054388383522,1.737048864364624,0.11531242728233337,0.3168078064918518
12.57726240158081,1.7367090259530467,1.737048864364624,-0.1727168709039688,0.23520256578922272
12.580331325531006,1.7362967141093724,1.737048864364624,0.05891508236527443,0.3142443001270294
12.583407640457153,1.7358676428654702,1.7366673946380615,-0.038773175328969955,0.24502937495708466
12.586480140686035,1.7354233876015024,1.7366673946380615,-0.04884412884712219,0.16812390089035034
12.589548110961914,1.7349641570134517,1.7366673946380615,-0.13344015181064606,0.22964827716350555
12.592614889144897,1.734489537834456,1.7366673946380615,0.1727168709039688,0.2240939885377884
12.595683813095093,1.7339990503482594,1.736285924911499,-0.15257495641708374,0.22623026371002197
12.598763227462769,1.733491310674628,1.7359044551849365,0.00553902518004179,0.1882047802209854
12.601843118667603,1.7329679340925734,1.7359044551849365,-0.21602196991443634,0.23520256578922272
12.604914426803589,1.732430570296543,1.735522985458374,-0.24724192917346954,0.2065766453742981
12.607981204986572,1.7318786589053223,1.735522985458374,-0.270405113697052,0.17111466825008392
12.611048936843872,1.7313112911743256,1.7351415157318115,-0.2049439251422882,0.1424887478351593
12.614115715026855,1.7307288725246315,1.734760046005249,-0.2724193036556244,0.19290456175804138
12.617184400558472,1.7301309066389987,1.7343785762786865,-0.1928587704896927,0.2074311375617981
12.620270490646362,1.7295142862376165,1.733997106552124,-0.3338521420955658,0.15317006409168243
12.62334394454956,1.728885035710148,1.7336156368255615,-0.2673838436603546,0.19674982130527496
12.626410961151123,1.728242085311082,1.733234167098999,-0.329823762178421,0.10916304588317871
12.629477500915527,1.7275842960029284,1.7328526973724365,-0.3499656617641449,0.1412069946527481
12.632543802261353,1.7269116829136162,1.732471227645874,-0.2673838436603546,0.10659952461719513
12.635610103607178,1.7262242578962839,1.7320897579193115,-0.2532845139503479,0.21768520772457123
12.638676404953003,1.7255220847407529,1.731708288192749,-0.3157244324684143,0.15188831090927124
12.641742467880249,1.7248052849132323,1.7313268184661865,-0.24119935929775238,0.1574425846338272
12.644809246063232,1.7240736985693332,1.7305638790130615,-0.29457542300224304,0.24673838913440704
12.647875547409058,1.7233276762648158,1.7301822900772095,-0.2724193036556244,0.19803158938884735
12.650941610336304,1.7225672343047485,1.729800820350647,-0.16566720604896545,0.12069886177778244
12.654007911682129,1.7217923249908076,1.7294193506240845,-0.18278782069683075,0.1429159939289093
12.657073497772217,1.7210032645695719,1.7286564111709595,-0.5544060468673706,0.13052567839622498
12.660139799118042,1.7201997580613506,1.728274941444397,-0.31270313262939453,0.13650721311569214
12.663204431533813,1.7193825113622367,1.727512001991272,-0.5282215476036072,0.13479819893836975
12.666287183761597,1.7185462096228539,1.726749062538147,-0.3942778706550598,0.15317006409168243
12.66935658454895,1.717699435175966,1.7263675928115845,-0.4295262098312378,0.09890898317098618
12.672424077987671,1.7168392146332576,1.7256046533584595,-0.4113985002040863,0.15658807754516602
12.675493001937866,1.7159646951844425,1.725223183631897,-0.30565345287323,0.10745403170585632
12.678560256958008,1.7150768428611283,1.724460244178772,-0.6752575039863586,0.10659952461719513
12.681629419326782,1.714174703406835,1.7240787744522095,-0.2885328531265259,0.11642633378505707
12.684707880020142,1.7132561133586834,1.7233158349990845,-0.29054704308509827,0.08053711801767349
12.687780141830444,1.7123257617720615,1.72255277633667,-0.34190890192985535,0.1574425846338272
12.690850019454956,1.7113826370764382,1.721789836883545,-0.37212178111076355,0.16598764061927795
12.69391679763794,1.710427082735574,1.72102689743042,-0.3852140009403229,0.18692301213741302
12.696986198425293,1.7094574078491553,1.720263957977295,-0.26335546374320984,0.13907071948051453
12.700055837631226,1.7084744371684693,1.71950101852417,-0.4637674391269684,0.13607995212078094
12.703126907348633,1.7074778696634554,1.718738079071045,-0.42348363995552063,0.18350499868392944
12.70619511604309,1.7064691997142587,1.71797513961792,-0.43456166982650757,0.10318150371313095
12.709261417388916,1.7054482378060682,1.717212200164795,-0.32780957221984863,0.1275349110364914
12.71232795715332,1.7044143747998883,1.7160677909851074,-0.5241931676864624,0.14077973365783691
12.71540093421936,1.703365575206623,1.7153048515319824,-0.40233463048934937,0.1424887478351593
12.718469381332397,1.7023056676555655,1.7145417928695679,-0.4144197702407837,0.21640345454216003
12.721545934677124,1.7012303642194992,1.7137788534164429,-0.40636301040649414,0.20315861701965332
12.724620580673218,1.70014322697346,1.7126344442367554,-0.497001588344574,0.1770962029695511
12.7276930809021,1.699044466249269,1.7114900350570679,-0.654108464717865,0.17154192924499512
12.730761289596558,1.6979349904220835,1.7107270956039429,-0.7447471022605896,0.18435950577259064
12.733828067779541,1.6968139022314586,1.7099641561508179,-0.724605143070221,0.21982146799564362
12.736894130706787,1.6956810569731862,1.7088197469711304,-0.4587319791316986,0.2399023473262787
12.739959955215454,1.6945363891725742,1.7080568075180054,-0.5131151080131531,0.18649576604366302
12.743025779724121,1.693379917391625,1.7069122791290283,-0.3479514718055725,0.24502937495708466
12.746094703674316,1.6922105620526153,1.7057678699493408,-0.65310138463974,0.22879377007484436
12.749166011810303,1.6910286730945234,1.7050049304962158,-0.6148317456245422,0.2369115799665451
12.752197980880737,1.6898506226806007,1.7038605213165283,-0.5151293277740479,0.1894865334033966
12.755268573760986,1.6886462327546712,1.7027161121368408,-0.545342206954956,0.24417486786842346
12.758334875106812,1.6874322571069524,1.7015717029571533,-0.6289311051368713,0.24502937495708466
12.761401414871216,1.6862070373476374,1.7004272937774658,-0.5936827659606934,0.24588388204574585
12.76447057723999,1.6849697191675277,1.6996643543243408,-0.7014420032501221,0.21298542618751526
12.767546892166138,1.683718538987375,1.6981383562088013,-0.7930876612663269,0.22922103106975555
12.770614624023438,1.6824600205353104,1.6973754167556763,-0.5977111458778381,0.1890592873096466
12.773680210113525,1.681191696568718,1.6962310075759888,-0.583611786365509,0.17111466825008392
12.776748657226562,1.6799116097579214,1.6950865983963013,-0.6228885054588318,0.21042190492153168
12.779820442199707,1.6786196482557751,1.6939421892166138,-0.7789883017539978,0.1424887478351593
12.782896518707275,1.6773154924617752,1.6931792497634888,-0.4597390592098236,0.1595788449048996
12.785970211029053,1.6760020845631054,1.6920348405838013,-0.5503776669502258,0.10617227107286453
12.789037704467773,1.6746812196019356,1.6908903121948242,-0.3983062505722046,0.10531777143478394
12.792106628417969,1.6733497587678112,1.6897459030151367,-0.5362783074378967,0.08822766691446304
12.795184850692749,1.6720043606330175,1.6886014938354492,-0.38924238085746765,0.13052567839622498
12.79825758934021,1.6706515928184857,1.6874570846557617,-0.5413138270378113,0.1578698456287384
12.801323652267456,1.6692921636833429,1.6863126754760742,-0.8253147006034851,0.1437705010175705
12.804391860961914,1.6679223096172118,1.6851682662963867,-0.652094304561615,0.1424887478351593
12.807462692260742,1.6665419230789846,1.6840238571166992,-0.5423209071159363,0.16983291506767273
12.810529947280884,1.6651539230845875,1.6824978590011597,-0.7457541823387146,0.17154192924499512
12.81359577178955,1.6637574900168621,1.6813534498214722,-0.6309453248977661,0.24716563522815704
12.816664218902588,1.6623509022160559,1.6798275709152222,-0.8817120790481567,0.17795071005821228
12.819740295410156,1.6609319508690394,1.6786831617355347,-0.8142366409301758,0.21725794672966003
12.822812795639038,1.6595059195947377,1.6771572828292847,-0.7487754821777344,0.1578698456287384
12.825879096984863,1.6580741996637562,1.6760128736495972,-0.7951018810272217,0.25912871956825256
12.82895565032959,1.6566292265830422,1.6748683452606201,-0.4426184594631195,0.19931334257125854
12.832035064697266,1.6551745525829997,1.6733424663543701,-0.8464637398719788,0.21255818009376526
12.835114002227783,1.6537118807806028,1.6721980571746826,-0.7407187223434448,0.2373388260602951
12.838200092315674,1.6522376974535709,1.6710536479949951,-0.808194100856781,0.20358586311340332
12.841267585754395,1.6507644846425211,1.6695277690887451,-0.6833142638206482,0.2048676311969757
12.844339370727539,1.649281442693764,1.6680018901824951,-0.9824215769767761,0.15188831090927124
12.847407579421997,1.6477925051874145,1.666857361793518,-0.8001373410224915,0.17026016116142273
12.850484132766724,1.6462920084480706,1.665331482887268,-0.7044632434844971,0.17752346396446228
12.853564500808716,1.644782257629559,1.663805603981018,-0.7336690425872803,0.18564125895500183
12.856633424758911,1.6432708991803655,1.6626611948013306,-0.6682078242301941,0.1271076500415802
12.859699487686157,1.6417538970129066,1.6611353158950806,-0.8384069800376892,0.19333180785179138
12.86276888847351,1.6402283235214092,1.6599907875061035,-0.688349723815918,0.21127641201019287
12.865845918655396,1.638692151022914,1.6584649085998535,-0.722590982913971,0.13992522656917572
12.868919372558594,1.6371511034981836,1.6569390296936035,-0.7598535418510437,0.15231555700302124
12.871990203857422,1.635604866410657,1.655794620513916,-0.5664911866188049,0.08053711801767349
12.875060319900513,1.6340526338547068,1.654268741607666,-0.5282215476036072,0.16513313353061676
12.878131866455078,1.632493463254955,1.6531243324279785,-0.8353856801986694,0.08822766691446304
12.881201267242432,1.6309293171340316,1.651598334312439,-0.688349723815918,0.11856260150671005
12.884283542633057,1.6293526559671407,1.6504539251327515,-0.807187020778656,0.0792553573846817
12.88735580444336,1.6277753260986696,1.6489280462265015,-0.8011444211006165,0.14590676128864288
12.890430450439453,1.6261911312636526,1.6474021673202515,-0.8152437806129456,0.08822766691446304
12.893497705459595,1.6246052689492296,1.6458762884140015,-1.0408331155776978,0.18435950577259064
12.896566390991211,1.62301334163647,1.644350290298462,-0.7618677020072937,0.18478675186634064
12.899643659591675,1.6214117614251482,1.642824411392212,-0.8394140601158142,0.24716563522815704
12.90271782875061,1.6198067439047967,1.6409170627593994,-0.8293430805206299,0.191195547580719
12.905786991119385,1.6181994541668894,1.6393911838531494,-0.73870450258255,0.25998321175575256
12.908855676651001,1.6165876824771448,1.6378653049468994,-0.8937972187995911,0.13821622729301453
12.911926507949829,1.6149701974965849,1.6363393068313599,-0.8887617588043213,0.16128785908222198
12.91500473022461,1.6133443662251812,1.6348134279251099,-0.7810025215148926,0.21298542618751526
12.918086528778076,1.6117123319088642,1.6332875490188599,-1.0045777559280396,0.17026016116142273
12.921172380447388,1.6100739792873986,1.6317616701126099,-0.9109178185462952,0.13907071948051453
12.924195289611816,1.6084651447929825,1.6302357912063599,-0.9703364372253418,0.17196917533874512
12.927264928817749,1.606827640861262,1.6287097930908203,-1.0317692756652832,0.15146104991436005
12.930335283279419,1.6051860774190287,1.6271839141845703,-0.9159532785415649,0.125825896859169
12.933413743972778,1.6035366404804434,1.6252765655517578,-0.9703364372253418,0.11984435468912125
12.936487913131714,1.6018861199277978,1.6237506866455078,-1.0247195959091187,0.12967117130756378
12.93956184387207,1.600232501117184,1.6222248077392578,-0.7598535418510437,0.125825896859169
12.942631721496582,1.598577996759471,1.6206988096237183,-0.8958113789558411,0.12027160823345184
12.94569993019104,1.5969214842738901,1.6191729307174683,-0.7981231212615967,0.12411688268184662
12.948776483535767,1.595257702579588,1.6176470518112183,-0.8686197996139526,0.07412832975387573
12.951849937438965,1.5935929885020383,1.6161211729049683,-0.9612725973129272,0.03311207890510559
12.954919338226318,1.591928022568587,1.6149767637252808,-0.7528038620948792,0.008758679032325745
12.957986116409302,1.5902621914312653,1.6134508848190308,-0.8373998403549194,0.11642633378505707
12.961052179336548,1.5885946173864338,1.6115434169769287,-0.8384069800376892,0.10916304588317871
12.964123010635376,1.5869224689363932,1.6100175380706787,-0.9834287166595459,0.14676126837730408
12.967198848724365,1.585245762800842,1.6081101894378662,-1.157656192779541,0.16171512007713318
12.97028374671936,1.5835624342810393,1.6065843105316162,-0.810208261013031,0.2211032211780548
12.973354578018188,1.581885263539565,1.6050583124160767,-0.9109178185462952,0.23007553815841675
12.976422786712646,1.5802081686997467,1.6031509637832642,-0.8112154006958008,0.2236667424440384
12.979490041732788,1.578530395664727,1.6016250848770142,-0.7940947413444519,0.13223467767238617
12.982569217681885,1.5768450525651898,1.6000992059707642,-0.807187020778656,0.20059509575366974
12.985644102096558,1.5751611662635205,1.5981918573379517,-1.0942091941833496,0.11557183414697647
12.988711833953857,1.5734804650416012,1.596665859222412,-0.8595559597015381,0.1886320263147354
12.991778373718262,1.5717998424741548,1.595139980316162,-0.8152437806129456,0.21554894745349884
12.994847059249878,1.5701176251715623,1.5932326316833496,-0.9622796773910522,0.11471732705831528
12.997925758361816,1.5684296548445367,1.5917067527770996,-0.65108722448349,0.1253986358642578
13.001001596450806,1.5667431468477722,1.5897992849349976,-0.9038681387901306,0.10916304588317871
13.004072666168213,1.5650593044684016,1.58865487575531,-0.8948042988777161,0.14590676128864288
13.007142066955566,1.563376584811466,1.5867475271224976,-1.0811169147491455,0.0801098644733429
13.010196685791016,1.561702330200349,1.5852216482162476,-0.8565346598625183,0.07711909711360931
13.01326584815979,1.560020622902387,1.583314299583435,-0.8988326787948608,0.11215381324291229
13.016344547271729,1.5583343694282596,1.5821698904037476,-0.7830166816711426,0.06002899259328842
13.019417524337769,1.5566520855718362,1.5802624225616455,-1.0045777559280396,0.0942092016339302
13.022484064102173,1.5549743142256809,1.5787365436553955,-0.7709315419197083,0.06857404112815857
13.025550603866577,1.5532976861116963,1.5772106647491455,-0.8907759189605713,0.08096437156200409
13.02862000465393,1.5516207944420357,1.5756847858428955,-0.7326619625091553,0.048493172973394394
13.031699895858765,1.5499396364347553,1.5737773180007935,-0.9693293571472168,0.09933622926473618
13.034776449203491,1.548261922254751,1.5722514390945435,-0.8525062799453735,0.17752346396446228
13.037847518920898,1.5465889713390557,1.570344090461731,-0.9038681387901306,0.1587243527173996
13.040913820266724,1.5449205405599182,1.568818211555481,-1.0096131563186646,0.21084916591644287
13.043980360031128,1.5432540562965176,1.5669108629226685,-0.7256122827529907,0.22708477079868317
13.047051191329956,1.5415874755802577,1.565384864807129,-0.9824215769767761,0.19717708230018616
13.050134897232056,1.5399163152738748,1.5634775161743164,-0.9038681387901306,0.20230410993099213
13.053198337554932,1.5382586812172994,1.5619516372680664,-0.8162508606910706,0.1582970917224884
13.056273937225342,1.5365971731095134,1.560044288635254,-0.8756694793701172,0.14547951519489288
13.059342622756958,1.53494225607123,1.5585182905197144,-0.7618677020072937,0.13864347338676453
13.062419176101685,1.5332861142958685,1.5569924116134644,-0.8243076205253601,0.15188831090927124
13.065494537353516,1.5316337891249894,1.5550850629806519,-0.8565346598625183,0.10916304588317871
13.068565607070923,1.5299870911956088,1.5535591840744019,-0.7437399625778198,0.13308918476104736
13.071632862091064,1.528345904690912,1.5520333051681519,-0.7880522012710571,0.12112611532211304
13.07469892501831,1.5267089702024537,1.5501258373260498,-0.9592584371566772,0.10446326434612274
13.077764987945557,1.5250758010743204,1.5485999584197998,-0.8303502202033997,0.14761577546596527
13.080833435058594,1.5234452834820706,1.5470740795135498,-0.9884641766548157,0.07370107620954514
13.083909749984741,1.5218146753871142,1.5455482006072998,-0.7628747820854187,0.053192950785160065
13.086983442306519,1.5201896996579185,1.5436408519744873,-0.9773861169815063,0.08609139919281006
13.090057134628296,1.5185691159288073,1.5421148538589478,-0.7779812216758728,0.13138018548488617
13.093127489089966,1.5169548277204516,1.5405889749526978,-0.9763790369033813,0.14718852937221527
13.096197605133057,1.5153453477565664,1.5386816263198853,-0.8494849801063538,0.13479819893836975
13.099273681640625,1.5137375896913747,1.5371557474136353,-0.7407187223434448,0.20102235674858093
13.102344274520874,1.512137685637947,1.5356298685073853,-0.9481803774833679,0.1412069946527481
13.1054105758667,1.5105451392542046,1.5341038703918457,-0.9089036583900452,0.14889752864837646
13.108476400375366,1.5089581051634249,1.5321965217590332,-0.9219958782196045,0.1429159939289093
13.111539840698242,1.5073777103650021,1.5306706428527832,-0.8968185186386108,0.18350499868392944
13.114625453948975,1.5057914869765539,1.5287632942199707,-0.8937972187995911,0.11001754552125931
13.117702960968018,1.504215186983905,1.5268558263778687,-0.9189745783805847,0.1745326966047287
13.120778799057007,1.5026456331183662,1.5253299474716187,-0.8706340193748474,0.16427862644195557
13.123846530914307,1.5010862280553714,1.5238040685653687,-0.7407187223434448,0.07113756239414215
13.12691330909729,1.499533454236799,1.5222781896591187,-0.8696269392967224,0.08609139919281006
13.12998104095459,1.4979864901643036,1.5207523107528687,-0.6259098052978516,0.04422064498066902
13.133054494857788,1.496443096008348,1.519226312637329,-0.7477683424949646,0.1112993061542511
13.136149168014526,1.49489572027411,1.517700433731079,-0.9119248986244202,0.05191119387745857
13.139201402664185,1.4933762665228758,1.516174554824829,-0.9874570965766907,0.06601052731275558
13.142284154891968,1.4918485196243296,1.514648675918579,-0.7356832027435303,-0.0019226367585361004
13.145354986190796,1.4903337154644591,1.513122797012329,-0.7789883017539978,0.03653009980916977
13.148422479629517,1.4888277086213328,1.5115967988967896,-0.8263218402862549,0.056183718144893646
13.151489019393921,1.4873294533909094,1.5100709199905396,-0.9894712567329407,0.043793391436338425
13.154558420181274,1.4858372320839075,1.5085450410842896,-0.9592584371566772,0.06002899259328842
13.157636404037476,1.48434844389615,1.5070191621780396,-0.8303502202033997,0.09719996899366379
13.160714387893677,1.4828674112731708,1.505111813545227,-0.9350880980491638,0.11343556642532349
13.163790941238403,1.4813949554921715,1.5035858154296875,-1.0589609146118164,0.12326237559318542
13.166858911514282,1.4799345982043957,1.5020599365234375,-0.845456600189209,0.05404745414853096
13.169924974441528,1.4784832564376937,1.5005340576171875,-0.7769741415977478,0.07626459002494812
13.172993898391724,1.4770388117495585,1.4990081787109375,-0.8283360004425049,0.0784008577466011
13.176073789596558,1.475597639745663,1.4974822998046875,-0.6571297645568848,0.13479819893836975
13.17921495437622,1.4741366392479425,1.495956301689148,-0.880704939365387,0.11813534796237946
13.182282447814941,1.4727186582897314,1.494430422782898,-0.9451590776443481,0.13351644575595856
13.185349225997925,1.4713097877031398,1.492904543876648,-0.9360952377319336,0.16342411935329437
13.18841814994812,1.4699088502404092,1.491378664970398,-0.8615701794624329,0.08310063183307648
13.19148850440979,1.468516318307526,1.4894713163375854,-0.8847333192825317,0.10745403170585632
13.19455623626709,1.4671341542240686,1.487945318222046,-0.7910735011100769,0.13736172020435333
13.197622537612915,1.4657619310142787,1.486419439315796,-0.8283360004425049,0.07541008293628693
13.200689315795898,1.4643989181616317,1.4852750301361084,-0.9401236176490784,0.04293888807296753
13.203758478164673,1.463044407840605,1.4837491512298584,-0.5695124864578247,0.02243076264858246
13.206827640533447,1.4616995892991609,1.4822232723236084,-0.7910735011100769,0.05362020432949066
13.209893703460693,1.4603659307418724,1.481078863143921,-0.6692149043083191,0.03695734962821007
13.212962627410889,1.4590409623680296,1.4795528650283813,-0.6047608256340027,0.046784162521362305
13.216039896011353,1.4577224948989884,1.4780269861221313,-0.7356832027435303,0.03439383581280708
13.21911358833313,1.456415782238183,1.4768825769424438,-0.807187020778656,0.02713054046034813
13.222197532653809,1.455115101566981,1.4753566980361938,-0.9189745783805847,0.01516746822744608
13.225267171859741,1.4538309105213958,1.4742122888565063,-0.7900663614273071,0.04422064498066902
13.228333950042725,1.452558453230778,1.4726864099502563,-0.6359807848930359,0.10489051789045334
13.231402397155762,1.4512959622679473,1.4711604118347168,-0.8142366409301758,0.10019073635339737
13.234479188919067,1.4500408610636548,1.4696345329284668,-0.879697859287262,0.11343556642532349
13.23755407333374,1.448797482668446,1.4681086540222168,-0.844449520111084,0.14633402228355408
13.240628242492676,1.4475654470420285,1.4669642448425293,-0.7699244618415833,0.13266193866729736
13.243705749511719,1.4463432591176197,1.4654383659362793,-0.8545204997062683,0.15487907826900482
13.246776342391968,1.4451350845766844,1.4642938375473022,-0.6077821254730225,0.18222324550151825
13.24984359741211,1.4439395721746382,1.4627679586410522,-0.6057679057121277,0.08780041337013245
13.252910375595093,1.4427556966307304,1.4612420797348022,-0.7366903424263,0.13949798047542572
13.255979776382446,1.4415823835516635,1.4600976705551147,-0.7628747820854187,0.12240787595510483
13.259057760238647,1.4404175275627142,1.4585717916488647,-0.7105058431625366,0.08096437156200409
13.262134552001953,1.4392649790839178,1.4574273824691772,-0.6410162448883057,0.08780041337013245
13.265198230743408,1.4381292279224422,1.4562828540802002,-0.6611581444740295,0.06643778085708618
13.268266916275024,1.4370036153109365,1.4551384449005127,-0.4718242287635803,0.11471732705831528
13.271336078643799,1.4358899396117066,1.4536125659942627,-0.5544060468673706,0.09976348280906677
13.274413585662842,1.4347855022259617,1.4520866870880127,-0.8001373410224915,0.10019073635339737
13.277487754821777,1.4336946285783152,1.4509422779083252,-0.7689173817634583,0.12240787595510483
13.28056025505066,1.4326167979316655,1.4497978687286377,-0.8726481795310974,0.08737315982580185
13.283626317977905,1.4315537338482214,1.4486533403396606,-0.5523918271064758,0.11599908769130707
13.28669261932373,1.4305031825193866,1.4475089311599731,-0.3831998109817505,0.0643015205860138
13.289759874343872,1.429465003775211,1.4459830522537231,-0.7115129232406616,0.0476386658847332
13.292827129364014,1.4284396227183924,1.4452201128005981,-0.48189517855644226,-0.06942854821681976
13.295893907546997,1.4274272909537533,1.4440757036209106,-0.5705195665359497,0.001495384145528078
13.298960208892822,1.426428096416265,1.4429312944412231,-0.5382925271987915,-0.016449226066470146
13.302031993865967,1.4254402216486972,1.4421683549880981,-0.4295262098312378,0.02713054046034813
13.305112600326538,1.424462777305034,1.441023826599121,-0.617853045463562,-0.04122987762093544
13.308199167251587,1.42349685854496,1.4398794174194336,-0.6349737048149109,-0.027985045686364174
13.31127142906189,1.4225488429866358,1.438735008239746,-0.6621652841567993,-0.009185931645333767
13.314340353012085,1.4216153191885736,1.4375905990600586,-0.6651865243911743,0.05874723568558693
13.317418575286865,1.4206925699392818,1.436446189880371,-0.7689173817634583,0.0006408789195120335
13.32049036026001,1.4197854170967092,1.4353017807006836,-0.6551156044006348,0.09036392718553543
13.323559761047363,1.4188926892881766,1.434157371520996,-0.6823071837425232,0.13522544503211975
13.326626539230347,1.418014505199296,1.433012843132019,-0.5584344267845154,0.13821622729301453
13.329697370529175,1.4171490445937662,1.4318684339523315,-0.721583902835846,0.1745326966047287
13.332767248153687,1.4162978200378606,1.430724024772644,-0.5090867280960083,0.15445181727409363
13.33584475517273,1.4154585767311383,1.4295796155929565,-0.5111009478569031,0.13992522656917572
13.338920593261719,1.414633969616053,1.4288166761398315,-0.4758526086807251,0.06985580176115036
13.342004537582397,1.4138214999872554,1.427672266960144,-0.6017395257949829,0.16556039452552795
13.345073699951172,1.4130272268865776,1.4265278577804565,-0.6259098052978516,0.10104524344205856
13.348141431808472,1.4122476557583794,1.425764799118042,-0.5866330862045288,0.05874723568558693
13.351197481155396,1.4114853719858638,1.4246203899383545,-0.37514305114746094,0.03610284626483917
13.354269027709961,1.4107336938597757,1.4238574504852295,-0.4446326494216919,0.06045624613761902
13.357346057891846,1.409995290519748,1.4230945110321045,-0.5282215476036072,0.09378194808959961
13.360424041748047,1.4092713639160332,1.421950101852417,-0.4446326494216919,-0.04293888807296753
13.363500595092773,1.4085625390057144,1.421187162399292,-0.5191577076911926,0.004058899823576212
13.366568803787231,1.407870404374366,1.420424222946167,-0.6299381852149963,0.018158236518502235
13.369635105133057,1.4071934982037844,1.4192798137664795,-0.5926756858825684,0.03439383581280708
13.372703790664673,1.4065309394782455,1.4185168743133545,-0.5392996072769165,-0.019439993426203728
13.375779628753662,1.4058818298839004,1.41775381565094,-0.29356831312179565,0.0480659194290638
13.378849267959595,1.4052490543525449,1.4166094064712524,-0.43556877970695496,0.045502401888370514
13.381917238235474,1.404631680168333,1.4158464670181274,-0.3761501610279083,0.07241931557655334
13.384983539581299,1.404029740070488,1.4150835275650024,-0.3761501610279083,0.0801098644733429
13.388049840927124,1.4034429499764844,1.4143205881118774,-0.6551156044006348,0.05703822523355484
13.391120433807373,1.402870575037574,1.4135576486587524,-0.6571297645568848,-0.039093613624572754
13.394200086593628,1.4023118794249854,1.4127947092056274,-0.31270313262939453,0.040375370532274246
13.397270679473877,1.4017702023109229,1.4120317697525024,-0.3771572411060333,0.014312963001430035
13.400337219238281,1.4012446123960975,1.4112688302993774,-0.24724192917346954,-0.019439993426203728
13.403403043746948,1.400734550524428,1.410887360572815,-0.32277408242225647,-0.010894942097365856
13.406469583511353,1.4002398260419724,1.4101243019104004,-0.4315403997898102,-0.07327382266521454
13.409539222717285,1.3997601291565545,1.4093613624572754,-0.42449072003364563,0.01602197252213955
13.412609338760376,1.3992959414557822,1.408979892730713,-0.3449302017688751,-0.002777141984552145
13.41567850112915,1.3988475187511515,1.408216953277588,-0.35802242159843445,0.001495384145528078
13.418754816055298,1.398413765904654,1.4078354835510254,-0.2653696537017822,-0.08908216655254364
13.421825647354126,1.3979965177226226,1.4070725440979004,-0.3036392629146576,-0.056183718144893646
13.424894094467163,1.397595331446274,1.406691074371338,-0.30666056275367737,-0.007049668114632368
13.427960872650146,1.3972101196395492,1.405928134918213,-0.460746169090271,0.03524833917617798
13.431028604507446,1.3968405831540962,1.405165195465088,-0.34090182185173035,-0.01602197252213955
13.434101819992065,1.3964862604956543,1.4047837257385254,-0.2714122235774994,-0.0476386658847332
13.437194585800171,1.396145757687973,1.4040207862854004,-0.547356367111206,0.008758679032325745
13.44027304649353,1.3958228747735957,1.403639316558838,-0.40636301040649414,0.06216525658965111
13.443353176116943,1.3955158678695352,1.402876377105713,-0.2986038029193878,0.03823911026120186
13.446432828903198,1.39522498890313,1.4024949073791504,-0.2542915940284729,0.05532921478152275
13.449500322341919,1.3949512695064061,1.4017318487167358,-0.38924238085746765,0.03482108935713768
13.45256757736206,1.394693574398323,1.4013503789901733,-0.18077363073825836,0.09207294136285782
13.455636262893677,1.3944517966433334,1.4009689092636108,-0.2240787297487259,0.10360875725746155
13.45871615409851,1.3942252878725145,1.4002059698104858,-0.18178072571754456,0.12497138977050781
13.461790800094604,1.3940153259588524,1.3998245000839233,-0.2855115532875061,0.16427862644195557
13.46486234664917,1.3938217181859396,1.3994430303573608,-0.18681620061397552,0.095490962266922
13.467932224273682,1.3936443548238446,1.3990615606307983,-0.22609293460845947,0.13479819893836975
13.470998764038086,1.3934833092979952,1.3986800909042358,-0.21904325485229492,0.13437095284461975
13.474071025848389,1.393338139625728,1.3979171514511108,-0.20091554522514343,0.1266804039478302
13.477157354354858,1.393208621711903,1.3975356817245483,-0.30565345287323,0.14847028255462646
13.48019528388977,1.3930971177096663,1.3971542119979858,-0.21199358999729156,0.13437095284461975
13.483262062072754,1.3930006483554718,1.3967727422714233,-0.30766767263412476,0.13778896629810333
13.486328601837158,1.3929203630967228,1.3963912725448608,-0.1445181965827942,0.15060654282569885
13.489394903182983,1.3928562656108967,1.3960098028182983,-0.2049439251422882,0.1591515988111496
13.492461204528809,1.3928083549750034,1.3960098028182983,-0.24321354925632477,0.15487907826900482
13.495527982711792,1.3927766319615993,1.3956283330917358,-0.07100022584199905,0.16256961226463318
13.49859356880188,1.3927611111116305,1.3952468633651733,-0.04280155524611473,0.15060654282569885
13.501659870147705,1.3927617804313497,1.3948653936386108,-0.20192264020442963,0.1253986358642578
13.50472640991211,1.3927786473097665,1.3948653936386108,-0.1445181965827942,0.0643015205860138
13.507792472839355,1.3928117043589459,1.3944838047027588,-0.2079652100801468,0.11685358732938766
13.51085877418518,1.3928609543341164,1.3944838047027588,-0.029709314927458763,0.13607995212078094
13.513927698135376,1.392926453618211,1.3941023349761963,0.143511101603508,0.09292744100093842
13.51700472831726,1.3930083982058803,1.3941023349761963,-0.18379491567611694,0.1424887478351593
13.520082473754883,1.3931066536249188,1.3941023349761963,0.07502861320972443,0.10531777143478394
13.523161888122559,1.3932212600612193,1.3937208652496338,-0.043808650225400925,0.06643778085708618
13.526198625564575,1.3933502325720777,1.3937208652496338,-0.16969558596611023,0.11001754552125931
13.529268264770508,1.3934966918812992,1.3937208652496338,-0.030716411769390106,0.11642633378505707
13.532337188720703,1.3936592739682359,1.3933393955230713,-0.05387960746884346,0.13522544503211975
13.53541350364685,1.3938384458530224,1.3933393955230713,-0.06697184592485428,0.11941710859537125
13.538487672805786,1.394033676826857,1.3933393955230713,0.23314259946346283,0.08224612474441528
13.541564226150513,1.3942452382162718,1.3933393955230713,-0.10222018510103226,0.13266193866729736
13.544633865356445,1.394472435227833,1.3933393955230713,-0.0639505609869957,0.13565270602703094
13.547701120376587,1.3947155088718342,1.3933393955230713,-0.10524147748947144,0.13650721311569214
13.550767183303833,1.3949745029912324,1.3933393955230713,0.13344015181064606,0.14761577546596527
13.553835153579712,1.395249660944141,1.3933393955230713,-0.2049439251422882,0.14932478964328766
13.556912660598755,1.395541730928846,1.3933393955230713,0.08610665798187256,0.15487907826900482
13.559989213943481,1.3958497572968016,1.3933393955230713,0.08509956300258636,0.1446250081062317
13.563059091567993,1.3961730788461713,1.3933393955230713,-0.12236209958791733,0.16128785908222198
13.566128969192505,1.3965123165220954,1.3933393955230713,-0.03373769670724869,0.12411688268184662
13.569197654724121,1.3968672977918706,1.3933393955230713,-0.08107118308544159,0.20230410993099213
13.572269678115845,1.397238530268047,1.3937208652496338,-0.02366674318909645,0.19504082202911377
13.575345993041992,1.3976261536810097,1.3937208652496338,0.08207827806472778,0.21426717936992645
13.578420877456665,1.3980294330249914,1.3937208652496338,0.12437628954648972,0.2236667424440384
13.581493616104126,1.3984482092836794,1.3941023349761963,0.051865413784980774,0.24716563522815704
13.584561586380005,1.3988820328855995,1.3941023349761963,0.046829938888549805,0.2826276123523712
13.58762812614441,1.399331287976561,1.3944838047027588,0.2210574448108673,0.2689555287361145
13.590697050094604,1.3997964989514557,1.3944838047027588,0.2855115532875061,0.28220033645629883
13.593764781951904,1.400277089582499,1.3944838047027588,-0.10121309012174606,0.3458609879016876
13.596832513809204,1.4007731929097107,1.3948653936386108,0.027695124968886375,0.3633783459663391
13.599899768829346,1.4012846821380698,1.3948653936386108,0.16667430102825165,0.3005722165107727
13.602965831756592,1.4018113779127617,1.3952468633651733,0.051865413784980774,0.2651102542877197
13.606032848358154,1.4023535981404769,1.3952468633651733,-0.19386588037014008,0.24374762177467346
13.60909914970398,1.402910999248591,1.3960098028182983,0.28148317337036133,0.33774319291114807
13.612165689468384,1.403483699292628,1.3960098028182983,0.18480201065540314,0.27920958399772644
13.615201950073242,1.4040657232505906,1.3963912725448608,0.0639505609869957,0.43601128458976746
13.618287086486816,1.4046723278271367,1.3967727422714233,0.21501487493515015,0.32492560148239136
13.621364831924438,1.4052927007032472,1.3971542119979858,0.27946898341178894,0.24460211396217346
13.62443208694458,1.4059260270024807,1.3975356817245483,0.2653696537017822,0.33945220708847046
13.627498388290405,1.4065741327592227,1.3979171514511108,0.021652551367878914,0.27621880173683167
13.630565166473389,1.4072372566741722,1.3982986211776733,0.1767452508211136,0.3180895745754242
13.633634328842163,1.4079157704118157,1.3986800909042358,0.2583199739456177,0.24972915649414062
13.63671088218689,1.4086107886294303,1.3990615606307983,0.2573128938674927,0.29587242007255554
13.639791488647461,1.4093215752872306,1.3994430303573608,0.16466011106967926,0.27792781591415405
13.642874240875244,1.410047668523771,1.4002059698104858,0.41744107007980347,0.2569924592971802
13.64594316482544,1.410785154300633,1.4005874395370483,0.23314259946346283,0.23477530479431152
13.649009466171265,1.4115365392091628,1.4013503789901733,0.2230716347694397,0.23392081260681152
13.65207839012146,1.412303038712545,1.4017318487167358,0.32378119230270386,0.1758144497871399
13.655150890350342,1.4130848634909254,1.4024949073791504,0.3177386224269867,0.27835509181022644
13.658200025558472,1.4138749471911123,1.402876377105713,0.27443352341651917,0.21683070063591003
13.661276817321777,1.4146864665294892,1.403639316558838,0.43859007954597473,0.2390478402376175
13.664345502853394,1.415510049747803,1.4040207862854004,0.270405113697052,0.1903410404920578
13.667411804199219,1.4163470832715335,1.4047837257385254,0.4476539194583893,0.2847638726234436
13.670478343963623,1.4171981905221005,1.4055466651916504,0.3801785409450531,0.2732280492782593
13.673548698425293,1.4180643126984853,1.4063096046447754,0.24824902415275574,0.20144960284233093
13.676625728607178,1.418946247590544,1.4070725440979004,0.366079181432724,0.20401312410831451
13.679696559906006,1.4198402262813319,1.4078354835510254,0.6259098052978516,0.13821622729301453
13.682764053344727,1.4207469342423877,1.4085984230041504,0.4798809885978699,0.15188831090927124
13.685831308364868,1.4216671794479672,1.408979892730713,0.42046234011650085,0.17068742215633392
13.688897609710693,1.4226006539723028,1.409742832183838,0.2371709793806076,0.16513313353061676
13.691964387893677,1.4235477034978403,1.410887360572815,0.42146944999694824,0.1600061058998108
13.69503116607666,1.4245080960005432,1.41165030002594,0.42449072003364563,0.21341268718242645
13.698100328445435,1.4254825044009758,1.412413239479065,0.461753249168396,0.19461356103420258
13.701172351837158,1.4264710233965967,1.41317617893219,0.5795834064483643,0.1741054356098175
13.704194784164429,1.4274563858947606,1.4135576486587524,0.48290225863456726,0.2381933331489563
13.70726203918457,1.4284692501980845,1.41470205783844,0.5413138270378113,0.24502937495708466
13.710328578948975,1.4294947639557847,1.415464997291565,0.400320440530777,0.2381933331489563
13.71339726448059,1.4305337976635177,1.41622793674469,0.5554131269454956,0.20871290564537048
13.716473817825317,1.4315882544872707,1.416990876197815,0.5272144675254822,0.3031357228755951
13.719549179077148,1.4326549724280413,1.41775381565094,0.40737012028694153,0.24930189549922943
13.72262167930603,1.4337332481495058,1.4185168743133545,0.2845044732093811,0.29544517397880554
13.725689172744751,1.4348221802405035,1.419661283493042,0.426504909992218,0.2997176945209503
13.728755950927734,1.4359231562971901,1.420424222946167,0.48693063855171204,0.28177309036254883
13.731826543807983,1.4370377187882981,1.4215686321258545,0.4627603590488434,0.29715418815612793
13.734905004501343,1.4381673045460996,1.4223315715789795,0.6762645840644836,0.2715190351009369
13.73797869682312,1.439307190059893,1.423475980758667,0.4879377484321594,0.3035629689693451
13.741048097610474,1.4404573928609004,1.424238920211792,0.5030441880226135,0.3937132954597473
13.74412488937378,1.4416222013359452,1.4253833293914795,0.5634698867797852,0.2706645429134369
13.747195959091187,1.4427965524274453,1.426146388053894,0.35701534152030945,0.30826276540756226
13.750264406204224,1.443981474431897,1.4272907972335815,0.37111467123031616,0.2685282528400421
13.753330945968628,1.4451771079196212,1.428435206413269,0.4798809885978699,0.29159989953041077
13.756399631500244,1.4463849233901556,1.429198145866394,0.4627603590488434,0.2548561692237854
13.759477615356445,1.4476076867292549,1.4303425550460815,0.4325474798679352,0.3146715462207794
13.762550592422485,1.4488396248001303,1.4311054944992065,0.4627603590488434,0.2890363931655884
13.765617370605469,1.4500800842408408,1.432249903678894,0.3761501610279083,0.3039902448654175
13.768683910369873,1.4513313261102785,1.4333943128585815,0.5936827659606934,0.252292662858963
13.77175259590149,1.4525942171014234,1.434157371520996,0.583611786365509,0.287754625082016
13.774829149246216,1.45387104695922,1.4353017807006836,0.5956969261169434,0.2565651834011078
13.77790379524231,1.4551576708639635,1.4360647201538086,0.3630579113960266,0.3492790162563324
13.780976057052612,1.4564537472251247,1.437209129333496,0.65310138463974,0.3189440667629242
13.784042835235596,1.4577578080126208,1.438735008239746,0.6913710236549377,0.30997177958488464
13.78711199760437,1.4590730618881873,1.4398794174194336,0.6319524049758911,0.24844738841056824
13.790180683135986,1.4603981700724478,1.441023826599121,0.7155413031578064,0.2065766453742981
13.793258666992188,1.4617372732070952,1.4421683549880981,0.6641794443130493,0.26254671812057495
13.796325922012329,1.4630815270653699,1.4436942338943481,0.7981231212615967,0.2574197053909302
13.799391746520996,1.4644348235303473,1.4448386430740356,0.6118105053901672,0.19461356103420258
13.802458763122559,1.4657981934775615,1.4459830522537231,0.6923781037330627,0.19888609647750854
13.8055260181427,1.4671710930785915,1.4471274614334106,0.8233005404472351,0.2394750863313675
13.808592796325684,1.4685530736488688,1.4486533403396606,0.5896543860435486,0.23135729134082794
13.811659574508667,1.4699442196097816,1.4497978687286377,0.7296406626701355,0.14676126837730408
13.81472897529602,1.4713456030475673,1.4509422779083252,0.8907759189605713,0.2399023473262787
13.817806005477905,1.4727594244029814,1.4520866870880127,0.6561226844787598,0.2651102542877197
13.820878982543945,1.4741801997661843,1.4532310962677002,0.618860125541687,0.287754625082016
13.823946237564087,1.4756069834621912,1.4547569751739502,0.6933852434158325,0.33774319291114807
13.827013969421387,1.477042504209178,1.4559013843536377,0.8756694793701172,0.28091859817504883
13.830082178115845,1.4784866326131167,1.4570459127426147,0.7366903424263,0.382177472114563
13.833155632019043,1.4799415019057647,1.4585717916488647,0.5362783074378967,0.34030669927597046
13.836199760437012,1.481390517355076,1.4600976705551147,0.9048752784729004,0.29672694206237793
13.839280128479004,1.4828647797211567,1.4612420797348022,0.7074845433235168,0.30826276540756226
13.842355966567993,1.484344763217148,1.4627679586410522,0.739711582660675,0.29629969596862793
13.8454270362854,1.4858301795122872,1.4639123678207397,0.7578393220901489,0.30826276540756226
13.848493337631226,1.4873208546948626,1.4654383659362793,0.7175555229187012,0.27835509181022644
13.851559400558472,1.4888188340874604,1.4665827751159668,0.687342643737793,0.3206530809402466
13.854627847671509,1.4903252676154433,1.4681086540222168,0.7014420032501221,0.2898908853530884
13.857706546783447,1.491843922203052,1.4692530632019043,0.7286335825920105,0.29202717542648315
13.860783338546753,1.4933686873978298,1.4707789421081543,0.6621652841567993,0.31125351786613464
13.863855838775635,1.4948982182453225,1.4719233512878418,0.7648890018463135,0.24332036077976227
13.866923809051514,1.496432224207222,1.4730678796768188,0.6933852434158325,0.3317616581916809
13.869990825653076,1.4979723329171661,1.4745937585830688,0.7054703831672668,0.29245442152023315
13.873061895370483,1.4995209251795443,1.4761196374893188,0.6843213438987732,0.32236209511756897
13.876149892807007,1.5010844137036619,1.4776455163955688,0.8525062799453735,0.27750056982040405
13.87919569015503,1.5026326403850618,1.4791713953018188,0.8353856801986694,0.23178453743457794
13.88226318359375,1.5041978787371404,1.4806973934173584,0.8182650208473206,0.2381933331489563
13.885332107543945,1.5057697105307177,1.4822232723236084,0.8746623992919922,0.1728236824274063
13.888401508331299,1.507347506655642,1.4837491512298584,0.9572442173957825,0.23007553815841675
13.891467571258545,1.5089291518000854,1.4852750301361084,0.8625772595405579,0.30826276540756226
13.89453387260437,1.5105163355494833,1.4868009090423584,0.7346761226654053,0.2211032211780548
13.897600650787354,1.5121090358880327,1.488326907157898,0.9391164779663086,0.29459068179130554
13.900667190551758,1.5137067341570252,1.4894713163375854,0.7779812216758728,0.3044174909591675
13.903733491897583,1.5153092808972228,1.4909971952438354,0.723598062992096,0.3044174909591675
13.906801223754883,1.516917402404947,1.4925230741500854,0.7205767631530762,0.37491416931152344
13.909867763519287,1.5185295752237875,1.4940489530563354,0.8514991998672485,0.3497062623500824
13.912935018539429,1.5201466513052406,1.4955748319625854,0.8877546191215515,0.3300526440143585
13.916003942489624,1.5217689884234298,1.497100830078125,0.8222934603691101,0.3766231834888458
13.919083833694458,1.523401377315438,1.498626708984375,0.7145342230796814,0.2578469514846802
13.92215871810913,1.525035211658194,1.500152587890625,0.7326619625091553,0.35611504316329956
13.92519736289978,1.5266536645399185,1.501678466796875,0.844449520111084,0.29587242007255554
13.928267002105713,1.5282923854711963,1.503204345703125,0.6551156044006348,0.3608148396015167
13.931335210800171,1.5299339671111671,1.5047303438186646,0.7961089611053467,0.3048447370529175
13.934405088424683,1.5315799154779295,1.5062562227249146,0.8827191591262817,0.32877087593078613
13.937482357025146,1.5332331601586948,1.5077821016311646,0.7084916234016418,0.22537575662136078
13.940558671951294,1.534889074200359,1.5093079805374146,0.7961089611053467,0.2531471848487854
13.943634748458862,1.5365478861001194,1.5108338594436646,0.8001373410224915,0.2894636392593384
13.946707010269165,1.5382075067624874,1.512359857559204,0.8333714604377747,0.3783321976661682
13.949774980545044,1.53986751299507,1.513885736465454,0.686335563659668,0.3168078064918518
13.952845096588135,1.5415312305547892,1.5157930850982666,0.9330739378929138,0.2860456109046936
13.955916166305542,1.5431978624792306,1.5173189640045166,0.739711582660675,0.2685282528400421
13.958999633789062,1.5448734787219665,1.519226312637329,0.8907759189605713,0.3197985887527466
13.962072134017944,1.5465452278429754,1.5207523107528687,0.7417258024215698,0.29117265343666077
13.96514368057251,1.5482183902115902,1.5222781896591187,0.8565346598625183,0.251010924577713
13.968194723129272,1.5498821420777507,1.5241855382919312,1.0086060762405396,0.29629969596862793
13.971261024475098,1.5515558259609394,1.5257114171981812,1.0378118753433228,0.2544289231300354
13.974333763122559,1.5532344882928875,1.5272372961044312,0.774959921836853,0.3667963743209839
13.977416515350342,1.5549199373506537,1.5287632942199707,1.069031834602356,0.27920958399772644
13.980486631393433,1.5565996313038828,1.5302891731262207,0.965300977230072,0.42404821515083313
13.983554124832153,1.5582788838748562,1.5321965217590332,0.8132295608520508,0.30911725759506226
13.986620903015137,1.5599585816656356,1.5337224006652832,0.6400091648101807,0.31082627177238464
13.989687204360962,1.5616386988878008,1.5352483987808228,0.8585488796234131,0.41849392652511597
13.992753267288208,1.563319210046958,1.5371557474136353,0.8494849801063538,0.3035629689693451
13.995819568634033,1.5650002205522913,1.5386816263198853,0.7336690425872803,0.2886091470718384
13.99888563156128,1.5666813130280761,1.5402075052261353,0.7820096015930176,0.3138170540332794
14.001953125,1.5683632465457333,1.5421148538589478,1.0791027545928955,0.29330891370773315
14.005019903182983,1.570044688476248,1.5436408519744873,0.8726481795310974,0.3954222798347473
14.0080885887146,1.57172692040495,1.5451667308807373,0.7165483832359314,0.19632257521152496
14.011157989501953,1.573409132126435,1.5470740795135498,0.9401236176490784,0.24759289622306824
14.014201402664185,1.5750765399847935,1.5485999584197998,0.8605630397796631,0.2369115799665451
14.017284631729126,1.5767650356555665,1.5501258373260498,0.7850309014320374,0.32535287737846375
14.020353555679321,1.578444814955697,1.5516518354415894,0.7346761226654053,0.3309071362018585
14.023419618606567,1.5801219930998833,1.5535591840744019,1.2049896717071533,0.1745326966047287
14.026486158370972,1.581798241447455,1.5550850629806519,1.0498969554901123,0.37021440267562866
14.029551982879639,1.5834727530114636,1.5569924116134644,0.8283360004425049,0.34842449426651
14.032621145248413,1.5851475841603,1.5585182905197144,0.9371023178100586,0.40567636489868164
14.035698413848877,1.5868251721545374,1.5604257583618164,0.963286817073822,0.30612650513648987
14.038775205612183,1.5885006750860002,1.5619516372680664,0.9532158374786377,0.3052719831466675
14.041852235794067,1.5901743260928913,1.563858985900879,1.0327763557434082,0.3193713426589966
14.044923067092896,1.5918424737529622,1.565384864807129,0.9592584371566772,0.40866711735725403
14.047990322113037,1.5935063978703097,1.5669108629226685,1.013641595840454,0.37149614095687866
14.051056861877441,1.5951675007833286,1.5684367418289185,0.652094304561615,0.3501335084438324
14.054125308990479,1.5968270473477215,1.570344090461731,1.1022659540176392,0.3761959373950958
14.057200908660889,1.5984877080749524,1.5714884996414185,0.7638819217681885,0.3351796865463257
14.060283660888672,1.6001493081485059,1.573395848274231,0.9965209364891052,0.33817043900489807
14.063353061676025,1.6018006502486832,1.5749218463897705,0.9411306977272034,0.35611504316329956
14.066420316696167,1.6034476326354985,1.576829195022583,1.0609750747680664,0.24417486786842346
14.06948733329773,1.6050911302675437,1.578355073928833,1.0992447137832642,0.2860456109046936
14.07255744934082,1.6067327742119835,1.579880952835083,0.9471732378005981,0.2569924592971802
14.075634002685547,1.6083741796378814,1.5817883014678955,0.7820096015930176,0.3454337418079376
14.078702449798584,1.6100074377711666,1.583314299583435,0.7789883017539978,0.2070038914680481
14.08176851272583,1.6116354622146727,1.5852216482162476,0.9673151969909668,0.24161134660243988
14.084835290908813,1.613259750799814,1.5867475271224976,0.8937972187995911,0.2689555287361145
14.087901830673218,1.6148796467225455,1.5882734060287476,0.8293430805206299,0.3138170540332794
14.090968370437622,1.6164951260787068,1.5901808738708496,0.9089036583900452,0.32791638374328613
14.094034671783447,1.6181059138715443,1.5917067527770996,0.6450446248054504,0.2672465145587921
14.09710431098938,1.6197137320886748,1.5932326316833496,0.9421377778053284,0.2681010067462921
14.100176095962524,1.6213177940133348,1.5947585105895996,0.7940947413444519,0.287327378988266
14.103253841400146,1.6229199224387811,1.5962843894958496,0.7427328824996948,0.3625238537788391
14.10632061958313,1.6245111691897847,1.5981918573379517,0.7165483832359314,0.34158846735954285
14.109387159347534,1.6260969815651611,1.6000992059707642,0.9834287166595459,0.22793926298618317
14.11245346069336,1.6276772136418514,1.6016250848770142,0.8968185186386108,0.3791866898536682
14.115525960922241,1.629255019804184,1.6031509637832642,0.7669031620025635,0.35654231905937195
14.118609189987183,1.6308325319299486,1.6046768426895142,0.7548180222511292,0.3975585699081421
14.121678352355957,1.6323969263763958,1.6062028408050537,1.070038914680481,0.3847409784793854
14.124745607376099,1.633954301611547,1.6077287197113037,0.686335563659668,0.3625238537788391
14.127813339233398,1.6355057277392742,1.6096360683441162,0.9874570965766907,0.45267415046691895
14.13088059425354,1.6370505784125187,1.6107804775238037,0.8595559597015381,0.2552834451198578
14.133949756622314,1.6385899064008134,1.6126878261566162,0.8494849801063538,0.3779049217700958
14.137025833129883,1.6401260511962712,1.6142138242721558,0.8222934603691101,0.37192338705062866
14.140097379684448,1.6416531471027782,1.6157397031784058,0.7779812216758728,0.3531242907047272
14.143174171447754,1.6431759090060378,1.6176470518112183,0.8182650208473206,0.2736552953720093
14.146256685256958,1.6446943930743951,1.6191729307174683,0.9169604182243347,0.22964827716350555
14.14932370185852,1.6461980392104318,1.6206988096237183,0.7457541823387146,0.24716563522815704
14.1523916721344,1.6476948239703275,1.6222248077392578,0.7940947413444519,0.1749599426984787
14.155463933944702,1.6491862176184826,1.6237506866455078,0.9612725973129272,0.21683070063591003
14.15854263305664,1.650673083146897,1.6252765655517578,0.7517967224121094,0.3522697687149048
14.161620378494263,1.6521516916972683,1.6268024444580078,0.6762645840644836,0.3975585699081421
14.164690971374512,1.6536189583215586,1.6283283233642578,0.9491874575614929,0.4325932562351227
14.167757034301758,1.6550760450209818,1.6302357912063599,1.0337834358215332,0.3522697687149048
14.170823335647583,1.6565250994200689,1.6313802003860474,0.4798809885978699,0.35867857933044434
14.173892259597778,1.657967102146556,1.6329060792922974,0.9914854764938354,0.3048447370529175
14.176969051361084,1.6594043405934062,1.6344319581985474,0.7517967224121094,0.3488517701625824
14.180044651031494,1.660832421056937,1.6359578371047974,0.9149461984634399,0.4146486520767212
14.183122158050537,1.6622526461942595,1.6378653049468994,0.9199817180633545,0.37021440267562866
14.186197280883789,1.6636629050158862,1.639009714126587,0.6722362041473389,0.4266117215156555
14.189263582229614,1.6650601628055655,1.640535593032837,0.6994277834892273,0.3697871267795563
14.19232988357544,1.6664483481985661,1.642061471939087,0.7860379815101624,0.4766002893447876
14.195397853851318,1.6678280804042362,1.643587350845337,0.6108033657073975,0.43515679240226746
14.198464393615723,1.6691978364243762,1.6451133489608765,0.8222934603691101,0.34415197372436523
14.201530933380127,1.6705581346205158,1.646257758140564,0.8323643803596497,0.4108033776283264
14.204597234725952,1.671908744103653,1.647783637046814,0.7940947413444519,0.42276644706726074
14.20766305923462,1.6732494379128915,1.649309515953064,0.963286817073822,0.4958266615867615
14.21073031425476,1.6745809211237868,1.650835394859314,0.7810025215148926,0.38815900683403015
14.213798999786377,1.6759030562523474,1.6523613929748535,0.9441519975662231,0.3159533143043518
14.216875791549683,1.6772185495435485,1.6538872718811035,1.015655755996704,0.2732280492782593
14.219943523406982,1.678519944124813,1.6554131507873535,0.8122224807739258,0.3009994626045227
14.223010063171387,1.679810507998564,1.656557559967041,0.7769741415977478,0.23434805870056152
14.226077318191528,1.6810909264436686,1.658083438873291,0.7316548228263855,0.22879377007484436
14.229144096374512,1.6823605817581258,1.659609317779541,0.7084916234016418,0.3633783459663391
14.232202768325806,1.6836162423673509,1.6611353158950806,0.721583902835846,0.40781262516975403
14.235285758972168,1.6848710169950194,1.662279725074768,0.6148317456245422,0.35953307151794434
14.238356828689575,1.6861099740114114,1.663805603981018,0.8384069800376892,0.4458380937576294
14.241430759429932,1.6873390097112617,1.6649500131607056,0.5886473059654236,0.35483330488204956
14.244508266448975,1.6885582604367486,1.6664758920669556,0.7336690425872803,0.32706186175346375
14.24757981300354,1.689763847414013,1.6680018901824951,0.8857404589653015,0.24332036077976227
14.250648021697998,1.690956739201037,1.6687648296356201,0.8494849801063538,0.34030669927597046
14.253715515136719,1.692137867170742,1.6702907085418701,0.617853045463562,0.3954222798347473
14.256784439086914,1.6933079437351723,1.6714351177215576,0.686335563659668,0.40225833654403687
14.259862184524536,1.694469619305526,1.6729609966278076,0.6672007441520691,0.3941405415534973
14.262936353683472,1.6956180760778432,1.6741054058074951,0.5413138270378113,0.3172350525856018
14.266008853912354,1.6967539499155828,1.6756312847137451,0.6259098052978516,0.40653085708618164
14.269078016281128,1.6978765474115658,1.6767758131027222,0.9199817180633545,0.3629510998725891
14.2721529006958,1.6989890635786473,1.6779202222824097,0.8504921197891235,0.574868381023407
14.27519941329956,1.7000791951403504,1.6790646314620972,0.5493705868721008,0.40268558263778687
14.278274536132812,1.701167228616994,1.6805905103683472,0.6843213438987732,0.3975585699081421
14.281344652175903,1.7022410266091816,1.6817349195480347,0.6208743453025818,0.3544060289859772
14.284412145614624,1.7033013696497936,1.6828793287277222,0.6702220439910889,0.3958495557308197
14.287478685379028,1.7043487581160566,1.6840238571166992,0.8847333192825317,0.3667963743209839
14.290544748306274,1.705383266516367,1.6851682662963867,0.8363927602767944,0.28220033645629883
14.293612003326416,1.706405357451503,1.6863126754760742,0.5685054063796997,0.48685434460639954
14.2966787815094,1.7074143754405335,1.6878385543823242,0.722590982913971,0.3817501962184906
14.299745082855225,1.7084102328672883,1.6889829635620117,0.7165483832359314,0.31125351786613464
14.302811622619629,1.7093930711165575,1.6901273727416992,0.4889448285102844,0.30911725759506226
14.305878400802612,1.710362795905942,1.6912717819213867,0.618860125541687,0.35782405734062195
14.308944463729858,1.7113190187835574,1.6924163103103638,0.6692149043083191,0.3146715462207794
14.312011241912842,1.7122620971235478,1.6935607194900513,0.7014420032501221,0.21255818009376526
14.315080404281616,1.7131924362166995,1.6947051286697388,0.5121080279350281,0.3616693317890167
14.318158864974976,1.7141119679497374,1.6958495378494263,0.6087892055511475,0.3180895745754242
14.321200847625732,1.7150071147525026,1.6969939470291138,0.5201647877693176,0.40781262516975403
14.324277877807617,1.7158988497546865,1.6981383562088013,0.9320668578147888,0.29416343569755554
14.327344179153442,1.7167736614815787,1.6989012956619263,0.42146944999694824,0.3180895745754242
14.330410242080688,1.7176345356406992,1.7000458240509033,0.6722362041473389,0.34329748153686523
14.333482265472412,1.7184830937142597,1.7008087635040283,0.270405113697052,0.5013809204101562
14.336562395095825,1.7193197528394293,1.7019531726837158,0.6379949450492859,0.43430227041244507
14.339639663696289,1.7201414197123555,1.7030975818634033,0.5111009478569031,0.46976426243782043
14.342715740203857,1.720948491270464,1.7038605213165283,0.48592355847358704,0.5146257877349854
14.345784664154053,1.721739386649949,1.7050049304962158,0.5544060468673706,0.42276644706726074
14.348851203918457,1.7225153278532475,1.7057678699493408,0.5513847470283508,0.5829861760139465
14.351917266845703,1.7232767455569673,1.7065308094024658,0.4466468393802643,0.502235472202301
14.354986667633057,1.724024496136885,1.7072938680648804,0.3842069208621979,0.47788205742836
14.358064889907837,1.7247597593791644,1.7084382772445679,0.39125657081604004,0.40482184290885925
14.3611421585083,1.7254800756006403,1.7092012166976929,0.4899519383907318,0.3146715462207794
14.364196062088013,1.7261803064664345,1.7103456258773804,0.4718242287635803,0.40396735072135925
14.367266178131104,1.726869512839641,1.7111085653305054,0.5956969261169434,0.4766002893447876
14.37033224105835,1.727542993863919,1.7118715047836304,0.3922636806964874,0.43900206685066223
14.373404502868652,1.7282029231534688,1.7130159139633179,0.6017395257949829,0.382177472114563
14.376481294631958,1.7288488024332143,1.7133973836898804,0.3781643509864807,0.46591898798942566
14.379554986953735,1.7294789594623186,1.7145417928695679,0.3972991406917572,0.5018081665039062
14.382622480392456,1.7300927685761498,1.7153048515319824,0.3922636806964874,0.35867857933044434
14.385688543319702,1.7306911831593705,1.7160677909851074,0.401327520608902,0.4881361126899719
14.388755321502686,1.7312745717419444,1.7168307304382324,0.3479514718055725,0.3774776756763458
14.39182186126709,1.7318426952301873,1.71797513961792,0.4738384187221527,0.2728008031845093
14.394888877868652,1.732395631617383,1.718738079071045,0.5795834064483643,0.40738537907600403
14.397956371307373,1.7329333224325287,1.71950101852417,0.43959715962409973,0.2997176945209503
14.401023387908936,1.7334555505920215,1.720263957977295,0.6752575039863586,0.2681010067462921
14.404090166091919,1.7339623135928586,1.72102689743042,0.5513847470283508,0.42447546124458313
14.407159090042114,1.734453943910474,1.7214083671569824,0.046829938888549805,0.3676508665084839
14.410201072692871,1.734925924112034,1.7221713066101074,0.4476539194583893,0.48343634605407715
14.413272619247437,1.7353869574164298,1.722934365272522,0.2885328531265259,0.3975585699081421
14.41634225845337,1.7358320672118985,1.723697304725647,0.3207598924636841,0.44028380513191223
14.41942024230957,1.7362626492418156,1.724460244178772,0.30666056275367737,0.37363240122795105
14.422494888305664,1.7366769906816475,1.7248417139053345,0.365072101354599,0.26211947202682495
14.425568342208862,1.7370753768997054,1.7256046533584595,0.2895399332046509,0.4112306535243988
14.428635120391846,1.73745712070161,1.7263675928115845,0.5664911866188049,0.35996031761169434
14.431698083877563,1.737822623727483,1.726749062538147,0.45571067929267883,0.37491416931152344
14.434764862060547,1.7381727624573906,1.7271305322647095,0.2714122235774994,0.3791866898536682
14.437831401824951,1.738507013981579,1.7278934717178345,0.27644771337509155,0.3847409784793854
14.440901041030884,1.7388256888428144,1.728274941444397,0.23012131452560425,0.3347524106502533
14.44397783279419,1.73912909826182,1.729037880897522,0.3459372818470001,0.28177309036254883
14.447054147720337,1.7394164094532192,1.7294193506240845,0.2714122235774994,0.3347524106502533
14.450127601623535,1.7396873990703556,1.7301822900772095,0.4637674391269684,0.3817501962184906
14.453197717666626,1.739942048392923,1.7305638790130615,0.29457542300224304,0.35910582542419434
14.456269025802612,1.740180726262357,1.7313268184661865,0.3761501610279083,0.4005493223667145
14.459345579147339,1.7404036748124438,1.731708288192749,0.16163882613182068,0.5932402610778809
14.462416648864746,1.740610097684601,1.7320897579193115,0.3459372818470001,0.34116122126579285
14.46548342704773,1.7408001327729956,1.732471227645874,0.19688716530799866,0.3783321976661682
14.468550205230713,1.7409740621423202,1.7328526973724365,0.24925611913204193,0.45224690437316895
14.471618890762329,1.741131962774707,1.733234167098999,0.2512703239917755,0.4633554518222809
14.474684953689575,1.741273592570844,1.7336156368255615,0.1425040066242218,0.4727550148963928
14.477751731872559,1.7413991076212811,1.7336156368255615,0.15660333633422852,0.43857482075691223
14.480818033218384,1.7415084456072343,1.733997106552124,0.2210574448108673,0.5658960938453674
14.48388409614563,1.7416016105381513,1.7343785762786865,0.22609293460845947,0.4150759279727936
14.486950635910034,1.7416786136155835,1.734760046005249,0.1263904720544815,0.43643853068351746
14.49001693725586,1.7417394278471856,1.7351415157318115,0.09013504534959793,0.38944074511528015
14.493083238601685,1.741784054205493,1.7351415157318115,0.25932708382606506,0.4565194249153137
14.49614930152893,1.741812486968022,1.735522985458374,0.17875944077968597,0.46463721990585327
14.49920105934143,1.7418247080851221,1.735522985458374,0.18278782069683075,0.45481041073799133
14.502277135848999,1.7418207918031359,1.7359044551849365,-0.03675898537039757,0.5107805132865906
14.505343198776245,1.7418006689214443,1.736285924911499,0.2653696537017822,0.42105746269226074
14.50840973854065,1.741764348095057,1.736285924911499,0.10322728008031845,0.4415655732154846
14.511475801467896,1.7417118439893113,1.7366673946380615,0.09819180518388748,0.3356069326400757
14.514548301696777,1.7416429958567008,1.7366673946380615,0.03978027030825615,0.3347524106502533
14.51763105392456,1.741557592207249,1.7366673946380615,0.20393683016300201,0.4300297498703003
14.520699501037598,1.7414563534619762,1.737048864364624,0.17775234580039978,0.41763943433761597
14.523765563964844,1.7413390280018999,1.737048864364624,-0.04582284390926361,0.46420997381210327
14.526833057403564,1.7412054882943837,1.737048864364624,-0.16667430102825165,0.3791866898536682
14.529899597167969,1.741055846756845,1.7374303340911865,-0.11229114234447479,0.4958266615867615
14.532965898513794,1.740890091786283,1.7374303340911865,-0.09718471020460129,0.43942931294441223
14.53603196144104,1.7407082425233713,1.7374303340911865,0.030716411769390106,0.46506446599960327
14.539100408554077,1.740510143404482,1.7374303340911865,-0.027695124968886375,0.5124894976615906
14.542179584503174,1.7402951708289116,1.7374303340911865,0.13646143674850464,0.3800412118434906
14.545260906219482,1.7400638425785382,1.7374303340911865,-0.19588007032871246,0.38944074511528015
14.548328876495361,1.7398174318801374,1.7374303340911865,-0.08509956300258636,0.4804455637931824
14.551395177841187,1.739555141343353,1.7374303340911865,-0.10524147748947144,0.34158846735954285
14.554464340209961,1.7392765985221745,1.7374303340911865,0.06999313086271286,0.37277790904045105
14.5575430393219,1.7389811264879314,1.7374303340911865,-0.04884412884712219,0.41977569460868835
14.560619831085205,1.7386697914159597,1.7374303340911865,-0.10926985740661621,0.37363240122795105
14.563689947128296,1.7383431718752913,1.7374303340911865,-0.02668802998960018,0.44925612211227417
14.566756963729858,1.7380009939171654,1.737048864364624,0.007553216069936752,0.3039902448654175
14.569823503494263,1.7376430244972576,1.737048864364624,0.006546120624989271,0.2898908853530884
14.572890043258667,1.7372692448727762,1.737048864364624,-0.16566720604896545,0.27450981736183167
14.575956106185913,1.7368797515331713,1.737048864364624,0.12236209958791733,0.29031816124916077
14.579022884368896,1.736474427357626,1.737048864364624,-0.03373769670724869,0.3189440667629242
14.582091569900513,1.7360531322606223,1.7366673946380615,-0.2059510201215744,0.2364843189716339
14.585163354873657,1.7356157033149877,1.7366673946380615,0.004531929735094309,0.21127641201019287
14.588198184967041,1.7351681428649588,1.7366673946380615,-0.21098649501800537,0.221530482172966
14.591268062591553,1.7346998886380363,1.736285924911499,-0.29155412316322327,0.19845883548259735
14.59433364868164,1.7342167507274793,1.736285924911499,0.02064545638859272,0.2211032211780548
14.597400188446045,1.7337179727180727,1.736285924911499,0.07804989814758301,0.21554894745349884
14.60046648979187,1.7332037893664196,1.7359044551849365,-0.06697184592485428,0.21853971481323242
14.603533744812012,1.7326740431103236,1.735522985458374,-0.054886702448129654,0.21042190492153168
14.606600761413574,1.7321289836250364,1.735522985458374,-0.29256123304367065,0.19375905394554138
14.6096670627594,1.7315687533954487,1.7351415157318115,-0.07603570818901062,0.20016784965991974
14.612733840942383,1.730993188409406,1.734760046005249,-0.27846190333366394,0.19632257521152496
14.615803003311157,1.73040196285769,1.7343785762786865,-0.3137102425098419,0.1570153385400772
14.618879318237305,1.729794142404996,1.7343785762786865,-0.11833371222019196,0.2052948772907257
14.621952772140503,1.7291717303284533,1.733997106552124,-0.17775234580039978,0.16214236617088318
14.625020027160645,1.7285355273786178,1.7336156368255615,-0.11631952226161957,0.16641488671302795
14.62808632850647,1.7278845572915507,1.733234167098999,-0.12941177189350128,0.15231555700302124
14.631155014038086,1.727218161470804,1.7328526973724365,-0.1747310608625412,0.18564125895500183
14.63419771194458,1.7265427337702595,1.732471227645874,-0.23918516933918,0.2052948772907257
14.637267112731934,1.7258466354935553,1.731708288192749,-0.20393683016300201,0.19888609647750854
14.640336036682129,1.7251359059332967,1.7313268184661865,-0.2542915940284729,0.0963454619050026
14.643412590026855,1.724408682575173,1.730945348739624,-0.3509727716445923,0.24759289622306824
14.646486282348633,1.723667478624109,1.7305638790130615,-0.2401922643184662,0.15231555700302124
14.649556398391724,1.7229125815649908,1.7301822900772095,-0.13243305683135986,0.11856260150671005
14.652623176574707,1.7221440520288758,1.7294193506240845,-0.13243305683135986,0.1266804039478302
14.655692100524902,1.721360595710916,1.729037880897522,-0.027695124968886375,0.15359731018543243
14.658770561218262,1.720560316759308,1.728274941444397,-0.3821927309036255,0.1416342407464981
14.66184687614441,1.7197462750181056,1.7278934717178345,-0.09819180518388748,0.08523689955472946
14.664918661117554,1.7189192238120525,1.7271305322647095,-0.25932708382606506,0.1582970917224884
14.667985200881958,1.7180795003000162,1.726749062538147,-0.3147173225879669,0.13522544503211975
14.671051502227783,1.7172258491862884,1.725986123085022,-0.3026321828365326,0.13180743157863617
14.674119710922241,1.7163577409754054,1.725223183631897,-0.2834973633289337,0.11429007351398468
14.677197933197021,1.715472881985697,1.7248417139053345,-0.42449072003364563,0.15317006409168243
14.68027663230896,1.7145740251258146,1.7240787744522095,-0.5685054063796997,0.14077973365783691
14.683342456817627,1.7136652355290491,1.7233158349990845,-0.30766767263412476,0.18179598450660706
14.686408758163452,1.7127427229261833,1.72255277633667,-0.35500115156173706,0.19546806812286377
14.689475297927856,1.7118066399069638,1.7221713066101074,-0.29256123304367065,0.13864347338676453
14.692541360855103,1.7108572932330586,1.7214083671569824,-0.5352712273597717,0.17068742215633392
14.695607900619507,1.709894475728697,1.7206454277038574,-0.24119935929775238,0.18606851994991302
14.698673963546753,1.7089185761527301,1.7198824882507324,-0.6500800848007202,0.2240939885377884
14.701740503311157,1.7079293815347516,1.718738079071045,-0.40636301040649414,0.14889752864837646
14.704806566238403,1.7069272912839575,1.71797513961792,-0.5342641472816467,0.1587243527173996
14.70787239074707,1.7059123250096822,1.7175936698913574,-0.426504909992218,0.11429007351398468
14.710938692092896,1.7048843385936707,1.71644926071167,-0.3459372818470001,0.16513313353061676
14.714006900787354,1.7038429329442382,1.715686321258545,-0.5000228881835938,0.1924773007631302
14.717083215713501,1.7027860386312428,1.71492338180542,-0.5584344267845154,0.12368962913751602
14.7201566696167,1.701717489430656,1.7137788534164429,-0.5272144675254822,0.13907071948051453
14.723200798034668,1.70064678202915,1.7130159139633179,-0.546349287033081,0.1736781895160675
14.726271390914917,1.6995544107495626,1.7122529745101929,-0.5070725679397583,0.19333180785179138
14.729338884353638,1.6984508530184732,1.7111085653305054,-0.6309453248977661,0.1758144497871399
14.732406377792358,1.697335114925883,1.7103456258773804,-0.4315403997898102,0.29416343569755554
14.735479593276978,1.696205185062754,1.7095826864242554,-0.5433279871940613,0.20273137092590332
14.73854660987854,1.6950655540887207,1.7084382772445679,-0.5795834064483643,0.27963683009147644
14.741615533828735,1.6939133410546865,1.7072938680648804,-0.5725337862968445,0.15231555700302124
14.744691848754883,1.6927465407034001,1.7061493396759033,-0.6027466058731079,0.15231555700302124
14.747761011123657,1.6915707762383811,1.7053864002227783,-0.6440375447273254,0.251438170671463
14.750827550888062,1.6903844772517773,1.7042419910430908,-0.6953994035720825,0.23178453743457794
14.753894805908203,1.689186473427207,1.7030975818634033,-0.5614557266235352,0.16641488671302795
14.756963729858398,1.6879764902932326,1.7019531726837158,-0.6551156044006348,0.2676737606525421
14.760040283203125,1.68675223925922,1.7008087635040283,-0.4416113495826721,0.22708477079868317
14.76310920715332,1.68551990599824,1.6996643543243408,-0.5735408663749695,0.3206530809402466
14.766178846359253,1.6842762919516177,1.6989012956619263,-0.8172579407691956,0.1924773007631302
14.76925778388977,1.6830179822674582,1.6977568864822388,-0.5503776669502258,0.2886091470718384
14.772324323654175,1.681753977003531,1.6966124773025513,-0.5695124864578247,0.1741054356098175
14.775391101837158,1.6804792490731075,1.6954680681228638,-0.42046234011650085,0.23093003034591675
14.7784583568573,1.6791938140150406,1.6943236589431763,-0.7195696830749512,0.12027160823345184
14.781524896621704,1.6778982919400063,1.6935607194900513,-0.5574273467063904,0.126253142952919
14.784591436386108,1.6765925045538972,1.6924163103103638,-0.6692149043083191,0.11343556642532349
14.787657737731934,1.6752766757492443,1.6912717819213867,-0.46779584884643555,0.05276569724082947
14.790724754333496,1.673950516071905,1.6901273727416992,-0.6067749857902527,0.09805447608232498
14.79379153251648,1.6726145586390035,1.6893644332885742,-0.5936827659606934,0.1271076500415802
14.796857595443726,1.6712691397486623,1.6878385543823242,-0.6440375447273254,0.08651865273714066
14.79992389678955,1.669913968055576,1.6870756149291992,-0.5111009478569031,0.11898985505104065
14.802989959716797,1.6685493800334075,1.6855497360229492,-0.6994277834892273,0.11599908769130707
14.806058168411255,1.6671744324584326,1.6844053268432617,-0.7820096015930176,0.13266193866729736
14.80912971496582,1.6657886938700568,1.6832607984542847,-0.5070725679397583,0.14676126837730408
14.812196969985962,1.664395739276579,1.6821163892745972,-0.530235767364502,0.18136873841285706
14.815266132354736,1.6629928937531302,1.6805905103683472,-0.6933852434158325,0.19974060356616974
14.818342447280884,1.6615778507884376,1.6794461011886597,-0.5755550265312195,0.14804303646087646
14.821411371231079,1.6601574326375887,1.6779202222824097,-0.5886473059654236,0.16299687325954437
14.824478387832642,1.6587292731071959,1.6767758131027222,-0.7276264429092407,0.21853971481323242
14.827545404434204,1.6572926246981607,1.6752498149871826,-0.6017395257949829,0.24802014231681824
14.830612897872925,1.6558473954856787,1.6741054058074951,-0.7105058431625366,0.20059509575366974
14.83367919921875,1.6543945088100747,1.6729609966278076,-0.5221790075302124,0.2582741975784302
14.836745738983154,1.6529334255529058,1.6714351177215576,-0.6994277834892273,0.1899137794971466
14.839815139770508,1.6514630197203446,1.6702907085418701,-0.8595559597015381,0.16855116188526154
14.842893838882446,1.64998029759313,1.6687648296356201,-0.8051728010177612,0.1770962029695511
14.84596300125122,1.6484944689580492,1.667620301246643,-0.7195696830749512,0.20444037020206451
14.849029302597046,1.6470024866519501,1.666094422340393,-0.8655985593795776,0.252719908952713
14.85209608078003,1.6455028738821342,1.664568543434143,-0.7961089611053467,0.19290456175804138
14.855164527893066,1.6439951792971084,1.663042664527893,-0.9773861169815063,0.14847028255462646
14.858201265335083,1.6424960473933803,1.6618982553482056,-0.7467612624168396,0.16940565407276154
14.861284017562866,1.640967199302014,1.6603723764419556,-0.652094304561615,0.05703822523355484
14.864355087280273,1.6394372738026546,1.658846378326416,-0.8182650208473206,0.09890898317098618
14.867432355880737,1.637897524383725,1.6577019691467285,-0.7658960819244385,0.1416342407464981
14.870503187179565,1.6363544177569496,1.656557559967041,-0.6087892055511475,0.10574502497911453
14.873571157455444,1.6348063301550968,1.655031681060791,-0.617853045463562,0.0792553573846817
14.876638650894165,1.6332522128139777,1.653505802154541,-0.73870450258255,0.06900129467248917
14.87970519065857,1.6316924559565331,1.6523613929748535,-0.7477683424949646,0.021149003878235817
14.882772445678711,1.6301263562541053,1.650835394859314,-0.7467612624168396,0.10574502497911453
14.885839462280273,1.628554544630995,1.6496909856796265,-0.6329594850540161,0.10788128525018692
14.888906002044678,1.6269772912015759,1.6481651067733765,-0.8716410994529724,0.10232700407505035
14.891973972320557,1.6253937587987852,1.6466392278671265,-0.652094304561615,0.06045624613761902
14.89504075050354,1.6238054474101302,1.6451133489608765,-0.8152437806129456,0.15017929673194885
14.898110628128052,1.622210277104688,1.643587350845337,-0.9713435769081116,0.18606851994991302
14.901182651519775,1.6206088784709742,1.642061471939087,-0.724605143070221,0.24545662105083466
14.904259204864502,1.6190001415183497,1.640535593032837,-0.8273289203643799,0.22537575662136078
14.907325267791748,1.6173920841559914,1.639009714126587,-0.930052638053894,0.18350499868392944
14.910391092300415,1.6157795040759324,1.637483835220337,-0.6943923234939575,0.14035248756408691
14.913460493087769,1.6141605371260364,1.6355763673782349,-0.8998397588729858,0.19931334257125854
14.916532039642334,1.6125360759009295,1.6340504884719849,-0.6299381852149963,0.14804303646087646
14.919609069824219,1.6109044905466205,1.6325246095657349,-0.6752575039863586,0.17965972423553467
14.922683238983154,1.6092703525015877,1.6309987306594849,-0.9320668578147888,0.1283894032239914
14.925755023956299,1.6076335709546798,1.6294728517532349,-1.0639963150024414,0.17880521714687347
14.928829193115234,1.605991757794577,1.6279468536376953,-0.8504921197891235,0.18521401286125183
14.93189525604248,1.6043506784600117,1.6264209747314453,-0.9824215769767761,0.23562981188297272
14.934962511062622,1.6027055207778416,1.6248950958251953,-0.964293897151947,0.06515602022409439
14.938029050827026,1.6010574596471532,1.6229877471923828,-1.070038914680481,0.16940565407276154
14.941097974777222,1.5994049798264718,1.6218433380126953,-0.6672007441520691,0.10232700407505035
14.944178104400635,1.5977434650630176,1.6199358701705933,-0.8525062799453735,0.10189975053071976
14.947270393371582,1.5960725232147919,1.6184099912643433,-0.7064774632453918,0.1266804039478302
14.950336933135986,1.5944128124170873,1.6172655820846558,-0.721583902835846,0.10189975053071976
14.953403234481812,1.5927507139039325,1.6157397031784058,-0.686335563659668,0.1591515988111496
14.956470489501953,1.5910857349437844,1.6138323545455933,-0.7799954414367676,0.15231555700302124
14.959547996520996,1.5894129707494087,1.6123063564300537,-0.7155413031578064,0.0792553573846817
14.962618350982666,1.587742033653571,1.6107804775238037,-0.774959921836853,0.09805447608232498
14.965694904327393,1.5860658147069109,1.6092545986175537,-0.8313573002815247,0.15530632436275482
14.968766689300537,1.5843904439783645,1.6073472499847412,-0.9884641766548157,0.15658807754516602
14.971832990646362,1.582716475918461,1.6058213710784912,-0.879697859287262,0.23221179842948914
14.974899768829346,1.5810408159275504,1.6039139032363892,-1.0075989961624146,0.251865416765213
14.977967023849487,1.5793636189158473,1.6023880243301392,-0.73870450258255,0.23306630551815033
14.98103380203247,1.5776855620397028,1.6004806756973267,-0.809201180934906,0.26425573229789734
14.984102964401245,1.5760052347746434,1.5989547967910767,-0.9078965187072754,0.2394750863313675
14.987172603607178,1.5743238362406569,1.597428798675537,-0.878690779209137,0.1591515988111496
14.99019742012024,1.5726663489863493,1.595902919769287,-0.9360952377319336,0.19803158938884735
14.993263721466064,1.5709856349707405,1.5939955711364746,-0.9209887981414795,0.09292744100093842
14.99633002281189,1.5693045782339752,1.5924696922302246,-0.7417258024215698,0.12240787595510483
14.999396324157715,1.5676233347702464,1.5909438133239746,-0.7679103016853333,0.0950637087225914
15.002463102340698,1.565941799143669,1.5890363454818726,-1.0045777559280396,0.11557183414697647
15.005528688430786,1.5642610424187136,1.5875104665756226,-0.9028610587120056,0.09164568781852722
15.008594512939453,1.5625804361721118,1.5859845876693726,-0.7669031620025635,0.08139162510633469
15.011661291122437,1.5608997444718353,1.5844587087631226,-0.8887617588043213,0.10189975053071976
15.014729976654053,1.5592186014568234,1.5829328298568726,-0.9008468985557556,0.03781185671687126
15.0178062915802,1.5575340320689712,1.581406831741333,-0.7417258024215698,0.06216525658965111
15.020882844924927,1.555850243683246,1.5794994831085205,-0.7417258024215698,0.09762722253799438
15.023953437805176,1.5541707831203198,1.5779736042022705,-0.928038477897644,0.06814679503440857
15.027031660079956,1.5524883753739742,1.5764477252960205,-0.8756694793701172,0.12069886177778244
15.030104875564575,1.5508100850765663,1.5749218463897705,-1.0629892349243164,0.09719996899366379
15.033174753189087,1.5491351514145433,1.5730143785476685,-0.878690779209137,0.11599908769130707
15.036197900772095,1.5474873634876434,1.5714884996414185,-0.9481803774833679,0.16256961226463318
15.03926968574524,1.5458148960100453,1.569581151008606,-1.016662836074829,0.1903410404920578
15.042346715927124,1.5441415780751735,1.568055272102356,-0.965300977230072,0.16214236617088318
15.045418977737427,1.5424730114602179,1.566147804260254,-0.8988326787948608,0.16983291506767273
15.048486948013306,1.5408090827721317,1.564621925354004,-0.9622796773910522,0.14035248756408691
15.051555395126343,1.5391473562480809,1.5627145767211914,-0.7538109421730042,0.18435950577259064
15.054624080657959,1.5374881162951146,1.5611886978149414,-0.9592584371566772,0.12454413622617722
15.057693481445312,1.5358312605776838,1.559281349182129,-0.8937972187995911,0.17752346396446228
15.060770273208618,1.5341733512714812,1.5577553510665894,-1.018676996231079,0.07754635065793991
15.063841342926025,1.5325216108810862,1.5562294721603394,-0.6198672652244568,0.08822766691446304
15.066917896270752,1.5308701665518536,1.5543221235275269,-1.0488898754119873,0.08352788537740707
15.069990634918213,1.5292241659460124,1.5527962446212769,-0.8746623992919922,0.06985580176115036
15.073057889938354,1.5275846406164546,1.5512703657150269,-0.8504921197891235,0.0801098644733429
15.076124668121338,1.5259490562809803,1.5497443675994873,-0.8303502202033997,0.12198062241077423
15.079195499420166,1.5243151556581036,1.5478370189666748,-0.9522087574005127,0.03653009980916977
15.082261323928833,1.5226879090171448,1.5463111400604248,-0.844449520111084,0.13052567839622498
15.085327386856079,1.521064674111789,1.5447852611541748,-0.9159532785415649,0.04892042279243469
15.088393688201904,1.519445602530183,1.5432593822479248,-0.9189745783805847,0.13009841740131378
15.09145998954773,1.5178309709010087,1.5413519144058228,-1.068024754524231,0.0625925064086914
15.094527244567871,1.51622042903232,1.5398260354995728,-0.8887617588043213,0.08096437156200409
15.097593069076538,1.5146153771324826,1.5379186868667603,-0.9038681387901306,0.13565270602703094
15.100659608840942,1.5130148391509395,1.5363928079605103,-0.8877546191215515,0.19888609647750854
15.103728532791138,1.511418100171869,1.5348668098449707,-0.7558251023292542,0.15103380382061005
15.106797218322754,1.5098266783712058,1.5329594612121582,-0.7487754821777344,0.2065766453742981
15.109863996505737,1.5082415815528205,1.5314335823059082,-0.9592584371566772,0.18051423132419586
15.112931966781616,1.5066613531414947,1.5295262336730957,-0.9199817180633545,0.13607995212078094
15.11600136756897,1.505086024272239,1.5280003547668457,-0.9471732378005981,0.18008697032928467
15.11907958984375,1.5035119771220644,1.5264743566513062,-0.8817120790481567,0.08993667364120483
15.122148990631104,1.5019483797057156,1.5245670080184937,-0.9431448578834534,0.15530632436275482
15.125201225280762,1.5003995517032909,1.5230411291122437,-0.6651865243911743,0.15573357045650482
15.128271579742432,1.4988477346479383,1.5215152502059937,-1.0519112348556519,0.06686503440141678
15.131337642669678,1.4973044413454641,1.5199893712997437,-0.8696269392967224,0.10061798989772797
15.134406805038452,1.4957660913850688,1.518463373184204,-0.7971160411834717,0.05233844369649887
15.137485265731812,1.4942297609302144,1.516937494277954,-0.687342643737793,0.059601739048957825
15.140554189682007,1.4927049917350705,1.515411615371704,-0.9199817180633545,0.05105668678879738
15.143631219863892,1.4911831558459996,1.513885736465454,-0.687342643737793,0.0036316472105681896
15.146701097488403,1.4896719446609126,1.512359857559204,-0.7467612624168396,0.033966582268476486
15.149768352508545,1.4881692348382294,1.5108338594436646,-0.9471732378005981,0.08694590628147125
15.152834415435791,1.486674451565987,1.5093079805374146,-0.7467612624168396,0.06857404112815857
15.155903339385986,1.4851857637867694,1.5077821016311646,-0.9119248986244202,0.07583733648061752
15.158973693847656,1.4837040195907336,1.505874752998352,-0.7064774632453918,0.10189975053071976
15.162051677703857,1.482226399719736,1.504348874092102,-0.9512016773223877,0.057892728596925735
15.1651291847229,1.48075696088817,1.5028228759765625,-0.9471732378005981,0.1292439103126526
15.168197870254517,1.4792997881127952,1.5012969970703125,-0.9250171780586243,0.13949798047542572
15.171267032623291,1.4778505688219303,1.4997711181640625,-0.7799954414367676,0.13266193866729736
15.174335956573486,1.476409776409005,1.4982452392578125,-0.7769741415977478,0.08395513892173767
15.17740774154663,1.4749761005750595,1.4967193603515625,-0.879697859287262,0.09335469454526901
15.180479049682617,1.4735512424648332,1.495193362236023,-0.878690779209137,0.09719996899366379
15.183546781539917,1.4721367553574929,1.493667483329773,-0.9018539786338806,0.1253986358642578
15.186615943908691,1.4707304530977383,1.492141604423523,-0.9512016773223877,0.04592965543270111
15.189685583114624,1.4693329116672897,1.490615725517273,-1.2090181112289429,0.1266804039478302
15.192753076553345,1.46794544755539,1.489089846611023,-0.9129320383071899,0.10019073635339737
15.195819616317749,1.4665676365814948,1.4875638484954834,-0.9018539786338806,0.11728084087371826
15.198886632919312,1.4651989617830612,1.4860379695892334,-0.7467612624168396,0.014740215614438057
15.201953649520874,1.463839765191476,1.4845120906829834,-0.9270313382148743,0.03823911026120186
15.20501971244812,1.462490591136222,1.4829862117767334,-0.7266193628311157,0.045075152069330215
15.208088159561157,1.4611501029318668,1.481841802597046,-0.722590982913971,0.03012130968272686
15.211159706115723,1.4598181389818214,1.4806973934173584,-0.6047608256340027,0.018158236518502235
15.214205741882324,1.458507120268989,1.4791713953018188,-0.7618677020072937,-0.02841229923069477
15.217284202575684,1.4571922676389422,1.4780269861221313,-0.5685054063796997,-0.03353932872414589
15.220359563827515,1.4558890211938287,1.4765011072158813,-0.7658960819244385,0.04251163452863693
15.223432064056396,1.4545973715050762,1.4749752283096313,-0.7417258024215698,0.05874723568558693
15.226501703262329,1.4533174097539545,1.4734493494033813,-1.0368047952651978,0.06173800304532051
15.22956919670105,1.4520489309718498,1.4719233512878418,-1.018676996231079,0.06472877413034439
15.232636213302612,1.450791349235903,1.4703974723815918,-0.723598062992096,0.11813534796237946
15.235702276229858,1.4495449692724809,1.4688715934753418,-0.8394140601158142,0.08523689955472946
15.238769054412842,1.4483092270884093,1.4677271842956543,-0.8132295608520508,0.13949798047542572
15.241838693618774,1.4470833920747759,1.4662013053894043,-0.7457541823387146,0.1732509285211563
15.244915246963501,1.4458660129660188,1.4646753072738647,-0.8041657209396362,0.1770962029695511
15.247989654541016,1.44466081430307,1.4635308980941772,-0.6490730047225952,0.16299687325954437
15.251056432723999,1.4434700036762662,1.4620050191879272,-0.5856260061264038,0.12454413622617722
15.25412893295288,1.4422884971773082,1.4608606100082397,-0.7699244618415833,0.1283894032239914
15.257197856903076,1.4411199922580331,1.4593347311019897,-0.7044632434844971,0.04892042279243469
15.260274648666382,1.4399602651090637,1.4581903219223022,-0.8253147006034851,0.09207294136285782
15.263345718383789,1.4388145583281675,1.4570459127426147,-0.5705195665359497,0.0796826109290123
15.266423463821411,1.437678359417553,1.4555199146270752,-0.5745479464530945,0.0942092016339302
15.26949667930603,1.4365559235357663,1.4543755054473877,-0.5846189260482788,0.09976348280906677
15.272563457489014,1.4354479869246142,1.4532310962677002,-0.6148317456245422,0.035675592720508575
15.27562952041626,1.4343525427683532,1.4517052173614502,-0.7427328824996948,0.09933622926473618
15.278696537017822,1.433269097920217,1.4505608081817627,-0.774959921836853,0.048493172973394394
15.281769514083862,1.4321960263874862,1.4494163990020752,-0.5161364078521729,0.0036316472105681896
15.284835577011108,1.4311379176581713,1.4482718706130981,-0.4426184594631195,0.023285267874598503
15.287902593612671,1.430092118244441,1.4471274614334106,-0.7094987630844116,0.08993667364120483
15.290968656539917,1.4290593755442333,1.4459830522537231,-0.6299381852149963,0.042084380984306335
15.294035196304321,1.428039300604088,1.4448386430740356,-0.6279240250587463,0.016876477748155594
15.297104597091675,1.4270312161138263,1.4436942338943481,-0.6682078242301941,-0.03439383581280708
15.300173044204712,1.4260364806521517,1.4425498247146606,-0.6621652841567993,-0.030548561364412308
15.303198099136353,1.4250686608447172,1.4414052963256836,-0.5866330862045288,0.040375370532274246
15.306267261505127,1.4240998572937695,1.4406423568725586,-0.531242847442627,-0.02072175219655037
15.309335470199585,1.4231446609621248,1.439497947692871,-0.7769741415977478,-0.048493172973394394
15.312405109405518,1.4222024215391371,1.4383535385131836,-0.6460517048835754,-0.0023498893715441227
15.315473556518555,1.421274033156106,1.437209129333496,-0.7064774632453918,0.02243076264858246
15.318556785583496,1.4203548394801115,1.4360647201538086,-0.49901577830314636,0.13479819893836975
15.32162618637085,1.4194534617251093,1.434920310974121,-0.7447471022605896,0.09164568781852722
15.324692249298096,1.418566788242651,1.4337759017944336,-0.6732432842254639,0.10916304588317871
15.327759504318237,1.417693576966268,1.4326313734054565,-0.6631723642349243,0.11984435468912125
15.33131742477417,1.4166980859361056,1.431486964225769,-0.771938681602478,0.11984435468912125
15.334386348724365,1.4158545230866175,1.4303425550460815,-0.5997253656387329,0.1578698456287384
15.337453126907349,1.4150256120394433,1.429198145866394,-0.5171434879302979,0.18435950577259064
15.340522766113281,1.414210081535986,1.4280537366867065,-0.37413597106933594,0.11941710859537125
15.343599319458008,1.413406998560336,1.4272907972335815,-0.4295262098312378,0.0634470134973526
15.346669673919678,1.4126198657167852,1.426146388053894,-0.46981003880500793,0.06088349595665932
15.34973669052124,1.411847955949888,1.4253833293914795,-0.5392996072769165,-0.0079041738063097
15.352803230285645,1.4110905940650376,1.424238920211792,-0.5775692462921143,0.029266804456710815
15.35586953163147,1.4103477864152367,1.423475980758667,-0.425497829914093,0.007049668114632368
15.358938455581665,1.4096189258707716,1.4223315715789795,-0.5211718678474426,0.0010681315325200558
15.36201548576355,1.408902854692259,1.4215686321258545,-0.32579538226127625,0.04251163452863693
15.365092515945435,1.4082015843482707,1.4208056926727295,-0.45571067929267883,0.09890898317098618
15.368163585662842,1.4075164955791033,1.4200427532196045,-0.3771572411060333,-0.01901274174451828
15.371198177337646,1.4068541526854352,1.418898344039917,-0.5161364078521729,0.03482108935713768
15.374267816543579,1.4061989955684395,1.418135404586792,-0.4778667986392975,0.05233844369649887
15.377334356307983,1.4055594585364966,1.4173723459243774,-0.6097962856292725,0.020294498652219772
15.380400896072388,1.4049349318916453,1.4166094064712524,-0.43859007954597473,0.07669184356927872
15.383468627929688,1.4043252396113581,1.415464997291565,-0.5121080279350281,0.046784162521362305
15.386534690856934,1.4037310033565835,1.41470205783844,-0.5020371079444885,0.039093613624572754
15.389601945877075,1.4031517202848116,1.413939118385315,-0.269398033618927,0.05703822523355484
15.39266848564148,1.4025878079176672,1.41317617893219,-0.46981003880500793,0.026276035234332085
15.395735502243042,1.4020390976174537,1.412413239479065,-0.32176700234413147,0.024567024782299995
15.398802280426025,1.4015057700627556,1.41165030002594,-0.27846190333366394,0.045502401888370514
15.40186858177185,1.4009879108424252,1.4112688302993774,-0.29356831312179565,0.03482108935713768
15.404935598373413,1.4004853684996106,1.4105058908462524,-0.23314259946346283,-0.0079041738063097
15.408002138137817,1.3999983868017314,1.409742832183838,-0.3338521420955658,0.043366141617298126
15.411071300506592,1.3995265350664767,1.4093613624572754,-0.27644771337509155,-0.032684825360774994
15.414142608642578,1.3990699667571098,1.4085984230041504,-0.2834973633289337,-0.021149003878235817
15.417198419570923,1.3986312450620515,1.4078354835510254,-0.24724192917346954,-0.06472877413034439
15.420268058776855,1.3982061878287533,1.407454013824463,-0.2855115532875061,0.005340657662600279
15.423334121704102,1.3977973229041887,1.406691074371338,-0.37111467123031616,0.030548561364412308
15.426400899887085,1.3974040940023162,1.4063096046447754,-0.41844815015792847,-0.0322575718164444
15.429468393325806,1.3970265486451383,1.4055466651916504,-0.4627603590488434,-0.010040436871349812
15.432535409927368,1.3966648704428712,1.4047837257385254,-0.28047609329223633,0.07754635065793991
15.435601949691772,1.3963190855927234,1.404402256011963,-0.42146944999694824,0.06173800304532051
15.43866777420044,1.3959892438253296,1.4040207862854004,-0.1414969116449356,-0.024139773100614548
15.441737174987793,1.3956749363066412,1.4032578468322754,-0.16667430102825165,0.1108720526099205
15.444814443588257,1.3953758420554474,1.4024949073791504,-0.3610437214374542,0.11258106678724289
15.447888612747192,1.3950930921449443,1.4021133184432983,-0.24724192917346954,0.07455558329820633
15.45095705986023,1.3948268850842922,1.4013503789901733,-0.3610437214374542,0.08609139919281006
15.454023599624634,1.3945768549454984,1.4009689092636108,-0.40434882044792175,0.11557183414697647
15.457093477249146,1.3943426085236743,1.4005874395370483,-0.052872512489557266,0.10403601080179214
15.46017050743103,1.394123958989058,1.4002059698104858,-0.1253833770751953,0.0963454619050026
15.463199615478516,1.3939245204324529,1.3994430303573608,-0.1908445805311203,0.13351644575595856
15.466276407241821,1.3937380149120027,1.3990615606307983,-0.09114214032888412,0.10617227107286453
15.469349145889282,1.3935679384567015,1.3986800909042358,-0.14753948152065277,0.10531777143478394
15.472415208816528,1.3934143673425083,1.3982986211776733,-0.21400777995586395,0.11898985505104065
15.475481748580933,1.393276908660762,1.3979171514511108,-0.014602883718907833,0.12497138977050781
15.478548765182495,1.3931555826998494,1.3975356817245483,-0.04481574892997742,0.14547951519489288
15.481615781784058,1.393050423353107,1.3971542119979858,0.07100022584199905,0.1433432549238205
15.484682083129883,1.3929614592485384,1.3967727422714233,-0.046829938888549805,0.07711909711360931
15.487748861312866,1.3928886621718028,1.3963912725448608,-0.12437628954648972,0.16256961226463318
15.490816831588745,1.3928320351166485,1.3960098028182983,-0.16466011106967926,0.10360875725746155
15.493886232376099,1.3927915997212836,1.3960098028182983,0.08610665798187256,0.13266193866729736
15.496953964233398,1.3927673986829203,1.3956283330917358,0.13142596185207367,0.14975203573703766
15.500020742416382,1.3927594078203642,1.3952468633651733,-0.2371709793806076,0.0480659194290638
15.503086805343628,1.3927676140296688,1.3948653936386108,-0.2845044732093811,0.14847028255462646
15.506156206130981,1.392792048181539,1.3948653936386108,-0.06797894090414047,0.1587243527173996
15.50919485092163,1.3928322200101615,1.3944838047027588,-0.173723965883255,0.1433432549238205
15.51226258277893,1.3928889037347778,1.3944838047027588,-0.15660333633422852,0.22708477079868317
15.515329599380493,1.3929617675040236,1.3941023349761963,0.006546120624989271,0.15487907826900482
15.51839542388916,1.3930507781264232,1.3941023349761963,-0.13545434176921844,0.12283512949943542
15.52146315574646,1.3931560229821278,1.3941023349761963,-0.07100022584199905,0.13308918476104736
15.524529695510864,1.3932773916300873,1.3937208652496338,-0.060929276049137115,0.1595788449048996
15.527596473693848,1.393414921880093,1.3937208652496338,-0.11531242728233337,0.126253142952919
15.530663251876831,1.3935685921579732,1.3933393955230713,-0.143511101603508,0.10275425016880035
15.533730030059814,1.3937383881994105,1.3933393955230713,0.046829938888549805,0.1420614868402481
15.536797046661377,1.393924309321828,1.3933393955230713,-0.04582284390926361,0.12198062241077423
15.539865493774414,1.394126423667402,1.3933393955230713,-0.08812084794044495,0.126253142952919
15.542941808700562,1.3943452096637685,1.3933393955230713,0.13444724678993225,0.11770809441804886
15.546010494232178,1.3945795467092774,1.3933393955230713,-0.18278782069683075,0.09036392718553543
15.54907774925232,1.3948298151666525,1.3933393955230713,0.13545434176921844,0.1271076500415802
15.552147626876831,1.3950963318191851,1.3933393955230713,-0.1253833770751953,0.10745403170585632
15.555197477340698,1.3953769697234693,1.3933393955230713,-0.17170977592468262,0.14077973365783691
15.558269262313843,1.3956755787997839,1.3933393955230713,-0.0317235067486763,0.13522544503211975
15.561346769332886,1.3959907710257038,1.3933393955230713,-0.01258869282901287,0.1288166642189026
15.564427137374878,1.3963222909747457,1.3933393955230713,-0.01258869282901287,0.1600061058998108
15.567511081695557,1.3966702348123723,1.3937208652496338,0.04582284390926361,0.21469444036483765
15.570582389831543,1.397032670381817,1.3937208652496338,-0.021652551367878914,0.17923247814178467
15.573650598526001,1.3974105671577577,1.3937208652496338,-0.02064545638859272,0.2070038914680481
15.576716899871826,1.3978039981569585,1.3937208652496338,-0.05690089240670204,0.23135729134082794
15.57978367805481,1.3982132217286534,1.3937208652496338,0.09819180518388748,0.1903410404920578
15.582849979400635,1.398638072643767,1.3941023349761963,0.018631266430020332,0.26254671812057495
15.58591628074646,1.399078573884204,1.3941023349761963,0.17875944077968597,0.22922103106975555
15.588985681533813,1.3995351534966771,1.3944838047027588,-0.04280155524611473,0.23520256578922272
15.59205436706543,1.4000072198315971,1.3944838047027588,0.0961776152253151,0.24930189549922943
15.595124959945679,1.4004951414935827,1.3948653936386108,0.18178072571754456,0.3783321976661682
15.598196029663086,1.400998663892379,1.3948653936386108,0.11631952226161957,0.28134584426879883
15.60126256942749,1.4015168886710374,1.3952468633651733,0.057907987385988235,0.2898908853530884
15.604328632354736,1.4020504148584936,1.3952468633651733,0.16868849098682404,0.29459068179130554
15.60739541053772,1.4025994021605164,1.3956283330917358,0.0629434660077095,0.2681010067462921
15.610462188720703,1.403163676948574,1.3960098028182983,0.15458914637565613,0.24246585369110107
15.613528966903687,1.4037431868443218,1.3963912725448608,0.13142596185207367,0.29587242007255554
15.61659574508667,1.4043378780552305,1.3967727422714233,0.2834973633289337,0.2830548584461212
15.619662046432495,1.4049475993894556,1.3971542119979858,0.29558250308036804,0.3808957040309906
15.6227285861969,1.405572434718613,1.3971542119979858,0.047837033867836,0.2834821045398712
15.625795364379883,1.4062123295594227,1.3979171514511108,0.4164339601993561,0.3650873601436615
15.628862619400024,1.4068672794974064,1.3979171514511108,0.22609293460845947,0.3202258348464966
15.63192892074585,1.407536914812456,1.3982986211776733,0.035751886665821075,0.2860456109046936
15.634995222091675,1.4082213746819598,1.3990615606307983,0.18278782069683075,0.3347524106502533
15.638061285018921,1.408920540651558,1.3994430303573608,0.2714122235774994,0.2569924592971802
15.641130447387695,1.4096351295397846,1.3998245000839233,0.269398033618927,0.2540016770362854
15.644195795059204,1.4103634601334745,1.4005874395370483,0.12336919456720352,0.2548561692237854
15.647269487380981,1.4111083860521585,1.4009689092636108,0.2673838436603546,0.24161134660243988
15.650335788726807,1.4118660313893823,1.4013503789901733,0.22609293460845947,0.24502937495708466
15.653402090072632,1.4126380995593202,1.4021133184432983,0.33788052201271057,0.20187686383724213
15.656468868255615,1.413424642325149,1.4024949073791504,0.16969558596611023,0.2886091470718384
15.659537553787231,1.4142259702263233,1.4032578468322754,0.21904325485229492,0.22665750980377197
15.662616491317749,1.4150442724617913,1.4040207862854004,0.400320440530777,0.22452124953269958
15.665692806243896,1.4158761040913657,1.404402256011963,0.3942778706550598,0.17880521714687347
15.66876220703125,1.4167201611982765,1.405165195465088,0.3630579113960266,0.2552834451198578
15.671828269958496,1.4175772782765403,1.405928134918213,0.3701075613498688,0.20358586311340332
15.674895763397217,1.4184486956596123,1.406691074371338,0.21702906489372253,0.1886320263147354
15.677962303161621,1.419333658418417,1.4070725440979004,0.2986038029193878,0.2078583985567093
15.681029796600342,1.4202326347999839,1.408216953277588,0.461753249168396,0.17026016116142273
15.684099435806274,1.421145911409298,1.408979892730713,0.48693063855171204,0.2082856446504593
15.687169075012207,1.4220727792632881,1.4093613624572754,0.3821927309036255,0.19803158938884735
15.69019865989685,1.423000795079426,1.4101243019104004,0.3348592221736908,0.1766689568758011
15.693275928497314,1.4239567978621839,1.410887360572815,0.3791714310646057,0.20956741273403168
15.69634222984314,1.4249227182504192,1.41165030002594,0.4144197702407837,0.1924773007631302
15.699408769607544,1.4259019265151376,1.412413239479065,0.4889448285102844,0.2544289231300354
15.70247507095337,1.4268941795278132,1.41317617893219,0.2240787297487259,0.21469444036483765
15.705541133880615,1.4278993821622992,1.413939118385315,0.4778667986392975,0.15274280309677124
15.70860767364502,1.4289176771406513,1.4150835275650024,0.548363447189331,0.20871290564537048
15.711674451828003,1.4299488953018469,1.415464997291565,0.35701534152030945,0.20956741273403168
15.714741945266724,1.4309931072157198,1.4166094064712524,0.5513847470283508,0.21255818009376526
15.717808961868286,1.4320498116280609,1.4173723459243774,0.32780957221984863,0.35568779706954956
15.720876216888428,1.4331191553741804,1.418135404586792,0.4275120198726654,0.3608148396015167
15.723942279815674,1.4342005346575804,1.418898344039917,0.46477454900741577,0.2843366265296936
15.727009773254395,1.4352947754750034,1.4200427532196045,0.33989471197128296,0.2548561692237854
15.730079650878906,1.4364021393320652,1.4208056926727295,0.4808880686759949,0.31338977813720703
15.733150720596313,1.4375221146240027,1.4215686321258545,0.3479514718055725,0.19461356103420258
15.736200094223022,1.4386461297507895,1.422713041305542,0.5000228881835938,0.2646830081939697
15.739269256591797,1.439789360381429,1.4238574504852295,0.5161364078521729,0.2403295934200287
15.742338418960571,1.4409444447799549,1.4246203899383545,0.6460517048835754,0.21982146799564362
15.745415449142456,1.4421142817381132,1.425764799118042,0.5513847470283508,0.17965972423553467
15.7484872341156,1.44329379208835,1.4265278577804565,0.5493705868721008,0.2668192684650421
15.751556396484375,1.444483828328077,1.427672266960144,0.5282215476036072,0.32407110929489136
15.754623651504517,1.445684531725103,1.428435206413269,0.6903639435768127,0.3309071362018585
15.757692813873291,1.446897283936285,1.4295796155929565,0.6128175854682922,0.3163805603981018
15.76076865196228,1.4481239034158997,1.430724024772644,0.4275120198726654,0.3642328381538391
15.76384162902832,1.4493604936228788,1.431486964225769,0.3509727716445923,0.40567636489868164
15.766918420791626,1.450609630545309,1.4326313734054565,0.5161364078521729,0.35526055097579956
15.769990682601929,1.4518678061808363,1.4333943128585815,0.4416113495826721,0.35483330488204956
15.77305793762207,1.4531346577280608,1.4345388412475586,0.5916685461997986,0.4137941598892212
15.776124000549316,1.4544116106361988,1.435683250427246,0.6440375447273254,0.34158846735954285
15.77919340133667,1.455700443933909,1.4368276596069336,0.42146944999694824,0.3488517701625824
15.782260179519653,1.4569985388956384,1.437972068786621,0.6661936640739441,0.32321658730506897
15.7853262424469,1.4583065654653542,1.4391164779663086,0.6722362041473389,0.24289311468601227
15.788393020629883,1.4596250124986256,1.440260887145996,0.7135271430015564,0.29245442152023315
15.79145884513855,1.4609530390171641,1.4414052963256836,0.8051728010177612,0.251865416765213
15.794524908065796,1.4622910346788145,1.4425498247146606,0.773952841758728,0.2569924592971802
15.797591924667358,1.4636391931595902,1.4436942338943481,0.5896543860435486,0.21597619354724884
15.800657510757446,1.4649963391367853,1.4452201128005981,0.8575417995452881,0.22452124953269958
15.803723812103271,1.466363293232344,1.4463645219802856,0.6390020847320557,0.19632257521152496
15.80679202079773,1.4677404720782075,1.4478904008865356,0.7185626029968262,0.20956741273403168
15.80985951423645,1.4691265760968253,1.4490348100662231,0.6762645840644836,0.1723964363336563
15.812926530838013,1.47052157893542,1.4501793384552002,0.6823071837425232,0.26041045784950256
15.815994262695312,1.4719258942964988,1.4517052173614502,0.7266193628311157,0.30569925904273987
15.819060564041138,1.473338406455795,1.4528496265411377,0.6752575039863586,0.2698100209236145
15.822129487991333,1.4747608563704981,1.4539940357208252,0.6440375447273254,0.28177309036254883
15.825199842453003,1.476192576504898,1.4551384449005127,0.6913710236549377,0.35739681124687195
15.828270196914673,1.4776327726329916,1.4562828540802002,0.724605143070221,0.4582284390926361
15.831336259841919,1.4790792803296524,1.4578088521957397,0.8363927602767944,0.24545662105083466
15.834403038024902,1.4805343128086117,1.4589532613754272,0.5433279871940613,0.2057221382856369
15.837469339370728,1.4819971704230888,1.4604791402816772,0.65310138463974,0.30911725759506226
15.840538263320923,1.4834692043282012,1.4620050191879272,0.7658960819244385,0.23306630551815033
15.843615531921387,1.4849530641996664,1.4631494283676147,0.7648890018463135,0.26297399401664734
15.846684694290161,1.48644068043757,1.4646753072738647,0.737697422504425,0.19845883548259735
15.849751949310303,1.4879348818728475,1.4658198356628418,0.8857404589653015,0.22452124953269958
15.852818489074707,1.4894361008887047,1.4673457145690918,0.5644770264625549,0.29501792788505554
15.855885028839111,1.4909445457217156,1.4684901237487793,0.880704939365387,0.2980087101459503
15.858954906463623,1.4924617298043128,1.4700160026550293,0.9471732378005981,0.35825130343437195
15.862032890319824,1.4939899077237486,1.4711604118347168,0.7850309014320374,0.3300526440143585
15.86510968208313,1.4955243438738903,1.4726864099502563,0.7578393220901489,0.3317616581916809
15.868184566497803,1.4970645279795316,1.4738308191299438,0.8011444211006165,0.29288166761398315
15.871267795562744,1.4986154717665525,1.4753566980361938,0.7366903424263,0.2390478402376175
15.874334812164307,1.5001646532354902,1.4765011072158813,0.7074845433235168,0.20956741273403168
15.87740182876587,1.501720066745015,1.4780269861221313,0.8404211401939392,0.23477530479431152
15.880468606948853,1.5032814462744983,1.4799343347549438,0.8968185186386108,0.2373388260602951
15.883538246154785,1.5048502324579311,1.481078863143921,0.8263218402862549,0.16299687325954437
15.886607646942139,1.5064247030773246,1.4829862117767334,0.6359807848930359,0.19375905394554138
15.88967490196228,1.5080037267662498,1.484130620956421,0.8152437806129456,0.13180743157863617
15.892741441726685,1.5095878854549576,1.4860379695892334,1.013641595840454,0.2881819009780884
15.89580750465393,1.5111771521057213,1.487182378768921,0.8152437806129456,0.26169222593307495
15.898874759674072,1.5127722461011097,1.4887083768844604,0.7940947413444519,0.34244295954704285
15.901941061019897,1.5143719041588692,1.4902342557907104,0.9481803774833679,0.32492560148239136
15.90500783920288,1.5159767228834211,1.4917601346969604,0.7185626029968262,0.3612420856952667
15.908074140548706,1.5175860543093733,1.4932860136032104,0.8927901387214661,0.40225833654403687
15.911141157150269,1.5192003752455467,1.494430422782898,0.7024490833282471,0.35867857933044434
15.914198160171509,1.5208138686555432,1.495956301689148,0.8706340193748474,0.3313344120979309
15.917267560958862,1.5224382184124863,1.4974822998046875,0.7820096015930176,0.3052719831466675
15.920333623886108,1.5240649656734153,1.4990081787109375,0.9078965187072754,0.43985655903816223
15.923399925231934,1.5256958505683285,1.5005340576171875,0.8514991998672485,0.39029526710510254
15.926466703414917,1.5273308499316285,1.50244140625,0.7558251023292542,0.3697871267795563
15.9295334815979,1.528969558686746,1.5035858154296875,0.8746623992919922,0.3176623284816742
15.932599782943726,1.530611569105995,1.5054932832717896,0.9854428768157959,0.3514152765274048
15.935665845870972,1.5322568552616351,1.506637692451477,0.8152437806129456,0.3514152765274048
15.93873381614685,1.533906418548209,1.508163571357727,0.6943923234939575,0.32492560148239136
15.941804647445679,1.5355606258498624,1.509689450263977,0.8212863206863403,0.34671550989151
15.944881200790405,1.5372208769492235,1.5115967988967896,0.8927901387214661,0.382177472114563
15.947955131530762,1.5388825184034636,1.513122797012329,0.9350880980491638,0.27664607763290405
15.951022148132324,1.540543062973089,1.514648675918579,0.8273289203643799,0.2890363931655884
15.95409107208252,1.5422071258697831,1.5165560245513916,0.8696269392967224,0.287327378988266
15.95716404914856,1.543875722814175,1.5180819034576416,0.9804074168205261,0.19931334257125854
15.960201263427734,1.545527045976467,1.5196079015731812,0.9844357967376709,0.2890363931655884
15.963276863098145,1.547201257805112,1.5215152502059937,0.8736553192138672,0.20999465882778168
15.96635389328003,1.5488781253032156,1.5230411291122437,0.9260242581367493,0.20358586311340332
15.969430446624756,1.5505564532815528,1.5245670080184937,0.7830166816711426,0.4009765684604645
15.972500085830688,1.5522325677081095,1.5260928869247437,0.6802929639816284,0.251010924577713
15.975565671920776,1.5539078668283477,1.5280003547668457,1.015655755996704,0.3992675542831421
15.978632688522339,1.5555851899839785,1.5295262336730957,0.9330739378929138,0.3313344120979309
15.981699228286743,1.5572633389912494,1.5310521125793457,0.8696269392967224,0.2403295934200287
15.984765768051147,1.5589424187868806,1.5325779914855957,0.7004348635673523,0.27835509181022644
15.987832307815552,1.5606222735359032,1.5344853401184082,0.9471732378005981,0.43601128458976746
15.990898609161377,1.562302616657242,1.5360113382339478,1.0116273164749146,0.4125123918056488
15.993964910507202,1.5639834228008533,1.5375372171401978,0.9199817180633545,0.252719908952713
15.997031688690186,1.5656647974396567,1.5394445657730103,0.8907759189605713,0.29245442152023315
16.00010061264038,1.5673474997015513,1.5409704446792603,0.9320668578147888,0.45181962847709656
16.003180980682373,1.5690364714487273,1.5424963235855103,0.9340810179710388,0.34372472763061523
16.00625777244568,1.5707233193245669,1.5440223217010498,1.0206912755966187,0.31082627177238464
16.009323596954346,1.5724038357509782,1.5459296703338623,0.844449520111084,0.2501564025878906
16.01239252090454,1.5740855761728725,1.5474555492401123,0.9421377778053284,0.30740824341773987
16.015458583831787,1.575765118253354,1.5493628978729248,0.9703364372253418,0.27450981736183167
16.018524646759033,1.5774438742212804,1.5508888959884644,1.0196841955184937,0.39114975929260254
16.021591663360596,1.5791222100281466,1.5524147748947144,0.7699244618415833,0.27878233790397644
16.024658918380737,1.5807995779011617,1.5543221235275269,0.9219958782196045,0.22922103106975555
16.027726411819458,1.5824758218173045,1.5558480024337769,0.9552300572395325,0.2232394963502884
16.030792713165283,1.5841500050991666,1.5573738813400269,1.1133440732955933,0.29672694206237793
16.033859252929688,1.5858227540567145,1.559281349182129,0.8917829990386963,0.2663919925689697
16.036925077438354,1.5874933936635625,1.560807228088379,0.8313573002815247,0.3655146062374115
16.03999352455139,1.5891635859586233,1.5627145767211914,1.0569466352462769,0.32449835538864136
16.04307198524475,1.5908371862442268,1.5642404556274414,0.7608606219291687,0.40823987126350403
16.046146154403687,1.592506255905,1.5657663345336914,0.9481803774833679,0.34457921981811523
16.049197673797607,1.5941607027961837,1.567292332649231,0.8525062799453735,0.42148470878601074
16.052266597747803,1.5958220952069218,1.5691996812820435,0.7487754821777344,0.3539787828922272
16.055332899093628,1.5974794193281996,1.5707255601882935,0.8917829990386963,0.3364614248275757
16.058401823043823,1.599135356098148,1.5722514390945435,0.8041657209396362,0.3620965778827667
16.06147837638855,1.6007924384388117,1.574158787727356,0.8404211401939392,0.3304798901081085
16.064555168151855,1.602446519353186,1.5756847858428955,1.2039825916290283,0.383459210395813
16.067631483078003,1.604097060189007,1.5772106647491455,0.9330739378929138,0.3313344120979309
16.070700883865356,1.6057404654157972,1.579118013381958,0.9834287166595459,0.3018539845943451
16.07376980781555,1.6073800411544976,1.580643892288208,0.7669031620025635,0.4116578996181488
16.076836347579956,1.6090146212025147,1.58255136013031,0.7820096015930176,0.29117265343666077
16.07990336418152,1.6106455822764036,1.58407723903656,1.0106202363967896,0.28177309036254883
16.082969665527344,1.6122721395596258,1.58560311794281,0.9209887981414795,0.20999465882778168
16.086036920547485,1.6138950268526677,1.5875104665756226,1.0609750747680664,0.3317616581916809
16.08910298347473,1.6155129587480028,1.5890363454818726,0.9602655172348022,0.3330434262752533
16.092171907424927,1.6171279201144473,1.590562343597412,0.8212863206863403,0.2881819009780884
16.09519600868225,1.6187147636965071,1.5924696922302246,0.7135271430015564,0.3368886709213257
16.098263263702393,1.6203195096148715,1.5939955711364746,0.8645914196968079,0.3338979184627533
16.101330995559692,1.6219195801170663,1.5955214500427246,0.7669031620025635,0.2552834451198578
16.104397535324097,1.6235139579390832,1.5970473289489746,0.9260242581367493,0.32449835538864136
16.107463121414185,1.6251026244541058,1.5989547967910767,1.0237125158309937,0.3155260682106018
16.11052918434143,1.6266861747979109,1.6004806756973267,0.8595559597015381,0.3766231834888458
16.113595247268677,1.6282642145284179,1.6020065546035767,0.8323643803596497,0.32535287737846375
16.116663217544556,1.6298375735968227,1.6039139032363892,0.8998397588729858,0.2548561692237854
16.119731426239014,1.6314052440282982,1.6054397821426392,1.0791027545928955,0.443274587392807
16.122798204421997,1.632966230960555,1.6069657802581787,1.0388189554214478,0.4009765684604645
16.125864505767822,1.634520880486703,1.6084916591644287,0.9834287166595459,0.40225833654403687
16.128931283950806,1.6360695318176175,1.6100175380706787,0.6108033657073975,0.32321658730506897
16.13199758529663,1.637611559666186,1.6115434169769287,0.8162508606910706,0.3458609879016876
16.135066032409668,1.6391481344312295,1.6130692958831787,0.8605630397796631,0.28177309036254883
16.13813829421997,1.6406799297347472,1.6145952939987183,0.7689173817634583,0.30698099732398987
16.14120125770569,1.6422002836196328,1.6165026426315308,0.8535133600234985,0.31338977813720703
16.14428400993347,1.6437234563341654,1.6180285215377808,0.8897688388824463,0.24545662105083466
16.147356748580933,1.645234547675843,1.6199358701705933,1.0458686351776123,0.2557106912136078
16.150426149368286,1.646736746355315,1.6214618682861328,1.1365071535110474,0.2860456109046936
16.15349555015564,1.6482315580544193,1.6229877471923828,1.1123368740081787,0.2732280492782593
16.156562328338623,1.6497175762435163,1.6245136260986328,0.8353856801986694,0.3202258348464966
16.159631729125977,1.6511972043128615,1.6260395050048828,0.7538109421730042,0.34030669927597046
16.16270899772644,1.6526727932539007,1.6275653839111328,0.7568322420120239,0.29031816124916077
16.165785551071167,1.654140062329837,1.6290913820266724,0.8152437806129456,0.4633554518222809
16.168853521347046,1.6555951589743558,1.6306172609329224,0.8897688388824463,0.34201571345329285
16.171919584274292,1.6570411556544913,1.6321431398391724,0.7810025215148926,0.47019150853157043
16.174986362457275,1.6584791597591642,1.6336690187454224,0.6279240250587463,0.29715418815612793
16.17805242538452,1.6599083671112504,1.6351948976516724,0.6208743453025818,0.3291981518268585
16.181122541427612,1.6613308536706919,1.636720895767212,0.737697422504425,0.4407110810279846
16.18419909477234,1.6627475471599904,1.638246774673462,0.8676127195358276,0.29288166761398315
16.187268257141113,1.6641519523335355,1.639772653579712,0.843442440032959,0.4116578996181488
16.190335512161255,1.6655464882512838,1.641298532485962,0.9270313382148743,0.37576866149902344
16.193402767181396,1.6669319009713688,1.642824411392212,0.7810025215148926,0.5923857688903809
16.196470499038696,1.6683082750668332,1.6439688205718994,0.7336690425872803,0.3996948301792145
16.19953751564026,1.6696749489908624,1.645494818687439,0.5735408663749695,0.5359883904457092
16.20260453224182,1.6710321178548926,1.647020697593689,0.8968185186386108,0.44840162992477417
16.205670833587646,1.672379342535869,1.6481651067733765,0.808194100856781,0.3291981518268585
16.20873713493347,1.6737168156345748,1.6496909856796265,0.6500800848007202,0.32236209511756897
16.211803197860718,1.675044310200269,1.6512168645858765,1.0065919160842896,0.2988632023334503
16.214869737625122,1.6763620115566313,1.652742862701416,0.8968185186386108,0.34799724817276
16.217936515808105,1.6776696914491729,1.654268741607666,0.8263218402862549,0.34244295954704285
16.22100281715393,1.6789669247254742,1.655794620513916,0.7457541823387146,0.2839093506336212
16.22407031059265,1.6802542933915445,1.6569390296936035,0.7709315419197083,0.4560921788215637
16.227137088775635,1.6815308750636426,1.658846378326416,0.8202792406082153,0.3608148396015167
16.230196714401245,1.6827939124624578,1.6599907875061035,0.9078965187072754,0.31039902567863464
16.233264207839966,1.684049485071022,1.661516785621643,0.6964064836502075,0.40225833654403687
16.23633050918579,1.6852937331296358,1.663042664527893,0.8222934603691101,0.3945677876472473
16.23939800262451,1.6865275085388796,1.6641870737075806,0.6379949450492859,0.443701833486557
16.24246907234192,1.6877516298749697,1.665331482887268,0.7115129232406616,0.3804684579372406
16.245548725128174,1.6889679123951362,1.666857361793518,0.7638819217681885,0.5859769582748413
16.248623371124268,1.6901708558831614,1.6680018901824951,0.6057679057121277,0.3616693317890167
16.25169587135315,1.6913615071754593,1.6691462993621826,0.7266193628311157,0.3847409784793854
16.254764556884766,1.6925391421310048,1.6706721782684326,0.6722362041473389,0.34244295954704285
16.257833242416382,1.693705136688683,1.6721980571746826,0.7014420032501221,0.38858625292778015
16.26090979576111,1.6948623266637572,1.6733424663543701,0.9008468985557556,0.5535057783126831
16.26398730278015,1.6960079526051446,1.6744868755340576,0.6752575039863586,0.4458380937576294
16.26706600189209,1.6971419836422716,1.6760128736495972,0.7296406626701355,0.41806668043136597
16.2701416015625,1.6982627443074803,1.6771572828292847,0.44866102933883667,0.3603875935077667
16.273194551467896,1.6993631590371803,1.6783016920089722,0.6964064836502075,0.3971312940120697
16.276261806488037,1.7004564952060575,1.6798275709152222,0.7860379815101624,0.34671550989151
16.27932858467102,1.7015372995945313,1.6805905103683472,0.5332570672035217,0.45310139656066895
16.282395601272583,1.7026057253727134,1.6821163892745972,0.6390020847320557,0.40695810317993164
16.285462141036987,1.703661425666936,1.6832607984542847,0.8172579407691956,0.48728159070014954
16.288530826568604,1.7047051949813532,1.6844053268432617,0.6047608256340027,0.3176623284816742
16.291600227355957,1.7057364319999704,1.6855497360229492,0.5735408663749695,0.4313115179538727
16.29466676712036,1.7067538528649178,1.6866941452026367,0.580590546131134,0.45224690437316895
16.29773235321045,1.7077580199771174,1.6878385543823242,0.46477454900741577,0.3022812306880951
16.300801277160645,1.7087502306455515,1.6893644332885742,0.7618677020072937,0.2663919925689697
16.30387806892395,1.7097317852673442,1.6905088424682617,0.7084916234016418,0.2984359562397003
16.30695128440857,1.710698913909284,1.6916533708572388,0.5674982666969299,0.26382848620414734
16.310018062591553,1.7116506912516734,1.6927977800369263,0.6017395257949829,0.3330434262752533
16.313084602355957,1.7125889962193874,1.6939421892166138,0.6661936640739441,0.3663691282272339
16.316153526306152,1.713514530004781,1.6950865983963013,0.7548180222511292,0.38687723875045776
16.31919550895691,1.7144185255125441,1.6962310075759888,0.6974136233329773,0.4129396378993988
16.322262048721313,1.715316218440101,1.6969939470291138,0.48390936851501465,0.3680781126022339
16.32532811164856,1.7162000369283499,1.6981383562088013,0.7336690425872803,0.4308842718601227
16.32839560508728,1.7170704423018357,1.6992828845977783,0.6238956451416016,0.5513694882392883
16.331461906433105,1.717926608019084,1.7000458240509033,0.46477454900741577,0.41849392652511597
16.33452868461609,1.7187689254577356,1.7011902332305908,0.5725337862968445,0.4475471079349518
16.337595462799072,1.7195971822060456,1.7023346424102783,0.4134126901626587,0.442420095205307
16.34066414833069,1.7204118032993045,1.7030975818634033,0.4426184594631195,0.4560921788215637
16.343740701675415,1.7212142272875977,1.7042419910430908,0.41945526003837585,0.4308842718601227
16.34681010246277,1.7220004570136689,1.7050049304962158,0.5866330862045288,0.4454108476638794
16.349876880645752,1.7227716481830342,1.7061493396759033,0.4748454988002777,0.4129396378993988
16.352942943572998,1.7235282323040153,1.7069122791290283,0.41844815015792847,0.5868314504623413
16.35600972175598,1.7242704921387284,1.7076753377914429,0.37212178111076355,0.40610361099243164
16.359079837799072,1.7249989646527817,1.7088197469711304,0.45168229937553406,0.4966811537742615
16.36215615272522,1.7257141926488395,1.7095826864242554,0.46578162908554077,0.444129079580307
16.365203857421875,1.726408177911712,1.7107270956039429,0.32881665229797363,0.4249027371406555
16.368287086486816,1.7270954094142617,1.7114900350570679,0.32176700234413147,0.4155031740665436
16.371357679367065,1.7277649233691736,1.7122529745101929,0.48491644859313965,0.45481041073799133
16.37442421913147,1.7284186503444308,1.7130159139633179,0.2895399332046509,0.40653085708618164
16.377490282058716,1.729057325065362,1.7141603231430054,0.6118105053901672,0.4449836015701294
16.380556344985962,1.7296809910869724,1.71492338180542,0.582604706287384,0.48642709851264954
16.383623123168945,1.7302897307577614,1.715686321258545,0.3852140009403229,0.5018081665039062
16.38668966293335,1.7308832947698225,1.71644926071167,0.2653696537017822,0.46762797236442566
16.389756202697754,1.731461675946114,1.717212200164795,0.42146944999694824,0.5018081665039062
16.392822742462158,1.7320248206072264,1.71797513961792,0.3831998109817505,0.3197985887527466
16.395890951156616,1.7325729704803605,1.718738079071045,0.5100938677787781,0.32748913764953613
16.3989577293396,1.7331055191761005,1.71950101852417,0.45470359921455383,0.38644999265670776
16.402024030685425,1.7336225971878003,1.720263957977295,0.24220645427703857,0.40482184290885925
16.40509295463562,1.7341246629654374,1.72102689743042,0.269398033618927,0.3458609879016876
16.408162355422974,1.7346112953830926,1.721789836883545,0.3519798517227173,0.3962768018245697
16.411198139190674,1.735077295049603,1.72255277633667,0.495994508266449,0.34158846735954285
16.414267778396606,1.7355329739165053,1.722934365272522,0.45470359921455383,0.3309071362018585
16.417335033416748,1.7359726711414991,1.723697304725647,0.400320440530777,0.3497062623500824
16.42040252685547,1.73639673823374,1.724460244178772,0.5131151080131531,0.35654231905937195
16.423468828201294,1.7368049453825316,1.725223183631897,0.29759669303894043,0.3616693317890167
16.426536560058594,1.7371976019793078,1.7256046533584595,0.29155412316322327,0.40524908900260925
16.429603338241577,1.7375743627442715,1.7263675928115845,0.5382925271987915,0.35611504316329956
16.432673931121826,1.7379357563460291,1.7271305322647095,0.2673838436603546,0.34244295954704285
16.435742139816284,1.7382810085733742,1.727512001991272,0.3852140009403229,0.42020294070243835
16.43880867958069,1.7386101992749075,1.7278934717178345,0.19487297534942627,0.42105746269226074
16.44187831878662,1.7389237986073998,1.7286564111709595,0.17070268094539642,0.35953307151794434
16.44495463371277,1.7392220665274063,1.729037880897522,0.2522774040699005,0.3685053884983063
16.448024034500122,1.7395036595499735,1.729800820350647,0.18782329559326172,0.2830548584461212
16.451092004776,1.7397691198041318,1.7301822900772095,0.34190890192985535,0.3172350525856018
16.454160928726196,1.7400186326371614,1.7305638790130615,0.24824902415275574,0.4415655732154846
16.457197189331055,1.7402496897140414,1.7313268184661865,0.12135500460863113,0.30826276540756226
16.46027374267578,1.7404677616134465,1.731708288192749,0.22911421954631805,0.4949721395969391
16.463348865509033,1.740669565895112,1.7320897579193115,0.21803615987300873,0.45523765683174133
16.46642565727234,1.740855285222915,1.732471227645874,0.2512703239917755,0.41849392652511597
16.46949577331543,1.7410244381261961,1.7328526973724365,0.37111467123031616,0.5005264282226562
16.472562551498413,1.7411772718143108,1.733234167098999,0.2542915940284729,0.48471808433532715
16.47562885284424,1.7413139447773667,1.733234167098999,-0.007553216069936752,0.4325932562351227
16.47869563102722,1.741434486836204,1.7336156368255615,0.21702906489372253,0.4116578996181488
16.481762647628784,1.7415388717784794,1.733997106552124,0.14854657649993896,0.4125123918056488
16.484829902648926,1.741627086141852,1.7343785762786865,0.21904325485229492,0.47147324681282043
16.48789668083191,1.7416991030533742,1.734760046005249,-0.010574501939117908,0.3843137323856354
16.49096417427063,1.7417549419314424,1.7351415157318115,0.16768139600753784,0.3368886709213257
16.494030952453613,1.741794571552856,1.7351415157318115,0.00553902518004179,0.41721218824386597
16.497100591659546,1.741818017443286,1.735522985458374,0.07200732082128525,0.40268558263778687
16.50017237663269,1.7418252322566836,1.7359044551849365,0.13344015181064606,0.4620737135410309
16.50319528579712,1.7418164643259766,1.7359044551849365,0.08912795037031174,0.32706186175346375
16.506261587142944,1.7417914901105664,1.736285924911499,-0.09013504534959793,0.4578011631965637
16.50932765007019,1.7417503270210282,1.736285924911499,-0.11229114234447479,0.42447546124458313
16.512393951416016,1.7416929724754286,1.7366673946380615,0.12941177189350128,0.443274587392807
16.51546049118042,1.7416194280204063,1.7366673946380615,0.12034790217876434,0.3526970446109772
16.518526792526245,1.741529711916382,1.7366673946380615,-0.13444724678993225,0.5188983082771301
16.52159333229065,1.7414238185383397,1.737048864364624,0.05085831880569458,0.46634623408317566
16.524660110473633,1.7413017539436306,1.737048864364624,0.04884412884712219,0.3779049217700958
16.527726411819458,1.7411635598127668,1.737048864364624,-0.09315633028745651,0.3800412118434906
16.53079319000244,1.7410092059930025,1.7374303340911865,0.20091554522514343,0.5834134221076965
16.533859729766846,1.7408387409269077,1.7374303340911865,-0.003524834057316184,0.3625238537788391
16.536925792694092,1.740652199325142,1.7374303340911865,0.24422064423561096,0.4603646993637085
16.539991855621338,1.7404495732413485,1.7374303340911865,-0.06898603588342667,0.5312886238098145
16.543061017990112,1.74023065228103,1.7374303340911865,-0.13847562670707703,0.5291523337364197
16.546138525009155,1.73999499266641,1.7374303340911865,-0.06596475094556808,0.4321660101413727
16.549198389053345,1.7397446792286932,1.7374303340911865,0.1586175262928009,0.3962768018245697
16.552268505096436,1.7394775113222087,1.737048864364624,-0.13243305683135986,0.38644999265670776
16.55533504486084,1.7391946648399348,1.7374303340911865,-0.13948272168636322,0.34030669927597046
16.558403968811035,1.7388956256331671,1.7374303340911865,0.006546120624989271,0.4415655732154846
16.56148099899292,1.7385797820835607,1.7374303340911865,-0.002517738612368703,0.34757000207901
16.564557313919067,1.7382480114338799,1.7374303340911865,-0.0790569931268692,0.3138170540332794
16.567634344100952,1.7379001904118547,1.737048864364624,-0.08912795037031174,0.3330434262752533
16.570704698562622,1.7375372332283974,1.737048864364624,-0.173723965883255,0.287754625082016
16.573771238327026,1.7371589167655885,1.737048864364624,-0.038773175328969955,0.22708477079868317
16.576838493347168,1.7367647412742404,1.737048864364624,0.06797894090414047,0.3031357228755951
16.57990574836731,1.7363548297534794,1.737048864364624,0.17976653575897217,0.20401312410831451
16.582972764968872,1.7359292539566233,1.7366673946380615,-0.0015106431674212217,0.2655375003814697
16.586039066314697,1.7354881268632463,1.7366673946380615,-0.046829938888549805,0.3291981518268585
16.589107751846313,1.7350310307946406,1.7366673946380615,-0.04884412884712219,0.21383993327617645
16.592179775238037,1.7345578225258762,1.7366673946380615,-0.004531929735094309,0.14505226910114288
16.595256328582764,1.734068302580926,1.736285924911499,-0.02668802998960018,0.2578469514846802
16.598323583602905,1.7335647529459122,1.736285924911499,-0.052872512489557266,0.20914015173912048
16.60138964653015,1.7330459691085762,1.7359044551849365,-0.11531242728233337,0.20016784965991974
16.604455947875977,1.7325117643685395,1.735522985458374,-0.1445181965827942,0.16427862644195557
16.607523441314697,1.731962011419835,1.735522985458374,-0.20997940003871918,0.18222324550151825
16.61059069633484,1.7313970105233598,1.7351415157318115,-0.24824902415275574,0.13907071948051453
16.613657474517822,1.73081686339329,1.734760046005249,-0.3489585816860199,0.1907682865858078
16.616724014282227,1.7302215841035533,1.734760046005249,-0.16969558596611023,0.16385138034820557
16.619789838790894,1.7296113275230065,1.7343785762786865,-0.13243305683135986,0.18222324550151825
16.622856616973877,1.7289858163334837,1.733997106552124,-0.1102769523859024,0.05532921478152275
16.62592315673828,1.728345346456513,1.7336156368255615,-0.16667430102825165,0.18777751922607422
16.628989219665527,1.7276900323642068,1.733234167098999,-0.09013504534959793,0.14505226910114288
16.632057428359985,1.7270193622015932,1.7328526973724365,-0.21199358999729156,0.13052567839622498
16.635125398635864,1.7263339055169782,1.732471227645874,-0.18480201065540314,0.15017929673194885
16.638200044631958,1.7256321347267995,1.731708288192749,-0.22005034983158112,0.13736172020435333
16.641271591186523,1.7249163204032354,1.7313268184661865,-0.27745479345321655,0.18265049159526825
16.64434790611267,1.7241846838145702,1.730945348739624,-0.3529869616031647,0.1741054356098175
16.647422075271606,1.7234389187445611,1.7305638790130615,-0.33788052201271057,0.13907071948051453
16.65048909187317,1.7226803754291287,1.729800820350647,-0.20393683016300201,0.06942854821681976
16.65355634689331,1.7219073454567835,1.7294193506240845,-0.3348592221736908,0.13351644575595856
16.65662407875061,1.7211198354896213,1.729037880897522,-0.15156786143779755,0.0942092016339302
16.659693717956543,1.720317534785644,1.728274941444397,-0.29658961296081543,0.08865492045879364
16.662771701812744,1.7194987641033526,1.7278934717178345,-0.42449072003364563,0.10489051789045334
16.665849208831787,1.7186658916945496,1.7271305322647095,-0.3499656617641449,0.10275425016880035
16.66891837120056,1.7178211854329026,1.726749062538147,-0.3781643509864807,0.14761577546596527
16.671985149383545,1.7169631571868118,1.725986123085022,-0.40334174036979675,0.1275349110364914
16.675052165985107,1.7160911675461215,1.725223183631897,-0.29356831312179565,0.14676126837730408
16.678118228912354,1.7152056412032555,1.724460244178772,-0.42146944999694824,0.13949798047542572
16.681198835372925,1.7143020932693478,1.7240787744522095,-0.2986038029193878,0.11386281996965408
16.684268474578857,1.7133880659965492,1.7233158349990845,-0.30565345287323,0.12155336886644363
16.687334775924683,1.7124614682080737,1.72255277633667,-0.23213550448417664,0.13522544503211975
16.690402030944824,1.7115211049391799,1.721789836883545,-0.19990845024585724,0.1279621571302414
16.69346857070923,1.71056757355064,1.72102689743042,-0.42146944999694824,0.14077973365783691
16.69653582572937,1.7096005177709188,1.7206454277038574,-0.5080796480178833,0.13693445920944214
16.699602127075195,1.7086205550733518,1.71950101852417,-0.4154268801212311,0.1600061058998108
16.70266890525818,1.7076273223312746,1.718738079071045,-0.37312886118888855,0.13607995212078094
16.70573616027832,1.7066209056430397,1.71797513961792,-0.27644771337509155,0.13479819893836975
16.708802700042725,1.705601791077029,1.717212200164795,-0.45571067929267883,0.13907071948051453
16.711869478225708,1.7045697593160858,1.71644926071167,-0.42146944999694824,0.16385138034820557
16.714935541152954,1.7035252300385388,1.715686321258545,-0.4144197702407837,0.08523689955472946
16.718002319335938,1.7024678128670323,1.71492338180542,-0.18580910563468933,0.13821622729301453
16.721073150634766,1.7013964257968397,1.7137788534164429,-0.4124055802822113,0.12967117130756378
16.724143743515015,1.700312642332628,1.7130159139633179,-0.5544060468673706,0.1578698456287384
16.727197647094727,1.6992224717675983,1.7122529745101929,-0.35500115156173706,0.21768520772457123
16.730268001556396,1.6981141868124663,1.7111085653305054,-0.6762645840644836,0.21341268718242645
16.733333826065063,1.696995392107182,1.7099641561508179,-0.6792858839035034,0.21939422190189362
16.73639965057373,1.6958645653085709,1.7088197469711304,-0.7900663614273071,0.2048676311969757
16.739465713500977,1.6947217219903359,1.7080568075180054,-0.43959715962409973,0.2228122353553772
16.742534160614014,1.6935661532135096,1.7069122791290283,-0.6611581444740295,0.21426717936992645
16.745612382888794,1.6923951130973591,1.7061493396759033,-0.6984207034111023,0.19803158938884735
16.748685121536255,1.691214490890283,1.7050049304962158,-0.583611786365509,0.21811245381832123
16.75175452232361,1.690023622211797,1.7042419910430908,-0.5423209071159363,0.22751201689243317
16.754821300506592,1.688822373719588,1.7030975818634033,-0.36003661155700684,0.22665750980377197
16.75788950920105,1.6876092760969335,1.7019531726837158,-0.5443350672721863,0.19418631494045258
16.760967254638672,1.6863811770720085,1.7008087635040283,-0.6077821254730225,0.251438170671463
16.764042854309082,1.6851428123479382,1.6996643543243408,-0.6077821254730225,0.20059509575366974
16.767119646072388,1.6838929588574847,1.6985198259353638,-0.45067521929740906,0.2390478402376175
16.77019762992859,1.6826317206457801,1.6973754167556763,-0.4949873983860016,0.21853971481323242
16.77326726913452,1.681363160792716,1.6962310075759888,-0.6420233249664307,0.1741054356098175
16.776333808898926,1.680085289540978,1.6954680681228638,-0.6228885054588318,0.20401312410831451
16.77940034866333,1.6787969500034736,1.6939421892166138,-0.737697422504425,0.15445181727409363
16.782466411590576,1.6774984644907887,1.6931792497634888,-0.5685054063796997,0.16086061298847198
16.78553295135498,1.67618954963464,1.6920348405838013,-0.4275120198726654,0.10702677816152573
16.788598775863647,1.6748708368797365,1.6912717819213867,-0.6208743453025818,0.13394369184970856
16.79166531562805,1.673541833309827,1.6901273727416992,-0.5161364078521729,0.1108720526099205
16.79473114013672,1.6722032821745285,1.6889829635620117,-0.3610437214374542,0.10617227107286453
16.79779839515686,1.6708543674619332,1.6878385543823242,-0.531242847442627,0.10745403170585632
16.800864696502686,1.6694962605762116,1.6866941452026367,-0.7256122827529907,0.10232700407505035
16.80393099784851,1.6681286696447188,1.6855497360229492,-0.5856260061264038,0.10446326434612274
16.806997299194336,1.6667517215734864,1.6840238571166992,-0.7538109421730042,0.07626459002494812
16.81006383895874,1.6653654359998702,1.6828793287277222,-0.73870450258255,0.11386281996965408
16.81313443183899,1.6639681980043384,1.6817349195480347,-0.8535133600234985,0.18564125895500183
16.816195249557495,1.6625664546627164,1.6802090406417847,-0.654108464717865,0.15103380382061005
16.81926202774048,1.6611531465813945,1.6790646314620972,-0.8706340193748474,0.2377660721540451
16.822328090667725,1.659731458606344,1.6775387525558472,-0.6400091648101807,0.16427862644195557
16.825394868850708,1.658300859402729,1.6763943433761597,-0.7467612624168396,0.18564125895500183
16.828460931777954,1.656862149006618,1.6752498149871826,-0.7870450615882874,0.28220033645629883
16.831527948379517,1.655414676880434,1.6737239360809326,-0.8313573002815247,0.18051423132419586
16.834596157073975,1.6539584562394318,1.6725795269012451,-0.580590546131134,0.18649576604366302
16.837661743164062,1.6524954383923023,1.6714351177215576,-0.654108464717865,0.18179598450660706
16.84072995185852,1.651023256069382,1.6699092388153076,-0.8293430805206299,0.16556039452552795
16.843806505203247,1.649539258684061,1.6683833599090576,-0.6903639435768127,0.15616083145141602
16.846874952316284,1.6480515183654985,1.6672388315200806,-0.723598062992096,0.11343556642532349
16.84994149208069,1.6465572052280382,1.666094422340393,-0.6087892055511475,0.2082856446504593
16.853008031845093,1.6450555355378265,1.6641870737075806,-0.6621652841567993,0.19760432839393616
16.85607671737671,1.6435455903483327,1.663042664527893,-0.7830166816711426,0.21768520772457123
16.859148025512695,1.6420272587070655,1.661516785621643,-0.7991302609443665,0.14547951519489288
16.86219811439514,1.6405125309127353,1.6599907875061035,-0.8233005404472351,0.16171512007713318
16.865273237228394,1.6389785653776254,1.6584649085998535,-0.8625772595405579,0.12283512949943542
16.86834979057312,1.6374371911359242,1.657320499420166,-0.7336690425872803,0.05105668678879738
16.871419429779053,1.635892750177696,1.655794620513916,-0.8655985593795776,0.15359731018543243
16.874486446380615,1.6343432572104313,1.6546502113342285,-0.7880522012710571,0.08523689955472946
16.87755298614502,1.6327877816763074,1.6531243324279785,-0.6490730047225952,0.063019759953022
16.88062071800232,1.631225619321219,1.6519798040390015,-0.8736553192138672,0.08780041337013245
16.883686780929565,1.6296583733974834,1.6504539251327515,-0.8222934603691101,0.06601052731275558
16.88675284385681,1.628085341097231,1.6489280462265015,-0.8635843396186829,0.05874723568558693
16.889819383621216,1.6265064224199537,1.647783637046814,-0.9078965187072754,0.095490962266922
16.89288592338562,1.6249220080980005,1.6458762884140015,-0.9884641766548157,0.13565270602703094
16.895952701568604,1.6233321213748118,1.644731879234314,-0.877683699131012,0.16855116188526154
16.899019479751587,1.6217370328042506,1.6432058811187744,-0.7820096015930176,0.2377660721540451
16.90208888053894,1.6201355199414016,1.641298532485962,-0.9159532785415649,0.16983291506767273
16.905160427093506,1.6185279688502519,1.639772653579712,-0.7669031620025635,0.17752346396446228
16.9081974029541,1.616933819955895,1.638246774673462,-0.7407187223434448,0.21127641201019287
16.911268949508667,1.615316928747966,1.6371023654937744,-0.5916685461997986,0.16128785908222198
16.91433548927307,1.6136982122909178,1.6355763673782349,-0.7910735011100769,0.1424887478351593
16.917404413223267,1.6120739254046028,1.6340504884719849,-0.7789883017539978,0.14505226910114288
16.92048215866089,1.6104407891237615,1.6321431398391724,-0.9713435769081116,0.1728236824274063
16.923548936843872,1.6088094598073501,1.6306172609329224,-0.7024490833282471,0.13437095284461975
16.92661452293396,1.60717491304176,1.6290913820266724,-0.8494849801063538,0.16769665479660034
16.92968225479126,1.6055355191301,1.6275653839111328,-0.9109178185462952,0.11813534796237946
16.932748317718506,1.6038934678635492,1.6260395050048828,-0.7991302609443665,0.11215381324291229
16.93581533432007,1.6022475083956205,1.6245136260986328,-0.9371023178100586,0.15445181727409363
16.938881635665894,1.6005986887134098,1.6226062774658203,-0.8615701794624329,0.1108720526099205
16.94195032119751,1.5989454927607887,1.6210802793502808,-0.8857404589653015,0.17026016116142273
16.945027589797974,1.597284718798805,1.6195544004440308,-0.8414282202720642,0.15616083145141602
16.948099851608276,1.5956238506119154,1.6180285215377808,-0.772945761680603,0.03866636008024216
16.951173305511475,1.5939596971990324,1.6165026426315308,-0.8263218402862549,0.06686503440141678
16.954198122024536,1.5923194507436644,1.6149767637252808,-0.7588464021682739,0.10788128525018692
16.95726728439331,1.5906528479802375,1.6138323545455933,-0.7759670615196228,0.13907071948051453
16.960335969924927,1.588984332851353,1.6119248867034912,-0.8303502202033997,0.14932478964328766
16.963414907455444,1.587308217486166,1.6103990077972412,-1.0055848360061646,0.11941710859537125
16.96649146080017,1.585631529440575,1.6084916591644287,-1.070038914680481,0.1894865334033966
16.969566345214844,1.5839540391189524,1.6069657802581787,-0.8766765594482422,0.13607995212078094
16.972636222839355,1.5822777291452657,1.6050583124160767,-1.1294575929641724,0.21554894745349884
16.97570252418518,1.580601980556417,1.6035324335098267,-0.7296406626701355,0.1894865334033966
16.978769779205322,1.578924475146821,1.6020065546035767,-0.8404211401939392,0.17111466825008392
16.981836080551147,1.5772464117167266,1.6004806756973267,-0.8222934603691101,0.16726939380168915
16.98490262031555,1.575567294014122,1.5985733270645142,-0.9038681387901306,0.21469444036483765
16.987968921661377,1.5738875389486988,1.5970473289489746,-0.9582512974739075,0.1429159939289093
16.99103569984436,1.5722069105274754,1.5955214500427246,-0.9562371373176575,0.06515602022409439
16.994101762771606,1.5705262180301196,1.593614101409912,-0.810208261013031,0.17111466825008392
16.997169494628906,1.5688443104329128,1.592088222503662,-1.003570556640625,0.10959029197692871
17.000197649002075,1.567183959463931,1.590562343597412,-1.0378118753433228,0.10360875725746155
17.00326657295227,1.5655012650432358,1.5890363454818726,-0.9854428768157959,0.13009841740131378
17.006333112716675,1.5638200441269603,1.58712899684906,-0.7709315419197083,0.07455558329820633
17.009400129318237,1.5621388841316686,1.58560311794281,-0.7971160411834717,0.1112993061542511
17.01246738433838,1.560458071948028,1.58407723903656,-0.7306477427482605,0.07583733648061752
17.015533447265625,1.558778547206188,1.58255136013031,-0.9340810179710388,0.07327382266521454
17.01859998703003,1.5570995513719035,1.580643892288208,-0.8726481795310974,0.11941710859537125
17.021666049957275,1.555421762376862,1.5794994831085205,-0.6651865243911743,0.042084380984306335
17.02473258972168,1.553744814077442,1.577592134475708,-0.8847333192825317,0.061310749500989914
17.027799129486084,1.5520691231197898,1.576066255569458,-0.9159532785415649,0.014740215614438057
17.030866861343384,1.5503941944569695,1.574540376663208,-0.8887617588043213,0.15445181727409363
17.033934116363525,1.5487210952965242,1.572632908821106,-1.0418401956558228,0.191195547580719
17.036999940872192,1.5470504996045307,1.5707255601882935,-0.999542236328125,0.18136873841285706
17.040069341659546,1.5453798362760593,1.5691996812820435,-0.9834287166595459,0.21170367300510406
17.043144941329956,1.5437078426898265,1.567292332649231,-1.0307621955871582,0.1600061058998108
17.04619598388672,1.5420513742426434,1.5657663345336914,-0.9844357967376709,0.23093003034591675
17.049268007278442,1.540385858221798,1.563858985900879,-0.7689173817634583,0.1292439103126526
17.052335500717163,1.5387252986477984,1.562333106994629,-0.9713435769081116,0.13522544503211975
17.05540180206299,1.5370680357846873,1.5604257583618164,-1.072053074836731,0.1570153385400772
17.05847954750061,1.5354074082487819,1.5588998794555664,-0.9149461984634399,0.10702677816152573
17.061557292938232,1.5337497616110851,1.5573738813400269,-0.7538109421730042,0.11557183414697647
17.064635515213013,1.532094994760257,1.5558480024337769,-0.9441519975662231,0.08609139919281006
17.06771183013916,1.5304445417495276,1.5539406538009644,-0.7004348635673523,0.08352788537740707
17.070780515670776,1.5288016106858988,1.5524147748947144,-0.9542229175567627,0.15573357045650482
17.07384729385376,1.5271632747390194,1.5505073070526123,-0.8655985593795776,0.051483940333127975
17.076914310455322,1.5255285368092064,1.5489814281463623,-0.7296406626701355,0.0950637087225914
17.079980850219727,1.5238979294172283,1.5474555492401123,-1.0327763557434082,-0.0036316472105681896
17.08304715156555,1.5222714757523605,1.5459296703338623,-0.9965209364891052,0.15017929673194885
17.086117267608643,1.5206471842498246,1.5440223217010498,-0.9099107384681702,0.10489051789045334
17.089184284210205,1.5190288651621096,1.5424963235855103,-0.7356832027435303,0.08780041337013245
17.092257261276245,1.5174118949011832,1.5409704446792603,-0.8817120790481567,0.12967117130756378
17.095324516296387,1.5158025713019687,1.5394445657730103,-0.9501945376396179,0.1446250081062317
17.098390579223633,1.5141986513436432,1.5375372171401978,-0.8625772595405579,0.0942092016339302
17.101456880569458,1.5125995333209414,1.5360113382339478,-0.8625772595405579,0.16812390089035034
17.10452365875244,1.5110052430483405,1.5344853401184082,-0.7326619625091553,0.11984435468912125
17.107590675354004,1.5094160542478459,1.5325779914855957,-0.8696269392967224,0.12411688268184662
17.11065673828125,1.5078327302303323,1.5310521125793457,-1.0096131563186646,0.05105668678879738
17.113723516464233,1.50625455550919,1.5291447639465332,-0.9975280165672302,0.1429159939289093
17.11678981781006,1.5046822906227348,1.5276188850402832,-0.9945067763328552,0.1753872036933899
17.1198570728302,1.5031153493783822,1.5257114171981812,-0.9794003367424011,0.10275425016880035
17.122923612594604,1.501554730463261,1.5245670080184937,-0.7820096015930176,0.1604333519935608
17.12598967552185,1.500000453879159,1.5226596593856812,-0.9089036583900452,0.15658807754516602
17.129056692123413,1.4984519401780614,1.5211337804794312,-0.8837262392044067,0.04464789852499962
17.13212490081787,1.4969092193898692,1.5196079015731812,-1.0529183149337769,0.022858014330267906
17.135199546813965,1.4953698219186071,1.5180819034576416,-0.7951018810272217,0.07199206203222275
17.138269186019897,1.4938396252078057,1.5165560245513916,-0.7074845433235168,0.09335469454526901
17.141342163085938,1.4923146067055757,1.5150301456451416,-0.7930876612663269,0.06173800304532051
17.144425630569458,1.4907914060454586,1.5135042667388916,-0.8605630397796631,0.010467689484357834
17.147499322891235,1.489280178596459,1.5119783878326416,-0.930052638053894,0.0480659194290638
17.150566577911377,1.4877793673138595,1.510452389717102,-0.8132295608520508,0.06601052731275558
17.153632879257202,1.4862864022288844,1.508926510810852,-0.8474708199501038,0.11386281996965408
17.156699180603027,1.4848009541148055,1.507400631904602,-0.8263218402862549,0.1108720526099205
17.159768104553223,1.4833219001747449,1.5054932832717896,-0.8937972187995911,0.10830853879451752
17.162845134735107,1.4818467759446277,1.5039674043655396,-0.7487754821777344,0.1753872036933899
17.165920734405518,1.4803803164414686,1.50244140625,-0.6682078242301941,0.1745326966047287
17.168991565704346,1.478924225603526,1.50091552734375,-0.9501945376396179,0.15231555700302124
17.172058582305908,1.4774781525925236,1.4993896484375,-0.6994277834892273,0.0625925064086914
17.17512536048889,1.4760405292420196,1.49786376953125,-0.8837262392044067,0.10745403170585632
17.178195476531982,1.47460982544789,1.496337890625,-0.7689173817634583,0.04892042279243469
17.18126153945923,1.4731896152354862,1.4948118925094604,-0.9058823585510254,0.0950637087225914
17.18432855606079,1.4717776982991273,1.4932860136032104,-1.0055848360061646,0.09890898317098618
17.187394857406616,1.4703749749686752,1.4917601346969604,-0.8867475390434265,0.06558327376842499
17.190460920333862,1.4689813531307663,1.4902342557907104,-0.8202792406082153,0.10873579233884811
17.193527698516846,1.46759653076849,1.4887083768844604,-0.9149461984634399,0.08993667364120483
17.19659423828125,1.4662210691640696,1.4868009090423584,-1.0337834358215332,0.10788128525018692
17.199660062789917,1.4648553054863467,1.485656499862671,-0.8353856801986694,0.07797360420227051
17.202726364135742,1.4634988343309165,1.484130620956421,-0.7447471022605896,0.042084380984306335
17.205795764923096,1.4621506382448686,1.482604742050171,-0.8353856801986694,0.0946364551782608
17.20887279510498,1.4608089040176366,1.4814603328704834,-0.8233005404472351,-0.012603952549397945
17.21194839477539,1.4594777370367642,1.4799343347549438,-0.5967040657997131,-0.021576257422566414
17.21502137184143,1.4581577577115665,1.4787899255752563,-0.6470588445663452,-0.010467689484357834
17.218090772628784,1.456849468080929,1.4776455163955688,-0.7326619625091553,-0.0117494473233819
17.22115993499756,1.4555515481827968,1.4761196374893188,-0.6742504239082336,0.02670328877866268
17.224198579788208,1.4542767674412365,1.4745937585830688,-0.6813000440597534,0.08267337828874588
17.22726845741272,1.4529993425363197,1.4730678796768188,-0.7427328824996948,0.07284656912088394
17.230337858200073,1.4517327441760228,1.4715418815612793,-0.8968185186386108,0.12454413622617722
17.233414888381958,1.4504737827917193,1.4703974723815918,-0.6722362041473389,0.11429007351398468
17.236490488052368,1.4492263152743767,1.4688715934753418,-0.7286335825920105,0.16855116188526154
17.23956298828125,1.4479911107195913,1.4673457145690918,-0.8001373410224915,0.1424887478351593
17.242632150650024,1.4467683453017492,1.4658198356628418,-0.7437399625778198,0.1758144497871399
17.245709657669067,1.445553506127981,1.4646753072738647,-0.6500800848007202,0.1433432549238205
17.24878168106079,1.4443521806510955,1.4631494283676147,-0.7447471022605896,0.18051423132419586
17.251847982406616,1.4431645116458882,1.4616235494613647,-0.9330739378929138,0.0643015205860138
17.254915237426758,1.4419879971204106,1.4604791402816772,-0.6702220439910889,0.08822766691446304
17.257984161376953,1.4408224868460444,1.4589532613754272,-0.879697859287262,0.0788281038403511
17.261061429977417,1.439665611437894,1.4578088521957397,-0.737697422504425,0.08053711801767349
17.264141082763672,1.4385197816388144,1.4566643238067627,-0.7346761226654053,0.10232700407505035
17.267195463180542,1.4373952603153488,1.4551384449005127,-0.8212863206863403,0.07541008293628693
17.270264625549316,1.4362773441988193,1.4539940357208252,-0.6500800848007202,0.08566414564847946
17.27333092689514,1.4351726334023094,1.4528496265411377,-0.8585488796234131,0.08395513892173767
17.276397466659546,1.4340800982314237,1.4517052173614502,-0.7064774632453918,0.1446250081062317
17.27946400642395,1.432999926454281,1.4505608081817627,-0.6007324457168579,0.09933622926473618
17.282530784606934,1.4319321357958745,1.4490348100662231,-0.46880292892456055,0.09335469454526901
17.28559708595276,1.430877072926358,1.4478904008865356,-0.6410162448883057,0.05276569724082947
17.288663625717163,1.4298345881970742,1.4467459917068481,-0.687342643737793,0.08181887865066528
17.291733503341675,1.4288037470365251,1.4456015825271606,-0.581597626209259,0.06088349595665932
17.29480242729187,1.427786101187033,1.4444571733474731,-0.6228885054588318,0.010467689484357834
17.297869443893433,1.4267820433811584,1.4433127641677856,-0.7074845433235168,-0.037384603172540665
17.300935745239258,1.4257912599407296,1.4425498247146606,-0.6490730047225952,-0.08480964601039886
17.304002046585083,1.424813607137034,1.441023826599121,-0.7538109421730042,-0.018158236518502235
17.3070707321167,1.4238484309706874,1.440260887145996,-0.5745479464530945,-0.023285267874598503
17.31014347076416,1.4228953380940257,1.4391164779663086,-0.5040512681007385,0.019439993426203728
17.313199996948242,1.4219606231756365,1.437972068786621,-0.6672007441520691,0.06900129467248917
17.316269397735596,1.4210354562400886,1.4368276596069336,-0.38924238085746765,0.02243076264858246
17.31933569908142,1.4201248023097925,1.435683250427246,-0.4567177891731262,0.13522544503211975
17.322401762008667,1.4192278740494515,1.4345388412475586,-0.4768596887588501,0.0946364551782608
17.325467824935913,1.418344683340765,1.4333943128585815,-0.6037537455558777,0.16513313353061676
17.328536987304688,1.4174744403107131,1.432249903678894,-0.7437399625778198,0.1894865334033966
17.331614017486572,1.4166159484346326,1.4311054944992065,-0.7689173817634583,0.1429159939289093
17.33468723297119,1.4157725747326355,1.429961085319519,-0.41844815015792847,0.16684214770793915
17.337754249572754,1.4149449832194636,1.4288166761398315,-0.8011444211006165,0.18649576604366302
17.34082317352295,1.4141310339636592,1.4280537366867065,-0.42348363995552063,0.125825896859169
17.343900442123413,1.413329166675785,1.426909327507019,-0.37413597106933594,0.11599908769130707
17.346975803375244,1.4125421724532696,1.426146388053894,-0.4315403997898102,0.07113756239414215
17.350048065185547,1.4117703946062798,1.425001859664917,-0.5594415068626404,0.012176699936389923
17.353119611740112,1.4110132792409344,1.424238920211792,-0.44866102933883667,0.06729228794574738
17.356199979782104,1.4102686038743153,1.4230945110321045,-0.723598062992096,-0.02542153000831604
17.35927176475525,1.4095406470493028,1.422713041305542,-0.4919661283493042,0.019439993426203728
17.36234998703003,1.408825901982815,1.4215686321258545,-0.4798809885978699,0.001495384145528078
17.36542820930481,1.4081259764176473,1.4208056926727295,-0.3781643509864807,0.007049668114632368
17.36850380897522,1.4074415131013154,1.419661283493042,-0.878690779209137,0.09036392718553543
17.37157368659973,1.406773205050406,1.418898344039917,-0.7165483832359314,0.039093613624572754
17.374640703201294,1.4061204291447469,1.418135404586792,-0.42046234011650085,0.002777141984552145
17.377707481384277,1.4054826652130565,1.416990876197815,-0.6742504239082336,0.09079118072986603
17.380773782730103,1.4048600167875565,1.4166094064712524,-0.2542915940284729,0.06729228794574738
17.383840084075928,1.4042524413201074,1.415464997291565,-0.5362783074378967,0.042084380984306335
17.386906385421753,1.4036599951908675,1.41470205783844,-0.37212178111076355,0.05362020432949066
17.389973402023315,1.403082600497614,1.413939118385315,-0.3791714310646057,0.0061951628886163235
17.393040895462036,1.40252036459708,1.41317617893219,-0.2845044732093811,0.06771954149007797
17.3961079120636,1.4019735144825345,1.412413239479065,-0.3157244324684143,0.03353932872414589
17.399177312850952,1.401441605150415,1.41165030002594,-0.6319524049758911,0.10916304588317871
17.40226101875305,1.4009227461750313,1.410887360572815,-0.4285190999507904,0.007049668114632368
17.405327796936035,1.4004222210814314,1.4105058908462524,-0.2683909237384796,0.024567024782299995
17.40839409828186,1.3999372597781634,1.409742832183838,-0.29054704308509827,-0.005767910275608301
17.411460876464844,1.3994677564509281,1.408979892730713,-0.34392309188842773,0.018158236518502235
17.414528369903564,1.399013727254885,1.4085984230041504,-0.37413597106933594,-0.01516746822744608
17.417595386505127,1.398575392601435,1.4078354835510254,-0.27846190333366394,0.05276569724082947
17.42066192626953,1.3981527858888523,1.4070725440979004,-0.43556877970695496,-0.021576257422566414
17.4237277507782,1.3977459700510781,1.406691074371338,-0.2824902832508087,-0.014740215614438057
17.42679476737976,1.3973547334248084,1.405928134918213,-0.3318379521369934,-0.012603952549397945
17.429872035980225,1.3969780450298952,1.4055466651916504,-0.2552987039089203,0.020294498652219772
17.432950496673584,1.396617137590452,1.4047837257385254,-0.42247653007507324,0.012176699936389923
17.436026334762573,1.39627248092836,1.404402256011963,-0.32478827238082886,0.04635690897703171
17.439101934432983,1.3959438178342904,1.403639316558838,-0.41844815015792847,0.045502401888370514
17.442182302474976,1.395630679339852,1.4032578468322754,-0.2734264135360718,0.043793391436338425
17.44527244567871,1.395332699656833,1.4024949073791504,-0.30766767263412476,0.0792553573846817
17.448344230651855,1.395052552213116,1.4021133184432983,-0.3509727716445923,0.049774929881095886
17.45141363143921,1.3947886437935293,1.4013503789901733,-0.17875944077968597,0.056183718144893646
17.45448136329651,1.394540905696775,1.4009689092636108,-0.3137102425098419,0.019439993426203728
17.457550048828125,1.394309143554124,1.4005874395370483,-0.38823530077934265,0.12326237559318542
17.46062207221985,1.394093232569219,1.3998245000839233,-0.38823530077934265,0.13437095284461975
17.46370029449463,1.3938930668872715,1.3994430303573608,-0.3610437214374542,0.12240787595510483
17.466777086257935,1.3937091989152455,1.3990615606307983,-0.5151293277740479,0.10061798989772797
17.46984624862671,1.3935419446912904,1.3986800909042358,-0.057907987385988235,0.11642633378505707
17.47291350364685,1.393390932674291,1.3979171514511108,-0.29558250308036804,0.10659952461719513
17.475980043411255,1.3932560974980035,1.3975356817245483,-0.2875257432460785,0.09378194808959961
17.479117393493652,1.3931348649256026,1.3975356817245483,-0.2583199739456177,0.126253142952919
17.482197999954224,1.39303228732738,1.3967727422714233,-0.26033416390419006,0.15487907826900482
17.48526930809021,1.3929462672586632,1.3967727422714233,-0.143511101603508,0.13351644575595856
17.488346338272095,1.3928763636964303,1.3963912725448608,-0.07704280316829681,0.21768520772457123
17.491413116455078,1.392822910111024,1.3960098028182983,-0.08107118308544159,0.11386281996965408
17.49448013305664,1.3927856492395931,1.3956283330917358,-0.09214923530817032,0.1770962029695511
17.497546911239624,1.3927645903338486,1.3952468633651733,-0.13746853172779083,0.10104524344205856
17.50061321258545,1.3927597313185907,1.3952468633651733,-0.24824902415275574,0.15573357045650482
17.503681182861328,1.3927710786914111,1.3948653936386108,-0.09214923530817032,0.15445181727409363
17.50674843788147,1.3927986301383481,1.3948653936386108,-0.019638361409306526,0.14804303646087646
17.509814739227295,1.3928423677355288,1.3944838047027588,-0.2663767337799072,0.08609139919281006
17.51288151741028,1.3929023040499124,1.3941023349761963,-0.2552987039089203,0.1266804039478302
17.515950679779053,1.392978493451509,1.3941023349761963,-0.11732661724090576,0.09250018745660782
17.519019603729248,1.3930708807533232,1.3941023349761963,-0.0961776152253151,0.10275425016880035
17.522088527679443,1.3931794626565277,1.3937208652496338,-0.05085831880569458,0.14847028255462646
17.525160312652588,1.3933043529298248,1.3937208652496338,-0.16163882613182068,0.1275349110364914
17.52819848060608,1.3934438145269716,1.3937208652496338,-0.03776608034968376,0.1433432549238205
17.531270742416382,1.3936009463366972,1.3937208652496338,-0.12034790217876434,0.07626459002494812
17.53434729576111,1.3937745120184326,1.3937208652496338,0.0961776152253151,0.11001754552125931
17.53741955757141,1.3939640111879745,1.3937208652496338,0.03373769670724869,0.10959029197692871
17.54049062728882,1.3941695740812559,1.3933393955230713,0.002517738612368703,0.12497138977050781
17.543559551239014,1.3943910914507458,1.3933393955230713,0.2714122235774994,0.07412832975387573
17.546637058258057,1.3946293677018589,1.3933393955230713,0.06999313086271286,0.10916304588317871
17.54971170425415,1.3948835395789934,1.3933393955230713,-0.09013504534959793,0.10702677816152573
17.552782773971558,1.3951534736949893,1.3933393955230713,0.14552529156208038,0.13095292448997498
17.55585217475891,1.3954392714636425,1.3933393955230713,0.07200732082128525,0.14676126837730408
17.558921813964844,1.3957410727072208,1.3933393955230713,-0.1273975670337677,0.14547951519489288
17.562000036239624,1.3960597386003653,1.3933393955230713,-0.04884412884712219,0.1412069946527481
17.565077781677246,1.3963943647813792,1.3937208652496338,0.26033416390419006,0.16342411935329437
17.56815505027771,1.396744912533111,1.3937208652496338,0.05891508236527443,0.2074311375617981
17.571198225021362,1.3971072520945382,1.3937208652496338,0.014602883718907833,0.2070038914680481
17.574268579483032,1.3974885918141853,1.3937208652496338,-0.019638361409306526,0.2074311375617981
17.577335596084595,1.3978852899045846,1.3937208652496338,0.10524147748947144,0.18265049159526825
17.580402851104736,1.3982977481805146,1.3941023349761963,0.11430533230304718,0.21341268718242645
17.58346915245056,1.3987257625629823,1.3941023349761963,0.08308537304401398,0.22879377007484436
17.586535692214966,1.399169454236947,1.3941023349761963,-0.011581597849726677,0.2394750863313675
17.589602947235107,1.3996288582979262,1.3944838047027588,0.010574501939117908,0.24417486786842346
17.59266972541809,1.4001037553761757,1.3944838047027588,-0.05387960746884346,0.24887464940547943
17.595736742019653,1.4005942103250626,1.3948653936386108,0.021652551367878914,0.2655375003814697
17.59880304336548,1.401100021508091,1.3948653936386108,0.21300068497657776,0.31039902567863464
17.601869344711304,1.4016212545591205,1.3952468633651733,0.16969558596611023,0.3018539845943451
17.604936122894287,1.4021579457502424,1.3956283330917358,0.0961776152253151,0.31039902567863464
17.608002424240112,1.4027098783857546,1.3956283330917358,0.08409246802330017,0.28220033645629883
17.611069202423096,1.4032771728925129,1.3960098028182983,0.1596246212720871,0.27750056982040405
17.61413812637329,1.4038601048668338,1.3963912725448608,0.17170977592468262,0.30783551931381226
17.617197036743164,1.404456252280463,1.3967727422714233,0.2371709793806076,0.2881819009780884
17.620264053344727,1.4050690769565215,1.3971542119979858,0.19588007032871246,0.2659647464752197
17.623330116271973,1.4056967646417478,1.3975356817245483,0.269398033618927,0.2830548584461212
17.626396894454956,1.4063395969770427,1.3979171514511108,0.23414969444274902,0.24374762177467346
17.62946581840515,1.4069978350652554,1.3979171514511108,0.08509956300258636,0.3150987923145294
17.63254427909851,1.407673088135677,1.3986800909042358,0.2552987039089203,0.31125351786613464
17.635616064071655,1.408361758043976,1.3990615606307983,0.23918516933918,0.2693827748298645
17.638683319091797,1.4090641804895199,1.3994430303573608,0.22710002958774567,0.2655375003814697
17.64175271987915,1.4097818017016994,1.3998245000839233,0.173723965883255,0.31296253204345703
17.644830226898193,1.410516021951191,1.4005874395370483,0.22710002958774567,0.24075685441493988
17.647905826568604,1.4112644281775781,1.4009689092636108,0.2502632141113281,0.29202717542648315
17.650977611541748,1.4120264456899665,1.4017318487167358,0.24925611913204193,0.2377660721540451
17.65404725074768,1.4128023752970986,1.4021133184432983,0.2986038029193878,0.22580300271511078
17.657116413116455,1.4135925482000147,1.402876377105713,0.24925611913204193,0.24716563522815704
17.660195112228394,1.4143995322307812,1.403639316558838,0.32579538226127625,0.18777751922607422
17.663280725479126,1.4152226794407388,1.4040207862854004,0.38823530077934265,0.18051423132419586
17.666357040405273,1.4160575713533188,1.4047837257385254,0.3147173225879669,0.24460211396217346
17.66942572593689,1.4169044659446204,1.4055466651916504,0.3006179928779602,0.24118410050868988
17.672491788864136,1.4177645958601413,1.405928134918213,0.2865186631679535,0.18478675186634064
17.675557851791382,1.4186385990915646,1.406691074371338,0.270405113697052,0.17965972423553467
17.678625345230103,1.4195268119667956,1.407454013824463,0.37111467123031616,0.1899137794971466
17.681692123413086,1.4204285355540796,1.408216953277588,0.32478827238082886,0.1762416958808899
17.684759378433228,1.4213440350322204,1.408979892730713,0.4416113495826721,0.21811245381832123
17.687825441360474,1.4222727225560656,1.409742832183838,0.3852140009403229,0.191622793674469
17.690892219543457,1.4232150864752473,1.4105058908462524,0.7165483832359314,0.16385138034820557
17.6939594745636,1.4241709738844113,1.4112688302993774,0.40837720036506653,0.14889752864837646
17.697026014328003,1.4251399230024906,1.4120317697525024,0.4919661283493042,0.17965972423553467
17.700095653533936,1.426123064573065,1.4127947092056274,0.3519798517227173,0.19461356103420258
17.703163862228394,1.4271188672013344,1.4135576486587524,0.33989471197128296,0.20914015173912048
17.7061984539032,1.4281165699602283,1.4143205881118774,0.4154268801212311,0.13778896629810333
17.70926785469055,1.4291385843881919,1.4150835275650024,0.34392309188842773,0.2544289231300354
17.712334632873535,1.4301725550896367,1.4158464670181274,0.4134126901626587,0.21127641201019287
17.715401649475098,1.4312193356869494,1.4166094064712524,0.5040512681007385,0.21042190492153168
17.718467712402344,1.4322784177395493,1.41775381565094,0.46779584884643555,0.19803158938884735
17.721534252166748,1.4333501941295543,1.4185168743133545,0.5080796480178833,0.24802014231681824
17.724600553512573,1.4344343168794973,1.4192798137664795,0.4295262098312378,0.23520256578922272
17.727667331695557,1.435530939692413,1.420424222946167,0.5584344267845154,0.30954450368881226
17.730736255645752,1.4366405732502177,1.421187162399292,0.46678873896598816,0.2232394963502884
17.733814001083374,1.437765593333983,1.421950101852417,0.547356367111206,0.24673838913440704
17.736888885498047,1.4389016601300069,1.4230945110321045,0.6561226844787598,0.24759289622306824
17.73996114730835,1.4400487235128834,1.4238574504852295,0.6138246655464172,0.24417486786842346
17.74303388595581,1.4412078212423365,1.425001859664917,0.3842069208621979,0.33859768509864807
17.74612045288086,1.4423839637674136,1.426146388053894,0.5362783074378967,0.2074311375617981
17.749197721481323,1.443568254868906,1.426909327507019,0.4325474798679352,0.30783551931381226
17.752267360687256,1.444761130201288,1.4280537366867065,0.6712291240692139,0.2988632023334503
17.755341053009033,1.4459669982114551,1.4288166761398315,0.3449302017688751,0.2582741975784302
17.75840973854065,1.4471821871595925,1.429961085319519,0.47081711888313293,0.21469444036483765
17.76148796081543,1.448412367596761,1.4311054944992065,0.5856260061264038,0.2659647464752197
17.76456356048584,1.44965260321042,1.4318684339523315,0.4164339601993561,0.2736552953720093
17.767640113830566,1.4509042112120898,1.433012843132019,0.43355458974838257,0.3680781126022339
17.7707097530365,1.4521638424695797,1.4337759017944336,0.48592355847358704,0.3189440667629242
17.773776531219482,1.4534329914306625,1.434920310974121,0.5000228881835938,0.3796139359474182
17.776842832565308,1.4547125094996392,1.4360647201538086,0.5352712273597717,0.38644999265670776
17.77991032600403,1.4560029779674748,1.437209129333496,0.7205767631530762,0.2988632023334503
17.782976388931274,1.4573031725836054,1.437972068786621,0.37312886118888855,0.2839093506336212
17.78604292869568,1.4586137766734635,1.4391164779663086,0.724605143070221,0.27920958399772644
17.789112091064453,1.459935600971881,1.440260887145996,0.548363447189331,0.29758143424987793
17.79218363761902,1.461268444491234,1.4417868852615356,0.8504921197891235,0.2646830081939697
17.795262575149536,1.462614402963569,1.4429312944412231,0.45369648933410645,0.2082856446504593
17.79833149909973,1.4639657302513551,1.4440757036209106,0.48491644859313965,0.1416342407464981
17.801401376724243,1.4653270865643782,1.4456015825271606,0.774959921836853,0.2394750863313675
17.80446767807007,1.46669632441856,1.4467459917068481,0.7145342230796814,0.22708477079868317
17.80753445625305,1.4680751122107392,1.4478904008865356,0.5272144675254822,0.18692301213741302
17.810600519180298,1.4694627849775743,1.4494163990020752,0.7930876612663269,0.20102235674858093
17.813666582107544,1.47085953445652,1.4505608081817627,0.6762645840644836,0.16598764061927795
17.816733598709106,1.472265669664982,1.4517052173614502,0.548363447189331,0.26041045784950256
17.81980013847351,1.4736804063508921,1.4528496265411377,0.5020371079444885,0.3052719831466675
17.822867155075073,1.4751040531427468,1.4543755054473877,0.7598535418510437,0.26340124011039734
17.8259334564209,1.476535923575961,1.4555199146270752,0.8645914196968079,0.2702372670173645
17.82900309562683,1.4779777881669358,1.4566643238067627,0.5946898460388184,0.3142443001270294
17.83208155632019,1.4794321381031144,1.4578088521957397,0.6984207034111023,0.2394750863313675
17.835158586502075,1.4808940243235207,1.4593347311019897,0.7588464021682739,0.22793926298618317
17.838196992874146,1.482345483254959,1.4608606100082397,0.5685054063796997,0.2377660721540451
17.8412663936615,1.4838196066196854,1.4623864889144897,0.8988326787948608,0.26297399401664734
17.844343900680542,1.485305415314973,1.4635308980941772,0.8212863206863403,0.24759289622306824
17.84741711616516,1.4867967998248157,1.4650568962097168,0.8333714604377747,0.24118410050868988
17.850486993789673,1.4882940556850555,1.4662013053894043,0.5896543860435486,0.30826276540756226
17.85355520248413,1.4897978393806575,1.4677271842956543,0.6923781037330627,0.24203860759735107
17.85662531852722,1.491309764662927,1.4688715934753418,0.5846189260482788,0.29074540734291077
17.85969352722168,1.4928278124666021,1.4703974723815918,0.7286335825920105,0.29587242007255554
17.862772464752197,1.494358123265371,1.4715418815612793,0.722590982913971,0.30740824341773987
17.86585021018982,1.495894661468206,1.4726864099502563,0.652094304561615,0.3954222798347473
17.868926525115967,1.4974371557856672,1.4742122888565063,0.6953994035720825,0.34116122126579285
17.87199378013611,1.4989816033642065,1.4757381677627563,0.7850309014320374,0.2663919925689697
17.875061511993408,1.5005326353744495,1.4768825769424438,0.7578393220901489,0.34457921981811523
17.87813115119934,1.5020908382548683,1.4784084558486938,0.6672007441520691,0.27621880173683167
17.881198167800903,1.503653765700707,1.4803158044815063,0.9189745783805847,0.24502937495708466
17.8842670917511,1.5052235787148294,1.4814603328704834,0.6631723642349243,0.24246585369110107
17.887333631515503,1.506797935035035,1.4829862117767334,0.9169604182243347,0.19418631494045258
17.8904025554657,1.5083791363733354,1.4845120906829834,0.6994277834892273,0.2399023473262787
17.893479347229004,1.5099698886189947,1.4860379695892334,0.842435359954834,0.15530632436275482
17.896546363830566,1.5115609173179232,1.4875638484954834,0.774959921836853,0.21170367300510406
17.89961290359497,1.5131568714837749,1.489089846611023,0.7165483832359314,0.27664607763290405
17.902680158615112,1.5147582239431763,1.490615725517273,0.7618677020072937,0.32321658730506897
17.905746936798096,1.516364204277759,1.4917601346969604,0.8051728010177612,0.3817501962184906
17.908819675445557,1.5179780469853565,1.4932860136032104,0.7981231212615967,0.35953307151794434
17.91188669204712,1.5195934670330367,1.4948118925094604,0.7789883017539978,0.31296253204345703
17.91495370864868,1.5212133153771972,1.496337890625,0.7910735011100769,0.3351796865463257
17.918020248413086,1.5228371888014829,1.49786376953125,0.7669031620025635,0.382604718208313
17.921088933944702,1.5244663286748283,1.4997711181640625,0.9119248986244202,0.2843366265296936
17.924160480499268,1.526100973197469,1.50091552734375,0.9109178185462952,0.22665750980377197
17.92719554901123,1.5277199724837445,1.50244140625,0.9955138564109802,0.3027084767818451
17.930265188217163,1.5293610716827617,1.5039674043655396,0.7991302609443665,0.3027084767818451
17.933340787887573,1.5310088951744754,1.505874752998352,1.0791027545928955,0.3685053884983063
17.93640899658203,1.5326561340864775,1.507400631904602,1.1244220733642578,0.3206530809402466
17.9394748210907,1.5343053073595085,1.5085450410842896,0.7014420032501221,0.34073394536972046
17.942543745040894,1.5359592125689308,1.510452389717102,0.7326619625091553,0.2565651834011078
17.94562268257141,1.5376214409441675,1.5119783878326416,0.963286817073822,0.21170367300510406
17.948705911636353,1.5392887679867837,1.5135042667388916,0.6470588445663452,0.26254671812057495
17.95177435874939,1.5409507101030069,1.515411615371704,0.9814144968986511,0.19333180785179138
17.954840660095215,1.5426139352923804,1.516937494277954,0.9693293571472168,0.29459068179130554
17.95790672302246,1.5442793209351884,1.518463373184204,0.9391164779663086,0.22494849562644958
17.960976123809814,1.5459486581943571,1.5199893712997437,0.6712291240692139,0.2676737606525421
17.964054822921753,1.5476250459481693,1.5218967199325562,0.7618677020072937,0.29544517397880554
17.96713399887085,1.5493035335846113,1.5234225988388062,0.878690779209137,0.2223849892616272
17.9701988697052,1.5509758952218216,1.5249484777450562,0.9612725973129272,0.2698100209236145
17.973268270492554,1.5526522446051425,1.5264743566513062,0.7769741415977478,0.26254671812057495
17.976334810256958,1.554328390869453,1.5283818244934082,0.8595559597015381,0.2881819009780884
17.97940182685852,1.5560060012218981,1.5299077033996582,0.7105058431625366,0.34287023544311523
17.982468366622925,1.557684398322911,1.5314335823059082,0.9391164779663086,0.3296253979206085
17.98553442955017,1.5593634259485762,1.5329594612121582,0.737697422504425,0.34714275598526
17.988601684570312,1.5610438424442317,1.5348668098449707,1.08413827419281,0.40524908900260925
17.991667985916138,1.5627243163998907,1.5363928079605103,0.9250171780586243,0.3796139359474182
17.99473476409912,1.5644054756655188,1.5379186868667603,0.8514991998672485,0.2843366265296936
17.99780297279358,1.5660876872482645,1.5398260354995728,1.0196841955184937,0.26169222593307495
18.00086998939514,1.5677693571199467,1.5413519144058228,1.0398260354995728,0.3001449704170227
18.003936290740967,1.5694505905524871,1.5428777933120728,0.7548180222511292,0.31296253204345703
18.007002353668213,1.5711314930128215,1.5447852611541748,1.071045994758606,0.21383993327617645
18.010071277618408,1.5728136072189032,1.5459296703338623,0.7205767631530762,0.2881819009780884
18.013141632080078,1.5744959918971537,1.5478370189666748,0.723598062992096,0.3189440667629242
18.01619791984558,1.5761700034048636,1.5497443675994873,0.8031586408615112,0.19674982130527496
18.019267082214355,1.577850242849915,1.5512703657150269,0.9864500164985657,0.2390478402376175
18.022334098815918,1.5795283270879263,1.5527962446212769,0.6953994035720825,0.26382848620414734
18.025400400161743,1.5812048844183726,1.5547035932540894,0.8655985593795776,0.21683070063591003
18.028467416763306,1.58288054134472,1.5562294721603394,0.8152437806129456,0.18564125895500183
18.031535625457764,1.584555401516402,1.5581368207931519,0.9119248986244202,0.2070038914680481
18.034613609313965,1.5862339859455172,1.5596628189086914,0.8414282202720642,0.2386205792427063
18.037685871124268,1.587907683762898,1.5611886978149414,0.7457541823387146,0.287327378988266
18.040752410888672,1.5895763493467294,1.563096046447754,0.7840238213539124,0.3001449704170227
18.0438289642334,1.5912483853618815,1.564621925354004,0.9894712567329407,0.2369115799665451
18.046907663345337,1.5929193472748473,1.566529393196106,0.9834287166595459,0.37363240122795105
18.049984216690063,1.594586749780252,1.568055272102356,0.8112154006958008,0.4633554518222809
18.05305576324463,1.5962488952971994,1.569581151008606,0.9501945376396179,0.442420095205307
18.056126594543457,1.5979079584782778,1.571107029914856,0.8676127195358276,0.45181962847709656
18.059197187423706,1.5995640437989458,1.572632908821106,0.688349723815918,0.39029526710510254
18.062275171279907,1.6012211013215365,1.574158787727356,0.739711582660675,0.38815900683403015
18.065353393554688,1.6028751143589282,1.576066255569458,0.9763790369033813,0.3450064957141876
18.068429708480835,1.6045247780107577,1.577592134475708,0.8001373410224915,0.37491416931152344
18.071499586105347,1.6061675230967758,1.5794994831085205,1.1626917123794556,0.3009994626045227
18.07456636428833,1.6078049992877381,1.5810253620147705,0.8394140601158142,0.3364614248275757
18.07763385772705,1.6094390954999873,1.58255136013031,0.842435359954834,0.2663919925689697
18.080702543258667,1.6110699103913289,1.5844587087631226,0.8545204997062683,0.252292662858963
18.083768606185913,1.612695268115601,1.5859845876693726,0.8263218402862549,0.3663691282272339
18.08683490753174,1.6143165392086536,1.587891936302185,0.8263218402862549,0.20016784965991974
18.089901447296143,1.615933572223808,1.589417815208435,1.0952162742614746,0.29031816124916077
18.092968463897705,1.6175463412405366,1.591325283050537,0.9330739378929138,0.382604718208313
18.096036195755005,1.6191548192132328,1.592851161956787,1.0106202363967896,0.42191195487976074
18.099107027053833,1.6207600978496688,1.594377040863037,0.7930876612663269,0.34030669927597046
18.102179050445557,1.6223610205073167,1.595902919769287,0.7588464021682739,0.3360341787338257
18.105258464813232,1.6239606469710457,1.5978103876113892,0.879697859287262,0.30569925904273987
18.10832452774048,1.625548068952818,1.5993362665176392,0.6853284239768982,0.383031964302063
18.111391305923462,1.6271304543290186,1.6008621454238892,1.0448615550994873,0.3159533143043518
18.114457368850708,1.6287069181799791,1.6023880243301392,0.8142366409301758,0.34030669927597046
18.117523670196533,1.6302778058494647,1.6042953729629517,0.8142366409301758,0.3514152765274048
18.120590209960938,1.6318429702201125,1.6058213710784912,0.9159532785415649,0.35825130343437195
18.123656511306763,1.6334020226758097,1.6073472499847412,0.8907759189605713,0.45438316464424133
18.126723766326904,1.634955422477771,1.6088731288909912,0.7951018810272217,0.31082627177238464
18.129793167114258,1.6365036196435354,1.6103990077972412,1.0055848360061646,0.31210803985595703
18.132869958877563,1.6380490859446446,1.6119248867034912,0.8545204997062683,0.3979858160018921
18.135939359664917,1.6395842527917448,1.6138323545455933,0.9743648171424866,0.30612650513648987
18.139005184173584,1.6411109208345547,1.6153582334518433,0.8555275797843933,0.35996031761169434
18.14207410812378,1.642632273960938,1.6168841123580933,0.8827191591262817,0.21768520772457123
18.14515256881714,1.6441513187409436,1.6187914609909058,0.963286817073822,0.251438170671463
18.14820098876953,1.6456484566365617,1.6203173398971558,0.8535133600234985,0.2672465145587921
18.15127182006836,1.6471493348678177,1.6218433380126953,0.8968185186386108,0.27621880173683167
18.154338121414185,1.648640583309547,1.6233692169189453,0.8051728010177612,0.21939422190189362
18.15740442276001,1.650124283014664,1.6248950958251953,0.7497825622558594,0.35696956515312195
18.1604745388031,1.6516021277242896,1.6264209747314453,0.9864500164985657,0.4103761315345764
18.16355276107788,1.6530760002424563,1.6279468536376953,0.6843213438987732,0.2980087101459503
18.16662907600403,1.654540944655552,1.6294728517532349,0.9602655172348022,0.40653085708618164
18.169702291488647,1.655996276240458,1.6309987306594849,0.7951018810272217,0.3138170540332794
18.17276906967163,1.6574403170013439,1.6329060792922974,0.842435359954834,0.24374762177467346
18.175835609436035,1.658875878565712,1.6340504884719849,0.65108722448349,0.3984130620956421
18.17890214920044,1.6603029402843748,1.6355763673782349,0.8202792406082153,0.3509880304336548
18.181968688964844,1.6617213697120963,1.6371023654937744,0.7709315419197083,0.3838864862918854
18.18503499031067,1.6631309259496134,1.6386282444000244,0.8011444211006165,0.4479743540287018
18.188103914260864,1.664532782956435,1.6401541233062744,0.531242847442627,0.37106889486312866
18.19117307662964,1.6659257089137354,1.6416800022125244,0.9260242581367493,0.38644999265670776
18.19419765472412,1.667289430140538,1.6432058811187744,0.6007324457168579,0.3770504295825958
18.197267055511475,1.668664130253486,1.644350290298462,0.8464637398719788,0.4129396378993988
18.200334072113037,1.6700283477132987,1.6458762884140015,0.6238956451416016,0.3518425226211548
18.203399896621704,1.6713825026342375,1.6474021673202515,0.7145342230796814,0.4167849123477936
18.20646595954895,1.6727271056571689,1.648546576499939,0.7155413031578064,0.34457921981811523
18.209534883499146,1.67406316729732,1.650072455406189,0.723598062992096,0.3937132954597473
18.212605237960815,1.6753899199648783,1.651598334312439,0.7558251023292542,0.40909436345100403
18.2156720161438,1.6767050873886937,1.6531243324279785,0.721583902835846,0.29672694206237793
18.218738079071045,1.67800979549292,1.6546502113342285,0.7991302609443665,0.31338977813720703
18.22180414199829,1.6793042311328485,1.6561760902404785,0.771938681602478,0.3497062623500824
18.224870443344116,1.6805883736502287,1.657320499420166,0.5765621662139893,0.2548561692237854
18.22793960571289,1.6818631862435396,1.658846378326416,0.6823071837425232,0.3001449704170227
18.23101043701172,1.6831280318481672,1.6603723764419556,0.7024490833282471,0.2830548584461212
18.23409080505371,1.684385974356736,1.6618982553482056,0.7064774632453918,0.2728008031845093
18.237168788909912,1.6856319903206909,1.663042664527893,0.6682078242301941,0.4731822609901428
18.240195751190186,1.6868465609850316,1.664568543434143,0.7437399625778198,0.3633783459663391
18.24326491355896,1.6880670255713999,1.6657129526138306,0.5725337862968445,0.35953307151794434
18.246344089508057,1.6892801887146949,1.6672388315200806,0.7054703831672668,0.3291981518268585
18.249420166015625,1.6904807328187272,1.6683833599090576,0.7014420032501221,0.383031964302063
18.252487421035767,1.6916663792751354,1.6699092388153076,0.7608606219291687,0.5218890905380249
18.255554914474487,1.6928405680336835,1.6710536479949951,0.7024490833282471,0.46420997381210327
18.258623600006104,1.6940035469468664,1.6725795269012451,0.808194100856781,0.3616693317890167
18.26170063018799,1.6951578636626978,1.6737239360809326,0.7689173817634583,0.5919585227966309
18.264776468276978,1.6962997916341438,1.6748683452606201,0.724605143070221,0.44968336820602417
18.267853021621704,1.6974299350706041,1.6760128736495972,0.6369878649711609,0.4099488854408264
18.270922899246216,1.6985455088124852,1.6775387525558472,0.7528038620948792,0.44840162992477417
18.2739896774292,1.6996477666471512,1.6786831617355347,0.7669031620025635,0.32492560148239136
18.277056217193604,1.7007376544404944,1.6798275709152222,0.6843213438987732,0.3321889042854309
18.280125856399536,1.7018162399717878,1.6813534498214722,0.4285190999507904,0.37405967712402344
18.28319501876831,1.7028821504953457,1.6824978590011597,0.4758526086807251,0.38687723875045776
18.28626322746277,1.703935130105424,1.6836423873901367,0.5735408663749695,0.5163347721099854
18.289330005645752,1.7049749320792544,1.6847867965698242,0.6813000440597534,0.4578011631965637
18.292397022247314,1.706002033122643,1.6859312057495117,0.773952841758728,0.40183109045028687
18.295464515686035,1.707016413227843,1.6870756149291992,0.724605143070221,0.38944074511528015
18.29853057861328,1.708017353547939,1.6882200241088867,0.5100938677787781,0.4274662435054779
18.301596879959106,1.7090053135841758,1.6893644332885742,0.4879377484321594,0.2728008031845093
18.30466318130493,1.7099801233195895,1.6908903121948242,0.6289311051368713,0.29288166761398315
18.307729244232178,1.7109416180471786,1.6920348405838013,0.6097962856292725,0.32278934121131897
18.31079626083374,1.7118900777039188,1.6931792497634888,0.8243076205253601,0.35739681124687195
18.313863039016724,1.7128250409444863,1.6943236589431763,0.6279240250587463,0.4099488854408264
18.31692934036255,1.7137463530133492,1.6954680681228638,0.7628747820854187,0.3005722165107727
18.319995641708374,1.7146540748351384,1.6966124773025513,0.7185626029968262,0.31125351786613464
18.32306218147278,1.7155481911598545,1.6973754167556763,0.5111009478569031,0.3039902448654175
18.326128482818604,1.7164284799865277,1.6985198259353638,0.688349723815918,0.27579155564308167
18.329197645187378,1.7172957316336597,1.6996643543243408,0.4164339601993561,0.34714275598526
18.332273960113525,1.7181510099256594,1.7008087635040283,0.7094987630844116,0.40653085708618164
18.335346937179565,1.7189912926177051,1.7015717029571533,0.46880292892456055,0.5859769582748413
18.33841371536255,1.7198157847609286,1.7027161121368408,0.6913710236549377,0.5137712955474854
18.341482400894165,1.720626618597282,1.7034790515899658,0.5856260061264038,0.4466926157474518
18.344560146331787,1.7214255322328684,1.7042419910430908,0.4113985002040863,0.3458609879016876
18.347636461257935,1.7222096747961406,1.7053864002227783,0.4093843102455139,0.46890974044799805
18.35071301460266,1.7229794067987743,1.7061493396759033,0.547356367111206,0.5201800465583801
18.35378122329712,1.7237325664129113,1.7072938680648804,0.6108033657073975,0.4612191915512085
18.356848001480103,1.724470850064186,1.7080568075180054,0.5735408663749695,0.5488059520721436
18.359917163848877,1.725195100671994,1.7092012166976929,0.4718242287635803,0.5223163366317749
18.362996339797974,1.72590696226367,1.7099641561508179,0.3509727716445923,0.3928587734699249
18.366074323654175,1.7266037143340514,1.7107270956039429,0.3852140009403229,0.4894178807735443
18.36915135383606,1.7272853612417578,1.7118715047836304,0.5443350672721863,0.39157700538635254
18.37219762802124,1.727945467784463,1.7126344442367554,0.4879377484321594,0.43772029876708984
18.375266313552856,1.7285955540340643,1.7133973836898804,0.3791714310646057,0.3462882339954376
18.378333568572998,1.729230356257921,1.7145417928695679,0.8041657209396362,0.4475471079349518
18.381399393081665,1.729849836509292,1.7153048515319824,0.5070725679397583,0.27664607763290405
18.38446569442749,1.7304543297053596,1.7160677909851074,0.48693063855171204,0.3642328381538391
18.387532711029053,1.7310438179361516,1.7168307304382324,0.3610437214374542,0.3958495557308197
18.390599012374878,1.7316179715541786,1.7175936698913574,0.5654841065406799,0.5500877499580383
18.39366579055786,1.7321769622488004,1.7183566093444824,0.30666056275367737,0.40866711735725403
18.396732330322266,1.7327206059918918,1.718738079071045,0.2049439251422882,0.3779049217700958
18.39979863166809,1.7332488559031725,1.7198824882507324,0.31068894267082214,0.2693827748298645
18.402864456176758,1.7337616272734504,1.7206454277038574,0.32478827238082886,0.4458380937576294
18.405930757522583,1.7342590320245426,1.72102689743042,0.34190890192985535,0.46762797236442566
18.408997297286987,1.7347409799151918,1.721789836883545,0.37312886118888855,0.4133669137954712
18.41206383705139,1.7352073869392906,1.72255277633667,0.40837720036506653,0.3843137323856354
18.415133237838745,1.7356586231290514,1.7233158349990845,0.4929732084274292,0.40311282873153687
18.418195009231567,1.7360931408638207,1.7240787744522095,0.4899519383907318,0.442420095205307
18.421261072158813,1.7365126170941427,1.724460244178772,0.3147173225879669,0.41934844851493835
18.42432713508606,1.736916392916544,1.725223183631897,0.4627603590488434,0.3180895745754242
18.42739462852478,1.7373046082337649,1.725986123085022,0.48491644859313965,0.32278934121131897
18.430463790893555,1.7376772332614099,1.7263675928115845,0.2724193036556244,0.4889906048774719
18.433541297912598,1.7380349662774208,1.7271305322647095,0.2855115532875061,0.3676508665084839
18.43661093711853,1.7383758857786538,1.7278934717178345,0.3318379521369934,0.4125123918056488
18.439677476882935,1.7387005748154827,1.728274941444397,0.39024949073791504,0.383459210395813
18.44274640083313,1.7390095893722328,1.7286564111709595,0.2663767337799072,0.29117265343666077
18.445825338363647,1.7393035721474526,1.7294193506240845,0.34090182185173035,0.4120851457118988
18.448902130126953,1.7395812732025704,1.729800820350647,0.2583199739456177,0.39157700538635254
18.45197606086731,1.7398426412980283,1.7301822900772095,0.19990845024585724,0.37576866149902344
18.455045700073242,1.7400875865509127,1.730945348739624,0.42247653007507324,0.40354010462760925
18.458114624023438,1.74031641082876,1.7313268184661865,0.2069581151008606,0.3992675542831421
18.461195945739746,1.740529978586983,1.731708288192749,0.1928587704896927,0.37576866149902344
18.46427345275879,1.7407270785673894,1.7320897579193115,0.2563057839870453,0.45352864265441895
18.467349529266357,1.740907886459382,1.7328526973724365,0.24724192917346954,0.286900132894516
18.470417261123657,1.7410720562004285,1.733234167098999,0.19789426028728485,0.4308842718601227
18.473483562469482,1.7412200196840066,1.733234167098999,0.11229114234447479,0.3817501962184906
18.476549863815308,1.7413518434929351,1.7336156368255615,0.10926985740661621,0.37576866149902344
18.47961688041687,1.74146754049147,1.733997106552124,0.4436255395412445,0.43857482075691223
18.482683897018433,1.741567067305457,1.7343785762786865,0.30766767263412476,0.45053789019584656
18.485750675201416,1.741650408844872,1.734760046005249,0.3630579113960266,0.45310139656066895
18.48881697654724,1.7417175565555474,1.7351415157318115,0.09214923530817032,0.38687723875045776
18.491883754730225,1.7417685250885238,1.7351415157318115,0.20897230505943298,0.40354010462760925
18.494950771331787,1.7418033000858533,1.735522985458374,0.03776608034968376,0.4454108476638794
18.49801778793335,1.7418218737271807,1.735522985458374,-0.0629434660077095,0.3971312940120697
18.501084327697754,1.741824245179,1.7359044551849365,0.2522774040699005,0.4095216393470764
18.504152536392212,1.7418104064330298,1.7359044551849365,0.08107118308544159,0.43643853068351746
18.507198095321655,1.7417806343315545,1.736285924911499,0.16969558596611023,0.4966811537742615
18.51026725769043,1.7417344719519976,1.736285924911499,0.04884412884712219,0.4266117215156555
18.513336420059204,1.7416720919377287,1.7366673946380615,0.16163882613182068,0.4133669137954712
18.51640248298645,1.7415935876306259,1.737048864364624,0.270405113697052,0.43942931294441223
18.519468307495117,1.7414989194892152,1.737048864364624,0.0951705202460289,0.5167620182037354
18.5225350856781,1.7413880538316029,1.737048864364624,0.05891508236527443,0.31168079376220703
18.525601863861084,1.7412610278816314,1.7374303340911865,0.29759669303894043,0.3544060289859772
18.528668880462646,1.7411178416722342,1.7374303340911865,0.1767452508211136,0.3343251645565033
18.53173851966858,1.740958374604568,1.7374303340911865,0.1898374855518341,0.40396735072135925
18.534815549850464,1.74078231471418,1.7374303340911865,-0.13041886687278748,0.41849392652511597
18.537889003753662,1.7405902757816147,1.7374303340911865,0.10121309012174606,0.3526970446109772
18.540955781936646,1.7403825502081434,1.7374303340911865,-0.05690089240670204,0.44840162992477417
18.544025421142578,1.7401585414043041,1.7374303340911865,0.018631266430020332,0.38730448484420776
18.547103881835938,1.7399177433859474,1.7374303340911865,-0.008560311049222946,0.4475471079349518
18.550183296203613,1.7396607171447391,1.7374303340911865,-0.06193637102842331,0.40225833654403687
18.55326795578003,1.739387079806148,1.7374303340911865,0.12236209958791733,0.3347524106502533
18.55633568763733,1.7390989154713814,1.7374303340911865,0.07200732082128525,0.34671550989151
18.559404373168945,1.7387946963900573,1.7374303340911865,0.12941177189350128,0.4270389974117279
18.562480926513672,1.738473696618628,1.7374303340911865,0.019638361409306526,0.40781262516975403
18.56556010246277,1.7381364115413362,1.737048864364624,-0.14653238654136658,0.42063018679618835
18.568636417388916,1.7377834751792138,1.737048864364624,-0.057907987385988235,0.31082627177238464
18.57170343399048,1.7374157533981935,1.737048864364624,0.02366674318909645,0.3334706723690033
18.574769735336304,1.7370323288727216,1.737048864364624,-0.021652551367878914,0.2693827748298645
18.57783603668213,1.7366331532706911,1.737048864364624,-0.18077363073825836,0.2834821045398712
18.580901861190796,1.73621832937243,1.7366673946380615,-0.2210574448108673,0.25912871956825256
18.58396816253662,1.7357877666349661,1.737048864364624,0.07402151823043823,0.24588388204574585
18.587034463882446,1.7353415683104898,1.7366673946380615,-0.24321354925632477,0.2394750863313675
18.590100288391113,1.7348798488270876,1.7366673946380615,-0.08409246802330017,0.17965972423553467
18.59316658973694,1.7344025074059604,1.736285924911499,0.04078736528754234,0.2065766453742981
18.596195459365845,1.7339157686798101,1.736285924911499,0.06999313086271286,0.19888609647750854
18.599262714385986,1.733407486936337,1.736285924911499,-0.0317235067486763,0.18478675186634064
18.60232925415039,1.7328839048124214,1.7359044551849365,-0.2069581151008606,0.19803158938884735
18.605396509170532,1.7323448266800943,1.735522985458374,-0.07301442325115204,0.17068742215633392
18.6084623336792,1.731790685048819,1.735522985458374,-0.20897230505943298,0.2390478402376175
18.61152935028076,1.7312210591250705,1.7351415157318115,-0.20997940003871918,0.15530632436275482
18.614596605300903,1.7306361682320186,1.734760046005249,-0.2401922643184662,0.2078583985567093
18.61766290664673,1.730036299288282,1.7343785762786865,-0.1606317162513733,0.18606851994991302
18.620729684829712,1.729421231661844,1.733997106552124,-0.2834973633289337,0.15658807754516602
18.62379813194275,1.728790767559331,1.7336156368255615,-0.28148317337036133,0.16171512007713318
18.62686514854431,1.7281456005832112,1.733234167098999,-0.13142596185207367,0.14590676128864288
18.629934310913086,1.7274850331756715,1.733234167098999,-0.14854657649993896,0.10061798989772797
18.63301372528076,1.7268072917398,1.732471227645874,-0.1898374855518341,0.20315861701965332
18.63609027862549,1.7261152716450747,1.7320897579193115,-0.2512703239917755,0.10531777143478394
18.63916039466858,1.7254099092631847,1.731708288192749,-0.19990845024585724,0.11728084087371826
18.642197608947754,1.7246976323681602,1.7313268184661865,-0.33989471197128296,0.16470588743686676
18.645275354385376,1.7239612317333028,1.7305638790130615,-0.28148317337036133,0.1587243527173996
18.648351669311523,1.7232105367102677,1.7301822900772095,-0.366079181432724,0.1736781895160675
18.651424407958984,1.722446176611414,1.729800820350647,-0.270405113697052,0.11514458060264587
18.6544930934906,1.7216683952444232,1.729037880897522,-0.29054704308509827,0.11300831288099289
18.657559633255005,1.7208768251052742,1.7286564111709595,-0.05992217734456062,0.11813534796237946
18.66062903404236,1.720070242377199,1.728274941444397,-0.365072101354599,0.17111466825008392
18.6637065410614,1.7192472674714872,1.727512001991272,-0.40636301040649414,0.12411688268184662
18.66678285598755,1.7184104156378834,1.726749062538147,-0.49800869822502136,0.12112611532211304
18.669862508773804,1.7175585180634347,1.7263675928115845,-0.2552987039089203,0.0942092016339302
18.672929525375366,1.7166961365757487,1.725986123085022,-0.23012131452560425,0.10019073635339737
18.67599630355835,1.7158199532998488,1.725223183631897,-0.35500115156173706,0.17154192924499512
18.67906355857849,1.7149298436250204,1.724460244178772,-0.21803615987300873,0.11941710859537125
18.682132482528687,1.714025529862881,1.723697304725647,-0.4476539194583893,0.13522544503211975
18.685197353363037,1.7131087979405801,1.722934365272522,-0.4124055802822113,0.12368962913751602
18.688266277313232,1.712177308440185,1.7221713066101074,-0.3036392629146576,0.17111466825008392
18.691332578659058,1.711233164539554,1.721789836883545,-0.32277408242225647,0.14718852937221527
18.694398880004883,1.7102756636039662,1.72102689743042,-0.4929732084274292,0.15060654282569885
18.697465896606445,1.7093046664992957,1.7198824882507324,-0.4426184594631195,0.1288166642189026
18.70053219795227,1.708320716216463,1.71950101852417,-0.3620508015155792,0.125825896859169
18.703599214553833,1.7073234450685124,1.718738079071045,-0.1757381558418274,0.15487907826900482
18.706668376922607,1.7063124622843673,1.7175936698913574,-0.44966810941696167,0.15658807754516602
18.709737062454224,1.7052887150759872,1.7168307304382324,-0.4325474798679352,0.14718852937221527
18.712803602218628,1.7042528718066914,1.7160677909851074,-0.44966810941696167,0.13778896629810333
18.71587038040161,1.7032042352493293,1.7153048515319824,-0.3630579113960266,0.13437095284461975
18.7189359664917,1.7021433977408833,1.7141603231430054,-0.5231860876083374,0.19375905394554138
18.72200298309326,1.7010695487572152,1.7133973836898804,-0.4567177891731262,0.18307773768901825
18.725070238113403,1.6999831951597908,1.7126344442367554,-0.5403066873550415,0.1271076500415802
18.728137731552124,1.6988844349350514,1.7114900350570679,-0.4093843102455139,0.19418631494045258
18.73119807243347,1.697776058721904,1.7107270956039429,-0.426504909992218,0.22922103106975555
18.734276056289673,1.6966491271285749,1.7099641561508179,-0.40434882044792175,0.1882047802209854
18.73734974861145,1.6955116966695314,1.7088197469711304,-0.5634698867797852,0.19845883548259735
18.74042057991028,1.694363386012766,1.7076753377914429,-0.5433279871940613,0.26340124011039734
18.743489503860474,1.6932039731220525,1.7069122791290283,-0.5533989667892456,0.21853971481323242
18.746567726135254,1.692029290264045,1.7057678699493408,-0.6319524049758911,0.26083773374557495
18.74964451789856,1.6908434962373922,1.7046234607696533,-0.5735408663749695,0.1279621571302414
18.752713680267334,1.6896491418337023,1.7034790515899658,-0.6128175854682922,0.26041045784950256
18.755781650543213,1.6884438826046289,1.7023346424102783,-0.6027466058731079,0.3185168206691742
18.758851289749146,1.687226704030347,1.7015717029571533,-0.6470588445663452,0.20102235674858093
18.761933088302612,1.6859934842120512,1.7004272937774658,-0.32881665229797363,0.2403295934200287
18.765011072158813,1.6847506849635707,1.6992828845977783,-0.4456397294998169,0.21341268718242645
18.76808786392212,1.683497390614974,1.6981383562088013,-0.6712291240692139,0.1894865334033966
18.771158456802368,1.6822357968235526,1.6969939470291138,-0.6651865243911743,0.16513313353061676
18.774197816848755,1.6809765016105247,1.6958495378494263,-0.5392996072769165,0.15317006409168243
18.77726674079895,1.6796944410792372,1.6950865983963013,-0.6279240250587463,0.1770962029695511
18.780341148376465,1.67839961354361,1.6939421892166138,-0.6943923234939575,0.1762416958808899
18.78340721130371,1.677097977699044,1.6927977800369263,-0.7044632434844971,0.10360875725746155
18.786473989486694,1.6757858467861009,1.6916533708572388,-0.6249027252197266,0.10318150371313095
18.789543390274048,1.6744625100750248,1.6908903121948242,-0.548363447189331,0.08181887865066528
18.79261350631714,1.6731288965106426,1.6897459030151367,-0.5171434879302979,0.09933622926473618
18.79568123817444,1.6717864844465558,1.6886014938354492,-0.7417258024215698,0.11343556642532349
18.79874897003174,1.6704343667651955,1.6874570846557617,-0.6722362041473389,0.10830853879451752
18.80181646347046,1.6690727752515024,1.6863126754760742,-0.7981231212615967,0.06942854821681976
18.804882764816284,1.667702266280456,1.6851682662963867,-0.6802929639816284,0.16556039452552795
18.80794930458069,1.6663223320912939,1.6836423873901367,-0.7316548228263855,0.16855116188526154
18.81101632118225,1.6649329902404089,1.6824978590011597,-0.8293430805206299,0.13223467767238617
18.814082860946655,1.663534801678209,1.6813534498214722,-0.46981003880500793,0.2048676311969757
18.81715202331543,1.6621264736758152,1.6798275709152222,-0.7427328824996948,0.1770962029695511
18.82019829750061,1.660719929698064,1.6783016920089722,-0.7497825622558594,0.2048676311969757
18.82326865196228,1.6592936090840595,1.6771572828292847,-0.7689173817634583,0.21811245381832123
18.826335906982422,1.6578601813433862,1.6760128736495972,-0.73870450258255,0.2228122353553772
18.829404830932617,1.6564175573163809,1.6744868755340576,-0.6692149043083191,0.24802014231681824
18.83248233795166,1.6549625793864606,1.6733424663543701,-0.7598535418510437,0.1595788449048996
18.835558652877808,1.6534999748379664,1.6718165874481201,-0.7447471022605896,0.13907071948051453
18.83863115310669,1.6520311468659494,1.6706721782684326,-0.6379949450492859,0.2373388260602951
18.841700792312622,1.6505558024151878,1.6691462993621826,-0.8031586408615112,0.18435950577259064
18.8447847366333,1.6490657852858814,1.6680018901824951,-0.7930876612663269,0.15231555700302124
18.84786033630371,1.6475721551334663,1.6664758920669556,-0.7457541823387146,0.18008697032928467
18.850936889648438,1.6460705635277926,1.665331482887268,-0.774959921836853,0.27621880173683167
18.85400652885437,1.6445650120163986,1.663805603981018,-0.8212863206863403,0.11557183414697647
18.857075691223145,1.6430525098819406,1.662279725074768,-0.6410162448883057,0.16086061298847198
18.860148906707764,1.6415309531363969,1.660753846168518,-0.8162508606910706,0.13650721311569214
18.863197326660156,1.6400148357692057,1.659609317779541,-0.7588464021682739,0.1424887478351593
18.866275548934937,1.638477128858658,1.658083438873291,-0.8615701794624329,0.19589532911777496
18.869352340698242,1.6369334840920513,1.6569390296936035,-0.7074845433235168,0.11856260150671005
18.872419834136963,1.6353880270050292,1.6554131507873535,-0.9512016773223877,0.06601052731275558
18.87548565864563,1.6338370920125542,1.654268741607666,-0.6641794443130493,0.10446326434612274
18.878552675247192,1.632279377262004,1.652742862701416,-0.6208743453025818,0.13522544503211975
18.881619691848755,1.63071562920443,1.651598334312439,-0.6359807848930359,0.07711909711360931
18.88468623161316,1.6291462375016184,1.650072455406189,-0.7487754821777344,0.10531777143478394
18.887752532958984,1.6275712278369505,1.648546576499939,-0.6843213438987732,0.06942854821681976
18.89081907272339,1.6259905014605431,1.647020697593689,-0.7860379815101624,0.09164568781852722
18.89388608932495,1.6244040802609363,1.645494818687439,-0.6833142638206482,0.13394369184970856
18.896952390670776,1.622812728696733,1.6439688205718994,-0.8937972187995911,0.1441977620124817
18.90001916885376,1.6212159764363416,1.6424429416656494,-0.9512016773223877,0.18777751922607422
18.903085470199585,1.6196144681882192,1.6409170627593994,-0.8051728010177612,0.252292662858963
18.90615439414978,1.6180067287343665,1.6393911838531494,-0.6138246655464172,0.2048676311969757
18.90919804573059,1.6164075724527047,1.6378653049468994,-0.8001373410224915,0.16342411935329437
18.912269353866577,1.6147893336960222,1.6363393068313599,-0.9854428768157959,0.2057221382856369
18.915343284606934,1.6131652855909246,1.6348134279251099,-0.7920805811882019,0.10019073635339737
18.918410301208496,1.6115406267339716,1.6332875490188599,-0.6833142638206482,0.13522544503211975
18.921476364135742,1.6099123670069713,1.6317616701126099,-0.8958113789558411,0.1292439103126526
18.924543380737305,1.6082796446688417,1.6302357912063599,-1.0378118753433228,0.1924773007631302
18.927610635757446,1.606642989763948,1.6287097930908203,-0.6490730047225952,0.14847028255462646
18.93067955970764,1.6050017875521576,1.6268024444580078,-0.9814144968986511,0.0950637087225914
18.93375587463379,1.6033531149880147,1.6252765655517578,-1.1203936338424683,0.09335469454526901
18.93682551383972,1.6017046627874256,1.6237506866455078,-0.9149461984634399,0.1420614868402481
18.939892768859863,1.600054294366857,1.6222248077392578,-0.9441519975662231,0.10830853879451752
18.942962169647217,1.5983997261888827,1.6206988096237183,-0.7326619625091553,0.1574425846338272
18.94604182243347,1.596736724851024,1.6191729307174683,-0.8414282202720642,0.13565270602703094
18.949121952056885,1.5950707092431855,1.6176470518112183,-0.8666056394577026,0.07455558329820633
18.952195405960083,1.5934057118072145,1.6161211729049683,-1.0227054357528687,0.14077973365783691
18.9552640914917,1.5917408686301222,1.6145952939987183,-0.7004348635673523,0.06814679503440857
18.958330392837524,1.5900750493053,1.6130692958831787,-0.7205767631530762,0.019439993426203728
18.96139883995056,1.5884059479437223,1.6115434169769287,-0.878690779209137,0.10788128525018692
18.96447730064392,1.586729428198772,1.6096360683441162,-0.9048752784729004,0.17752346396446228
18.96755361557007,1.5850522608911326,1.6081101894378662,-0.9501945376396179,0.21597619354724884
18.970624923706055,1.5833761683640846,1.6065843105316162,-1.083131194114685,0.18478675186634064
18.97369360923767,1.581700011550669,1.6046768426895142,-0.8827191591262817,0.26254671812057495
18.976760149002075,1.5800236891066712,1.6027694940567017,-1.017669916152954,0.2065766453742981
18.97982692718506,1.5783460546035382,1.6012436151504517,-0.723598062992096,0.21811245381832123
18.982893228530884,1.5766676551254966,1.5997177362442017,-0.9219958782196045,0.287754625082016
18.985959768295288,1.5749882550609808,1.5981918573379517,-0.7930876612663269,0.14804303646087646
18.989026069641113,1.5733082713897906,1.5962843894958496,-0.9451590776443481,0.05661097168922424
18.99209499359131,1.5716262919074706,1.5947585105895996,-0.7487754821777344,0.10275425016880035
18.995167016983032,1.5699422103028158,1.5932326316833496,-0.73870450258255,0.10873579233884811
18.99819779396057,1.5682804974063642,1.5917067527770996,-0.8142366409301758,0.10232700407505035
19.001266956329346,1.5665976479410395,1.5901808738708496,-0.73870450258255,0.11770809441804886
19.004333019256592,1.5649165623609715,1.5882734060287476,-0.9270313382148743,0.06515602022409439
19.007399082183838,1.5632356972069748,1.5867475271224976,-0.9179674983024597,0.12326237559318542
19.010464906692505,1.5615553390881796,1.5852216482162476,-0.8595559597015381,0.10659952461719513
19.013531923294067,1.5598748601223849,1.583314299583435,-0.771938681602478,0.13351644575595856
19.016598224639893,1.5581954614341942,1.5817883014678955,-1.0770885944366455,0.14077973365783691
19.019665479660034,1.5565163849801633,1.580643892288208,-0.7971160411834717,0.07370107620954514
19.022738695144653,1.5548350492485021,1.5787365436553955,-0.8192721605300903,0.095490962266922
19.02582311630249,1.5531487507143358,1.576829195022583,-0.8907759189605713,0.10873579233884811
19.028896808624268,1.5514696387049156,1.575303316116333,-0.930052638053894,0.09164568781852722
19.03196954727173,1.5497925223292934,1.5737773180007935,-0.8615701794624329,0.15103380382061005
19.035053491592407,1.5481109296882545,1.571869969367981,-0.9350880980491638,0.1266804039478302
19.038131713867188,1.546434252507245,1.5699626207351685,-1.067017674446106,0.15231555700302124
19.041198253631592,1.5447658779973146,1.5684367418289185,-1.0116273164749146,0.19504082202911377
19.04427146911621,1.5430959691296189,1.5669108629226685,-0.7578393220901489,0.16427862644195557
19.04735040664673,1.541425212890657,1.5650033950805664,-0.9199817180633545,0.19546806812286377
19.050426721572876,1.5397582968192143,1.5634775161743164,-0.8907759189605713,0.1770962029695511
19.053497552871704,1.5380969168577958,1.561570167541504,-0.7125200033187866,0.21597619354724884
19.056565761566162,1.5364396694614304,1.560044288635254,-0.9391164779663086,0.13650721311569214
19.059635639190674,1.5347843895299036,1.5581368207931519,-1.0237125158309937,0.1117265596985817
19.06268835067749,1.5331413636178535,1.5566109418869019,-0.7014420032501221,0.12326237559318542
19.065765619277954,1.5314883000463797,1.5550850629806519,-0.9038681387901306,0.06515602022409439
19.068841695785522,1.5298392211412835,1.5535591840744019,-0.6943923234939575,0.09079118072986603
19.07191038131714,1.528197589473757,1.5516518354415894,-0.964293897151947,0.05105668678879738
19.074978828430176,1.5265597183766029,1.5501258373260498,-0.8555275797843933,0.0784008577466011
19.078046798706055,1.5249258860024872,1.5485999584197998,-0.9975280165672302,0.020294498652219772
19.08111596107483,1.523295356787529,1.5470740795135498,-0.7175555229187012,0.09292744100093842
19.08419704437256,1.5216626088308265,1.5451667308807373,-0.6933852434158325,0.06002899259328842
19.08726692199707,1.5200400507270975,1.5436408519744873,-1.0418401956558228,0.06643778085708618
19.090332984924316,1.5184238956231688,1.5421148538589478,-0.7961089611053467,0.10403601080179214
19.09339952468872,1.5168120242956,1.5402075052261353,-0.9945067763328552,0.13180743157863617
19.096466064453125,1.5152048380326657,1.5386816263198853,-0.844449520111084,0.16769665479660034
19.09953260421753,1.5136024859969182,1.5367742776870728,-0.9381093978881836,0.14847028255462646
19.10260009765625,1.5120046209210976,1.5352483987808228,-0.8243076205253601,0.18564125895500183
19.105668783187866,1.51041127232424,1.5337224006652832,-1.0106202363967896,0.16940565407276154
19.10873818397522,1.5088228407135222,1.5321965217590332,-0.9008468985557556,0.18564125895500183
19.111810445785522,1.5072383728265288,1.5302891731262207,-0.9431448578834534,0.1723964363336563
19.11487913131714,1.505661333936479,1.5287632942199707,-0.9814144968986511,0.13052567839622498
19.1179461479187,1.5040908759987022,1.5268558263778687,-0.9703364372253418,0.14718852937221527
19.121012210845947,1.5025267711714108,1.5253299474716187,-0.8958113789558411,0.13736172020435333
19.12407922744751,1.5009681916668967,1.5238040685653687,-0.9199817180633545,0.095490962266922
19.127145767211914,1.499416010476671,1.5218967199325562,-0.8293430805206299,0.13778896629810333
19.130197525024414,1.4978775653010605,1.5203708410263062,-0.8051728010177612,0.0788281038403511
19.133275508880615,1.4963323624118736,1.519226312637329,-0.8323643803596497,0.07541008293628693
19.136348485946655,1.4947962917858684,1.5173189640045166,-0.722590982913971,0.08224612474441528
19.139415502548218,1.4932699374611218,1.5157930850982666,-0.7467612624168396,0.037384603172540665
19.14248490333557,1.4917492767930791,1.514648675918579,-1.0055848360061646,0.043366141617298126
19.14556336402893,1.4902311831030648,1.5127413272857666,-0.7709315419197083,0.02072175219655037
19.148640394210815,1.4887209975411018,1.511215329170227,-0.8192721605300903,0.04592965543270111
19.151719570159912,1.4872171087284982,1.509689450263977,-0.774959921836853,0.029694056138396263
19.154787063598633,1.4857263760954484,1.508163571357727,-0.7477683424949646,0.0796826109290123
19.157853841781616,1.4842435632256687,1.506637692451477,-0.8766765594482422,0.1420614868402481
19.16092276573181,1.482767429917935,1.505111813545227,-0.9119248986244202,0.12283512949943542
19.163999557495117,1.4812953995362292,1.503204345703125,-0.8293430805206299,0.13223467767238617
19.167085647583008,1.4798269919610825,1.501678466796875,-0.9209887981414795,0.08523689955472946
19.170158624649048,1.4783729927082556,1.500152587890625,-0.9179674983024597,0.1903410404920578
19.173198461532593,1.4769428271604141,1.498626708984375,-1.0106202363967896,0.1271076500415802
19.176267623901367,1.475507224680951,1.4974822998046875,-0.6148317456245422,0.10959029197692871
19.17933440208435,1.4740812605603608,1.495956301689148,-0.7105058431625366,0.10830853879451752
19.182401180267334,1.4726639486809976,1.4940489530563354,-0.9904783964157104,0.11343556642532349
19.18546772003174,1.4712555297611678,1.4925230741500854,-0.8927901387214661,0.10147249698638916
19.1885347366333,1.4698558070738446,1.4909971952438354,-0.8625772595405579,0.08480964601039886
19.191601276397705,1.468465345760726,1.4894713163375854,-0.688349723815918,0.06771954149007797
19.19466781616211,1.4670840565552354,1.487945318222046,-0.807187020778656,0.08480964601039886
19.19773507118225,1.4657117487394213,1.486419439315796,-0.7779812216758728,0.09805447608232498
19.200801610946655,1.464349189691069,1.484893560409546,-0.880704939365387,0.1112993061542511
19.20386815071106,1.4629961847697461,1.4837491512298584,-0.9451590776443481,0.02841229923069477
19.206934452056885,1.4616529636093956,1.4822232723236084,-0.842435359954834,0.005767910275608301
19.21000075340271,1.4603195452876594,1.481078863143921,-0.7457541823387146,-0.010467689484357834
19.21306800842285,1.4589956434669245,1.4795528650283813,-0.6138246655464172,0.09207294136285782
19.216136932373047,1.4576810852037099,1.4780269861221313,-0.9119248986244202,0.02200350910425186
19.219196796417236,1.4563805513299535,1.4768825769424438,-0.7648890018463135,0.0079041738063097
19.22226333618164,1.4550874626525354,1.4753566980361938,-0.843442440032959,0.0079041738063097
19.225329637527466,1.4538048869987386,1.4742122888565063,-0.8988326787948608,0.08993667364120483
19.22839665412903,1.452532546964673,1.4726864099502563,-0.8736553192138672,0.05191119387745857
19.231465816497803,1.4512699821174515,1.4711604118347168,-0.8233005404472351,0.1279621571302414
19.23454236984253,1.4500152023550734,1.4696345329284668,-0.7517967224121094,0.1271076500415802
19.23761749267578,1.4487719540335395,1.4681086540222168,-0.807187020778656,0.17111466825008392
19.240689277648926,1.4475410986458523,1.4669642448425293,-0.7276264429092407,0.1903410404920578
19.24375891685486,1.4463222434862313,1.4654383659362793,-0.7608606219291687,0.20102235674858093
19.246838331222534,1.4451108107482693,1.4639123678207397,-0.7930876612663269,0.13009841740131378
19.24991488456726,1.4439119226147057,1.4627679586410522,-0.6702220439910889,0.09335469454526901
19.252986431121826,1.4427264831843667,1.4612420797348022,-0.73870450258255,0.08053711801767349
19.256053686141968,1.4415542743971566,1.4600976705551147,-0.6480659246444702,0.07327382266521454
19.259121894836426,1.4403933817640941,1.4589532613754272,-0.7316548228263855,0.11685358732938766
19.262197971343994,1.4392413480157136,1.4574273824691772,-0.6349737048149109,0.10061798989772797
19.265276193618774,1.4381004816010339,1.4562828540802002,-0.6269168853759766,0.11343556642532349
19.268359899520874,1.4369696969771362,1.4547569751739502,-0.6742504239082336,0.04892042279243469
19.271428108215332,1.435856733910154,1.4536125659942627,-0.5040512681007385,0.033966582268476486
19.274494647979736,1.4347565780368323,1.4524681568145752,-0.7477683424949646,0.05532921478152275
19.2775616645813,1.4336685545770604,1.4509422779083252,-0.6319524049758911,0.08139162510633469
19.280628442764282,1.4325930196932293,1.4497978687286377,-0.7115129232406616,0.09677271544933319
19.28370213508606,1.4315276057286257,1.4486533403396606,-0.4315403997898102,0.08908216655254364
19.286769151687622,1.4304771235800748,1.4475089311599731,-0.7034561634063721,-0.0061951628886163235
19.289836406707764,1.4294392629886477,1.4463645219802856,-0.5392996072769165,0.0006408789195120335
19.29290461540222,1.428413885762166,1.4452201128005981,-0.6289311051368713,0.013885710388422012
19.295971155166626,1.4274019590459575,1.4440757036209106,-0.5191577076911926,-0.03695734962821007
19.29903769493103,1.426403015519899,1.4433127641677856,-0.4577248692512512,-0.03653009980916977
19.30211329460144,1.425414254673359,1.4417868852615356,-0.6964064836502075,0.03311207890510559
19.305195808410645,1.424436561387633,1.441023826599121,-0.5715266466140747,0.021576257422566414
19.308270931243896,1.4234745610073916,1.4398794174194336,-0.5423209071159363,-0.033966582268476486
19.311344385147095,1.4225264942965223,1.438735008239746,-0.689356803894043,0.01345845777541399
19.314412117004395,1.4215936512765226,1.4375905990600586,-0.6400091648101807,0.025848783552646637
19.317479610443115,1.4206744119486305,1.436446189880371,-0.7115129232406616,0.07156481593847275
19.32054615020752,1.4197690680886481,1.4353017807006836,-0.4768596887588501,0.12027160823345184
19.323612928390503,1.4188773470353957,1.434157371520996,-0.5413138270378113,0.12454413622617722
19.326679468154907,1.4179994701972065,1.433012843132019,-0.580590546131134,0.1266804039478302
19.329747438430786,1.4171350493800843,1.4318684339523315,-0.5755550265312195,0.1420614868402481
19.3328275680542,1.416281234793101,1.430724024772644,-0.48390936851501465,0.16427862644195557
19.3359055519104,1.4154421400221702,1.4295796155929565,-0.6964064836502075,0.20444037020206451
19.33897304534912,1.4146200310330832,1.428435206413269,-0.686335563659668,0.09121843427419662
19.342042446136475,1.4138116023961897,1.427672266960144,-0.6490730047225952,0.09719996899366379
19.34511923789978,1.413015549847276,1.4265278577804565,-0.6128175854682922,0.03781185671687126
19.348204135894775,1.4122318713540036,1.4253833293914795,-0.5977111458778381,0.01345845777541399
19.351288557052612,1.4114628745598696,1.425001859664917,-0.545342206954956,0.095490962266922
19.354357481002808,1.410712262916784,1.4238574504852295,-0.426504909992218,0.045075152069330215
19.35742449760437,1.4099766589639535,1.4230945110321045,-0.3539940416812897,0.059601739048957825
19.360493421554565,1.4092552161555958,1.421950101852417,-0.42449072003364563,0.02542153000831604
19.363571643829346,1.4085463445950483,1.421187162399292,-0.4466468393802643,-0.005767910275608301
19.36664915084839,1.40785247821398,1.420424222946167,-0.5161364078521729,0.03439383581280708
19.369725227355957,1.4071738275675822,1.4192798137664795,-0.48693063855171204,0.024567024782299995
19.372793674468994,1.406511757630102,1.4185168743133545,-0.6238956451416016,-0.0061951628886163235
19.37585997581482,1.4058650755689086,1.41775381565094,-0.5493705868721008,0.014740215614438057
19.378926992416382,1.4052332276001067,1.416990876197815,-0.3993133306503296,0.04892042279243469
19.38199281692505,1.4046166617832652,1.4158464670181274,-0.42348363995552063,0.08352788537740707
19.385059595108032,1.4040150020672586,1.4150835275650024,-0.2834973633289337,0.08267337828874588
19.388129949569702,1.4034278233613886,1.413939118385315,-0.615838885307312,0.06900129467248917
19.391195058822632,1.4028568547639946,1.4135576486587524,-0.5211718678474426,0.00961318425834179
19.394261837005615,1.4023008347228498,1.4127947092056274,-0.39024949073791504,-0.035675592720508575
19.397329330444336,1.4017600055653099,1.4120317697525024,-0.32176700234413147,0.029266804456710815
19.400395154953003,1.4012348306746105,1.4112688302993774,-0.5503776669502258,0.00961318425834179
19.40346121788025,1.4007250213072628,1.410887360572815,-0.3167315125465393,0.018585488200187683
19.406527280807495,1.400230666202641,1.4101243019104004,-0.3016250729560852,-0.0638742670416832
19.409594297409058,1.3997516646994355,1.409742832183838,-0.3006179928779602,-0.032684825360774994
19.41266107559204,1.3992882528603445,1.408979892730713,-0.38722819089889526,-0.05575646460056305
19.415728092193604,1.3988404016549756,1.408216953277588,-0.35902953147888184,-0.05362020432949066
19.418794631958008,1.3984082552726553,1.4078354835510254,-0.35802242159843445,0.018585488200187683
19.421861171722412,1.3979917829787913,1.4070725440979004,-0.3157244324684143,-0.027985045686364174
19.424927473068237,1.397591053972742,1.4063096046447754,-0.4567177891731262,0.03482108935713768
19.427993774414062,1.397206072450444,1.405928134918213,-0.40434882044792175,0.0061951628886163235
19.431063175201416,1.3968365089444617,1.405165195465088,-0.18178072571754456,0.009185931645333767
19.434139251708984,1.3964820429288434,1.4047837257385254,-0.4728313088417053,0.06643778085708618
19.437201738357544,1.3961449889301227,1.4040207862854004,-0.08812084794044495,0.07541008293628693
19.440274477005005,1.3958227284608198,1.403639316558838,-0.16768139600753784,0.037384603172540665
19.4433434009552,1.3955168167661833,1.402876377105713,-0.40434882044792175,0.0314030684530735
19.446423292160034,1.3952258648189626,1.4024949073791504,-0.14048981666564941,0.05404745414853096
19.449501752853394,1.3949511455903465,1.4017318487167358,-0.3469443917274475,0.06002899259328842
19.45257329940796,1.3946931086306815,1.4013503789901733,-0.40233463048934937,0.026276035234332085
19.455642223358154,1.3944513426500478,1.4005874395370483,-0.43556877970695496,0.0946364551782608
19.45870876312256,1.3942258120513178,1.4002059698104858,-0.32277408242225647,0.11343556642532349
19.461778163909912,1.3940161557886384,1.3998245000839233,-0.3137102425098419,0.1894865334033966
19.46485662460327,1.3938220638498529,1.3994430303573608,-0.21400777995586395,0.1587243527173996
19.467933177947998,1.393644302233657,1.3986800909042358,-0.2986038029193878,0.09207294136285782
19.47100305557251,1.393483095219443,1.3982986211776733,-0.15559624135494232,0.16641488671302795
19.474069356918335,1.3933382140876314,1.3979171514511108,-0.43859007954597473,0.09292744100093842
19.477142333984375,1.3932092124212705,1.3975356817245483,-0.366079181432724,0.19931334257125854
19.48019790649414,1.3930970283030706,1.3971542119979858,-0.1888303905725479,0.16299687325954437
19.483267068862915,1.3930005040863471,1.3967727422714233,0.006546120624989271,0.1283894032239914
19.4863338470459,1.3929202396339517,1.3963912725448608,-0.21199358999729156,0.18136873841285706
19.489407300949097,1.3928560393023233,1.3960098028182983,-0.27644771337509155,0.16940565407276154
19.49247455596924,1.39280818176143,1.3956283330917358,-0.05690089240670204,0.13778896629810333
19.49554181098938,1.3927765256054867,1.3952468633651733,-0.15559624135494232,0.18478675186634064
19.498608827590942,1.3927610743451575,1.3952468633651733,-0.26134127378463745,0.1770962029695511
19.501675367355347,1.392761824948294,1.3948653936386108,-0.11631952226161957,0.14077973365783691
19.504741430282593,1.39277876978906,1.3948653936386108,0.0941634252667427,0.18521401286125183
19.507807970046997,1.3928119125653247,1.3944838047027588,-0.15559624135494232,0.11813534796237946
19.5108745098114,1.392861248825195,1.3941023349761963,-0.054886702448129654,0.16726939380168915
19.513941287994385,1.392926779713494,1.3941023349761963,0.032730601727962494,0.08480964601039886
19.51700782775879,1.3930084889593435,1.3941023349761963,0.02366674318909645,0.1446250081062317
19.520074605941772,1.3931063816835785,1.3937208652496338,-0.02366674318909645,0.08651865273714066
19.52314066886902,1.39322041458922,1.3937208652496338,-0.2522774040699005,0.13223467767238617
19.526197910308838,1.3933502003301785,1.3937208652496338,-0.043808650225400925,0.1253986358642578
19.529268503189087,1.3934967038846862,1.3937208652496338,-0.11430533230304718,0.0942092016339302
19.532337188720703,1.3936592739682359,1.3933393955230713,0.030716411769390106,0.1271076500415802
19.53541326522827,1.393838431338981,1.3933393955230713,-0.07603570818901062,0.15445181727409363
19.538482427597046,1.3940333299515744,1.3933393955230713,-0.07603570818901062,0.11770809441804886
19.541550397872925,1.3942442511229864,1.3933393955230713,-0.11833371222019196,0.08523689955472946
19.5446195602417,1.3944713391542949,1.3933393955230713,-0.10222018510103226,0.12326237559318542
19.547698259353638,1.3947152746715716,1.3933393955230713,-0.08812084794044495,0.1292439103126526
19.550777435302734,1.394975395822628,1.3933393955230713,0.08610665798187256,0.1758144497871399
19.553853750228882,1.3952513775857196,1.3933393955230713,0.035751886665821075,0.21084916591644287
19.556921005249023,1.3955425447130134,1.3933393955230713,0.047837033867836,0.11728084087371826
19.559990167617798,1.3958498552638146,1.3933393955230713,0.038773175328969955,0.13308918476104736
19.563069343566895,1.396174185275727,1.3933393955230713,-0.04280155524611473,0.1907682865858078
19.566147565841675,1.3965144199866564,1.3933393955230713,-0.1414969116449356,0.23263904452323914
19.569196462631226,1.3968671568146975,1.3937208652496338,0.032730601727962494,0.2360570728778839
19.572271585464478,1.3972387656815368,1.3937208652496338,0.1928587704896927,0.2565651834011078
19.57533836364746,1.3976251727406834,1.3937208652496338,0.16365301609039307,0.2839093506336212
19.578405141830444,1.398027329014626,1.3937208652496338,0.04481574892997742,0.23562981188297272
19.581472158432007,1.3984452302693866,1.3937208652496338,0.0639505609869957,0.2228122353553772
19.584539651870728,1.398878875680785,1.3941023349761963,0.04179446026682854,0.2578469514846802
19.587606191635132,1.399328019118136,1.3941023349761963,0.13948272168636322,0.27963683009147644
19.590672492980957,1.3997927145438647,1.3944838047027588,0.19386588037014008,0.29159989953041077
19.593738794326782,1.4002729531495572,1.3944838047027588,0.06495765596628189,0.2984359562397003
19.596806287765503,1.4007688861081673,1.3948653936386108,0.024673838168382645,0.2898908853530884
19.599873304367065,1.4012802029846,1.3948653936386108,0.2240787297487259,0.2552834451198578
19.60293936729431,1.4018067660223508,1.3952468633651733,0.1414969116449356,0.2377660721540451
19.606006622314453,1.4023488966357505,1.3952468633651733,0.07200732082128525,0.2736552953720093
19.60907292366028,1.4029061670530079,1.3960098028182983,0.3197528123855591,0.3185168206691742
19.612140417099,1.4034789172776603,1.3960098028182983,0.14048981666564941,0.2663919925689697
19.615198850631714,1.404065121533842,1.3963912725448608,0.05992217734456062,0.3150987923145294
19.618271350860596,1.404669195053997,1.3967727422714233,0.2986038029193878,0.2847638726234436
19.621337890625,1.405287204425043,1.3971542119979858,0.3137102425098419,0.31253528594970703
19.624403953552246,1.4059201498487424,1.3975356817245483,0.07704280316829681,0.2894636392593384
19.62747049331665,1.4065681694526724,1.3979171514511108,0.20997940003871918,0.3163805603981018
19.630596160888672,1.4072440344803736,1.3982986211776733,0.24220645427703857,0.32748913764953613
19.633672952651978,1.4079244036929883,1.3986800909042358,0.13243305683135986,0.29629969596862793
19.63674807548523,1.4086192817138563,1.3990615606307983,0.060929276049137115,0.32321658730506897
19.639821529388428,1.4093285795262147,1.3994430303573608,0.2824902832508087,0.34073394536972046
19.642892837524414,1.4100520934913139,1.4002059698104858,0.27443352341651917,0.24246585369110107
19.645970344543457,1.4107917508880463,1.4005874395370483,0.32176700234413147,0.2689555287361145
19.6490535736084,1.4115474531777426,1.4009689092636108,0.02366674318909645,0.2676737606525421
19.652124881744385,1.4123147614978058,1.4017318487167358,0.3137102425098419,0.2399023473262787
19.655194759368896,1.4130961305592686,1.4024949073791504,0.3479514718055725,0.22708477079868317
19.658260822296143,1.413890844064653,1.402876377105713,0.3821927309036255,0.27707332372665405
19.661333560943604,1.4147015670835241,1.403639316558838,0.3328450322151184,0.29501792788505554
19.664411783218384,1.4155279941871428,1.4040207862854004,0.40535593032836914,0.21597619354724884
19.667487382888794,1.4163678918086717,1.4047837257385254,0.3479514718055725,0.2048676311969757
19.67055630683899,1.4172200107601085,1.4055466651916504,0.45470359921455383,0.2672465145587921
19.673622369766235,1.4180852656825094,1.4063096046447754,0.22911421954631805,0.18521401286125183
19.67668914794922,1.4189645708549699,1.4070725440979004,0.5272144675254822,0.221957728266716
19.67975664138794,1.4198578543185996,1.407454013824463,0.3852140009403229,0.24075685441493988
19.682823419570923,1.4207646165796781,1.4085984230041504,0.6047608256340027,0.191622793674469
19.685889959335327,1.4216849080779876,1.4093613624572754,0.5634698867797852,0.16171512007713318
19.688956022262573,1.422618567114718,1.4101243019104004,0.2361638844013214,0.19845883548259735
19.6920223236084,1.4235657232768224,1.410887360572815,0.46981003880500793,0.19418631494045258
19.69508981704712,1.4245265925902413,1.41165030002594,0.6551156044006348,0.21042190492153168
19.698156118392944,1.4255003390682581,1.4120317697525024,0.37514305114746094,0.18307773768901825
19.701197624206543,1.4264792100894648,1.41317617893219,0.4295262098312378,0.24930189549922943
19.704266786575317,1.4274800139656583,1.413939118385315,0.48491644859313965,0.19760432839393616
19.707333087921143,1.4284928649187691,1.4143205881118774,0.24422064423561096,0.2672465145587921
19.71040678024292,1.4295210837054864,1.415464997291565,0.4567177891731262,0.2557106912136078
19.713473320007324,1.4305597113029198,1.41622793674469,0.5886473059654236,0.2698100209236145
19.716540575027466,1.4316112757078807,1.416990876197815,0.4567177891731262,0.2373388260602951
19.71960687637329,1.4326751056938976,1.41775381565094,0.4113985002040863,0.3150987923145294
19.722673177719116,1.4337514275280068,1.418898344039917,0.4798809885978699,0.2557106912136078
19.72573947906494,1.434840141332582,1.419661283493042,0.5755550265312195,0.29202717542648315
19.728806495666504,1.4359414043300665,1.420424222946167,0.3489585816860199,0.2693827748298645
19.73187518119812,1.4370554709589167,1.4215686321258545,0.4275120198726654,0.2373388260602951
19.734951972961426,1.4381846325864407,1.4223315715789795,0.4637674391269684,0.21213091909885406
19.73802638053894,1.4393249679493854,1.423475980758667,0.42449072003364563,0.29330891370773315
19.741101026535034,1.4404773307706364,1.424238920211792,0.5030441880226135,0.2890363931655884
19.74417781829834,1.4416423421540423,1.4253833293914795,0.5131151080131531,0.29202717542648315
19.747273445129395,1.4428263327791395,1.426146388053894,0.4738384187221527,0.2992904484272003
19.750349521636963,1.4440145067432448,1.4272907972335815,0.365072101354599,0.2719462811946869
19.753419399261475,1.445211764265115,1.4280537366867065,0.5050583481788635,0.2646830081939697
19.75648593902588,1.4464190564892374,1.429198145866394,0.6108033657073975,0.3693598806858063
19.75955605506897,1.4476389944953623,1.4303425550460815,0.5533989667892456,0.27963683009147644
19.762633800506592,1.448873136452968,1.4311054944992065,0.304646372795105,0.38644999265670776
19.76570773124695,1.4501167991566004,1.432249903678894,0.5674982666969299,0.3800412118434906
19.768784284591675,1.4513724643953307,1.4333943128585815,0.3630579113960266,0.44968336820602417
19.771854877471924,1.4526364944255235,1.434157371520996,0.5372854471206665,0.3206530809402466
19.77492094039917,1.4539093054569128,1.4353017807006836,0.5221790075302124,0.4009765684604645
19.777987957000732,1.4551930370600217,1.436446189880371,0.6400091648101807,0.4116578996181488
19.78105640411377,1.4564877818251496,1.4375905990600586,0.722590982913971,0.287327378988266
19.78412938117981,1.4577947573155028,1.438735008239746,0.7840238213539124,0.3202258348464966
19.787197589874268,1.4591098862330973,1.4398794174194336,0.5997253656387329,0.20871290564537048
19.790266752243042,1.460435479916052,1.441023826599121,0.5916685461997986,0.21255818009376526
19.793332815170288,1.4617696542536076,1.4421683549880981,0.7497825622558594,0.2394750863313675
19.796398878097534,1.4631136190787588,1.4433127641677856,0.617853045463562,0.21084916591644287
19.799465656280518,1.4644675665921663,1.4448386430740356,0.8555275797843933,0.21341268718242645
19.802531957626343,1.4658308459924896,1.4459830522537231,0.773952841758728,0.13351644575595856
19.805598497390747,1.4672036476393906,1.4471274614334106,0.8363927602767944,0.1924773007631302
19.808664560317993,1.4685855228656095,1.4486533403396606,0.7759670615196228,0.17837797105312347
19.811731338500977,1.4699768817578602,1.4497978687286377,0.6430304646492004,0.21725794672966003
19.81479835510254,1.4713773830945167,1.4509422779083252,0.6208743453025818,0.21298542618751526
19.817864179611206,1.472786239518875,1.4524681568145752,0.6984207034111023,0.2228122353553772
19.82093071937561,1.474204194682404,1.4536125659942627,0.6631723642349243,0.3291981518268585
19.823997020721436,1.4756306780845845,1.4547569751739502,0.6410162448883057,0.3163805603981018
19.82706308364868,1.4770655553549443,1.4559013843536377,0.6984207034111023,0.2881819009780884
19.83013105392456,1.4785097043451718,1.4570459127426147,0.7487754821777344,0.3450064957141876
19.833199501037598,1.4799623272898346,1.4585717916488647,0.8132295608520508,0.3505607545375824
19.836275339126587,1.4814265935669562,1.4600976705551147,0.8152437806129456,0.3014267086982727
19.839346170425415,1.482896474426678,1.4612420797348022,0.6621652841567993,0.28177309036254883
19.84241557121277,1.4843735197897694,1.4627679586410522,0.7810025215148926,0.27835509181022644
19.845494270324707,1.4858627846279309,1.4639123678207397,0.7346761226654053,0.251865416765213
19.848571300506592,1.4873588534910358,1.4654383659362793,0.65108722448349,0.2681010067462921
19.85164737701416,1.4888619246642294,1.4665827751159668,0.8716410994529724,0.2689555287361145
19.854719877243042,1.4903705600888657,1.4681086540222168,0.7759670615196228,0.27493706345558167
19.857791662216187,1.4918860086923087,1.4692530632019043,0.6480659246444702,0.34201571345329285
19.86086082458496,1.4934071769007988,1.4707789421081543,0.6581368446350098,0.35996031761169434
19.863937854766846,1.49493913994215,1.4719233512878418,0.9814144968986511,0.3655146062374115
19.867012977600098,1.4964769082184213,1.4734493494033813,0.6974136233329773,0.2736552953720093
19.87009286880493,1.4980236855113593,1.4745937585830688,0.7900663614273071,0.2997176945209503
19.87317132949829,1.4995762247885045,1.4761196374893188,0.6420233249664307,0.383031964302063
19.87619686126709,1.5011082428552442,1.4776455163955688,0.8061798810958862,0.2706645429134369
19.879263877868652,1.502667369553796,1.4791713953018188,0.8726481795310974,0.251438170671463
19.8823299407959,1.5042320083581135,1.4806973934173584,0.8293430805206299,0.2078583985567093
19.885396480560303,1.5058027426467775,1.4822232723236084,0.6943923234939575,0.1903410404920578
19.888463020324707,1.507379183768719,1.4837491512298584,1.0025634765625,0.16128785908222198
19.891530513763428,1.508961678256962,1.4852750301361084,0.8817120790481567,0.12497138977050781
19.89459753036499,1.5105493425144396,1.4868009090423584,0.8525062799453735,0.21042190492153168
19.897664070129395,1.5121420266532062,1.488326907157898,0.7024490833282471,0.3155260682106018
19.900731086730957,1.5137400781214545,1.489852786064148,0.7427328824996948,0.24716563522815704
19.903798580169678,1.5153433509117615,1.4909971952438354,0.7598535418510437,0.22836652398109436
19.906864643096924,1.5169506970432531,1.4925230741500854,0.7528038620948792,0.35867857933044434
19.90993070602417,1.5185627139162992,1.4940489530563354,0.5886473059654236,0.34073394536972046
19.91299796104431,1.520179881340391,1.4955748319625854,0.9129320383071899,0.2698100209236145
19.916067361831665,1.521802559181341,1.497100830078125,0.9340810179710388,0.3347524106502533
19.91913604736328,1.5234290872024654,1.498626708984375,0.8031586408615112,0.38773176074028015
19.922194957733154,1.525054491328303,1.500152587890625,0.7528038620948792,0.3800412118434906
19.925261735916138,1.526687991685047,1.501678466796875,0.7799954414367676,0.2992904484272003
19.928329944610596,1.5283260256733744,1.503204345703125,1.0096131563186646,0.3697871267795563
19.931400060653687,1.5299687016793193,1.5047303438186646,0.8937972187995911,0.3655146062374115
19.93447780609131,1.5316189447255983,1.5062562227249146,1.012634515762329,0.4595101773738861
19.937551259994507,1.533270214890816,1.5077821016311646,0.7830166816711426,0.2535744309425354
19.94061851501465,1.5349213169437566,1.5093079805374146,0.6823071837425232,0.2569924592971802
19.943687915802002,1.5365765829286873,1.5108338594436646,1.0267337560653687,0.3347524106502533
19.946765661239624,1.5382392165752905,1.512359857559204,0.8122224807739258,0.37192338705062866
19.949841737747192,1.5399036626203442,1.5142672061920166,0.8635843396186829,0.27792781591415405
19.952913522720337,1.5415683390351347,1.5157930850982666,0.9360952377319336,0.2569924592971802
19.95598030090332,1.5432326919880313,1.5173189640045166,0.8192721605300903,0.27878233790397644
19.959047079086304,1.544899278257314,1.519226312637329,0.9089036583900452,0.3022812306880951
19.962116241455078,1.5465692411714138,1.5207523107528687,0.8716410994529724,0.1886320263147354
19.96519947052002,1.5482487975423147,1.5222781896591187,1.0962233543395996,0.2578469514846802
19.968275785446167,1.549926368337177,1.5241855382919312,1.0418401956558228,0.2578469514846802
19.971344232559204,1.5516012646079533,1.5257114171981812,0.8132295608520508,0.28006407618522644
19.974411249160767,1.5532768371421843,1.5272372961044312,0.7336690425872803,0.38944074511528015
19.977477550506592,1.5549533196540075,1.5287632942199707,0.9673151969909668,0.3608148396015167
19.980544328689575,1.5566312081354239,1.5302891731262207,0.8051728010177612,0.4112306535243988
19.9836106300354,1.5583098251182244,1.5321965217590332,0.7638819217681885,0.3185168206691742
19.9866783618927,1.5599900593144453,1.5337224006652832,0.9945067763328552,0.34757000207901
19.989744901657104,1.5616703184609049,1.5352483987808228,0.7044632434844971,0.3689326345920563
19.99281096458435,1.563350837996524,1.5371557474136353,0.9199817180633545,0.287327378988266
19.995877742767334,1.5650321153774602,1.5386816263198853,0.7648890018463135,0.3693598806858063
19.99894380569458,1.5667132103805226,1.5402075052261353,0.9129320383071899,0.26211947202682495
