time,command(rad),position(rad),velocity(rad/s),torque
1.1920928955078125e-06,1.5672925941044595,1.564621925354004,-0.006546120624989271,0.34073394536972046
0.003069639205932617,1.5679655781933148,1.564621925354004,-0.03978027030825615,0.35526055097579956
0.0061528682708740234,1.5686417942204238,1.564621925354004,0.17875944077968597,0.30698099732398987
0.009220123291015625,1.5693144867252817,1.564621925354004,0.022659648209810257,0.28134584426879883
0.012287378311157227,1.5699871491878377,1.564621925354004,-0.10222018510103226,0.3300526440143585
0.015354633331298828,1.5706597716146253,1.564621925354004,-0.032730601727962494,0.3770504295825958
0.01842212677001953,1.571332396289808,1.564621925354004,0.06797894090414047,0.33774319291114807
0.02148890495300293,1.572004804118172,1.5650033950805664,0.029709314927458763,0.43729305267333984
0.024555683135986328,1.572677141957074,1.5650033950805664,0.19789426028728485,0.5112077593803406
0.027622222900390625,1.573349347561429,1.565384864807129,-0.1445181965827942,0.3949950337409973
0.03069162368774414,1.5740220902471465,1.5657663345336914,0.10322728008031845,0.4317387640476227
0.03376889228820801,1.5746964568631308,1.566147804260254,0.2673838436603546,0.5530785322189331
0.03684210777282715,1.5753698247645773,1.566147804260254,0.0790569931268692,0.4116578996181488
0.03991222381591797,1.5760423932665393,1.566529393196106,0.0629434660077095,0.47019150853157043
0.04297995567321777,1.5767143093819584,1.5669108629226685,0.23112840950489044,0.5693141222000122
0.04604601860046387,1.5773857200507668,1.567292332649231,0.33788052201271057,0.35782405734062195
0.049121856689453125,1.578059120733229,1.5676738023757935,0.03675898537039757,0.4270389974117279
0.05219125747680664,1.5787309517391055,1.5684367418289185,0.42046234011650085,0.6043488383293152
0.05526566505432129,1.5794037080334111,1.568818211555481,0.3137102425098419,0.40311282873153687
0.05833268165588379,1.5800746668852252,1.5691996812820435,0.41945526003837585,0.5171892642974854
0.061400413513183594,1.5807455922711515,1.5699626207351685,0.34090182185173035,0.3642328381538391
0.0644674301147461,1.5814161613668118,1.570344090461731,0.5443350672721863,0.48599985241889954
0.0675363540649414,1.582086937486011,1.5707255601882935,0.2210574448108673,0.46890974044799805
0.07059288024902344,1.5827547851281276,1.571107029914856,0.24724192917346954,0.42148470878601074
0.07365942001342773,1.5834245914786187,1.571869969367981,0.34291601181030273,0.3659418523311615
0.07672643661499023,1.5840942623669743,1.5722514390945435,0.22005034983158112,0.3646601140499115
0.07979297637939453,1.5847635796180721,1.5730143785476685,0.10826276242733002,0.40354010462760925
0.08286070823669434,1.5854328974663188,1.573395848274231,0.18681620061397552,0.3501335084438324
0.08593034744262695,1.5861023616157932,1.574158787727356,0.32780957221984863,0.34757000207901
0.08900713920593262,1.5867731048075817,1.5749218463897705,0.3338521420955658,0.37106889486312866
0.09206390380859375,1.5874391937000054,1.5756847858428955,0.4416113495826721,0.30783551931381226
0.09513044357299805,1.5881071139561196,1.576066255569458,0.27946898341178894,0.34457921981811523
0.09819746017456055,1.5887748289067511,1.576829195022583,0.3691004812717438,0.37534141540527344
0.10126709938049316,1.5894427953009609,1.577592134475708,0.3761501610279083,0.33902496099472046
0.10434436798095703,1.590112091053443,1.578355073928833,0.46779584884643555,0.3779049217700958
0.10741901397705078,1.5907804755962198,1.5787365436553955,0.3006179928779602,0.2830548584461212
0.11049079895019531,1.5914478880481366,1.5794994831085205,0.19789426028728485,0.2851911187171936
0.11355948448181152,1.5921142676966924,1.579880952835083,0.37212178111076355,0.31210803985595703
0.11662578582763672,1.5927797609273744,1.580643892288208,0.5725337862968445,0.30612650513648987
0.11969232559204102,1.5934449274380333,1.581406831741333,0.45168229937553406,0.3039902448654175
0.12275958061218262,1.5941098606019133,1.5821698904037476,0.304646372795105,0.24802014231681824
0.12582635879516602,1.5947742920714743,1.5829328298568726,0.3489585816860199,0.19504082202911377
0.128892183303833,1.5954381089534362,1.5836957693099976,0.5010299682617188,0.1770962029695511
0.13196110725402832,1.596102178533893,1.58407723903656,0.3318379521369934,0.3035629689693451
0.1350386142730713,1.596767675072759,1.5852216482162476,0.5574273467063904,0.29715418815612793
0.1381211280822754,1.5974338123897796,1.58560311794281,0.4889448285102844,0.29159989953041077
0.1411881446838379,1.5980961518852976,1.586366057395935,0.2683909237384796,0.3501335084438324
0.14425420761108398,1.5987578280755095,1.58712899684906,0.30666056275367737,0.32150760293006897
0.14732074737548828,1.5994191399542983,1.5875104665756226,0.26335546374320984,0.27750056982040405
0.15038752555847168,1.6000800261211028,1.587891936302185,0.3036392629146576,0.3838864862918854
0.15345358848571777,1.6007402713607812,1.58865487575531,0.3962920606136322,0.32877087593078613
0.15652012825012207,1.6014001226301828,1.589417815208435,0.25932708382606506,0.3185168206691742
0.15958666801452637,1.6020594674106379,1.5901808738708496,0.2552987039089203,0.30869001150131226
0.1626577377319336,1.602719268758832,1.590562343597412,0.3962920606136322,0.34757000207901
0.1657259464263916,1.6033779285399075,1.591325283050537,0.39024949073791504,0.2890363931655884
0.1687924861907959,1.6040356940450036,1.5917067527770996,0.3801785409450531,0.32791638374328613
0.171858549118042,1.604692811771149,1.5924696922302246,0.14653238654136658,0.27835509181022644
0.17492461204528809,1.605349374285754,1.5932326316833496,0.4446326494216919,0.33945220708847046
0.1779928207397461,1.6060058307382867,1.5939955711364746,0.4436255395412445,0.3458609879016876
0.18106579780578613,1.6066627305490204,1.5947585105895996,0.35701534152030945,0.30997177958488464
0.18413400650024414,1.6073180253181092,1.5955214500427246,0.5624628067016602,0.3330434262752533
0.1872096061706543,1.6079743014454824,1.595902919769287,0.4275120198726654,0.28049135208129883
0.19028019905090332,1.6086289030166159,1.596665859222412,0.32881665229797363,0.35825130343437195
0.19334983825683594,1.6092826861096998,1.597428798675537,0.5121080279350281,0.3787594437599182
0.19641876220703125,1.6099356922806887,1.5978103876113892,0.2542915940284729,0.33987945318222046
0.19948840141296387,1.6105882161971559,1.5985733270645142,0.4154268801212311,0.3338979184627533
0.20255708694458008,1.6112398934596583,1.5993362665176392,0.5664911866188049,0.3326161503791809
0.20563316345214844,1.6118924844062998,1.6000992059707642,0.5715266466140747,0.24545662105083466
0.20870637893676758,1.6125438028954633,1.6004806756973267,0.5423209071159363,0.37534141540527344
0.21178078651428223,1.6131946987378714,1.6012436151504517,0.3701075613498688,0.32236209511756897
0.21484971046447754,1.6138437503194842,1.6016250848770142,0.24724192917346954,0.3450064957141876
0.21791625022888184,1.6144916061271049,1.6023880243301392,0.35500115156173706,0.42404821515083313
0.22098445892333984,1.615139113056019,1.6031509637832642,0.3842069208621979,0.35867857933044434
0.22405362129211426,1.6157861096314596,1.6035324335098267,0.37212178111076355,0.444129079580307
0.22713232040405273,1.616434391881847,1.6042953729629517,0.13746853172779083,0.47147324681282043
0.23019933700561523,1.6170794827961383,1.6050583124160767,0.3358663320541382,0.42404821515083313
0.23326826095581055,1.6177242346423684,1.6054397821426392,0.3539940416812897,0.46848249435424805
0.23634672164916992,1.6183702364967902,1.6062028408050537,0.19487297534942627,0.4616464376449585
0.23941612243652344,1.619013576151224,1.6065843105316162,0.30867475271224976,0.47061875462532043
0.24248218536376953,1.6196554479792153,1.6073472499847412,0.29658961296081543,0.38986802101135254
0.24554824829101562,1.6202965424747604,1.6077287197113037,0.23112840950489044,0.4962539076805115
0.24861478805541992,1.6209369496403814,1.6084916591644287,0.4939803183078766,0.4266117215156555
0.2516815662384033,1.6215766098993818,1.6092545986175537,0.2532845139503479,0.3522697687149048
0.2547481060028076,1.6222154142957512,1.6096360683441162,0.366079181432724,0.48599985241889954
0.2578151226043701,1.6228535022445678,1.6103990077972412,0.3691004812717438,0.40439459681510925
0.2608814239501953,1.6234906163541198,1.6111619472503662,0.3610437214374542,0.39029526710510254
0.2639498710632324,1.6241273410361137,1.6119248867034912,0.5664911866188049,0.31210803985595703
0.26702189445495605,1.6247639613093496,1.6123063564300537,0.3026321828365326,0.3603875935077667
0.2700624465942383,1.625393216404551,1.6130692958831787,0.33989471197128296,0.3368886709213257
0.273129940032959,1.626027187564191,1.6134508848190308,0.2049439251422882,0.2381933331489563
0.2761967182159424,1.6266601384700519,1.6145952939987183,0.5231860876083374,0.3351796865463257
0.2792625427246094,1.6272920112311544,1.6153582334518433,0.3529869616031647,0.2698100209236145
0.28232908248901367,1.627923140536535,1.6157397031784058,0.30565345287323,0.29373615980148315
0.28542304039001465,1.6285590003251444,1.6165026426315308,0.37212178111076355,0.34415197372436523
0.2885012626647949,1.6291907071198481,1.6172655820846558,0.24422064423561096,0.286472886800766
0.2915799617767334,1.6298215853680738,1.6180285215377808,0.43758296966552734,0.27920958399772644
0.2946457862854004,1.6304488953488372,1.6187914609909058,0.366079181432724,0.22922103106975555
0.2977125644683838,1.6310754626103323,1.6191729307174683,0.3962920606136322,0.29288166761398315
0.30073976516723633,1.6316930148692081,1.6199358701705933,0.29155412316322327,0.28006407618522644
0.3038058280944824,1.6323175450545222,1.6206988096237183,0.39125657081604004,0.2693827748298645
0.3068735599517822,1.6329414490945426,1.6214618682861328,0.3479514718055725,0.29245442152023315
0.3099396228790283,1.633564038886498,1.6218433380126953,0.44866102933883667,0.23093003034591675
0.31300806999206543,1.6341861278511534,1.6226062774658203,0.5111009478569031,0.24118410050868988
0.31606340408325195,1.6348045701095753,1.6233692169189453,0.40233463048934937,0.28220033645629883
0.31913232803344727,1.6354247612616701,1.6237506866455078,0.3459372818470001,0.32449835538864136
0.3222005367279053,1.636043794907502,1.6245136260986328,0.4436255395412445,0.37320515513420105
0.32526683807373047,1.6366614226393437,1.6248950958251953,0.32780957221984863,0.46506446599960327
0.32833218574523926,1.6372778288124117,1.6256580352783203,0.28047609329223633,0.46677348017692566
0.33140110969543457,1.637893913859738,1.6260395050048828,0.3771572411060333,0.3920042812824249
0.33447837829589844,1.6385106197567119,1.6268024444580078,0.32378119230270386,0.4928358793258667
0.3375513553619385,1.6391254028514097,1.6271839141845703,0.2653696537017822,0.4159304201602936
0.3406236171722412,1.6397389720464366,1.6279468536376953,0.08912795037031174,0.4009765684604645
0.34369373321533203,1.6403510340117495,1.6283283233642578,0.3318379521369934,0.43814754486083984
0.34676074981689453,1.6409613922894382,1.6290913820266724,0.1273975670337677,0.3996948301792145
0.34982967376708984,1.641571034819846,1.6298543214797974,0.3207598924636841,0.503944456577301
0.35289740562438965,1.642179336456477,1.6302357912063599,0.37312886118888855,0.4475471079349518
0.35596299171447754,1.6427861008666513,1.6309987306594849,0.3852140009403229,0.3924315273761749
0.35903215408325195,1.6433924507973734,1.6317616701126099,0.1586175262928009,0.34757000207901
0.36206579208374023,1.6439906700795732,1.6321431398391724,0.28148317337036133,0.37405967712402344
0.36513352394104004,1.6445944789826716,1.6329060792922974,0.5987182259559631,0.40311282873153687
0.36819934844970703,1.645196764740367,1.6332875490188599,0.2714122235774994,0.3514152765274048
0.37126636505126953,1.6457981276963933,1.6340504884719849,0.24422064423561096,0.33945220708847046
0.3743321895599365,1.6463980914480385,1.6348134279251099,0.3348592221736908,0.2651102542877197
0.3773975372314453,1.6469967880144585,1.6351948976516724,0.35500115156173706,0.27579155564308167
0.3804633617401123,1.6475943947723546,1.6359578371047974,0.43959715962409973,0.30954450368881226
0.3835310935974121,1.648191180304612,1.636720895767212,0.1273975670337677,0.32321658730506897
0.3866086006164551,1.6487886594455357,1.6371023654937744,0.4456397294998169,0.3984130620956421
0.389681339263916,1.6493839968080517,1.6378653049468994,0.22609293460845947,0.382177472114563
0.3927476406097412,1.649976866838775,1.638246774673462,0.3680933713912964,0.3514152765274048
0.3958144187927246,1.6505686011332625,1.639009714126587,0.41945526003837585,0.4146486520767212
0.3988809585571289,1.6511590527531468,1.639772653579712,0.5141222476959229,0.44028380513191223
0.4019505977630615,1.6517488538761107,1.6401541233062744,0.3791714310646057,0.35782405734062195
0.4050281047821045,1.6523389051923902,1.640535593032837,0.17976653575897217,0.3958495557308197
0.4080631732940674,1.6529195740285099,1.641298532485962,0.31270313262939453,0.4103761315345764
0.4111299514770508,1.6535050443659867,1.6416800022125244,0.37212178111076355,0.40653085708618164
0.4142026901245117,1.6540903684305057,1.6424429416656494,0.46578162908554077,0.43472954630851746
0.4172687530517578,1.654673130924651,1.642824411392212,0.17070268094539642,0.4740367829799652
0.4203348159790039,1.6552545962475103,1.643587350845337,0.35802242159843445,0.4800183176994324
0.4234011173248291,1.655834800829704,1.6439688205718994,0.25932708382606506,0.3680781126022339
0.4264674186706543,1.6564136907911506,1.644731879234314,0.2683909237384796,0.4103761315345764
0.4295337200164795,1.6569912575368697,1.6451133489608765,0.18379491567611694,0.4881361126899719
0.4326024055480957,1.6575679400194683,1.6458762884140015,0.32881665229797363,0.45481041073799133
0.43567848205566406,1.6581446641514714,1.646257758140564,0.3348592221736908,0.4633554518222809
0.4387514591217041,1.6587194517023702,1.647020697593689,0.1928587704896927,0.4757457971572876
0.44182777404785156,1.6592934979935894,1.6474021673202515,0.5070725679397583,0.35953307151794434
0.4448983669281006,1.6598651054695395,1.6481651067733765,0.32378119230270386,0.49710842967033386
0.447965145111084,1.6604346270797836,1.6489280462265015,0.34190890192985535,0.35782405734062195
0.451030969619751,1.6610025888861748,1.649309515953064,0.4093843102455139,0.37149614095687866
0.45406317710876465,1.6615629548522282,1.650072455406189,0.4939803183078766,0.37448692321777344
0.45713043212890625,1.6621284051943466,1.6504539251327515,0.3469443917274475,0.35483330488204956
0.46019625663757324,1.6626921838675268,1.6512168645858765,0.42449072003364563,0.2565651834011078
0.46326208114624023,1.6632545465465165,1.6519798040390015,0.3519798517227173,0.2839093506336212
0.46632814407348633,1.6638155284509508,1.6523613929748535,0.21400777995586395,0.32193484902381897
0.4693942070007324,1.664375077464859,1.6531243324279785,0.26033416390419006,0.35782405734062195
0.4724597930908203,1.6649330985967112,1.6538872718811035,0.29054704308509827,0.30740824341773987
0.4755253791809082,1.6654896706984794,1.654268741607666,0.40233463048934937,0.32578012347221375
0.4785919189453125,1.6660449579736722,1.655031681060791,0.2079652100801468,0.24930189549922943
0.4816577434539795,1.6665986498019132,1.655794620513916,0.2673838436603546,0.2689555287361145
0.4847264289855957,1.667151382291284,1.6561760902404785,0.24321354925632477,0.29117265343666077
0.48780298233032227,1.6677040412620279,1.6569390296936035,0.42247653007507324,0.24203860759735107
0.4908764362335205,1.6682546448990117,1.6577019691467285,0.3529869616031647,0.29117265343666077
0.49394845962524414,1.6688034872910713,1.658083438873291,0.4456397294998169,0.2689555287361145
0.49701857566833496,1.6693504775281491,1.658846378326416,0.2532845139503479,0.33817043900489807
0.5000660419464111,1.6698919300710908,1.6592278480529785,0.3167315125465393,0.4407110810279846
0.5031366348266602,1.6704359697208382,1.659609317779541,0.2573128938674927,0.32877087593078613
0.5062124729156494,1.6709793990621942,1.6603723764419556,0.21098649501800537,0.40439459681510925
0.5092837810516357,1.671520482421339,1.660753846168518,0.49901577830314636,0.31338977813720703
0.5123496055603027,1.6720590513012197,1.661516785621643,0.45571067929267883,0.3629510998725891
0.515416145324707,1.6725961902601094,1.6618982553482056,0.27644771337509155,0.4813000559806824
0.5184824466705322,1.6731317239138117,1.662279725074768,0.2653696537017822,0.43643853068351746
0.5215480327606201,1.6736655617633829,1.663042664527893,0.17976653575897217,0.3988403081893921
0.5246133804321289,1.674197779655846,1.6634241342544556,0.43355458974838257,0.38815900683403015
0.5276815891265869,1.6747289057914858,1.663805603981018,0.3509727716445923,0.40524908900260925
0.5307512283325195,1.675258681306085,1.6641870737075806,0.26234835386276245,0.40738537907600403
0.5338277816772461,1.6757880381579522,1.664568543434143,0.07804989814758301,0.4159304201602936
0.5368978977203369,1.6763146708255916,1.665331482887268,0.08107118308544159,0.443701833486557
0.5399641990661621,1.676839029442618,1.666094422340393,0.21803615987300873,0.3945677876472473
0.5430305004119873,1.677361761581827,1.6664758920669556,0.35902953147888184,0.35696956515312195
0.5460631847381592,1.6778771553769674,1.666857361793518,0.4103913903236389,0.5411154627799988
0.549130916595459,1.6783968713088178,1.667620301246643,0.3962920606136322,0.3330434262752533
0.552196741104126,1.6789146145036007,1.6680018901824951,0.27846190333366394,0.3928587734699249
0.5552623271942139,1.6794306608493996,1.6683833599090576,0.12336919456720352,0.5637598037719727
0.5583281517028809,1.6799450829551035,1.6691462993621826,0.2049439251422882,0.39157700538635254
0.5613937377929688,1.680457793176911,1.6695277690887451,0.2834973633289337,0.37405967712402344
0.5644607543945312,1.6809690620475675,1.6702907085418701,0.23515678942203522,0.34757000207901
0.5675268173217773,1.6814784841445363,1.6706721782684326,0.2653696537017822,0.3791866898536682
0.5705926418304443,1.6819861717287194,1.6714351177215576,0.42247653007507324,0.3321889042854309
0.573662519454956,1.68249282474144,1.6718165874481201,0.3197528123855591,0.4283207356929779
0.5767331123352051,1.6829978807864792,1.6721980571746826,0.14653238654136658,0.38858625292778015
0.5797998905181885,1.6835005898635567,1.6729609966278076,0.3147173225879669,0.30954450368881226
0.5828657150268555,1.6840014174982385,1.6733424663543701,0.39024949073791504,0.46762797236442566
0.5859339237213135,1.6845009003047338,1.6741054058074951,0.24623483419418335,0.35568779706954956
0.5890185832977295,1.6850013047454437,1.6744868755340576,0.40636301040649414,0.3689326345920563
0.5920696258544922,1.6854945158926113,1.6748683452606201,0.30666056275367737,0.3210803270339966
0.5951471328735352,1.6859902448484365,1.6756312847137451,0.46477454900741577,0.4129396378993988
0.598217248916626,1.6864830143984566,1.6760128736495972,0.43959715962409973,0.3932860195636749
0.6012859344482422,1.6869737815135208,1.6763943433761597,0.3519798517227173,0.3488517701625824
0.6043620109558105,1.6874639444915496,1.6771572828292847,0.3036392629146576,0.38773176074028015
0.6074337959289551,1.6879516317628567,1.6775387525558472,0.2552987039089203,0.4108033776283264
0.6105024814605713,1.688437031794904,1.6779202222824097,0.24321354925632477,0.3608148396015167
0.6135685443878174,1.6889202178225866,1.6786831617355347,0.3509727716445923,0.43900206685066223
0.6166362762451172,1.6894018598133844,1.6790646314620972,0.45268940925598145,0.41934844851493835
0.6197052001953125,1.6898818732125478,1.6794461011886597,0.0005035477224737406,0.42276644706726074
0.6227741241455078,1.6903600633674292,1.6798275709152222,0.11934080719947815,0.30911725759506226
0.625840425491333,1.6908360168675884,1.6802090406417847,0.13948272168636322,0.4419928193092346
0.6289057731628418,1.6913099888981773,1.6809719800949097,0.18278782069683075,0.40225833654403687
0.6319763660430908,1.6917829270387017,1.6813534498214722,0.17875944077968597,0.40610361099243164
0.6350526809692383,1.692254887777664,1.6821163892745972,0.3801785409450531,0.47147324681282043
0.6381251811981201,1.6927243992498922,1.6824978590011597,0.10020599514245987,0.3689326345920563
0.6411912441253662,1.6931910630387144,1.6828793287277222,0.2381780743598938,0.3855954706668854
0.6442570686340332,1.6936558217862407,1.6836423873901367,0.35802242159843445,0.5210345387458801
0.647322416305542,1.6941186331072142,1.6840238571166992,0.4597390592098236,0.43430227041244507
0.6503918170928955,1.694580170774371,1.6844053268432617,0.26134127378463745,0.45438316464424133
0.653461217880249,1.6950398147322783,1.6847867965698242,0.18681620061397552,0.3813229501247406
0.656527042388916,1.6954970259164757,1.6855497360229492,0.4325474798679352,0.3514152765274048
0.6595926284790039,1.6959522988594928,1.6859312057495117,0.16969558596611023,0.382177472114563
0.66265869140625,1.6964057328040842,1.6863126754760742,0.31169605255126953,0.3044174909591675
0.665724515914917,1.696857215019805,1.6870756149291992,0.2895399332046509,0.3689326345920563
0.6687905788421631,1.6973068090247212,1.6874570846557617,0.17976653575897217,0.286900132894516
0.6718573570251465,1.6977545771657887,1.6882200241088867,0.3519798517227173,0.29373615980148315
0.6749236583709717,1.6982003385172713,1.6886014938354492,0.1908445805311203,0.287327378988266
0.677994966506958,1.6986448793240134,1.6889829635620117,0.3026321828365326,0.191622793674469
0.6810681819915771,1.6990877377649072,1.6897459030151367,0.26234835386276245,0.32663461565971375
0.6841399669647217,1.6995284257917875,1.6901273727416992,0.3640649914741516,0.30911725759506226
0.6872172355651855,1.6999679248502675,1.6905088424682617,0.24925611913204193,0.29373615980148315
0.6902999877929688,1.7004062177794295,1.6912717819213867,0.29155412316322327,0.29629969596862793
0.6933703422546387,1.700840762437221,1.6916533708572388,0.2401922643184662,0.35953307151794434
0.6964375972747803,1.7012728833599486,1.6920348405838013,0.002517738612368703,0.33987945318222046
0.6995058059692383,1.701703147215798,1.6924163103103638,0.1586175262928009,0.34244295954704285
0.7025740146636963,1.7021314129441536,1.6931792497634888,0.3701075613498688,0.30911725759506226
0.7056567668914795,1.702559689904541,1.6935607194900513,0.3842069208621979,0.4607919454574585
0.7087252140045166,1.702983963649424,1.6939421892166138,0.27644771337509155,0.35996031761169434
0.7117912769317627,1.7034058926042819,1.6943236589431763,0.3348592221736908,0.26041045784950256
0.7148580551147461,1.7038258986687655,1.6947051286697388,0.27644771337509155,0.37277790904045105
0.7179241180419922,1.7042437796945307,1.6950865983963013,0.3620508015155792,0.32364386320114136
0.7209925651550293,1.7046599502436186,1.6954680681228638,-0.23012131452560425,0.37363240122795105
0.7240626811981201,1.7050743030801971,1.6962310075759888,0.39125657081604004,0.30612650513648987
0.7271318435668945,1.7054864773720206,1.6966124773025513,0.23112840950489044,0.2851911187171936
0.7301986217498779,1.7058962782278877,1.6969939470291138,0.29759669303894043,0.3646601140499115
0.7332684993743896,1.706304431584517,1.6973754167556763,0.32680246233940125,0.4129396378993988
0.736344575881958,1.7067113340566153,1.6977568864822388,0.2069581151008606,0.3531242907047272
0.7394185066223145,1.7071158716465868,1.6981383562088013,0.40535593032836914,0.37149614095687866
0.7424852848052979,1.70751738886936,1.6985198259353638,0.03675898537039757,0.4757457971572876
0.7455511093139648,1.7079166995868607,1.6989012956619263,0.13545434176921844,0.3505607545375824
0.7486176490783691,1.7083140154830112,1.6992828845977783,0.28047609329223633,0.4407110810279846
0.751683235168457,1.7087091146703743,1.6996643543243408,0.2069581151008606,0.48642709851264954
0.754751443862915,1.7091024504843437,1.7000458240509033,0.2986038029193878,0.38944074511528015
0.7578182220458984,1.7094934962614938,1.7004272937774658,-0.010574501939117908,0.42319372296333313
0.7608845233917236,1.7098823697631194,1.7008087635040283,0.29759669303894043,0.43430227041244507
0.7639505863189697,1.7102690961914044,1.7011902332305908,0.2986038029193878,0.4633554518222809
0.7670176029205322,1.710653819421361,1.7015717029571533,0.3006179928779602,0.5261616110801697
0.7700684070587158,1.7110343963121248,1.7019531726837158,0.21400777995586395,0.4599374234676361
0.7731373310089111,1.711415102044014,1.7023346424102783,0.27946898341178894,0.38986802101135254
0.7762033939361572,1.7117933123562035,1.7027161121368408,0.2845044732093811,0.4881361126899719
0.7792696952819824,1.712169406705295,1.7030975818634033,0.10322728008031845,0.5795681476593018
0.7823359966278076,1.7125433500141989,1.7034790515899658,0.19588007032871246,0.46506446599960327
0.7854053974151611,1.7129155114428705,1.7038605213165283,0.2714122235774994,0.45053789019584656
0.7884824275970459,1.713286423347178,1.7042419910430908,0.16264592111110687,0.46805524826049805
0.7915570735931396,1.7136548675740382,1.7046234607696533,0.0790569931268692,0.5522239804267883
0.7946298122406006,1.7140209003321567,1.7050049304962158,0.13545434176921844,0.5060807466506958
0.7976996898651123,1.7143844076471875,1.7053864002227783,0.37413597106933594,0.4932631552219391
0.8007657527923584,1.714745278316446,1.7053864002227783,0.05589379742741585,0.44840162992477417
0.8038341999053955,1.7151042381006785,1.7061493396759033,0.24925611913204193,0.41892117261886597
0.8069100379943848,1.7154618568739322,1.7061493396759033,0.24724192917346954,0.45352864265441895
0.8099815845489502,1.7158167676861453,1.7069122791290283,0.21602196991443634,0.4881361126899719
0.8130478858947754,1.7161688653484803,1.7072938680648804,0.27544060349464417,0.3984130620956421
0.8161232471466064,1.7165197831099879,1.7076753377914429,0.42348363995552063,0.48386359214782715
0.8191909790039062,1.7168676098574414,1.7080568075180054,0.24321354925632477,0.35867857933044434
0.8222596645355225,1.7172133208289346,1.7084382772445679,0.31270313262939453,0.537697434425354
0.8253262042999268,1.7175565630104843,1.7088197469711304,0.2996108829975128,0.5060807466506958
0.828392505645752,1.717897547393731,1.7092012166976929,0.09819180518388748,0.4407110810279846
0.83146071434021,1.7182365057056594,1.7095826864242554,0.21602196991443634,0.442420095205307
0.8345379829406738,1.7185742110416085,1.7099641561508179,0.11833371222019196,0.3680781126022339
0.8376119136810303,1.7189092915248243,1.7099641561508179,0.043808650225400925,0.43985655903816223
0.8406784534454346,1.7192413121697607,1.7107270956039429,0.23213550448417664,0.3984130620956421
0.8437445163726807,1.7195710253229952,1.7107270956039429,0.12437628954648972,0.45224690437316895
0.8468103408813477,1.7198984525183603,1.7114900350570679,0.21098649501800537,0.49839016795158386
0.8498764038085938,1.7202236398208872,1.7118715047836304,0.2573128938674927,0.46591898798942566
0.8529422283172607,1.7205465318305182,1.7122529745101929,0.18178072571754456,0.48429083824157715
0.8560106754302979,1.7208674224206897,1.7122529745101929,0.18681620061397552,0.43857482075691223
0.8590643405914307,1.7211845002569133,1.7130159139633179,0.4103913903236389,0.5129167437553406
0.8621306419372559,1.7215006099846248,1.7130159139633179,0.29759669303894043,0.32791638374328613
0.865196943283081,1.721814430128536,1.7133973836898804,0.13847562670707703,0.38730448484420776
0.868262767791748,1.7221259077627993,1.7137788534164429,0.15660333633422852,0.43772029876708984
0.871328592300415,1.7224350872441816,1.7141603231430054,0.2210574448108673,0.5244525671005249
0.8743946552276611,1.7227419877586958,1.7145417928695679,0.1445181965827942,0.4479743540287018
0.8774611949920654,1.7230466278080228,1.71492338180542,0.16163882613182068,0.31338977813720703
0.8805279731750488,1.723348978375071,1.7153048515319824,0.16466011106967926,0.42447546124458313
0.8835964202880859,1.7236491738392714,1.715686321258545,0.26335546374320984,0.4249027371406555
0.8866627216339111,1.723946837081062,1.715686321258545,0.1918516755104065,0.45224690437316895
0.8897356986999512,1.7242428148646631,1.7160677909851074,0.19990845024585724,0.5287250876426697
0.8928012847900391,1.7245357487612638,1.71644926071167,0.1425040066242218,0.3971312940120697
0.8958673477172852,1.724826394119097,1.7168307304382324,0.3328450322151184,0.34158846735954285
0.8989341259002686,1.725114767861232,1.717212200164795,0.009567406959831715,0.3650873601436615
0.9020030498504639,1.7254009969381474,1.7175936698913574,0.30968186259269714,0.4479743540287018
0.9050662517547607,1.7256843474011176,1.71797513961792,0.21199358999729156,0.4095216393470764
0.9081449508666992,1.725966766580619,1.7183566093444824,0.19588007032871246,0.3360341787338257
0.9112119674682617,1.7262457526078059,1.718738079071045,0.36003661155700684,0.4249027371406555
0.9142775535583496,1.7265222490254848,1.7191195487976074,0.009567406959831715,0.4142214059829712
0.9173438549041748,1.7267964460882914,1.71950101852417,0.18782329559326172,0.2997176945209503
0.9204111099243164,1.7270683591129816,1.71950101852417,0.16566720604896545,0.34201571345329285
0.9234774112701416,1.7273378149755825,1.7198824882507324,0.08207827806472778,0.33731594681739807
0.9265432357788086,1.7276048532390589,1.720263957977295,0.23414969444274902,0.35696956515312195
0.9296088218688965,1.7278694915381654,1.7206454277038574,0.26033416390419006,0.3817501962184906
0.9326777458190918,1.7281320310522494,1.72102689743042,0.35802242159843445,0.3851682245731354
0.9357538223266602,1.7283927819496234,1.72102689743042,0.24824902415275574,0.3971312940120697
0.9388229846954346,1.7286505476774108,1.7214083671569824,0.10725566744804382,0.42404821515083313
0.9418888092041016,1.7289056367739886,1.7214083671569824,0.11833371222019196,0.4462653398513794
0.9449572563171387,1.7291585422194313,1.721789836883545,0.30766767263412476,0.46420997381210327
0.9480266571044922,1.729409118496943,1.7221713066101074,0.052872512489557266,0.48429083824157715
0.9510631561279297,1.7296546355594735,1.72255277633667,0.32478827238082886,0.39157700538635254
0.9541301727294922,1.72990022034271,1.72255277633667,0.12034790217876434,0.43729305267333984
0.9571967124938965,1.730143352085496,1.722934365272522,0.15458914637565613,0.3035629689693451
0.9602720737457275,1.7303847545131434,1.7233158349990845,0.3157244324684143,0.4625009596347809
0.9633400440216064,1.73062314973794,1.723697304725647,0.21803615987300873,0.382604718208313
0.9664068222045898,1.7308590260770982,1.7240787744522095,0.1445181965827942,0.31039902567863464
0.9694728851318359,1.731092418966747,1.7240787744522095,0.2724193036556244,0.43430227041244507
0.972538948059082,1.7313233802378616,1.724460244178772,0.17875944077968597,0.32492560148239136
0.975604772567749,1.7315518887862558,1.7248417139053345,0.014602883718907833,0.4129396378993988
0.9786710739135742,1.73177799424612,1.725223183631897,0.23515678942203522,0.37405967712402344
0.9817380905151367,1.732001709417581,1.725223183631897,0.16566720604896545,0.3676508665084839
0.9848043918609619,1.7322229266344287,1.7256046533584595,0.030716411769390106,0.2655375003814697
0.9878706932067871,1.7324416950695203,1.7256046533584595,0.043808650225400925,0.3791866898536682
0.9909367561340332,1.7326579947505658,1.725986123085022,0.11833371222019196,0.3488517701625824
0.9940030574798584,1.732871856105189,1.7263675928115845,0.23515678942203522,0.3984130620956421
0.997067928314209,1.7330831609917383,1.726749062538147,0.1767452508211136,0.3770504295825958
1.0001368522644043,1.7332922811772826,1.726749062538147,-0.13142596185207367,0.3155260682106018
1.003206729888916,1.7334989963194236,1.7271305322647095,0.20997940003871918,0.3766231834888458
1.0062835216522217,1.7337036951836016,1.7271305322647095,-0.00553902518004179,0.38602274656295776
1.0093536376953125,1.7339054703029042,1.727512001991272,0.3449302017688751,0.40183109045028687
1.0124223232269287,1.7341046732171872,1.7278934717178345,0.08509956300258636,0.3988403081893921
1.015491247177124,1.7343014107454633,1.7278934717178345,0.010574501939117908,0.33731594681739807
1.0185577869415283,1.7344955144415906,1.728274941444397,0.027695124968886375,0.3317616581916809
1.0216238498687744,1.734687105624732,1.7286564111709595,-0.08610665798187256,0.40354010462760925
1.0246899127960205,1.734876211826078,1.7286564111709595,-0.019638361409306526,0.3539787828922272
1.0277559757232666,1.7350628302383404,1.729037880897522,0.022659648209810257,0.37192338705062866
1.0308213233947754,1.735246915428187,1.729037880897522,0.14653238654136658,0.4257572293281555
1.033888578414917,1.7354286207050935,1.7294193506240845,0.2573128938674927,0.4270389974117279
1.036956787109375,1.7356078833817348,1.7294193506240845,0.10725566744804382,0.29288166761398315
1.0400230884552002,1.7357845348038465,1.729800820350647,0.12941177189350128,0.42319372296333313
1.043062448501587,1.735957165340974,1.7301822900772095,0.29457542300224304,0.3992675542831421
1.046128511428833,1.7361288196166562,1.7301822900772095,0.18681620061397552,0.4261844754219055
1.0491952896118164,1.736298006674706,1.7305638790130615,0.0951705202460289,0.35910582542419434
1.0522620677947998,1.7364646836663802,1.7305638790130615,0.16868849098682404,0.3761959373950958
1.0553276538848877,1.736628784791992,1.730945348739624,0.2542915940284729,0.442847341299057
1.0583932399749756,1.736790372893345,1.730945348739624,-0.04179446026682854,0.38986802101135254
1.0614590644836426,1.7369494578460136,1.7313268184661865,0.04078736528754234,0.4159304201602936
1.0645248889923096,1.7371060246238563,1.731708288192749,0.12135500460863113,0.40268558263778687
1.0675935745239258,1.7372602134808819,1.7313268184661865,-0.1253833770751953,0.3155260682106018
1.0706608295440674,1.7374118047299942,1.731708288192749,0.1425040066242218,0.4150759279727936
1.0737276077270508,1.7375608456078737,1.7320897579193115,-0.1273975670337677,0.3351796865463257
1.0767931938171387,1.7377073012043547,1.7320897579193115,-0.054886702448129654,0.4466926157474518
1.0798592567443848,1.7378512499611927,1.732471227645874,0.19890135526657104,0.4902723729610443
1.0829265117645264,1.7379927212549173,1.732471227645874,0.14854657649993896,0.4009765684604645
1.085996389389038,1.7381317742325169,1.732471227645874,-0.04078736528754234,0.48514533042907715
1.0890624523162842,1.7382681167249776,1.7328526973724365,0.1606317162513733,0.4603646993637085
1.092128038406372,1.7384019004634512,1.7328526973724365,-0.07100022584199905,0.4449836015701294
1.09519362449646,1.7385331448638826,1.733234167098999,0.1606317162513733,0.4261844754219055
1.098259449005127,1.7386618578892459,1.733234167098999,0.21803615987300873,0.5359883904457092
1.101311206817627,1.738787454240569,1.733234167098999,-0.0015106431674212217,0.4257572293281555
1.1043775081634521,1.7389111089249423,1.733234167098999,-0.032730601727962494,0.3996948301792145
1.1074438095092773,1.7390322155257962,1.7336156368255615,-0.043808650225400925,0.46591898798942566
1.1105103492736816,1.7391507813641462,1.7336156368255615,-0.016617074608802795,0.5368428826332092
1.1135759353637695,1.7392667594809972,1.733997106552124,0.030716411769390106,0.47061875462532043
1.1166422367095947,1.7393802115912884,1.733997106552124,0.07100022584199905,0.40482184290885925
1.119708776473999,1.7394911171764869,1.733997106552124,-0.16667430102825165,0.4629282057285309
1.122774600982666,1.7395994406954818,1.7343785762786865,0.05690089240670204,0.40268558263778687
1.125840663909912,1.7397052148322365,1.7343785762786865,-0.01258869282901287,0.4471198618412018
1.1289072036743164,1.739808445346083,1.734760046005249,0.18782329559326172,0.5586327910423279
1.1319732666015625,1.7399090986005687,1.734760046005249,0.12437628954648972,0.43686580657958984
1.1350395679473877,1.7400071968804833,1.734760046005249,0.09819180518388748,0.4253299832344055
1.1380627155303955,1.7401014040983198,1.7351415157318115,-0.008560311049222946,0.5000991821289062
1.1411285400390625,1.7401943941005797,1.7351415157318115,0.2210574448108673,0.4317387640476227
1.1441943645477295,1.7402848177643024,1.7351415157318115,0.27443352341651917,0.4142214059829712
1.1472618579864502,1.74037272087365,1.735522985458374,0.0317235067486763,0.46933698654174805
1.1503305435180664,1.7404580848613864,1.735522985458374,-0.10020599514245987,0.3949950337409973
1.1533970832824707,1.7405408168074454,1.735522985458374,0.0015106431674212217,0.40311282873153687
1.1564640998840332,1.7406209883375146,1.735522985458374,-0.08409246802330017,0.38815900683403015
1.1595301628112793,1.7406985614680708,1.7359044551849365,0.1112840473651886,0.3855954706668854
1.1625962257385254,1.7407735603765404,1.7359044551849365,0.016617074608802795,0.5321431159973145
1.1656625270843506,1.7408459894810893,1.7359044551849365,0.04884412884712219,0.4919813871383667
1.1687281131744385,1.7409158257808448,1.736285924911499,0.3328450322151184,0.5582055449485779
1.1717946529388428,1.7409831059576648,1.736285924911499,0.11833371222019196,0.4902723729610443
1.1748631000518799,1.7410478463265804,1.736285924911499,0.07704280316829681,0.3954222798347473
1.177931547164917,1.7411100032751878,1.7366673946380615,0.0800640881061554,0.3514152765274048
1.1809990406036377,1.741169557765721,1.7366673946380615,-0.24724192917346954,0.4095216393470764
1.1840651035308838,1.7412265026672327,1.7366673946380615,-0.08308537304401398,0.4625009596347809
1.187131404876709,1.7412808696362123,1.7366673946380615,0.1596246212720871,0.40268558263778687
1.190197467803955,1.7413326494110426,1.737048864364624,0.010574501939117908,0.34671550989151
1.1932635307312012,1.7413818455507266,1.737048864364624,0.02568093314766884,0.3454337418079376
1.196329116821289,1.741428450276803,1.737048864364624,0.021652551367878914,0.5864042043685913
1.1993956565856934,1.7414724840417466,1.737048864364624,0.10222018510103226,0.4607919454574585
1.2024617195129395,1.7415139250475509,1.737048864364624,-0.03474479168653488,0.5475242137908936
1.2055277824401855,1.7415527797271648,1.7374303340911865,-0.04481574892997742,0.41763943433761597
1.2085936069488525,1.741589044784175,1.737048864364624,0.1898374855518341,0.40140384435653687
1.2116594314575195,1.7416227228022254,1.7374303340911865,-0.06898603588342667,0.46976426243782043
1.2147252559661865,1.7416538132814419,1.7374303340911865,0.0317235067486763,0.5351338982582092
1.2177929878234863,1.7416823326870412,1.7374303340911865,-0.02366674318909645,0.5146257877349854
1.2208592891693115,1.741708248961033,1.7374303340911865,0.04884412884712219,0.45011061429977417
1.2239251136779785,1.7417315721952344,1.7374303340911865,0.14955367147922516,0.43942931294441223
1.2269911766052246,1.741752307786707,1.737811803817749,0.21702906489372253,0.46591898798942566
1.2300667762756348,1.7417705059134152,1.737811803817749,0.12336919456720352,0.3975585699081421
1.23313570022583,1.7417860667468916,1.737811803817749,-0.010574501939117908,0.42319372296333313
1.2362089157104492,1.7417990486914534,1.737811803817749,0.08509956300258636,0.35696956515312195
1.2392754554748535,1.7418094082510853,1.737811803817749,0.08107118308544159,0.5282978415489197
1.2423419952392578,1.741817176292186,1.737811803817749,0.014602883718907833,0.5253070592880249
1.2454144954681396,1.741822360237193,1.7381932735443115,0.13948272168636322,0.46976426243782043
1.2484803199768066,1.7418249395965646,1.737811803817749,0.143511101603508,0.4454108476638794
1.25154709815979,1.7418249280091345,1.737811803817749,-0.16466011106967926,0.4419928193092346
1.2546136379241943,1.741822324572858,1.737811803817749,0.019638361409306526,0.5261616110801697
1.2576794624328613,1.7418171309401664,1.7381932735443115,0.10524147748947144,0.3843137323856354
1.2607452869415283,1.7418093468830937,1.7381932735443115,0.08207827806472778,0.5197528004646301
1.2638111114501953,1.7417989725171763,1.7381932735443115,-0.054886702448129654,0.45053789019584656
1.2668776512145996,1.7417860046695832,1.7381932735443115,-0.16969558596611023,0.40781262516975403
1.2699437141418457,1.741770448271788,1.7381932735443115,0.08409246802330017,0.47019150853157043
1.273010492324829,1.74175229720429,1.7381932735443115,0.02568093314766884,0.4885633587837219
1.276062250137329,1.7417316629673716,1.7381932735443115,0.0951705202460289,0.5462424755096436
1.279127597808838,1.7417083542311904,1.7381932735443115,0.03978027030825615,0.5795681476593018
1.2821948528289795,1.741682440571103,1.7381932735443115,0.22911421954631805,0.41977569460868835
1.2852609157562256,1.7416539476512638,1.7381932735443115,-0.0317235067486763,0.35526055097579956
1.2883267402648926,1.741622868844111,1.7381932735443115,0.0015106431674212217,0.504371702671051
1.291393756866455,1.7415891889021866,1.7381932735443115,-0.002517738612368703,0.5308613777160645
1.2944591045379639,1.741552940346792,1.7381932735443115,-0.07301442325115204,0.5654688477516174
1.2975246906280518,1.741514102971811,1.7381932735443115,-0.08812084794044495,0.45224690437316895
1.3005914688110352,1.7414726634617361,1.7381932735443115,-0.05690089240670204,0.4616464376449585
1.3036582469940186,1.7414286370314638,1.7381932735443115,0.08409246802330017,0.46762797236442566
1.3067269325256348,1.741381994540015,1.7381932735443115,-0.16365301609039307,0.4300297498703003
1.3097953796386719,1.7413327671833643,1.7381932735443115,-0.04884412884712219,0.382604718208313
1.312861442565918,1.741280993434797,1.7381932735443115,-0.12941177189350128,0.4565194249153137
1.315927505493164,1.7412266368179183,1.7381932735443115,0.0961776152253151,0.43601128458976746
1.3189935684204102,1.7411696981396545,1.7381932735443115,0.12437628954648972,0.4719005227088928
1.3220677375793457,1.7411100174627463,1.7381932735443115,0.16566720604896545,0.4723277688026428
1.325136661529541,1.7410478512565504,1.7381932735443115,0.08509956300258636,0.40140384435653687
1.3282020092010498,1.7409831777855587,1.7381932735443115,0.14048981666564941,0.4261844754219055
1.331268548965454,1.740915900415657,1.7381932735443115,-0.0941634252667427,0.45224690437316895
1.3343346118927002,1.740846055858204,1.7381932735443115,0.04582284390926361,0.37192338705062866
1.3374011516571045,1.7407736234258047,1.7381932735443115,0.08107118308544159,0.5163347721099854
1.3404700756072998,1.7406985555360093,1.7381932735443115,0.10926985740661621,0.3667963743209839
1.3435378074645996,1.7406209392795604,1.7381932735443115,0.2079652100801468,0.3185168206691742
1.3466036319732666,1.7405407978105303,1.7381932735443115,-0.05387960746884346,0.3787594437599182
1.349670648574829,1.740458052199911,1.7381932735443115,-0.329823762178421,0.42148470878601074
1.3527369499206543,1.7403727545348238,1.7381932735443115,0.11631952226161957,0.3838864862918854
1.3558025360107422,1.740284907880462,1.7381932735443115,0.03776608034968376,0.37320515513420105
1.35886812210083,1.7401944939434353,1.7381932735443115,-0.00553902518004179,0.3309071362018585
1.3619365692138672,1.7401014260920398,1.7381932735443115,-0.024673838168382645,0.3945677876472473
1.3650071620941162,1.740005721114006,1.7381932735443115,-0.08711375296115875,0.3035629689693451
1.3680644035339355,1.7399078775039483,1.7381932735443115,-0.04884412884712219,0.3941405415534973
1.3711302280426025,1.7398072007042429,1.737811803817749,-0.27644771337509155,0.383031964302063
1.3741960525512695,1.7397039633130074,1.737811803817749,-0.12135500460863113,0.37448692321777344
1.3772614002227783,1.7395981835163123,1.7381932735443115,0.04481574892997742,0.2693827748298645
1.3803346157073975,1.739489565671034,1.737811803817749,0.06797894090414047,0.2894636392593384
1.3834013938903809,1.7393786151892503,1.737811803817749,0.13948272168636322,0.34158846735954285
1.386467695236206,1.7392651267350745,1.737811803817749,-0.009567406959831715,0.22494849562644958
1.389533519744873,1.7391491031851,1.737811803817749,0.13344015181064606,0.2881819009780884
1.39259934425354,1.7390305288115588,1.737811803817749,0.10222018510103226,0.2651102542877197
1.3956654071807861,1.7389093958559898,1.737811803817749,0.143511101603508,0.24374762177467346
1.3987321853637695,1.7387856860890785,1.737811803817749,0.14048981666564941,0.32492560148239136
1.401798963546753,1.7386594293088637,1.737811803817749,-0.16566720604896545,0.23434805870056152
1.4048645496368408,1.738530677951557,1.7374303340911865,-0.05589379742741585,0.30869001150131226
1.4079301357269287,1.7383993853450963,1.7374303340911865,-0.3338521420955658,0.2240939885377884
1.4109985828399658,1.7382654273510472,1.7374303340911865,-0.13142596185207367,0.26169222593307495
1.4140651226043701,1.7381290129437428,1.7374303340911865,0.0317235067486763,0.3146715462207794
1.41713285446167,1.7379900071612921,1.7374303340911865,-0.10222018510103226,0.2373388260602951
1.420198917388916,1.737848542298258,1.7374303340911865,-0.13142596185207367,0.24673838913440704
1.423271894454956,1.7377042179415778,1.7374303340911865,-0.07603570818901062,0.24332036077976227
1.426337718963623,1.737557697179672,1.737048864364624,-0.14854657649993896,0.24545662105083466
1.429403305053711,1.7374086609041548,1.737048864364624,0.14653238654136658,0.23007553815841675
1.4324707984924316,1.7372570049470302,1.737048864364624,-0.11430533230304718,0.2736552953720093
1.4355387687683105,1.737102799339437,1.737048864364624,-0.014602883718907833,0.23263904452323914
1.4386048316955566,1.7369461679736187,1.737048864364624,0.08207827806472778,0.2702372670173645
1.4416742324829102,1.736786843460575,1.7366673946380615,-0.05085831880569458,0.22836652398109436
1.4447402954101562,1.7366251746841157,1.7366673946380615,0.057907987385988235,0.24673838913440704
1.4478063583374023,1.7364609921551517,1.7366673946380615,-0.13444724678993225,0.21127641201019287
1.4508728981018066,1.7362942721914032,1.736285924911499,-0.06596475094556808,0.19504082202911377
1.4539413452148438,1.7361249365679108,1.736285924911499,0.06898603588342667,0.21042190492153168
1.45701003074646,1.7359530772686935,1.736285924911499,-0.14753948152065277,0.2082856446504593
1.4600672721862793,1.7357793648358375,1.736285924911499,-0.1888303905725479,0.2048676311969757
1.4631359577178955,1.7356025013477425,1.736285924911499,-0.13444724678993225,0.2223849892616272
1.4662024974822998,1.7354232613076437,1.7359044551849365,-0.038773175328969955,0.23221179842948914
1.469268560409546,1.735241553034524,1.7359044551849365,-0.1102769523859024,0.23349355161190033
1.472334623336792,1.7350573515488161,1.7359044551849365,0.007553216069936752,0.21597619354724884
1.4753999710083008,1.734870703426987,1.735522985458374,-0.021652551367878914,0.19461356103420258
1.478466510772705,1.7346814947218676,1.735522985458374,-0.13646143674850464,0.23221179842948914
1.4815325736999512,1.7344898303462246,1.7351415157318115,-0.22609293460845947,0.23434805870056152
1.4845983982086182,1.7342956991106895,1.7351415157318115,-0.19789426028728485,0.221957728266716
1.4876642227172852,1.7340990890893517,1.7351415157318115,0.01258869282901287,0.18649576604366302
1.4907302856445312,1.7338999876220178,1.7351415157318115,0.12941177189350128,0.23221179842948914
1.4937963485717773,1.7336984128576858,1.734760046005249,-0.08610665798187256,0.1753872036933899
1.4968643188476562,1.7334942400873519,1.7343785762786865,-0.3499656617641449,0.19888609647750854
1.4999313354492188,1.733287661590945,1.7343785762786865,-0.14552529156208038,0.221957728266716
1.502997636795044,1.7330786663925595,1.7343785762786865,-0.08409246802330017,0.2399023473262787
1.5060653686523438,1.7328671104828057,1.733997106552124,0.04582284390926361,0.20444037020206451
1.509134292602539,1.73265301028981,1.733997106552124,-0.10624857246875763,0.21383993327617645
1.5122003555297852,1.732436653761141,1.733997106552124,-0.047837033867836,0.15530632436275482
1.5152690410614014,1.7322176574493566,1.7336156368255615,0.04481574892997742,0.16897840797901154
1.5183348655700684,1.7319964162288592,1.7336156368255615,-0.01359578873962164,0.18008697032928467
1.5214006900787354,1.7317727303501933,1.733234167098999,-0.011581597849726677,0.26083773374557495
1.5244665145874023,1.7315466031334674,1.733234167098999,-0.28047609329223633,0.18393224477767944
1.5275321006774902,1.7313180558044543,1.7328526973724365,-0.20091554522514343,0.1753872036933899
1.5305976867675781,1.731087074264637,1.732471227645874,-0.16667430102825165,0.1732509285211563
1.5336642265319824,1.7308535889516965,1.732471227645874,-0.22810712456703186,0.13650721311569214
1.5367305278778076,1.730617693246641,1.732471227645874,0.02064545638859272,0.15573357045650482
1.5397965908050537,1.730379391217955,1.7320897579193115,0.07603570818901062,0.1732509285211563
1.5428624153137207,1.7301386869684343,1.731708288192749,-0.11430533230304718,0.15445181727409363
1.545928716659546,1.7298955276332948,1.731708288192749,-0.032730601727962494,0.23178453743457794
1.5489983558654785,1.7296496854358483,1.7313268184661865,-0.06697184592485428,0.19760432839393616
1.5520622730255127,1.7294018924288799,1.7313268184661865,-0.12135500460863113,0.14975203573703766
1.5551276206970215,1.729151578891798,1.730945348739624,-0.23515678942203522,0.17196917533874512
1.5581934452056885,1.7288988241706267,1.730945348739624,0.13746853172779083,0.1770962029695511
1.5612597465515137,1.7286436308968405,1.7305638790130615,-0.3006179928779602,0.1894865334033966
1.5643258094787598,1.7283860621060585,1.7305638790130615,0.04078736528754234,0.18350499868392944
1.567392110824585,1.7281260815651884,1.7305638790130615,0.03675898537039757,0.1903410404920578
1.5704574584960938,1.7278637950419462,1.729800820350647,-0.2532845139503479,0.2048676311969757
1.5735235214233398,1.7275990639066852,1.729800820350647,0.007553216069936752,0.18521401286125183
1.576589822769165,1.7273319321487723,1.729800820350647,-0.12437628954648972,0.14889752864837646
1.579655647277832,1.7270624663227987,1.7294193506240845,-0.15056076645851135,0.18692301213741302
1.5827217102050781,1.7267906078399853,1.7294193506240845,-0.2220645397901535,0.19974060356616974
1.5857877731323242,1.7265163815991875,1.729037880897522,0.043808650225400925,0.1762416958808899
1.5888538360595703,1.7262397916713048,1.7286564111709595,-0.3519798517227173,0.1578698456287384
1.5919198989868164,1.7259608421623254,1.7286564111709595,0.016617074608802795,0.21683070063591003
1.5949857234954834,1.7256795591791425,1.728274941444397,-0.28148317337036133,0.2057221382856369
1.598067045211792,1.7253944856128443,1.728274941444397,-0.16768139600753784,0.17752346396446228
1.6011359691619873,1.7251082028763556,1.7278934717178345,-0.10826276242733002,0.15487907826900482
1.6042022705078125,1.724819820637705,1.727512001991272,-0.1928587704896927,0.2070038914680481
1.6072697639465332,1.7245289860552209,1.727512001991272,-0.11732661724090576,0.1762416958808899
1.6103370189666748,1.724235837987185,1.7271305322647095,-0.02568093314766884,0.126253142952919
1.6134028434753418,1.7239404966238832,1.726749062538147,-0.29658961296081543,0.13821622729301453
1.616469383239746,1.7236427604578337,1.7263675928115845,-0.2059510201215744,0.11300831288099289
1.6195354461669922,1.7233427493800255,1.7263675928115845,-0.1747310608625412,0.19674982130527496
1.62260103225708,1.723040468925999,1.725986123085022,-0.032730601727962494,0.15231555700302124
1.6256730556488037,1.7227352350751546,1.7256046533584595,-0.15458914637565613,0.11898985505104065
1.6287391185760498,1.7224282836496987,1.7256046533584595,-0.3026321828365326,0.18307773768901825
1.6318063735961914,1.7221189085389526,1.725223183631897,-0.2049439251422882,0.1570153385400772
1.6348731517791748,1.7218072818659218,1.7248417139053345,-0.09315633028745651,0.20016784965991974
1.6379427909851074,1.7214930664122545,1.7248417139053345,-0.30766767263412476,0.16214236617088318
1.641012191772461,1.7211765811718875,1.724460244178772,0.0629434660077095,0.17196917533874512
1.6440622806549072,1.720859819334993,1.7240787744522095,0.1253833770751953,0.11642633378505707
1.6471283435821533,1.7205391247722213,1.723697304725647,-0.19386588037014008,0.16983291506767273
1.6501944065093994,1.7202161552549702,1.723697304725647,-0.2371709793806076,0.1753872036933899
1.6532609462738037,1.7198908648198301,1.7233158349990845,-0.11229114234447479,0.15530632436275482
1.6563267707824707,1.7195633850138001,1.722934365272522,-0.2240787297487259,0.1907682865858078
1.6593928337097168,1.7192336193592255,1.72255277633667,-0.08308537304401398,0.2394750863313675
1.6624586582183838,1.7189016240361485,1.72255277633667,-0.2381780743598938,0.21084916591644287
1.6655266284942627,1.7185671436923353,1.7221713066101074,-0.03373769670724869,0.15359731018543243
1.6685919761657715,1.7182307036792421,1.721789836883545,-0.10826276242733002,0.13180743157863617
1.6716575622558594,1.7178919975965483,1.7214083671569824,-0.1253833770751953,0.191195547580719
1.6747238636016846,1.7175509767434043,1.7214083671569824,-0.024673838168382645,0.18735027313232422
1.6777899265289307,1.7172077517239845,1.72102689743042,0.01258869282901287,0.14547951519489288
1.6808559894561768,1.7168623012044455,1.720263957977295,-0.22005034983158112,0.2386205792427063
1.6839230060577393,1.71651452182788,1.720263957977295,-0.26436254382133484,0.1882047802209854
1.6869888305664062,1.7161646623308833,1.7198824882507324,-0.3529869616031647,0.2078583985567093
1.6900608539581299,1.7158118790679957,1.71950101852417,-0.16868849098682404,0.24844738841056824
1.6931278705596924,1.715457462818322,1.7191195487976074,-0.43758296966552734,0.17837797105312347
1.6961934566497803,1.7151010125279629,1.7191195487976074,-0.1284046620130539,0.19760432839393616
1.6992604732513428,1.7147422008273816,1.7183566093444824,-0.2855115532875061,0.18008697032928467
1.702327013015747,1.7143812551618751,1.7183566093444824,-0.15358205139636993,0.1420614868402481
1.705392837524414,1.714018210229035,1.71797513961792,-0.11329823732376099,0.19632257521152496
1.7084591388702393,1.713652930510347,1.7175936698913574,-0.10524147748947144,0.16641488671302795
1.7115252017974854,1.7132855063805037,1.717212200164795,-0.24220645427703857,0.221957728266716
1.7145917415618896,1.7129158573289296,1.7168307304382324,-0.1445181965827942,0.22452124953269958
1.7176575660705566,1.7125441327930757,1.71644926071167,-0.2583199739456177,0.252719908952713
1.720724105834961,1.712170164846742,1.7160677909851074,-0.27644771337509155,0.19461356103420258
1.723789930343628,1.7117941334928881,1.715686321258545,-0.13041886687278748,0.191195547580719
1.7268567085266113,1.7114158393669632,1.7153048515319824,-0.35701534152030945,0.1903410404920578
1.7299244403839111,1.7110352860878566,1.7153048515319824,-0.11430533230304718,0.2048676311969757
1.7329914569854736,1.7106526860897948,1.7145417928695679,-0.4426184594631195,0.24631112813949585
1.7360639572143555,1.7102672668025019,1.7141603231430054,-0.269398033618927,0.221957728266716
1.7391331195831299,1.7098801383014333,1.7137788534164429,-0.26436254382133484,0.21683070063591003
1.7421989440917969,1.709491313274614,1.7133973836898804,-0.32176700234413147,0.1890592873096466
1.745265007019043,1.7091003471431438,1.7130159139633179,-0.24220645427703857,0.21383993327617645
1.7483315467834473,1.7087072145720286,1.7126344442367554,-0.2875257432460785,0.23520256578922272
1.7513973712921143,1.7083120744690585,1.7122529745101929,-0.06697184592485428,0.24716563522815704
1.7544636726379395,1.7079147793027942,1.7122529745101929,-0.04078736528754234,0.2984359562397003
1.7575304508209229,1.7075153339965945,1.7114900350570679,-0.02870221994817257,0.24759289622306824
1.760596752166748,1.707113868696295,1.7111085653305054,-0.37514305114746094,0.17026016116142273
1.7636632919311523,1.7067102959594445,1.7107270956039429,-0.2069581151008606,0.21255818009376526
1.7667298316955566,1.7063046529138044,1.7103456258773804,-0.24824902415275574,0.2065766453742981
1.76979660987854,1.7058969138043425,1.7099641561508179,-0.21199358999729156,0.21213091909885406
1.7728626728057861,1.705487211959916,1.7095826864242554,-0.1425040066242218,0.2715190351009369
1.7759284973144531,1.705075490704975,1.7095826864242554,0.07603570818901062,0.24844738841056824
1.7789945602416992,1.7046616921153375,1.7088197469711304,-0.16365301609039307,0.20358586311340332
1.7820658683776855,1.7042451411418809,1.7084382772445679,-0.17976653575897217,0.23306630551815033
1.785139560699463,1.7038262244033668,1.7080568075180054,-0.1414969116449356,0.2578469514846802
1.7882049083709717,1.7034064162975122,1.7076753377914429,-0.2542915940284729,0.27621880173683167
1.7912707328796387,1.7029845227403524,1.7072938680648804,-0.3499656617641449,0.24716563522815704
1.7943365573883057,1.7025606151407129,1.7069122791290283,-0.00553902518004179,0.22623026371002197
1.79740309715271,1.7021346001908768,1.7065308094024658,-0.3318379521369934,0.3044174909591675
1.8004693984985352,1.7017066162350922,1.7061493396759033,-0.3016250729560852,0.30997177958488464
1.8035354614257812,1.7012766700940485,1.7053864002227783,-0.20897230505943298,0.28091859817504883
1.8066015243530273,1.7008447349504006,1.7050049304962158,-0.3499656617641449,0.2715190351009369
1.8096671104431152,1.7004108848533697,1.7046234607696533,-0.1747310608625412,0.20914015173912048
1.8127329349517822,1.6999750252490176,1.7042419910430908,-0.33888763189315796,0.2082856446504593
1.8157994747161865,1.6995370938967267,1.7038605213165283,-0.37212178111076355,0.19589532911777496
1.81886625289917,1.6990971644779054,1.7034790515899658,-0.14552529156208038,0.251438170671463
1.821932315826416,1.698655380786047,1.7030975818634033,-0.1908445805311203,0.2693827748298645
1.8249986171722412,1.6982116124241091,1.7023346424102783,-0.3962920606136322,0.26126497983932495
1.82806396484375,1.697766039184118,1.7019531726837158,-0.4949873983860016,0.2364843189716339
1.8311302661895752,1.6973183904333455,1.7015717029571533,-0.24522773921489716,0.3667963743209839
1.8342046737670898,1.6968676200569863,1.7011902332305908,-0.21098649501800537,0.30740824341773987
1.8372719287872314,1.6964159710944449,1.7008087635040283,-0.09819180518388748,0.2587014436721802
1.8403382301330566,1.6959625451168059,1.7004272937774658,-0.26134127378463745,0.2228122353553772
1.8434042930603027,1.6955072442063985,1.7000458240509033,-0.022659648209810257,0.19290456175804138
1.8464715480804443,1.695049861809299,1.6996643543243408,-0.29759669303894043,0.18136873841285706
1.8495380878448486,1.6945906886924456,1.6992828845977783,-0.3348592221736908,0.27450981736183167
1.8526062965393066,1.6941293737967245,1.6989012956619263,-0.3137102425098419,0.14077973365783691
1.8556773662567139,1.6936657405640305,1.6985198259353638,-0.3842069208621979,0.19504082202911377
1.85874605178833,1.6932005873064744,1.6981383562088013,-0.13243305683135986,0.20358586311340332
1.861811876296997,1.6927339980282408,1.6977568864822388,-0.304646372795105,0.2052948772907257
1.864877700805664,1.6922655468532932,1.6973754167556763,-0.19487297534942627,0.22494849562644958
1.867945909500122,1.6917948742738935,1.6966124773025513,-0.23918516933918,0.1591515988111496
1.8710172176361084,1.6913218725947612,1.6962310075759888,-0.32277408242225647,0.17795071005821228
1.8740627765655518,1.6908510120842055,1.6958495378494263,-0.1928587704896927,0.19418631494045258
1.8771288394927979,1.6903751534559293,1.6958495378494263,-0.09315633028745651,0.13907071948051453
1.8802015781402588,1.6898964256077753,1.6950865983963013,-0.12437628954648972,0.21383993327617645
1.8832714557647705,1.6894163180558734,1.6947051286697388,-0.3368734121322632,0.05362020432949066
1.8863489627838135,1.6889331930955442,1.6943236589431763,-0.23414969444274902,0.14804303646087646
1.8894200325012207,1.6884492651309921,1.6939421892166138,-0.27846190333366394,0.26340124011039734
1.8924870491027832,1.6879641749509897,1.6935607194900513,-0.3509727716445923,0.14975203573703766
1.895552635192871,1.6874775197858287,1.6931792497634888,-0.20192264020442963,0.1899137794971466
1.898618221282959,1.6869890810218795,1.6927977800369263,-0.1586175262928009,0.12326237559318542
1.9016847610473633,1.6864987131309426,1.6924163103103638,-0.31169605255126953,0.13907071948051453
1.9047520160675049,1.6860064600714941,1.6920348405838013,-0.06596475094556808,0.10702677816152573
1.9078178405761719,1.6855126741359345,1.6912717819213867,-0.2573128938674927,0.10659952461719513
1.910884141921997,1.6850170562787525,1.6908903121948242,-0.3852140009403229,0.10061798989772797
1.9139525890350342,1.68451934185985,1.6905088424682617,-0.16868849098682404,0.12368962913751602
1.9170217514038086,1.6840197678677944,1.6901273727416992,-0.3952849507331848,0.11471732705831528
1.92006254196167,1.6835230996660004,1.6897459030151367,-0.4718242287635803,0.10232700407505035
1.923128366470337,1.6830206244200856,1.6893644332885742,-0.2220645397901535,0.12454413622617722
1.926194190979004,1.6825164314504346,1.6886014938354492,-0.3489585816860199,0.12326237559318542
1.9292597770690918,1.6820105676492918,1.6882200241088867,-0.21702906489372253,0.08267337828874588
1.9323265552520752,1.6815028036773432,1.6878385543823242,-0.23012131452560425,0.13180743157863617
1.935394048690796,1.6809932244382761,1.6874570846557617,-0.06495765596628189,0.18435950577259064
1.9384613037109375,1.68048199553317,1.6866941452026367,-0.25932708382606506,0.18435950577259064
1.9415273666381836,1.6799692846853793,1.6863126754760742,-0.4164339601993561,0.16214236617088318
1.9445934295654297,1.6794549011439341,1.6859312057495117,-0.0800640881061554,0.20914015173912048
1.947660207748413,1.678938731966627,1.6855497360229492,-0.1112840473651886,0.11984435468912125
1.9507269859313965,1.678420904620891,1.6847867965698242,-0.22609293460845947,0.16513313353061676
1.9537932872772217,1.6779015076962394,1.6844053268432617,-0.330830842256546,0.18692301213741302
1.956859827041626,1.6773804279420204,1.6836423873901367,-0.3942778706550598,0.16128785908222198
1.959928035736084,1.6768574284922264,1.6832607984542847,-0.3932707607746124,0.17795071005821228
1.962993860244751,1.6763332085655525,1.6824978590011597,-0.2673838436603546,0.16641488671302795
1.966064214706421,1.6758065920209764,1.6821163892745972,-0.35600823163986206,0.2228122353553772
1.969130277633667,1.6752790995161462,1.6813534498214722,-0.27946898341178894,0.19632257521152496
1.9721965789794922,1.6747499627387754,1.6809719800949097,-0.15358205139636993,0.2569924592971802
1.9752626419067383,1.6742192718292976,1.6802090406417847,-0.4949873983860016,0.2847638726234436
1.9783284664154053,1.6736870350370536,1.6798275709152222,-0.4808880686759949,0.20187686383724213
1.9813940525054932,1.6731532606312345,1.6794461011886597,-0.19588007032871246,0.26126497983932495
1.9844601154327393,1.6726178318124714,1.6786831617355347,-0.42046234011650085,0.26083773374557495
1.9875261783599854,1.6720808394326525,1.6783016920089722,-0.19688716530799866,0.24161134660243988
1.9905946254730225,1.6715418720826551,1.6779202222824097,-0.4164339601993561,0.23093003034591675
1.9936633110046387,1.6710013126782535,1.6775387525558472,-0.3922636806964874,0.2202487289905548
1.9967288970947266,1.670459759385348,1.6767758131027222,-0.17170977592468262,0.251865416765213
1.999795913696289,1.6699164212657873,1.6763943433761597,-0.21803615987300873,0.221957728266716
2.0028622150421143,1.6693716859837509,1.6756312847137451,-0.21501487493515015,0.26126497983932495
2.0059309005737305,1.6688250097721724,1.6752498149871826,-0.15056076645851135,0.26211947202682495
2.0089993476867676,1.6682768663737424,1.6748683452606201,-0.3338521420955658,0.19974060356616974
2.0120623111724854,1.6677282051293731,1.6741054058074951,-0.23012131452560425,0.2693827748298645
2.0151286125183105,1.6671774555905396,1.6737239360809326,-0.38924238085746765,0.21982146799564362
2.018195629119873,1.6666250940346357,1.6729609966278076,-0.3801785409450531,0.1582970917224884
2.021268606185913,1.666070179200047,1.6725795269012451,-0.30968186259269714,0.1886320263147354
2.02433443069458,1.6655150881169334,1.6721980571746826,-0.07502861320972443,0.15359731018543243
2.027400493621826,1.6649584958026553,1.6714351177215576,-0.14653238654136658,0.18136873841285706
2.0304689407348633,1.6644000191320882,1.6710536479949951,-0.3338521420955658,0.19290456175804138
2.0335354804992676,1.663840447145054,1.6702907085418701,-0.3610437214374542,0.2223849892616272
2.036602735519409,1.6632793104332464,1.6699092388153076,-0.032730601727962494,0.20315861701965332
2.0396692752838135,1.6627168790328977,1.6695277690887451,-0.11329823732376099,0.17752346396446228
2.0427350997924805,1.6621531622903813,1.6687648296356201,-0.5010299682617188,0.1578698456287384
2.0458011627197266,1.6615879935518931,1.6683833599090576,-0.2401922643184662,0.251010924577713
2.0488674640655518,1.661021380879854,1.667620301246643,-0.3137102425098419,0.19632257521152496
2.0519344806671143,1.6604532439238358,1.6672388315200806,-0.3338521420955658,0.2228122353553772
2.055002212524414,1.659883590151981,1.6664758920669556,-0.2824902832508087,0.1595788449048996
2.0580625534057617,1.6593139377709352,1.666094422340393,-0.16566720604896545,0.24289311468601227
2.061128616333008,1.6587418555030138,1.665331482887268,-0.37514305114746094,0.19803158938884735
2.064195394515991,1.6581682817328092,1.6649500131607056,-0.26234835386276245,0.21683070063591003
2.0672616958618164,1.6575934477724625,1.6641870737075806,-0.3701075613498688,0.24673838913440704
2.0703275203704834,1.6570173627842104,1.663805603981018,-0.21904325485229492,0.24118410050868988
2.0733935832977295,1.6564399010763307,1.663042664527893,-0.43859007954597473,0.2228122353553772
2.0764596462249756,1.6558611159693946,1.6626611948013306,-0.2714122235774994,0.1741054356098175
2.07952618598938,1.655280925735963,1.662279725074768,-0.1908445805311203,0.24716563522815704
2.0825929641723633,1.654699383641171,1.661516785621643,-0.3479514718055725,0.17837797105312347
2.085660219192505,1.6541164526566594,1.660753846168518,-0.30867475271224976,0.1412069946527481
2.0887279510498047,1.653532140839184,1.6603723764419556,-0.39125657081604004,0.18777751922607422
2.0917935371398926,1.6529469574416344,1.6599907875061035,-0.3539940416812897,0.20273137092590332
2.0948619842529297,1.6523599549812846,1.6592278480529785,-0.40334174036979675,0.1595788449048996
2.097930908203125,1.6517715962094435,1.658846378326416,-0.2724193036556244,0.09207294136285782
2.1009976863861084,1.6511823936893217,1.6584649085998535,-0.21803615987300873,0.11258106678724289
2.1040658950805664,1.6505916695304392,1.658083438873291,-0.3197528123855591,0.11728084087371826
2.107135772705078,1.649999384729185,1.657320499420166,-0.37514305114746094,0.08438239246606827
2.110201358795166,1.649406699641565,1.6569390296936035,-0.22911421954631805,0.05831998214125633
2.113267660140991,1.648812657232358,1.6561760902404785,-0.30766767263412476,0.09378194808959961
2.1163341999053955,1.6482173581322237,1.655794620513916,-0.30867475271224976,0.0792553573846817
2.1194005012512207,1.647620903746772,1.6554131507873535,-0.32478827238082886,0.07412832975387573
2.122467041015625,1.6470232101792932,1.655031681060791,-0.24522773921489716,0.08694590628147125
2.125532627105713,1.646424519065938,1.654268741607666,-0.32579538226127625,0.09805447608232498
2.12859845161438,1.645824606899081,1.6538872718811035,-0.07200732082128525,0.05233844369649887
2.131664514541626,1.6452234823100766,1.6531243324279785,-0.330830842256546,0.09292744100093842
2.1347310543060303,1.6446211070732542,1.652742862701416,-0.32478827238082886,0.012603952549397945
2.1377978324890137,1.6440175365633316,1.6523613929748535,-0.329823762178421,0.07156481593847275
2.140864372253418,1.643412873589001,1.651598334312439,-0.5171434879302979,0.11001754552125931
2.143930673599243,1.6428071273939984,1.6512168645858765,-0.21199358999729156,0.10830853879451752
2.146996259689331,1.6422004016945952,1.6504539251327515,-0.2714122235774994,0.13693445920944214
2.1500651836395264,1.641591901902088,1.6496909856796265,-0.5090867280960083,0.10232700407505035
2.1531319618225098,1.6409827236850283,1.649309515953064,-0.32378119230270386,0.13351644575595856
2.1561973094940186,1.6403727359388092,1.648546576499939,-0.5201647877693176,0.11386281996965408
2.1592628955841064,1.6397616162470205,1.647783637046814,-0.34090182185173035,0.15402457118034363
2.1623284816741943,1.6391494210805457,1.6474021673202515,-0.1727168709039688,0.1420614868402481
2.1653943061828613,1.6385361117884425,1.6466392278671265,-0.41945526003837585,0.1749599426984787
2.1684622764587402,1.6379213146813973,1.6458762884140015,-0.270405113697052,0.19717708230018616
2.1715283393859863,1.637305850974061,1.6451133489608765,-0.4275120198726654,0.286472886800766
2.174600839614868,1.6366880524576357,1.644350290298462,-0.48491644859313965,0.2544289231300354
2.177666664123535,1.636070565101977,1.643587350845337,-0.3157244324684143,0.21298542618751526
2.1807327270507812,1.635452008750909,1.6432058811187744,-0.32579538226127625,0.2578469514846802
2.1837992668151855,1.6348323441327701,1.6424429416656494,-0.18580910563468933,0.27792781591415405
2.1868655681610107,1.6342117248633583,1.6416800022125244,-0.2986038029193878,0.2552834451198578
2.189931631088257,1.633590160390062,1.641298532485962,-0.18178072571754456,0.21768520772457123
2.193000078201294,1.6329671272454829,1.640535593032837,-0.2845044732093811,0.1600061058998108
2.1960623264312744,1.6323443792428125,1.6401541233062744,-0.13444724678993225,0.21683070063591003
2.1991283893585205,1.6317198903763117,1.6393911838531494,-0.18278782069683075,0.25998321175575256
2.2021942138671875,1.6310944937521372,1.639009714126587,-0.43959715962409973,0.12027160823345184
2.205260753631592,1.6304680038942325,1.638246774673462,-0.35500115156173706,0.24545662105083466
2.208327531814575,1.6298405270815877,1.6378653049468994,-0.34392309188842773,0.1890592873096466
2.211395025253296,1.6292119746364635,1.6371023654937744,-0.3036392629146576,0.1894865334033966
2.214461088180542,1.6285827958985521,1.636720895767212,-0.20091554522514343,0.1758144497871399
2.2175278663635254,1.6279525602079414,1.6359578371047974,-0.6833142638206482,0.14505226910114288
2.220594644546509,1.627321423593747,1.6351948976516724,-0.4295262098312378,0.17752346396446228
2.2236669063568115,1.6266882645233607,1.6348134279251099,-0.003524834057316184,0.1600061058998108
2.2267332077026367,1.6260554511033523,1.6340504884719849,-0.33989471197128296,0.26126497983932495
2.2297990322113037,1.6254218638180744,1.6332875490188599,-0.45571067929267883,0.11856260150671005
2.2328665256500244,1.6247870681256908,1.6329060792922974,-0.40233463048934937,0.16214236617088318
2.235933303833008,1.6241515664402186,1.6321431398391724,-0.32881665229797363,0.21255818009376526
2.238999366760254,1.6235153687942683,1.6317616701126099,-0.30766767263412476,0.1117265596985817
2.242065191268921,1.6228783860833507,1.6309987306594849,-0.1747310608625412,0.1882047802209854
2.245134115219116,1.6222399331080248,1.6306172609329224,-0.32378119230270386,0.17154192924499512
2.2482008934020996,1.6216011101663856,1.6298543214797974,-0.24824902415275574,0.18265049159526825
2.251267194747925,1.6209615801475028,1.6290913820266724,-0.27846190333366394,0.15103380382061005
2.254333019256592,1.6203213529206648,1.6283283233642578,-0.5443350672721863,0.14676126837730408
2.257398843765259,1.6196803385984204,1.6275653839111328,-0.400320440530777,0.17837797105312347
2.260464906692505,1.619038496755243,1.6268024444580078,-0.4939803183078766,0.1271076500415802
2.2635304927825928,1.6183959867368634,1.6264209747314453,-0.48592355847358704,0.18606851994991302
2.266599416732788,1.6177520175077378,1.6256580352783203,-0.304646372795105,0.15317006409168243
2.269667863845825,1.6171073980358222,1.6252765655517578,-0.3147173225879669,0.13992522656917572
2.2727339267730713,1.6164625396371874,1.6245136260986328,-0.20897230505943298,0.2663919925689697
2.2757999897003174,1.615816951304953,1.6237506866455078,-0.3640649914741516,0.21042190492153168
2.2788660526275635,1.615170642622902,1.6233692169189453,-0.1918516755104065,0.13821622729301453
2.2819321155548096,1.6145236231855118,1.6226062774658203,-0.400320440530777,0.1292439103126526
2.285001039505005,1.6138752978684656,1.6222248077392578,-0.5171434879302979,0.19418631494045258
2.28806734085083,1.6132268346575562,1.6214618682861328,-0.10826276242733002,0.18777751922607422
2.291135787963867,1.612577234939238,1.6206988096237183,-0.6208743453025818,0.14035248756408691
2.2942023277282715,1.611927366336157,1.6203173398971558,-0.29356831312179565,0.06472877413034439
2.297268867492676,1.611276834918182,1.6199358701705933,-0.2845044732093811,0.10531777143478394
2.300334930419922,1.6106257516528792,1.6195544004440308,-0.13142596185207367,0.09719996899366379
2.303401231765747,1.6099739743979737,1.6187914609909058,-0.2573128938674927,0.15103380382061005
2.3064677715301514,1.6093215126816791,1.6180285215377808,-0.3147173225879669,0.08267337828874588
2.3095338344573975,1.6086685284473008,1.6176470518112183,-0.48592355847358704,0.056183718144893646
2.3126001358032227,1.6080148791339424,1.6168841123580933,-0.3368734121322632,0.03952086716890335
2.315666437149048,1.6073606251988064,1.6165026426315308,-0.3983062505722046,0.05661097168922424
2.3187341690063477,1.606705470714031,1.6157397031784058,-0.22911421954631805,0.1275349110364914
2.3218014240264893,1.606049832473487,1.6149767637252808,-0.29356831312179565,0.043366141617298126
2.3248679637908936,1.6053937715183515,1.6145952939987183,-0.2724193036556244,0.10147249698638916
2.3279342651367188,1.604737195843381,1.6138323545455933,-0.330830842256546,0.05917448550462723
2.331000328063965,1.6040801153278033,1.6130692958831787,-0.3529869616031647,0.1420614868402481
2.3340628147125244,1.6034232560711366,1.6123063564300537,-0.34190890192985535,0.13223467767238617
2.3371291160583496,1.602765042506256,1.6115434169769287,-0.21904325485229492,0.11728084087371826
2.340195894241333,1.6021061997853214,1.6107804775238037,-0.37111467123031616,0.1591515988111496
2.343261957168579,1.6014469938501255,1.6103990077972412,-0.34190890192985535,0.2369115799665451
2.3463284969329834,1.6007871782495386,1.6096360683441162,-0.42247653007507324,0.21170367300510406
2.3493969440460205,1.6001264544030134,1.6088731288909912,-0.34392309188842773,0.16940565407276154
2.3524627685546875,1.5994658077184931,1.6081101894378662,-0.2683909237384796,0.2988632023334503
2.3555290699005127,1.598804580628456,1.6073472499847412,-0.26033416390419006,0.2890363931655884
2.358602523803711,1.5981413416339754,1.6065843105316162,-0.21400777995586395,0.30655375123023987
2.3616697788238525,1.5974789815528887,1.6058213710784912,-0.29356831312179565,0.27963683009147644
2.3647360801696777,1.5968163791511616,1.6050583124160767,-0.5594415068626404,0.2984359562397003
2.3678035736083984,1.5961530805398538,1.6042953729629517,-0.5916685461997986,0.24203860759735107
2.370870590209961,1.5954894562979929,1.6039139032363892,-0.5090867280960083,0.2843366265296936
2.373936891555786,1.5948255681171752,1.6031509637832642,-0.26134127378463745,0.26083773374557495
2.3770055770874023,1.5941607544638943,1.6023880243301392,-0.05992217734456062,0.16427862644195557
2.3800625801086426,1.5934980744823597,1.6020065546035767,-0.3539940416812897,0.19504082202911377
2.3831350803375244,1.5928316454443843,1.6012436151504517,-0.3821927309036255,0.13009841740131378
2.3862013816833496,1.592166181370696,1.6004806756973267,-0.330830842256546,0.16128785908222198
2.389267683029175,1.591500347986345,1.6000992059707642,-0.48693063855171204,0.15188831090927124
2.3923332691192627,1.590834310616702,1.5993362665176392,-0.25932708382606506,0.10019073635339737
2.395482301712036,1.5901497797644366,1.5989547967910767,-0.3368734121322632,0.17111466825008392
2.3985493183135986,1.589482733235899,1.5981918573379517,-0.4134126901626587,0.16128785908222198
2.401616334915161,1.5888153570850605,1.597428798675537,-0.43959715962409973,0.11685358732938766
2.4046833515167236,1.58814766122531,1.5970473289489746,-0.39024949073791504,0.13650721311569214
2.4077494144439697,1.5874798633351057,1.5962843894958496,-0.2875257432460785,0.095918208360672
2.410815954208374,1.586811661834245,1.5955214500427246,-0.21400777995586395,0.08053711801767349
2.413882255554199,1.5861432224632086,1.595139980316162,-0.48592355847358704,0.10232700407505035
2.4169487953186035,1.5854744511999466,1.594377040863037,-0.39024949073791504,0.06216525658965111
2.4200146198272705,1.5848055660198632,1.5939955711364746,-0.2865186631679535,0.10360875725746155
2.423067808151245,1.5841391793820503,1.592851161956787,-0.35802242159843445,0.09079118072986603
2.4261372089385986,1.5834690042664337,1.5924696922302246,-0.21602196991443634,0.10104524344205856
2.429203987121582,1.5827991614111623,1.5917067527770996,-0.3207598924636841,0.09292744100093842
2.4322712421417236,1.582128984045479,1.5909438133239746,-0.3509727716445923,0.12027160823345184
2.4353373050689697,1.581458846850391,1.5901808738708496,-0.2895399332046509,0.09036392718553543
2.438403367996216,1.580788499352859,1.5897992849349976,-0.3449302017688751,0.13052567839622498
2.441470146179199,1.5801177950552132,1.5890363454818726,-0.3539940416812897,0.14804303646087646
2.4445362091064453,1.579447056766515,1.5882734060287476,-0.45571067929267883,0.09164568781852722
2.4476022720336914,1.5787761380404737,1.5875104665756226,-0.42046234011650085,0.10916304588317871
2.4506685733795166,1.5781049966463017,1.58712899684906,-0.29759669303894043,0.10745403170585632
2.453735113143921,1.5774336425100586,1.586366057395935,-0.3137102425098419,0.16171512007713318
2.456801652908325,1.576762137778853,1.58560311794281,-0.3852140009403229,0.0638742670416832
2.4598677158355713,1.5760905968734258,1.5852216482162476,-0.400320440530777,0.1108720526099205
2.4629337787628174,1.57541892535743,1.5844587087631226,-0.2059510201215744,0.08865492045879364
2.46600079536438,1.5747469242285528,1.58407723903656,-0.30867475271224976,0.13437095284461975
2.4690654277801514,1.5740753348825651,1.583314299583435,-0.4597390592098236,0.13864347338676453
2.4721336364746094,1.573402861051831,1.58255136013031,-0.34392309188842773,0.07284656912088394
2.4752001762390137,1.572730662242653,1.5821698904037476,-0.37212178111076355,0.0638742670416832
2.4782660007476807,1.572058539490786,1.581406831741333,-0.3167315125465393,0.021149003878235817
2.481332302093506,1.5713862414420838,1.5810253620147705,-0.269398033618927,0.06942854821681976
2.484398365020752,1.5707139348906938,1.5802624225616455,-0.42247653007507324,0.026276035234332085
2.4874653816223145,1.5700413684072538,1.5794994831085205,-0.33788052201271057,0.08780041337013245
2.4905312061309814,1.569369022525605,1.579118013381958,-0.4416113495826721,0.045075152069330215
2.4935975074768066,1.5686965412415035,1.578355073928833,-0.24522773921489716,0.07156481593847275
2.496663808822632,1.5680240391086298,1.577592134475708,-0.3610437214374542,0.09079118072986603
2.4997308254241943,1.5673513692387282,1.576829195022583,-0.28047609329223633,0.11001754552125931
2.5027992725372314,1.5666783847475467,1.576066255569458,-0.5926756858825684,0.11898985505104065
2.5058679580688477,1.566005357095001,1.575303316116333,-0.45571067929267883,0.10574502497911453
2.5089337825775146,1.5653329760333476,1.574540376663208,-0.6309453248977661,0.16342411935329437
2.5119998455047607,1.564660571768794,1.5737773180007935,-0.4466468393802643,0.1288166642189026
2.5150628089904785,1.5639888862346252,1.573395848274231,-0.3962920606136322,0.15616083145141602
2.5181291103363037,1.5633165177564399,1.572632908821106,-0.33989471197128296,0.17880521714687347
2.52119517326355,1.5626442605810564,1.571869969367981,-0.40737012028694153,0.19375905394554138
2.524261236190796,1.5619720724064803,1.571107029914856,-0.5332570672035217,0.16855116188526154
2.527326822280884,1.561300067731804,1.570344090461731,-0.4134126901626587,0.1907682865858078
2.530393123626709,1.5606279952261253,1.569581151008606,-0.35701534152030945,0.15146104991436005
2.5334601402282715,1.5599558649336898,1.568818211555481,-0.42146944999694824,0.2386205792427063
2.5365259647369385,1.5592841047990105,1.5684367418289185,-0.3630579113960266,0.16684214770793915
2.5395917892456055,1.5586124635282912,1.5676738023757935,-0.2220645397901535,0.1753872036933899
2.5426576137542725,1.5579409510905218,1.5669108629226685,-0.41945526003837585,0.14590676128864288
2.5457241535186768,1.5572694208385258,1.566147804260254,-0.5000228881835938,0.16342411935329437
2.5487911701202393,1.5565979350377424,1.565384864807129,-0.37212178111076355,0.16342411935329437
2.551858901977539,1.5559264515543243,1.5650033950805664,-0.4164339601993561,0.18777751922607422
2.5549252033233643,1.555255449980802,1.5642404556274414,-0.4134126901626587,0.16940565407276154
2.5579915046691895,1.554584627123053,1.5634775161743164,-0.27544060349464417,0.16128785908222198
2.5610644817352295,1.5539125330998975,1.5627145767211914,-0.2885328531265259,0.11429007351398468
2.5641345977783203,1.55324126405286,1.562333106994629,-0.15559624135494232,0.10531777143478394
2.56720232963562,1.5525707251932135,1.561570167541504,-0.4093843102455139,0.07284656912088394
2.5702693462371826,1.5519005613762966,1.560807228088379,-0.3499656617641449,0.09378194808959961
2.5733351707458496,1.5512308865387439,1.5604257583618164,-0.29658961296081543,0.09848172962665558
2.576404094696045,1.5505607734440048,1.5596628189086914,-0.5654841065406799,0.037384603172540665
2.5794737339019775,1.549890753102185,1.5588998794555664,-0.30565345287323,0.10659952461719513
2.5825400352478027,1.5492217198304805,1.5581368207931519,-0.5705195665359497,0.005767910275608301
2.585606336593628,1.5485529548594346,1.5577553510665894,-0.400320440530777,0.16086061298847198
2.588672637939453,1.5478844681184327,1.5569924116134644,-0.2845044732093811,0.07113756239414215
2.59173846244812,1.5472163734206426,1.5562294721603394,-0.3167315125465393,0.10147249698638916
2.594804286956787,1.5465485767048859,1.5558480024337769,-0.34291601181030273,0.053192950785160065
2.597870111465454,1.5458810878830884,1.5550850629806519,-0.2240787297487259,0.06771954149007797
2.6009368896484375,1.5452137093787375,1.5543221235275269,-0.3781643509864807,0.035675592720508575
2.604003667831421,1.5445466587853294,1.5539406538009644,-0.3006179928779602,0.024567024782299995
2.6070637702941895,1.543881396926958,1.5531777143478394,-0.22005034983158112,0.03610284626483917
2.6101362705230713,1.5432137881184715,1.5524147748947144,-0.2069581151008606,0.08694590628147125
2.613203287124634,1.5425477288041607,1.5520333051681519,-0.34392309188842773,0.0950637087225914
2.6162712574005127,1.5418818301174726,1.5512703657150269,-0.365072101354599,0.054901961237192154
2.619337558746338,1.541216671049162,1.5505073070526123,-0.37212178111076355,0.07711909711360931
2.6224029064178467,1.5405521058299387,1.5501258373260498,-0.3680933713912964,0.08310063183307648
2.6254689693450928,1.539887782457928,1.5493628978729248,-0.24522773921489716,0.07284656912088394
2.628535509109497,1.539223762686699,1.5485999584197998,-0.531242847442627,0.07626459002494812
2.6316020488739014,1.5385601597240772,1.5478370189666748,-0.5010299682617188,0.10788128525018692
2.6346683502197266,1.5378970349683985,1.5474555492401123,-0.13344015181064606,0.07498283684253693
2.6377341747283936,1.5372344496743964,1.5466926097869873,-0.4144197702407837,0.09207294136285782
2.6408021450042725,1.536571847249487,1.5459296703338623,-0.35500115156173706,0.06515602022409439
2.6438679695129395,1.5359101643880653,1.5451667308807373,-0.2371709793806076,0.12283512949943542
2.6469337940216064,1.5352489473236801,1.5447852611541748,-0.330830842256546,0.09719996899366379
2.6500000953674316,1.5345881031409385,1.5440223217010498,-0.548363447189331,0.06045624613761902
2.653062582015991,1.53392856575666,1.5432593822479248,-0.3318379521369934,0.15317006409168243
2.656128406524658,1.5332688044738936,1.5424963235855103,-0.4899519383907318,0.15188831090927124
2.659193992614746,1.5326095994413491,1.5417333841323853,-0.3831998109817505,0.12112611532211304
2.662259578704834,1.5319509091151706,1.5413519144058228,-0.4154268801212311,0.13907071948051453
2.6653263568878174,1.5312924874375609,1.5405889749526978,-0.3479514718055725,0.09292744100093842
2.6683926582336426,1.5306347026777098,1.5398260354995728,-0.3962920606136322,0.16684214770793915
2.671462059020996,1.5299767981211974,1.5390630960464478,-0.5181506276130676,0.16726939380168915
2.6745283603668213,1.529320112221676,1.5383001565933228,-0.5010299682617188,0.1924773007631302
2.67759370803833,1.5286641940858903,1.5375372171401978,-0.6631723642349243,0.1732509285211563
2.6806600093841553,1.5280086453216146,1.5371557474136353,-0.4144197702407837,0.16598764061927795
2.6837265491485596,1.527353628912321,1.5363928079605103,-0.32378119230270386,0.14889752864837646
2.686793327331543,1.5266991547219755,1.5356298685073853,-0.270405113697052,0.06942854821681976
2.689861536026001,1.5260449785612835,1.5352483987808228,-0.4154268801212311,0.1758144497871399
2.692930221557617,1.5253913140529687,1.5344853401184082,-0.5513847470283508,0.18521401286125183
2.696000337600708,1.5247379683536884,1.5337224006652832,-0.3016250729560852,0.12069886177778244
2.6990625858306885,1.5240869279405738,1.5329594612121582,-0.401327520608902,0.14718852937221527
2.7021286487579346,1.5234357175056952,1.5325779914855957,-0.3177386224269867,0.20401312410831451
2.7051947116851807,1.5227851581239424,1.5318150520324707,-0.29155412316322327,0.15573357045650482
2.7082607746124268,1.5221352594528945,1.5310521125793457,-0.26033416390419006,0.2202487289905548
2.7113265991210938,1.5214860815983273,1.5302891731262207,-0.2552987039089203,0.12454413622617722
2.714393138885498,1.5208374324192946,1.5295262336730957,-0.38823530077934265,0.16556039452552795
2.7174596786499023,1.520189473079548,1.5291447639465332,-0.3006179928779602,0.11728084087371826
2.7205257415771484,1.5195423137930366,1.5283818244934082,-0.42449072003364563,0.2074311375617981
2.7235913276672363,1.5188959638383837,1.5276188850402832,-0.48491644859313965,0.14590676128864288
2.726658582687378,1.5182499808163972,1.5268558263778687,-0.3469443917274475,0.13479819893836975
2.729724168777466,1.5176050772870076,1.5264743566513062,-0.31270313262939453,0.13992522656917572
2.732790470123291,1.516960760928782,1.5257114171981812,-0.37514305114746094,0.1578698456287384
2.735856056213379,1.5163173418940652,1.5249484777450562,-0.2996108829975128,0.08609139919281006
2.738921880722046,1.5156746293978112,1.5245670080184937,-0.37413597106933594,0.10232700407505035
2.7419886589050293,1.5150324834815558,1.5238040685653687,-0.45268940925598145,0.06814679503440857
2.7450647354125977,1.5143891703142593,1.5234225988388062,-0.31169605255126953,0.04165713116526604
2.748133659362793,1.5137481407174584,1.5226596593856812,-0.4093843102455139,0.049774929881095886
2.7512006759643555,1.5131083051286052,1.5218967199325562,-0.401327520608902,0.054901961237192154
2.7542672157287598,1.5124693736929102,1.5215152502059937,-0.37514305114746094,0.0476386658847332
2.7573330402374268,1.511831405101454,1.5207523107528687,-0.3489585816860199,0.08181887865066528
2.7604000568389893,1.5111940121198957,1.5203708410263062,-0.4899519383907318,0.05831998214125633
2.7634661197662354,1.5105576502429168,1.5196079015731812,-0.47081711888313293,0.06088349595665932
2.766533374786377,1.5099218836678607,1.5188448429107666,-0.3701075613498688,0.06045624613761902
2.7696022987365723,1.5092866241910015,1.518463373184204,-0.3147173225879669,0.03482108935713768
2.7726714611053467,1.5086521781676085,1.517700433731079,-0.23515678942203522,0.046784162521362305
2.775738000869751,1.5080191454352003,1.5173189640045166,-0.31068894267082214,0.08438239246606827
2.778803825378418,1.5073871402324326,1.5165560245513916,-0.37111467123031616,-0.01602197252213955
2.781869649887085,1.506756024186235,1.516174554824829,-0.4416113495826721,0.04422064498066902
2.7849361896514893,1.5061256597401393,1.515411615371704,-0.34291601181030273,-0.019867246970534325
2.7880027294158936,1.5054962035980928,1.514648675918579,-0.3348592221736908,0.06771954149007797
2.791065216064453,1.5048684952512774,1.5142672061920166,-0.3701075613498688,0.03823911026120186
2.794140577316284,1.5042390784121422,1.5135042667388916,-0.2522774040699005,0.014740215614438057
2.7972066402435303,1.5036125020465132,1.513122797012329,-0.4305332899093628,0.012603952549397945
2.8002729415893555,1.502986822398018,1.512359857559204,-0.4466468393802643,0.03994812071323395
2.8033387660980225,1.5023621945913206,1.5115967988967896,-0.5050583481788635,0.06472877413034439
2.806406021118164,1.5017382397502912,1.5108338594436646,-0.24724192917346954,0.05447470769286156
2.809473991394043,1.501115113660009,1.5100709199905396,-0.546349287033081,0.042084380984306335
2.8125405311584473,1.50049326105326,1.509689450263977,-0.1898374855518341,0.10189975053071976
2.8156068325042725,1.4998724486218726,1.508926510810852,-0.43758296966552734,0.10830853879451752
2.8186728954315186,1.499252685350842,1.5085450410842896,-0.19990845024585724,0.13351644575595856
2.821739673614502,1.4986337879058536,1.507400631904602,-0.3932707607746124,0.10061798989772797
2.8248062133789062,1.4980159581705783,1.5070191621780396,-0.24422064423561096,0.13138018548488617
2.8278722763061523,1.4973992529957758,1.5062562227249146,-0.5252002477645874,0.1600061058998108
2.8309412002563477,1.4967830113783618,1.5054932832717896,-0.29658961296081543,0.11471732705831528
2.834007740020752,1.4961682959505875,1.505111813545227,-0.583611786365509,0.14761577546596527
2.837067127227783,1.4955560667852503,1.504348874092102,-0.3670862913131714,0.11471732705831528
2.8401360511779785,1.4949429944425487,1.5035858154296875,-0.3620508015155792,0.16769665479660034
2.8432018756866455,1.4943316156700357,1.503204345703125,-0.38622111082077026,0.09677271544933319
2.846268892288208,1.4937210827425178,1.50244140625,-0.3459372818470001,0.05276569724082947
2.8493359088897705,1.4931116426625382,1.5020599365234375,-0.1898374855518341,0.07669184356927872
2.852403163909912,1.4925032572359835,1.5012969970703125,-0.18782329559326172,0.09036392718553543
2.855468988418579,1.4918962658808275,1.5005340576171875,-0.24824902415275574,0.11514458060264587
2.8585352897644043,1.4912902994634207,1.500152587890625,-0.26134127378463745,0.0318303182721138
2.8616011142730713,1.4906855554440717,1.4993896484375,-0.29155412316322327,0.08908216655254364
2.8646674156188965,1.4900818546864452,1.498626708984375,-0.3831998109817505,-0.0036316472105681896
2.867741107940674,1.489477849301862,1.4982452392578125,-0.25932708382606506,0.13266193866729736
2.870807409286499,1.4888764530276395,1.4974822998046875,-0.4406042695045471,0.07711909711360931
2.8738739490509033,1.4882761743959778,1.497100830078125,-0.3328450322151184,0.057892728596925735
2.8769431114196777,1.4876765572575228,1.496337890625,-0.5372854471206665,0.05276569724082947
2.880014657974243,1.4870776599972595,1.4955748319625854,-0.3167315125465393,0.11343556642532349
2.8830630779266357,1.4864844535834525,1.4948118925094604,-0.3499656617641449,0.09848172962665558
2.886129379272461,1.48588896384644,1.494430422782898,-0.13344015181064606,0.08480964601039886
2.889195442199707,1.485294728894278,1.493667483329773,-0.29155412316322327,0.08993667364120483
2.892261505126953,1.4847017111996739,1.492904543876648,-0.43959715962409973,0.10702677816152573
2.8953278064727783,1.4841098735958873,1.4925230741500854,-0.3761501610279083,0.1104447990655899
2.8983941078186035,1.4835192710309328,1.4917601346969604,-0.32780957221984863,0.1433432549238205
2.901461124420166,1.482929774943673,1.491378664970398,-0.3358663320541382,0.13907071948051453
2.904527425765991,1.4823416690377538,1.490615725517273,-0.24522773921489716,0.1600061058998108
2.9075937271118164,1.4817548244238132,1.489852786064148,-0.44866102933883667,0.10232700407505035
2.9106597900390625,1.4811692952963735,1.4894713163375854,-0.2865186631679535,0.05661097168922424
2.9137258529663086,1.480585044668711,1.489089846611023,-0.15559624135494232,0.12454413622617722
2.9167916774749756,1.480002126495311,1.488326907157898,-0.23012131452560425,0.07541008293628693
2.9198577404022217,1.4794204587666633,1.4875638484954834,-0.33788052201271057,0.12368962913751602
2.9229273796081543,1.478839419324302,1.4868009090423584,-0.3016250729560852,0.07113756239414215
2.9259963035583496,1.4782598309609696,1.486419439315796,-0.35802242159843445,0.007049668114632368
2.929065227508545,1.4776815667562797,1.4860379695892334,-0.2663767337799072,0.09207294136285782
2.9321346282958984,1.4771045457733083,1.4852750301361084,-0.32579538226127625,0.05105668678879738
2.93520188331604,1.4765292685252465,1.484893560409546,-0.19386588037014008,0.03610284626483917
2.9382681846618652,1.4759555179424049,1.4845120906829834,-0.2230716347694397,0.06088349595665932
2.9413347244262695,1.4753830790156708,1.4837491512298584,-0.26234835386276245,0.012176699936389923
2.944401502609253,1.4748119605629115,1.483367681503296,-0.40535593032836914,0.00021362630650401115
2.9474680423736572,1.4742422598651244,1.482604742050171,-0.26234835386276245,-0.03439383581280708
2.9505350589752197,1.4736738526650062,1.4822232723236084,-0.20292973518371582,-0.010467689484357834
2.953601121902466,1.4731070121935939,1.481841802597046,-0.19688716530799866,-0.0023498893715441227
2.956666946411133,1.4725416138213576,1.481078863143921,-0.3932707607746124,-0.03311207890510559
2.9597325325012207,1.4719776656132293,1.4806973934173584,-0.3358663320541382,0.002777141984552145
2.9627983570098877,1.4714150882204193,1.4803158044815063,-0.5131151080131531,-0.11300831288099289
2.9658639430999756,1.470853977491105,1.4795528650283813,-0.29759669303894043,-0.03695734962821007
2.9689300060272217,1.4702942110038888,1.4791713953018188,-0.37514305114746094,-0.0625925064086914
2.971998691558838,1.4697354075029725,1.4787899255752563,-0.1425040066242218,0.02670328877866268
2.975062608718872,1.469178919647083,1.4780269861221313,-0.1727168709039688,-0.01516746822744608
2.978128433227539,1.4686235411861392,1.4776455163955688,-0.13948272168636322,0.004486152436584234
2.9811952114105225,1.4680694551641922,1.4768825769424438,-0.42046234011650085,-0.00021362630650401115
2.9842615127563477,1.4675169286047687,1.4761196374893188,-0.3620508015155792,0.06729228794574738
2.9873275756835938,1.4669659262338026,1.4757381677627563,-0.29558250308036804,-0.010894942097365856
2.990393877029419,1.4664163705398858,1.4749752283096313,-0.3338521420955658,0.03653009980916977
2.9934628009796143,1.4658678444763595,1.4742122888565063,-0.3620508015155792,0.09079118072986603
2.9965288639068604,1.4653213361299295,1.4734493494033813,-0.2855115532875061,0.08780041337013245
2.9995951652526855,1.4647762992268554,1.4730678796768188,-0.40636301040649414,0.09848172962665558
3.0026609897613525,1.4642328688175428,1.4723048210144043,-0.42146944999694824,0.1570153385400772
3.0057268142700195,1.4636909680919798,1.4719233512878418,-0.21904325485229492,0.15103380382061005
3.008793354034424,1.463150479207004,1.4707789421081543,-0.33788052201271057,0.19546806812286377
3.01185941696167,1.462611620475918,1.4703974723815918,-0.40434882044792175,0.16598764061927795
3.014925479888916,1.4620743157340006,1.4696345329284668,-0.3922636806964874,0.16726939380168915
3.017991781234741,1.4615385313588765,1.4692530632019043,-0.11833371222019196,0.21255818009376526
3.021064043045044,1.4610032802430242,1.4684901237487793,-0.46477454900741577,0.1882047802209854
3.02413010597229,1.4604706885546714,1.4681086540222168,-0.3972991406917572,0.13907071948051453
3.0271966457366943,1.459939600178873,1.4673457145690918,-0.33888763189315796,0.18393224477767944
3.0302624702453613,1.4594102292697317,1.4669642448425293,-0.19688716530799866,0.13522544503211975
3.0333290100097656,1.45888233668445,1.4662013053894043,-0.3983062505722046,0.16598764061927795
3.036395311355591,1.4583560948051755,1.4658198356628418,-0.2734264135360718,0.16342411935329437
3.039461135864258,1.4578315517976517,1.4650568962097168,-0.2573128938674927,0.10574502497911453
3.042527198791504,1.4573085928847243,1.4646753072738647,-0.42046234011650085,0.11856260150671005
3.045593023300171,1.4567873071595208,1.4642938375473022,-0.29356831312179565,0.13052567839622498
3.048659324645996,1.456267580936423,1.4639123678207397,-0.04582284390926361,0.07370107620954514
3.0517261028289795,1.4557494226992176,1.4631494283676147,-0.28047609329223633,0.08310063183307648
3.054793119430542,1.4552328810039648,1.4627679586410522,-0.33788052201271057,0.09378194808959961
3.057858943939209,1.4547182036694686,1.4623864889144897,-0.20091554522514343,0.10019073635339737
3.060925006866455,1.4542051574127592,1.4620050191879272,-0.16264592111110687,0.0784008577466011
3.063990831375122,1.4536938296382091,1.4612420797348022,-0.42449072003364563,0.0638742670416832
3.0670642852783203,1.453182921826732,1.4604791402816772,-0.3358663320541382,0.02371251955628395
3.0701305866241455,1.4526748991946108,1.4600976705551147,-0.3147173225879669,0.06173800304532051
3.0731992721557617,1.4521681853043464,1.4597162008285522,-0.3368734121322632,0.014740215614438057
3.0762686729431152,1.4516630658545866,1.4589532613754272,-0.20897230505943298,0.06814679503440857
3.0793347358703613,1.4511602131560963,1.4585717916488647,-0.38722819089889526,0.09762722253799438
3.082401752471924,1.4506589288402527,1.4578088521957397,-0.32478827238082886,0.04635690897703171
3.08546781539917,1.4501595320922323,1.4574273824691772,-0.4929732084274292,0.095918208360672
3.0885348320007324,1.449661719663879,1.4570459127426147,-0.32378119230270386,0.01345845777541399
3.0916032791137695,1.449165423588111,1.4566643238067627,-0.15358205139636993,0.05831998214125633
3.094675064086914,1.4486703468371902,1.4559013843536377,-0.3328450322151184,0.06942854821681976
3.0977442264556885,1.4481774580307303,1.4555199146270752,-0.2563057839870453,-0.02243076264858246
3.100811004638672,1.4476867218857397,1.4547569751739502,-0.2865186631679535,0.05874723568558693
3.103877067565918,1.4471978759501032,1.4543755054473877,-0.32680246233940125,0.11856260150671005
3.1069447994232178,1.446710548188152,1.4536125659942627,-0.2522774040699005,0.1112993061542511
3.1100144386291504,1.446224711095865,1.4532310962677002,-0.31068894267082214,0.10275425016880035
3.113065004348755,1.445743677475508,1.4524681568145752,-0.45470359921455383,0.10531777143478394
3.1161344051361084,1.4452614766072276,1.4520866870880127,-0.3489585816860199,0.12112611532211304
3.11934757232666,1.4447586352938593,1.4517052173614502,-0.24422064423561096,0.10189975053071976
3.122478723526001,1.4442705508350993,1.4509422779083252,-0.3318379521369934,0.10659952461719513
3.125596284866333,1.4437864769976434,1.4505608081817627,-0.26436254382133484,0.08224612474441528
3.1286959648132324,1.4433070589271444,1.4501793384552002,-0.19487297534942627,0.0476386658847332
3.131765604019165,1.4428341410331622,1.4497978687286377,-0.21199358999729156,0.11813534796237946
3.134838581085205,1.4423625638217705,1.4494163990020752,-0.27544060349464417,0.095490962266922
3.137921094894409,1.4418913947570977,1.4486533403396606,-0.304646372795105,0.09036392718553543
3.1409902572631836,1.4414241358841533,1.4486533403396606,-0.23515678942203522,0.03866636008024216
3.1440680027008057,1.4409574504635605,1.4478904008865356,-0.3831998109817505,-0.0010681315325200558
3.1471354961395264,1.4404941999022844,1.4475089311599731,-0.27846190333366394,0.016449226066470146
3.15020751953125,1.4400321534898148,1.4471274614334106,-0.17875944077968597,0.005340657662600279
3.1532797813415527,1.4395719679736,1.4467459917068481,-0.24522773921489716,-0.059601739048957825
3.1563405990600586,1.439115389691967,1.4463645219802856,-0.25932708382606506,0.0318303182721138
3.159407138824463,1.4386598594719344,1.4459830522537231,-0.2583199739456177,-0.02841229923069477
3.1624739170074463,1.4382062042060721,1.4456015825271606,-0.38924238085746765,-0.06173800304532051
3.1655404567718506,1.4377545011673807,1.4452201128005981,-0.02870221994817257,-0.004486152436584234
3.1686065196990967,1.4373047915103112,1.4448386430740356,-0.07603570818901062,-0.0472114123404026
3.171673059463501,1.4368569420344834,1.4440757036209106,-0.32478827238082886,-0.08609139919281006
3.174741268157959,1.436410787324962,1.4436942338943481,-0.3026321828365326,-0.12497138977050781
3.177818775177002,1.4359652350486622,1.4433127641677856,-0.34291601181030273,-0.03353932872414589
3.1808929443359375,1.4355221269574583,1.4429312944412231,-0.43859007954597473,0.0010681315325200558
3.1839663982391357,1.435081087766707,1.4425498247146606,-0.14955367147922516,-0.05062943324446678
3.1870369911193848,1.4346424285312136,1.4421683549880981,-0.21501487493515015,-0.006622415501624346
3.190065860748291,1.4342116647170349,1.4414052963256836,0.049851223826408386,-0.01773098297417164
3.1931350231170654,1.4337771371140793,1.441023826599121,-0.24925611913204193,0.0036316472105681896
3.1962008476257324,1.4333450648869546,1.4406423568725586,-0.30666056275367737,-0.09292744100093842
3.1992664337158203,1.4329150141715876,1.4398794174194336,-0.14854657649993896,0.021576257422566414
3.2023324966430664,1.432486891245536,1.439497947692871,-0.35701534152030945,0.05105668678879738
3.2053990364074707,1.4320607033964983,1.4391164779663086,-0.3449302017688751,0.029694056138396263
3.208465576171875,1.4316365236906297,1.438735008239746,-0.2059510201215744,-0.021149003878235817
3.2115318775177,1.4312143911710629,1.437972068786621,-0.13142596185207367,0.03610284626483917
3.2145979404449463,1.4307943116347934,1.4375905990600586,-0.329823762178421,0.08865492045879364
3.217664957046509,1.4303761287006294,1.437209129333496,-0.22810712456703186,0.09079118072986603
3.220731258392334,1.4299600763694689,1.436446189880371,-0.26335546374320984,0.08096437156200409
3.22379994392395,1.4295457419391169,1.4360647201538086,-0.5090867280960083,0.14847028255462646
3.226876735687256,1.429132369486058,1.435683250427246,-0.12236209958791733,0.1271076500415802
3.2299442291259766,1.4287223022889097,1.434920310974121,-0.24119935929775238,0.0963454619050026
3.23301100730896,1.4283143889850178,1.4345388412475586,-0.2583199739456177,0.11642633378505707
3.236069440841675,1.4279096412793626,1.434157371520996,-0.26134127378463745,0.12283512949943542
3.239152193069458,1.4275037587743202,1.4333943128585815,-0.1606317162513733,0.0963454619050026
3.242227792739868,1.4271009085114137,1.433012843132019,-0.07502861320972443,0.13266193866729736
3.2452993392944336,1.4267006791097576,1.4326313734054565,-0.1576104313135147,0.17880521714687347
3.2483696937561035,1.4263026983811038,1.432249903678894,-0.08912795037031174,0.1924773007631302
3.2514491081237793,1.4259056514678776,1.4318684339523315,-0.19386588037014008,0.14633402228355408
3.254539966583252,1.425509258035342,1.4311054944992065,-0.29558250308036804,0.11599908769130707
3.257611036300659,1.425117520895836,1.430724024772644,-0.33888763189315796,0.14505226910114288
3.2606778144836426,1.4247284442226302,1.4303425550460815,-0.13646143674850464,0.1104447990655899
3.2637438774108887,1.4243415749054151,1.429961085319519,-0.3318379521369934,0.09292744100093842
3.266810178756714,1.4239567978621843,1.4295796155929565,-0.1445181965827942,0.095490962266922
3.269876480102539,1.4235741489713725,1.429198145866394,-0.28047609329223633,0.10489051789045334
3.272942304611206,1.4231936929215974,1.4288166761398315,-0.20897230505943298,0.063019759953022
3.2760112285614014,1.4228149943075739,1.428435206413269,-0.0015106431674212217,0.07241931557655334
3.2790634632110596,1.4224404863870925,1.4280537366867065,-0.22710002958774567,0.03439383581280708
3.2821362018585205,1.4220656151465187,1.427672266960144,-0.24623483419418335,0.05917448550462723
3.2852094173431396,1.4216928515310108,1.4272907972335815,-0.26134127378463745,0.10745403170585632
3.28828501701355,1.4213219727823956,1.426909327507019,-0.22508582472801208,0.07370107620954514
3.291353940963745,1.4209540723806509,1.4265278577804565,-0.04582284390926361,-0.0117494473233819
3.294419527053833,1.4205887450209136,1.426146388053894,-0.01258869282901287,0.01901274174451828
3.2974863052368164,1.4202254540126948,1.425764799118042,-0.18681620061397552,0.08224612474441528
3.3005530834198,1.4198643472366277,1.4253833293914795,-0.2895399332046509,0.05917448550462723
3.303619861602783,1.4195054300558576,1.4253833293914795,-0.06999313086271286,0.0318303182721138
3.3066866397857666,1.41914870780101,1.4246203899383545,-0.21803615987300873,0.00961318425834179
3.309752941131592,1.418794240721574,1.4246203899383545,-0.1102769523859024,0.04293888807296753
3.312818765640259,1.4184420330530765,1.4238574504852295,-0.2986038029193878,-0.021576257422566414
3.3158857822418213,1.4180918990688924,1.4238574504852295,-0.13948272168636322,0.023285267874598503
3.3189520835876465,1.4177440622276578,1.4230945110321045,-0.23213550448417664,-0.004058899823576212
3.3220205307006836,1.4173982047011786,1.422713041305542,-0.10423437505960464,-0.01345845777541399
3.325066566467285,1.4170570775281683,1.4223315715789795,-0.32176700234413147,0.033966582268476486
3.328144073486328,1.4167146613294157,1.4223315715789795,0.016617074608802795,0.001495384145528078
3.3312103748321533,1.4163757316782153,1.421950101852417,-0.05387960746884346,0.008758679032325745
3.3342769145965576,1.4160390166463392,1.421187162399292,-0.18681620061397552,0.045075152069330215
3.3373429775238037,1.4157045995081692,1.4208056926727295,-0.19688716530799866,-0.01345845777541399
3.340409994125366,1.415372329728452,1.420424222946167,-0.30968186259269714,0.029266804456710815
3.3434767723083496,1.4150423421763263,1.420424222946167,-0.13444724678993225,0.025848783552646637
3.346546173095703,1.4147143365444055,1.4200427532196045,-0.20997940003871918,0.0322575718164444
3.3496158123016357,1.4143885756594377,1.419661283493042,-0.23112840950489044,0.049774929881095886
3.3526816368103027,1.4140654905225774,1.4192798137664795,-0.33989471197128296,0.03610284626483917
3.3557474613189697,1.413744679690295,1.418898344039917,-0.11732661724090576,0.07797360420227051
3.3588132858276367,1.413426147924299,1.4185168743133545,-0.18379491567611694,0.039093613624572754
3.3618791103363037,1.4131098999524703,1.418135404586792,-0.21400777995586395,0.00961318425834179
3.364945411682129,1.4127958918159407,1.418135404586792,-0.2573128938674927,0.0946364551782608
3.3680124282836914,1.4124841050981176,1.4173723459243774,-0.1425040066242218,0.03311207890510559
3.371062755584717,1.4121762958008033,1.4173723459243774,-0.13746853172779083,0.009185931645333767
3.374129056930542,1.4118691716292069,1.416990876197815,-0.1918516755104065,0.024139773100614548
3.377206563949585,1.411563245377077,1.4166094064712524,-0.26033416390419006,0.0634470134973526
3.3802828788757324,1.411259765367894,1.41622793674469,-0.3137102425098419,0.057892728596925735
3.3833611011505127,1.4109584311932188,1.4158464670181274,-0.12135500460863113,0.0480659194290638
3.3864407539367676,1.4106592978407644,1.415464997291565,-0.23414969444274902,0.10019073635339737
3.389509439468384,1.4103635631213611,1.4150835275650024,-0.13847562670707703,-0.010467689484357834
3.392575740814209,1.410070389050798,1.41470205783844,-0.14753948152065277,-0.020294498652219772
3.395643711090088,1.4097793916467887,1.41470205783844,-0.16466011106967926,-0.005767910275608301
3.398714065551758,1.4094905120290844,1.4143205881118774,-0.1596246212720871,0.03524833917617798
3.4017910957336426,1.4092033611211403,1.413939118385315,-0.16868849098682404,-0.0049134050495922565
3.4048635959625244,1.4089189913889024,1.4135576486587524,-0.24925611913204193,0.01602197252213955
3.4079458713531494,1.4086360891584917,1.41317617893219,-0.19487297534942627,-0.018158236518502235
3.4110476970672607,1.4083537954642846,1.41317617893219,-0.018631266430020332,-0.00021362630650401115
3.414144277572632,1.4080743878176873,1.4127947092056274,-0.17070268094539642,0.035675592720508575
3.4172253608703613,1.4077987713069442,1.412413239479065,-0.2875257432460785,0.02200350910425186
3.4203083515167236,1.4075253773399092,1.4120317697525024,-0.07100022584199905,-0.0032043945975601673
3.423377752304077,1.4072555706659884,1.4120317697525024,-0.10020599514245987,0.005340657662600279
3.4264447689056396,1.4069883517198627,1.41165030002594,-0.0951705202460289,0.0801098644733429
3.429511785507202,1.4067235139730667,1.4112688302993774,-0.13142596185207367,-0.05020218342542648
3.4325802326202393,1.4064609395040755,1.410887360572815,-0.19688716530799866,-0.010040436871349812
3.4356589317321777,1.4061998910112676,1.410887360572815,-0.2532845139503479,0.06643778085708618
3.438737154006958,1.405941293565621,1.4105058908462524,-0.09214923530817032,0.013885710388422012
3.4418129920959473,1.4056853079052953,1.4101243019104004,-0.21702906489372253,-0.04293888807296753
3.4448819160461426,1.4054323039184755,1.4101243019104004,-0.24119935929775238,-0.008331426419317722
3.4479494094848633,1.4051818234850755,1.409742832183838,-0.16163882613182068,-0.011322194710373878
3.4510226249694824,1.4049332913393406,1.409742832183838,-0.06596475094556808,0.019439993426203728
3.4540669918060303,1.404689479678802,1.4093613624572754,0.07200732082128525,-0.029694056138396263
3.457146644592285,1.4044452634553786,1.408979892730713,-0.22609293460845947,-0.00961318425834179
3.460223436355591,1.404203709660646,1.4085984230041504,0.07704280316829681,-0.016449226066470146
3.4632928371429443,1.4039651653685428,1.408216953277588,-0.3539940416812897,-0.0036316472105681896
3.466362237930298,1.4037290509564024,1.408216953277588,-0.10826276242733002,0.0032043945975601673
3.4694395065307617,1.4034947740708044,1.4078354835510254,-0.26335546374320984,-0.059601739048957825
3.4725115299224854,1.4032633396366823,1.407454013824463,-0.28148317337036133,0.019439993426203728
3.4755806922912598,1.4030345618193987,1.407454013824463,-0.1898374855518341,-0.05404745414853096
3.478647232055664,1.402808419706591,1.4070725440979004,-0.05589379742741585,-0.00747692072764039
3.4817137718200684,1.4025847201233015,1.4070725440979004,-0.08509956300258636,-0.08438239246606827
3.4847822189331055,1.4023633295361926,1.406691074371338,-0.05589379742741585,0.0314030684530735
3.487865924835205,1.4021433085305746,1.4063096046447754,-0.07200732082128525,-0.0010681315325200558
3.4909415245056152,1.4019263360675314,1.4063096046447754,0.05085831880569458,0.03781185671687126
3.4940147399902344,1.4017119990874125,1.405928134918213,-0.16365301609039307,-0.03994812071323395
3.4970688819885254,1.4015014389390397,1.4055466651916504,-0.10524147748947144,0.043366141617298126
3.5001401901245117,1.4012921580188737,1.4055466651916504,-0.043808650225400925,-0.022858014330267906
3.5032169818878174,1.401084982786475,1.405165195465088,-0.31068894267082214,0.05917448550462723
3.5062921047210693,1.400880402561679,1.4047837257385254,-0.2573128938674927,0.063019759953022
3.5093634128570557,1.400678556508331,1.404402256011963,-0.11833371222019196,0.0061951628886163235
3.5124351978302,1.4004791615531587,1.404402256011963,-0.032730601727962494,-0.03012130968272686
3.515512466430664,1.4002819029071003,1.4040207862854004,0.03474479168653488,0.03311207890510559
3.518585681915283,1.4000873965716285,1.403639316558838,-0.173723965883255,0.049774929881095886
3.5216548442840576,1.3998956355867638,1.4032578468322754,-0.22609293460845947,0.027557794004678726
3.524721622467041,1.399706510701184,1.4032578468322754,-0.06697184592485428,0.07241931557655334
3.5277881622314453,1.3995198892070881,1.402876377105713,-0.22005034983158112,0.09250018745660782
3.530855894088745,1.3993356879817285,1.402876377105713,-0.12437628954648972,0.07541008293628693
3.5339276790618896,1.39915374437594,1.4024949073791504,0.1102769523859024,0.08224612474441528
3.5370213985443115,1.3989730338303221,1.4021133184432983,-0.23515678942203522,0.024994278326630592
3.540065050125122,1.3987977304038186,1.4021133184432983,0.022659648209810257,0.09933622926473618
3.543142080307007,1.3986230100701245,1.4017318487167358,-0.04280155524611473,0.032684825360774994
3.5462143421173096,1.3984510764817761,1.4017318487167358,-0.1757381558418274,0.06729228794574738
3.5492818355560303,1.3982819204896364,1.4013503789901733,-0.11732661724090576,0.08096437156200409
3.5523486137390137,1.3981153143693241,1.4009689092636108,0.05085831880569458,0.05276569724082947
3.5554158687591553,1.397951195541646,1.4009689092636108,-0.2240787297487259,0.09164568781852722
3.5584850311279297,1.3977894928364396,1.4005874395370483,-0.018631266430020332,0.1117265596985817
3.5615622997283936,1.3976298944101795,1.4002059698104858,0.02870221994817257,0.08224612474441528
3.564636468887329,1.3974729899887532,1.4002059698104858,0.05891508236527443,0.14975203573703766
3.567704200744629,1.3973189404908202,1.3998245000839233,-0.07100022584199905,0.06857404112815857
3.5707802772521973,1.397167008284401,1.3998245000839233,-0.1747310608625412,0.045075152069330215
3.573848009109497,1.3970180199369027,1.3994430303573608,-0.2240787297487259,0.07241931557655334
3.5769145488739014,1.3968716184910777,1.3994430303573608,-0.2059510201215744,0.11557183414697647
3.5799810886383057,1.396727747734226,1.3990615606307983,-0.0951705202460289,0.11258106678724289
3.5830483436584473,1.396586377132,1.3986800909042358,0.016617074608802795,0.1266804039478302
3.586122751235962,1.3964472218533264,1.3986800909042358,-0.1596246212720871,0.09933622926473618
3.589200496673584,1.3963104696760276,1.3986800909042358,-0.15056076645851135,0.043366141617298126
3.592280387878418,1.396176182444327,1.3982986211776733,-0.11229114234447479,0.11215381324291229
3.595351457595825,1.3960448320279917,1.3982986211776733,-0.03776608034968376,0.12326237559318542
3.598418951034546,1.3959161806009344,1.3979171514511108,-0.07603570818901062,0.12198062241077423
3.601487636566162,1.3957900271220802,1.3975356817245483,0.007553216069936752,0.16342411935329437
3.604564666748047,1.3956660913244192,1.3975356817245483,-0.002517738612368703,0.04122987762093544
3.6076388359069824,1.3955448332414788,1.3971542119979858,-0.24522773921489716,0.06088349595665932
3.610708236694336,1.395426320379282,1.3971542119979858,0.08509956300258636,0.18265049159526825
3.613778829574585,1.3953103198946815,1.3971542119979858,-0.10423437505960464,0.1741054356098175
3.616856098175049,1.395196636202547,1.3967727422714233,-0.0005035477224737406,0.1595788449048996
3.6199307441711426,1.3950856195833334,1.3967727422714233,-0.08107118308544159,0.14804303646087646
3.623004198074341,1.394977215260052,1.3963912725448608,-0.17775234580039978,0.16940565407276154
3.6260626316070557,1.3948718922803296,1.3963912725448608,-0.07100022584199905,0.14590676128864288
3.629129409790039,1.3947688392365496,1.3960098028182983,0.11329823732376099,0.17837797105312347
3.6322035789489746,1.3946681094179423,1.3960098028182983,-0.32277408242225647,0.16897840797901154
3.635272264480591,1.3945701285703829,1.3960098028182983,0.02064545638859272,0.16299687325954437
3.63835072517395,1.3944744163522995,1.3956283330917358,-0.1727168709039688,0.18307773768901825
3.6414268016815186,1.3943813615345146,1.3956283330917358,-0.2401922643184662,0.13138018548488617
3.6444950103759766,1.3942911184856266,1.3956283330917358,-0.14552529156208038,0.1279621571302414
3.647561550140381,1.3942034942311425,1.3952468633651733,-0.0639505609869957,0.16769665479660034
3.650627613067627,1.394118453312104,1.3952468633651733,-0.05992217734456062,0.191622793674469
3.6536941528320312,1.3940359705400756,1.3952468633651733,-0.008560311049222946,0.09250018745660782
3.6567630767822266,1.393955999437928,1.3948653936386108,-0.0800640881061554,0.11386281996965408
3.659830093383789,1.393878653623984,1.3948653936386108,-0.009567406959831715,0.053192950785160065
3.662897825241089,1.3938038666079406,1.3948653936386108,-0.02870221994817257,0.07284656912088394
3.6659650802612305,1.3937316688627746,1.3944838047027588,-0.047837033867836,0.11599908769130707
3.6690337657928467,1.393662017768785,1.3944838047027588,-0.06596475094556808,0.15274280309677124
3.6720659732818604,1.3935957307306228,1.3944838047027588,0.011581597849726677,0.10916304588317871
3.6751365661621094,1.3935311745470207,1.3944838047027588,-0.2673838436603546,0.10189975053071976
3.6782033443450928,1.3934692808629625,1.3944838047027588,0.021652551367878914,0.11001754552125931
3.681269884109497,1.393409973303501,1.3941023349761963,0.00553902518004179,0.095490962266922
3.6843366622924805,1.3933532435273452,1.3941023349761963,-0.19487297534942627,0.061310749500989914
3.687406539916992,1.3932990436723574,1.3941023349761963,0.04280155524611473,0.14035248756408691
3.690483808517456,1.3932473120544027,1.3941023349761963,0.0790569931268692,0.15359731018543243
3.6935553550720215,1.3931982719989793,1.3937208652496338,0.022659648209810257,0.13522544503211975
3.6966257095336914,1.3931518431522738,1.3937208652496338,-0.1767452508211136,0.11343556642532349
3.6996965408325195,1.3931080000629752,1.3937208652496338,-0.13948272168636322,0.15317006409168243
3.702765703201294,1.3930667725093344,1.3937208652496338,0.06596475094556808,0.11514458060264587
3.7058422565460205,1.3930280466601934,1.3937208652496338,0.04179446026682854,0.00961318425834179
3.7089173793792725,1.3929919416936343,1.3933393955230713,-0.060929276049137115,0.08908216655254364
3.711991310119629,1.3929584520201606,1.3933393955230713,0.15156786143779755,0.07754635065793991
3.715066432952881,1.3929275521648203,1.3933393955230713,0.008560311049222946,-0.012603952549397945
3.7181432247161865,1.3928992414312875,1.3933393955230713,-0.08409246802330017,0.10574502497911453
3.7212138175964355,1.392873586884279,1.3933393955230713,-0.15156786143779755,0.08352788537740707
3.7242863178253174,1.3928505157313376,1.3933393955230713,-0.08107118308544159,0.08395513892173767
3.7273566722869873,1.392830058447886,1.3933393955230713,-0.02064545638859272,0.09164568781852722
3.7304234504699707,1.3928122176108988,1.3929579257965088,-0.10524147748947144,0.10745403170585632
3.733491897583008,1.392796960553323,1.3929579257965088,-0.09013504534959793,0.09121843427419662
3.7365689277648926,1.3927842661353018,1.3929579257965088,-0.12437628954648972,0.1292439103126526
3.7396445274353027,1.3927741849446305,1.3929579257965088,0.12236209958791733,0.15445181727409363
3.7427210807800293,1.392766708710761,1.3929579257965088,0.09315633028745651,0.10104524344205856
3.7457900047302246,1.3927618499201615,1.3925764560699463,-0.05085831880569458,0.10959029197692871
3.7488577365875244,1.3927595872538845,1.3929579257965088,0.13142596185207367,0.095918208360672
3.751927375793457,1.3927599193669584,1.3929579257965088,0.03978027030825615,0.10275425016880035
3.7549967765808105,1.3927628481397238,1.3929579257965088,0.27846190333366394,0.14975203573703766
3.7580630779266357,1.3927683665645374,1.3925764560699463,-0.07603570818901062,0.09976348280906677
3.761129856109619,1.392776477669857,1.3925764560699463,0.12437628954648972,0.11728084087371826
3.7641961574554443,1.3927871788129516,1.3925764560699463,0.0941634252667427,0.08053711801767349
3.767263650894165,1.3928004765660211,1.3925764560699463,-0.049851223826408386,0.15402457118034363
3.7703301906585693,1.3928163617318263,1.3925764560699463,-0.002517738612368703,0.12283512949943542
3.773397207260132,1.3928348408801998,1.3925764560699463,-0.029709314927458763,0.08950942009687424
3.7764642238616943,1.3928559114680377,1.3925764560699463,-0.052872512489557266,0.0792553573846817
3.7795302867889404,1.3928795654221648,1.3925764560699463,-0.015609979629516602,0.10019073635339737
3.782597541809082,1.3929058192473525,1.3925764560699463,-0.26234835386276245,0.03012130968272686
3.7856667041778564,1.3929346826031639,1.3925764560699463,0.15156786143779755,0.051483940333127975
3.788743257522583,1.3929662184233822,1.3925764560699463,0.11329823732376099,0.13266193866729736
3.7918128967285156,1.393000280211136,1.3925764560699463,-0.009567406959831715,0.10873579233884811
3.7948803901672363,1.3930369088817063,1.3925764560699463,0.1425040066242218,0.0942092016339302
3.7979466915130615,1.3930761110513323,1.3925764560699463,0.007553216069936752,0.06729228794574738
3.801015853881836,1.3931179400685256,1.3925764560699463,-0.02668802998960018,0.10702677816152573
3.804069757461548,1.393162132694204,1.3925764560699463,0.07804989814758301,0.11557183414697647
3.807158946990967,1.393209445060811,1.3925764560699463,0.04582284390926361,0.12112611532211304
3.8102312088012695,1.39325910004843,1.3925764560699463,0.021652551367878914,0.07626459002494812
3.8133015632629395,1.3933113157809796,1.3925764560699463,0.07200732082128525,0.0801098644733429
3.8163788318634033,1.3933662478428281,1.3925764560699463,-0.17976653575897217,0.1604333519935608
3.8194549083709717,1.393423757960216,1.3925764560699463,0.043808650225400925,0.0480659194290638
3.822524309158325,1.3934837327908316,1.3925764560699463,-0.14552529156208038,0.1292439103126526
3.825592279434204,1.393546263678758,1.3925764560699463,-0.01258869282901287,0.07754635065793991
3.8286588191986084,1.3936113460815072,1.3925764560699463,-0.021652551367878914,0.0942092016339302
3.831725597381592,1.3936790129479701,1.3925764560699463,0.16264592111110687,0.12027160823345184
3.8347952365875244,1.3937493250494408,1.3925764560699463,-0.13746853172779083,0.16427862644195557
3.8378727436065674,1.3938224095698226,1.3925764560699463,-0.018631266430020332,0.08822766691446304
3.840952157974243,1.3938981362251677,1.3925764560699463,0.06193637102842331,0.13180743157863617
3.8440232276916504,1.3939762436416356,1.3925764560699463,0.029709314927458763,0.11557183414697647
3.8470654487609863,1.3940561623814702,1.3925764560699463,-0.32277408242225647,0.1753872036933899
3.8501362800598145,1.394139400390038,1.3929579257965088,0.10524147748947144,0.1429159939289093
3.8532025814056396,1.3942250883709078,1.3925764560699463,0.13847562670707703,0.0963454619050026
3.856276750564575,1.394313575705022,1.3925764560699463,0.002517738612368703,0.18094147741794586
3.8593430519104004,1.3944044081425742,1.3929579257965088,0.10725566744804382,0.1728236824274063
3.8624110221862793,1.3944978590413393,1.3925764560699463,-0.10322728008031845,0.21683070063591003
3.8654794692993164,1.3945938933963868,1.3929579257965088,0.1284046620130539,0.15573357045650482
3.8685462474823,1.3946924411276607,1.3929579257965088,-0.049851223826408386,0.19504082202911377
3.871612548828125,1.394793536386079,1.3929579257965088,0.18681620061397552,0.1899137794971466
3.8746790885925293,1.3948972009532643,1.3929579257965088,-0.04481574892997742,0.1732509285211563
3.877746343612671,1.395003450603721,1.3929579257965088,0.15358205139636993,0.16769665479660034
3.880812644958496,1.3951122256496926,1.3929579257965088,-0.021652551367878914,0.18136873841285706
3.8838815689086914,1.3952236534288576,1.3929579257965088,0.011581597849726677,0.18136873841285706
3.8869550228118896,1.395337810487038,1.3929579257965088,0.10222018510103226,0.23007553815841675
3.8900413513183594,1.395455026875766,1.3929579257965088,0.019638361409306526,0.2732280492782593
3.89313006401062,1.395574921573695,1.3929579257965088,-0.021652551367878914,0.18222324550151825
3.896197557449341,1.3956965529628373,1.3929579257965088,0.03978027030825615,0.19375905394554138
3.8992650508880615,1.3958207340754263,1.3933393955230713,-0.11732661724090576,0.2057221382856369
3.902333974838257,1.3959475227598315,1.3933393955230713,0.021652551367878914,0.1753872036933899
3.9054114818573,1.3960772251112563,1.3933393955230713,0.05589379742741585,0.19333180785179138
3.908484935760498,1.3962093122913652,1.3933393955230713,-0.011581597849726677,0.2206759750843048
3.911557912826538,1.396343930377929,1.3933393955230713,0.05085831880569458,0.22708477079868317
3.914634943008423,1.3964812802582136,1.3933393955230713,-0.046829938888549805,0.2890363931655884
3.9177072048187256,1.3966209652289168,1.3937208652496338,-0.046829938888549805,0.20956741273403168
3.9207746982574463,1.396762971358345,1.3937208652496338,0.0015106431674212217,0.2364843189716339
3.923842430114746,1.3969075226981076,1.3937208652496338,-0.01762416958808899,0.2531471848487854
3.9269089698791504,1.3970545485144015,1.3937208652496338,0.09214923530817032,0.21512168645858765
3.929978370666504,1.397204243013732,1.3941023349761963,0.04884412884712219,0.21512168645858765
3.9330246448516846,1.3973553115732644,1.3941023349761963,-0.019638361409306526,0.24887464940547943
3.9360690116882324,1.3975087734699048,1.3941023349761963,0.08812084794044495,0.21554894745349884
3.939152717590332,1.3976667516502377,1.3941023349761963,0.13344015181064606,0.251865416765213
3.9422285556793213,1.3978268641859544,1.3944838047027588,0.1102769523859024,0.24673838913440704
3.9452970027923584,1.3979891146567192,1.3944838047027588,-0.02064545638859272,0.27963683009147644
3.948364734649658,1.3981538436499497,1.3944838047027588,0.2522774040699005,0.21768520772457123
3.951432466506958,1.3983210862446946,1.3948653936386108,0.27745479345321655,0.25955596566200256
3.9544992446899414,1.398490786793784,1.3944838047027588,0.032730601727962494,0.24545662105083466
3.957573175430298,1.3986633989406452,1.3948653936386108,0.1102769523859024,0.29159989953041077
3.9606404304504395,1.3988381442001199,1.3952468633651733,0.07704280316829681,0.2843366265296936
3.9637069702148438,1.3990153504892786,1.3952468633651733,0.09214923530817032,0.2898908853530884
3.966773509979248,1.399195055633728,1.3952468633651733,-0.009567406959831715,0.3172350525856018
3.9698405265808105,1.3993772854905997,1.3952468633651733,0.00553902518004179,0.30698099732398987
3.9729068279266357,1.3995619662337895,1.3956283330917358,0.3781643509864807,0.26126497983932495
3.9759740829467773,1.3997491959285757,1.3956283330917358,0.03675898537039757,0.2228122353553772
3.9790430068969727,1.3999390186473513,1.3956283330917358,-0.21602196991443634,0.26425573229789734
3.9821271896362305,1.4001322927648898,1.3956283330917358,-0.26033416390419006,0.24332036077976227
3.985196352005005,1.400327118218258,1.3960098028182983,0.19588007032871246,0.30997177958488464
3.9882733821868896,1.4005249362821415,1.3960098028182983,-0.05589379742741585,0.29672694206237793
3.9913415908813477,1.4007246699261329,1.3963912725448608,0.16969558596611023,0.23178453743457794
3.9944088459014893,1.4009268164995068,1.3963912725448608,0.1414969116449356,0.32278934121131897
3.9974753856658936,1.4011313866931792,1.3963912725448608,0.07200732082128525,0.31039902567863464
4.000544548034668,1.4013386024401744,1.3967727422714233,0.060929276049137115,0.3334706723690033
4.003623008728027,1.4015489257664746,1.3967727422714233,0.21501487493515015,0.24246585369110107
4.006699800491333,1.4017616134592163,1.3971542119979858,0.1112840473651886,0.3014267086982727
4.009771108627319,1.4019763900159727,1.3971542119979858,0.05690089240670204,0.3531242907047272
4.012840747833252,1.402193510383562,1.3975356817245483,0.08509956300258636,0.33945220708847046
4.015918493270874,1.4024136704734582,1.3975356817245483,0.08509956300258636,0.25998321175575256
4.018991470336914,1.4026359500586834,1.3975356817245483,-0.1253833770751953,0.26211947202682495
4.022065162658691,1.4028607376049107,1.3979171514511108,0.23112840950489044,0.35654231905937195
4.025132179260254,1.4030874821100927,1.3982986211776733,0.1606317162513733,0.2732280492782593
4.028198957443237,1.4033166478485897,1.3982986211776733,0.16768139600753784,0.27450981736183167
4.031266450881958,1.4035483032476825,1.3982986211776733,0.1112840473651886,0.30740824341773987
4.0343358516693115,1.403782538012846,1.3986800909042358,0.16868849098682404,0.2668192684650421
4.037416696548462,1.4040200923236354,1.3990615606307983,0.0639505609869957,0.37320515513420105
4.040497779846191,1.4042601125119172,1.3990615606307983,-0.021652551367878914,0.3039902448654175
4.043574571609497,1.4045022372726685,1.3994430303573608,0.07603570818901062,0.2723735272884369
4.046643495559692,1.4047461671284085,1.3994430303573608,0.09315633028745651,0.21896696090698242
4.049711465835571,1.4049924375654808,1.3998245000839233,0.2573128938674927,0.29031816124916077
4.052781820297241,1.4052413145431177,1.4002059698104858,0.16365301609039307,0.23178453743457794
4.055859565734863,1.4054932117261916,1.4002059698104858,0.173723965883255,0.22879377007484436
4.05893087387085,1.405746994717771,1.4002059698104858,0.0941634252667427,0.37405967712402344
4.0620033740997314,1.4060032839718708,1.4009689092636108,0.09919890016317368,0.21170367300510406
4.065066576004028,1.4062611911231702,1.4009689092636108,0.18480201065540314,0.21170367300510406
4.068134307861328,1.4065218710229332,1.4013503789901733,0.01359578873962164,0.23135729134082794
4.071200609207153,1.4067848169375043,1.4013503789901733,0.16667430102825165,0.221530482172966
4.074267387390137,1.4070501874090016,1.4017318487167358,-0.02568093314766884,0.191622793674469
4.07733416557312,1.4073179377912506,1.4021133184432983,0.11833371222019196,0.2659647464752197
4.080400228500366,1.4075880008301682,1.4021133184432983,0.07704280316829681,0.19589532911777496
4.0834667682647705,1.407860477239348,1.4024949073791504,-0.03776608034968376,0.2048676311969757
4.086535930633545,1.4081355572242595,1.4024949073791504,0.02366674318909645,0.17837797105312347
4.089613199234009,1.4084137405984851,1.4032578468322754,0.31270313262939453,0.2651102542877197
4.092686176300049,1.408693906884762,1.4032578468322754,0.021652551367878914,0.20273137092590332
4.0957558155059814,1.408976130034933,1.403639316558838,0.22005034983158112,0.2659647464752197
4.0988240242004395,1.409260575713715,1.4040207862854004,0.22810712456703186,0.17752346396446228
4.101894855499268,1.4095476168113819,1.404402256011963,0.18782329559326172,0.2048676311969757
4.104973077774048,1.4098377062684402,1.404402256011963,0.10524147748947144,0.20059509575366974
4.108051061630249,1.4101301289795924,1.4047837257385254,0.004531929735094309,0.1745326966047287
4.111138343811035,1.4104257969916008,1.4047837257385254,-0.07402151823043823,0.1412069946527481
4.114208698272705,1.4107221855000156,1.405165195465088,-0.16969558596611023,0.18435950577259064
4.117286205291748,1.4110216034099277,1.4055466651916504,0.04884412884712219,0.17026016116142273
4.120358467102051,1.4113228422268025,1.405928134918213,0.15056076645851135,0.19803158938884735
4.123425722122192,1.4116259091895962,1.405928134918213,0.20393683016300201,0.16342411935329437
4.126492023468018,1.4119311935157617,1.4063096046447754,0.23314259946346283,0.18521401286125183
4.129558801651001,1.4122388325549575,1.406691074371338,0.13545434176921844,0.21426717936992645
4.132626533508301,1.4125488711834788,1.4070725440979004,0.15559624135494232,0.24631112813949585
4.135695934295654,1.4128613800317038,1.4070725440979004,0.1102769523859024,0.14590676128864288
4.138775110244751,1.4131771926407697,1.407454013824463,0.18580910563468933,0.1595788449048996
4.141851902008057,1.4134950654965406,1.4078354835510254,0.2683909237384796,0.17752346396446228
4.144921541213989,1.4138144905248784,1.408216953277588,0.23012131452560425,0.21725794672966003
4.147988557815552,1.4141359234244695,1.4085984230041504,-0.04179446026682854,0.1924773007631302
4.151063442230225,1.4144604646802879,1.408979892730713,0.1414969116449356,0.18606851994991302
4.154141187667847,1.4147875929583458,1.4093613624572754,0.32881665229797363,0.2082856446504593
4.157218933105469,1.4151170024603428,1.409742832183838,0.18580910563468933,0.18008697032928467
4.1602983474731445,1.4154488687345126,1.409742832183838,0.13041886687278748,0.1882047802209854
4.163367986679077,1.4157819445327593,1.4101243019104004,0.11531242728233337,0.191622793674469
4.166435480117798,1.4161170395666305,1.4105058908462524,0.33888763189315796,0.24417486786842346
4.169501066207886,1.4164541704444378,1.4105058908462524,0.05891508236527443,0.13138018548488617
4.17256760597229,1.4167936457464132,1.410887360572815,0.1414969116449356,0.19845883548259735
4.175634384155273,1.417135382556285,1.4112688302993774,0.12437628954648972,0.23477530479431152
4.178703784942627,1.4174796445936868,1.41165030002594,0.3519798517227173,0.13778896629810333
4.181771516799927,1.4178259464483494,1.4120317697525024,0.2401922643184662,0.1570153385400772
4.18484091758728,1.4181746597631064,1.4120317697525024,0.3499656617641449,0.2228122353553772
4.187917709350586,1.4185264392586667,1.412413239479065,0.21803615987300873,0.21383993327617645
4.19099497795105,1.4188804977072975,1.4127947092056274,0.19386588037014008,0.13949798047542572
4.194068670272827,1.4192363601309719,1.41317617893219,0.06797894090414047,0.16299687325954437
4.197139739990234,1.4195941249414301,1.4135576486587524,0.08207827806472778,0.14035248756408691
4.200206518173218,1.4199535849547624,1.413939118385315,0.2522774040699005,0.18265049159526825
4.203275680541992,1.4203155152418292,1.413939118385315,0.002517738612368703,0.22494849562644958
4.206352949142456,1.4206805964088525,1.4143205881118774,0.0800640881061554,0.19461356103420258
4.2094221115112305,1.4210468996124523,1.41470205783844,0.16163882613182068,0.2826276123523712
4.212492942810059,1.421415579186416,1.4150835275650024,0.1414969116449356,0.19974060356616974
4.215570688247681,1.4217872684867474,1.4150835275650024,0.18379491567611694,0.2706645429134369
4.2186455726623535,1.4221607857585574,1.415464997291565,0.15056076645851135,0.28049135208129883
4.221716642379761,1.4225360025156362,1.4158464670181274,0.173723965883255,0.3039902448654175
4.224783658981323,1.422912875745165,1.41622793674469,0.14955367147922516,0.2997176945209503
4.2278501987457275,1.4232918345334633,1.4166094064712524,0.16868849098682404,0.24930189549922943
4.230916976928711,1.4236729613922992,1.416990876197815,0.16264592111110687,0.1903410404920578
4.233985185623169,1.4240564005510292,1.4173723459243774,0.2210574448108673,0.21255818009376526
4.237068176269531,1.4244438317584276,1.41775381565094,0.029709314927458763,0.2706645429134369
4.240144491195679,1.4248325611627544,1.418135404586792,0.3469443917274475,0.287754625082016
4.243224143981934,1.4252238447970242,1.4185168743133545,0.2986038029193878,0.2390478402376175
4.246302366256714,1.425617072946331,1.418898344039917,0.1263904720544815,0.21469444036483765
4.249370336532593,1.426011100768932,1.4192798137664795,0.11833371222019196,0.19290456175804138
4.252439975738525,1.4264074445850472,1.419661283493042,0.1928587704896927,0.2399023473262787
4.255516767501831,1.4268068155720923,1.419661283493042,0.1102769523859024,0.21383993327617645
4.258592367172241,1.4272081307382811,1.4200427532196045,0.3449302017688751,0.2894636392593384
4.261664390563965,1.4276110681249492,1.4208056926727295,0.2502632141113281,0.252292662858963
4.264731168746948,1.4280153938503601,1.421187162399292,0.3006179928779602,0.22452124953269958
4.267797470092773,1.4284217247634332,1.421187162399292,0.08610665798187256,0.27963683009147644
4.270864009857178,1.428830149370971,1.4215686321258545,0.2875257432460785,0.18350499868392944
4.27393102645874,1.4292406940823068,1.421950101852417,0.2542915940284729,0.2685282528400421
4.276997804641724,1.4296532572973861,1.4223315715789795,0.4768596887588501,0.3364614248275757
4.280062913894653,1.4300676385404791,1.4230945110321045,0.13243305683135986,0.21127641201019287
4.283130168914795,1.430484347851877,1.423475980758667,0.19688716530799866,0.2569924592971802
4.286199331283569,1.4309033506849729,1.423475980758667,0.1888303905725479,0.22922103106975555
4.289277076721191,1.4313255625885393,1.4238574504852295,0.22005034983158112,0.25998321175575256
4.29235053062439,1.4317492153636533,1.424238920211792,0.11430533230304718,0.2369115799665451
4.2954185009002686,1.4321741287126937,1.425001859664917,0.26234835386276245,0.23562981188297272
4.298486232757568,1.4326010171381294,1.4253833293914795,0.37312886118888855,0.2702372670173645
4.301555395126343,1.4330301076999332,1.4253833293914795,0.12437628954648972,0.2886091470718384
4.30463171005249,1.4334622023811585,1.426146388053894,0.2220645397901535,0.24716563522815704
4.3077073097229,1.4338961959231897,1.4265278577804565,0.2532845139503479,0.2676737606525421
4.3107805252075195,1.4343318433302414,1.426909327507019,0.24119935929775238,0.2659647464752197
4.3138508796691895,1.434769065426528,1.4272907972335815,0.3640649914741516,0.3202258348464966
4.316936731338501,1.4352104821179306,1.4272907972335815,-0.06596475094556808,0.23135729134082794
4.320024728775024,1.4356541939736127,1.4280537366867065,0.2734264135360718,0.2552834451198578
4.323063135147095,1.4360927149034035,1.428435206413269,0.14653238654136658,0.23349355161190033
4.3261308670043945,1.4365374087061449,1.4288166761398315,0.24925611913204193,0.28220033645629883
4.329196929931641,1.4369838021746113,1.429198145866394,0.16969558596611023,0.29288166761398315
4.332267999649048,1.437432863762795,1.4295796155929565,0.10926985740661621,0.2719462811946869
4.33534836769104,1.4378852278372591,1.429961085319519,0.14048981666564941,0.29544517397880554
4.33842658996582,1.4383392137944653,1.4303425550460815,0.3338521420955658,0.27792781591415405
4.341502904891968,1.438794846185836,1.430724024772644,0.09919890016317368,0.31338977813720703
4.344570875167847,1.4392511551804201,1.4311054944992065,0.09718471020460129,0.32706186175346375
4.3476386070251465,1.4397093316343703,1.431486964225769,0.21904325485229492,0.29074540734291077
4.350715160369873,1.4401707298247415,1.4318684339523315,0.07100022584199905,0.3954222798347473
4.353793144226074,1.440634243937319,1.432249903678894,0.31169605255126953,0.31210803985595703
4.356863021850586,1.4410984247515437,1.4326313734054565,0.22911421954631805,0.40866711735725403
4.35993218421936,1.4415643747775844,1.433012843132019,0.26134127378463745,0.3317616581916809
4.363004207611084,1.4420326319800842,1.4333943128585815,0.14552529156208038,0.3646601140499115
4.366063356399536,1.4425007817672304,1.4337759017944336,0.2220645397901535,0.43430227041244507
4.3691301345825195,1.4429719501897715,1.434157371520996,0.2663767337799072,0.37149614095687866
4.372196435928345,1.4434448913245594,1.4345388412475586,0.1727168709039688,0.3368886709213257
4.375262260437012,1.4439195972901853,1.434920310974121,0.26134127378463745,0.3309071362018585
4.378329753875732,1.4443963943518978,1.4353017807006836,0.26234835386276245,0.29031816124916077
4.381397724151611,1.4448750920541142,1.4360647201538086,0.43456166982650757,0.32748913764953613
4.384463787078857,1.445355310006631,1.436446189880371,0.38622111082077026,0.2894636392593384
4.38753342628479,1.4458379014142313,1.4368276596069336,0.3318379521369934,0.286472886800766
4.390610694885254,1.4463235062136233,1.437209129333496,0.047837033867836,0.32492560148239136
4.393683671951294,1.4468102389505468,1.4375905990600586,0.33788052201271057,0.23135729134082794
4.396754264831543,1.4472983886017545,1.4383535385131836,0.29054704308509827,0.2992904484272003
4.399821519851685,1.4477877912870436,1.438735008239746,0.28047609329223633,0.2505836486816406
4.40289044380188,1.4482792371394155,1.4391164779663086,0.3449302017688751,0.24759289622306824
4.405966758728027,1.4487736430008882,1.4398794174194336,0.21199358999729156,0.20999465882778168
4.409039735794067,1.4492692807436947,1.440260887145996,0.31169605255126953,0.20914015173912048
4.412069082260132,1.4497596040426313,1.441023826599121,0.26134127378463745,0.16342411935329437
4.4151530265808105,1.4502605139483313,1.4414052963256836,0.2210574448108673,0.19674982130527496
4.418227195739746,1.4507615854478293,1.4421683549880981,0.304646372795105,0.17196917533874512
4.421297550201416,1.4512637710042684,1.4421683549880981,0.3831998109817505,0.19974060356616974
4.424364328384399,1.451767095886275,1.4429312944412231,0.18580910563468933,0.21213091909885406
4.427430152893066,1.4522719792269363,1.4436942338943481,0.21803615987300873,0.15616083145141602
4.430497407913208,1.452778806555689,1.4440757036209106,0.14653238654136658,0.20102235674858093
4.43352746963501,1.4532811586257255,1.4444571733474731,0.3137102425098419,0.15060654282569885
4.4366068840026855,1.4537933863917045,1.4452201128005981,0.28047609329223633,0.15530632436275482
4.43968391418457,1.4543069152046197,1.4456015825271606,0.3318379521369934,0.16812390089035034
4.442760467529297,1.4548220533388532,1.4459830522537231,0.16566720604896545,0.22537575662136078
4.4458324909210205,1.4553381103406964,1.4467459917068481,0.19688716530799866,0.1424887478351593
4.448899984359741,1.4558550711217042,1.4471274614334106,0.21501487493515015,0.13949798047542572
4.4519689083099365,1.4563739299766871,1.4475089311599731,0.10926985740661621,0.1924773007631302
4.4550487995147705,1.456896301557237,1.4482718706130981,0.09013504534959793,0.19418631494045258
4.458139419555664,1.4574221551160154,1.4486533403396606,0.11631952226161957,0.16940565407276154
4.461211442947388,1.4579464868942018,1.4490348100662231,0.3318379521369934,0.21554894745349884
4.46427845954895,1.4584715896985654,1.4494163990020752,0.24522773921489716,0.23221179842948914
4.467345237731934,1.458998267948275,1.4501793384552002,0.4124055802822113,0.24246585369110107
4.470412254333496,1.4595265957102277,1.4505608081817627,0.02870221994817257,0.2890363931655884
4.473478317260742,1.4600563592272526,1.4509422779083252,0.42348363995552063,0.18521401286125183
4.47654390335083,1.460587631906109,1.4513237476348877,0.32176700234413147,0.21597619354724884
4.479610443115234,1.4611206541396684,1.4520866870880127,0.10423437505960464,0.24246585369110107
4.482677698135376,1.4616553778620454,1.4524681568145752,0.23414969444274902,0.24716563522815704
4.485746383666992,1.4621919214708914,1.4528496265411377,0.3006179928779602,0.2702372670173645
4.488823175430298,1.4627314514929775,1.4536125659942627,0.31169605255126953,0.3497062623500824
4.491897106170654,1.4632720407364121,1.4539940357208252,0.05690089240670204,0.2587014436721802
4.494966983795166,1.463813466244135,1.4543755054473877,0.2996108829975128,0.3330434262752533
4.498037099838257,1.4643564739528014,1.4547569751739502,0.3922636806964874,0.3317616581916809
4.501067876815796,1.464894026649715,1.4555199146270752,0.1727168709039688,0.2377660721540451
4.504151105880737,1.4654424065470855,1.4559013843536377,0.15056076645851135,0.2698100209236145
4.507221937179565,1.4659901011358618,1.4566643238067627,0.25932708382606506,0.26382848620414734
4.510291576385498,1.4665390907497284,1.4570459127426147,0.5352712273597717,0.252719908952713
4.51336145401001,1.4670896223549301,1.4574273824691772,0.24321354925632477,0.286472886800766
4.5164384841918945,1.467642933078649,1.4581903219223022,0.0951705202460289,0.26425573229789734
4.51951003074646,1.4681967436634276,1.4585717916488647,0.3761501610279083,0.21597619354724884
4.522579193115234,1.4687515989993278,1.4593347311019897,0.27544060349464417,0.23349355161190033
4.525646448135376,1.4693075739527597,1.4597162008285522,0.22911421954631805,0.3544060289859772
4.52871298789978,1.4698648744682203,1.4604791402816772,0.21501487493515015,0.2651102542877197
4.531780242919922,1.4704237522411672,1.4608606100082397,0.1414969116449356,0.29031816124916077
4.534849405288696,1.4709844180250276,1.4612420797348022,0.4305332899093628,0.26126497983932495
4.537928819656372,1.4715483963779032,1.4620050191879272,0.401327520608902,0.18008697032928467
4.541009426116943,1.4721140276156655,1.4623864889144897,0.37514305114746094,0.19589532911777496
4.544066667556763,1.4726767789899782,1.4631494283676147,0.32780957221984863,0.29715418815612793
4.547221899032593,1.473259031814091,1.4635308980941772,0.13142596185207367,0.22665750980377197
4.550291061401367,1.4738268202602156,1.4642938375473022,0.269398033618927,0.252292662858963
4.553360223770142,1.4743959990120623,1.4646753072738647,0.4637674391269684,0.24460211396217346
4.556436538696289,1.4749678908784807,1.4650568962097168,0.2663767337799072,0.26041045784950256
4.559510231018066,1.4755406731777685,1.4658198356628418,0.2714122235774994,0.32150760293006897
4.562580347061157,1.476114155496895,1.4662013053894043,0.27745479345321655,0.27835509181022644
4.56564736366272,1.4766884139287388,1.4665827751159668,0.3831998109817505,0.29288166761398315
4.568716049194336,1.47726433179839,1.4669642448425293,0.3610437214374542,0.2689555287361145
4.571785926818848,1.477841812930487,1.4677271842956543,0.3328450322151184,0.2992904484272003
4.574851989746094,1.4784199051978621,1.4681086540222168,0.14854657649993896,0.38773176074028015
4.577918767929077,1.4789994520990672,1.4684901237487793,0.13646143674850464,0.34244295954704285
4.580989122390747,1.4795809884445321,1.4692530632019043,0.3167315125465393,0.34201571345329285
4.5840630531311035,1.4801645101548788,1.4696345329284668,0.2522774040699005,0.3368886709213257
4.58713173866272,1.4807483329133353,1.4703974723815918,0.3197528123855591,0.2710917890071869
4.590209484100342,1.481335171978779,1.4707789421081543,0.3922636806964874,0.3304798901081085
4.593282461166382,1.4819223846484324,1.4711604118347168,0.3318379521369934,0.3616693317890167
4.596349716186523,1.482509773391277,1.4719233512878418,0.29457542300224304,0.29629969596862793
4.599417209625244,1.483098467517861,1.4723048210144043,0.32680246233940125,0.3770504295825958
4.602486610412598,1.4836887798837841,1.4730678796768188,0.37413597106933594,0.34757000207901
4.605563402175903,1.4842817619854198,1.4734493494033813,0.2573128938674927,0.28177309036254883
4.608638048171997,1.484875570177435,1.4742122888565063,0.4909590184688568,0.24374762177467346
4.611711502075195,1.4854703777650808,1.4745937585830688,0.42348363995552063,0.3001449704170227
4.6147825717926025,1.4860659430352336,1.4753566980361938,0.21199358999729156,0.251438170671463
4.617859840393066,1.4866639238494963,1.4757381677627563,0.42449072003364563,0.27621880173683167
4.620933294296265,1.4872623668437939,1.4765011072158813,0.32378119230270386,0.26382848620414734
4.624002695083618,1.4878612120677452,1.4772640466690063,0.40535593032836914,0.20444037020206451
4.627065420150757,1.4884599327282992,1.4780269861221313,0.3680933713912964,0.24887464940547943
4.630134105682373,1.4890609897063474,1.4784084558486938,0.1253833770751953,0.2074311375617981
4.633203029632568,1.4896632568531614,1.4791713953018188,0.43556877970695496,0.19674982130527496
4.636287689208984,1.4902697755073997,1.4799343347549438,0.18782329559326172,0.22793926298618317
4.6393656730651855,1.4908761351210265,1.4803158044815063,0.4778667986392975,0.1595788449048996
4.642441749572754,1.4914832611680668,1.481078863143921,0.5262073874473572,0.18435950577259064
4.645509958267212,1.4920899627596693,1.481841802597046,0.3640649914741516,0.15146104991436005
4.648584842681885,1.49269910598499,1.4822232723236084,0.3801785409450531,0.20016784965991974
4.651653528213501,1.4933081315551064,1.4829862117767334,0.270405113697052,0.13693445920944214
4.6547300815582275,1.493919823012866,1.4837491512298584,0.46880292892456055,0.2232394963502884
4.6578049659729,1.4945322784412434,1.484130620956421,0.46880292892456055,0.16598764061927795
4.660876750946045,1.4951452012340503,1.484893560409546,0.3932707607746124,0.1741054356098175
4.663947105407715,1.4957589128713027,1.4852750301361084,0.3952849507331848,0.21298542618751526
4.667019367218018,1.4963740716368348,1.4860379695892334,0.46880292892456055,0.31168079376220703
4.6700685024261475,1.496985644927298,1.486419439315796,0.2563057839870453,0.3176623284816742
4.673139810562134,1.4976027089789823,1.487182378768921,0.19386588037014008,0.31082627177238464
4.676210403442383,1.4982206670527984,1.4875638484954834,0.30867475271224976,0.2719462811946869
4.679276943206787,1.4988388358077438,1.488326907157898,0.29457542300224304,0.3159533143043518
4.682345390319824,1.4994584065133245,1.4887083768844604,0.269398033618927,0.27450981736183167
4.685413837432861,1.5000789857828272,1.489089846611023,0.2532845139503479,0.2860456109046936
4.688490629196167,1.500702256128244,1.489852786064148,0.366079181432724,0.30612650513648987
4.691564083099365,1.50132584416488,1.490615725517273,0.3932707607746124,0.39072251319885254
4.694634199142456,1.501949737369738,1.4909971952438354,0.2653696537017822,0.40567636489868164
4.697704076766968,1.5025745545909377,1.491378664970398,0.2996108829975128,0.30954450368881226
4.7007739543914795,1.5032003349421466,1.492141604423523,0.3972991406917572,0.4270389974117279
4.703850269317627,1.5038283843203404,1.4925230741500854,0.1727168709039688,0.3304798901081085
4.706920146942139,1.5044560649494962,1.4932860136032104,0.18580910563468933,0.34158846735954285
4.7099902629852295,1.5050847295648289,1.4940489530563354,0.47081711888313293,0.30997177958488464
4.713071823120117,1.5057166686647383,1.494430422782898,0.3610437214374542,0.35568779706954956
4.716155767440796,1.5063500211186727,1.495193362236023,0.3640649914741516,0.3958495557308197
4.719230890274048,1.506982473255414,1.4955748319625854,0.3026321828365326,0.3185168206691742
4.722302675247192,1.5076151380422131,1.496337890625,0.4929732084274292,0.31253528594970703
4.725371837615967,1.5082481507616523,1.497100830078125,0.16163882613182068,0.31338977813720703
4.728438138961792,1.5088814504583492,1.4974822998046875,0.3680933713912964,0.3526970446109772
4.73150634765625,1.5095160121440467,1.4982452392578125,0.14653238654136658,0.30954450368881226
4.734583377838135,1.5101532608659203,1.4990081787109375,0.3519798517227173,0.3022812306880951
4.737659692764282,1.5107912154729664,1.4993896484375,0.28148317337036133,0.25955596566200256
4.74073052406311,1.511428875035068,1.500152587890625,0.27443352341651917,0.33817043900489807
4.743808031082153,1.5120687553979253,1.50091552734375,0.4466468393802643,0.31338977813720703
4.746880769729614,1.512708468326723,1.5012969970703125,0.4275120198726654,0.33987945318222046
4.749948263168335,1.5133479010110953,1.5020599365234375,0.32478827238082886,0.3326161503791809
4.753020763397217,1.5139891808961123,1.50244140625,0.2079652100801468,0.3526970446109772
4.756067752838135,1.5146259210426885,1.503204345703125,0.270405113697052,0.3142443001270294
4.75914454460144,1.5152696725580015,1.5035858154296875,0.34190890192985535,0.30954450368881226
4.762214183807373,1.5159127025470938,1.504348874092102,0.3348592221736908,0.27707332372665405
4.7652812004089355,1.5165559466874996,1.505111813545227,0.425497829914093,0.34244295954704285
4.76834774017334,1.5171998442979908,1.5054932832717896,0.27644771337509155,0.2839093506336212
4.771414041519165,1.517844435616187,1.5062562227249146,0.27644771337509155,0.2851911187171936
4.774479866027832,1.5184896606940297,1.506637692451477,0.33989471197128296,0.39072251319885254
4.77755331993103,1.5191372184964989,1.507400631904602,0.4325474798679352,0.44882887601852417
4.7806196212768555,1.519783985116241,1.5077821016311646,0.09919890016317368,0.31253528594970703
4.783685922622681,1.5204314571089028,1.5085450410842896,0.40535593032836914,0.3518425226211548
4.786754608154297,1.52108012910873,1.5093079805374146,0.1445181965827942,0.40225833654403687
4.789831876754761,1.521731305507507,1.5100709199905396,0.3620508015155792,0.27878233790397644
4.792905330657959,1.522382354729367,1.510452389717102,0.3006179928779602,0.3146715462207794
4.795978546142578,1.5230340232777835,1.511215329170227,0.40737012028694153,0.29288166761398315
4.799048185348511,1.5236855924214794,1.5119783878326416,0.17875944077968597,0.2706645429134369
4.802124738693237,1.524339280218546,1.512359857559204,0.3479514718055725,0.27536430954933167
4.805204153060913,1.5249942188120658,1.513122797012329,0.365072101354599,0.2706645429134369
4.808284521102905,1.525649993926658,1.513885736465454,0.3761501610279083,0.2860456109046936
4.811357021331787,1.5263047156576288,1.514648675918579,0.26335546374320984,0.28177309036254883
4.814426898956299,1.5269594887766316,1.515411615371704,0.5151293277740479,0.26169222593307495
4.817503929138184,1.5276163897872557,1.516174554824829,0.2834973633289337,0.2501564025878906
4.820575952529907,1.5282728136915669,1.5165560245513916,0.4436255395412445,0.16598764061927795
4.8236448764801025,1.5289291559374265,1.5173189640045166,0.3016250729560852,0.2826276123523712
4.826711416244507,1.529585558188049,1.5180819034576416,0.304646372795105,0.23562981188297272
4.8297789096832275,1.5302427247684334,1.5188448429107666,0.40434882044792175,0.2544289231300354
4.83284592628479,1.530900339581611,1.519226312637329,0.4315403997898102,0.24545662105083466
4.835914850234985,1.5315589044382236,1.5199893712997437,0.31270313262939453,0.19845883548259735
4.838994979858398,1.5322204082934332,1.5207523107528687,0.4567177891731262,0.24802014231681824
4.842067003250122,1.5328806945828282,1.5215152502059937,0.4285190999507904,0.23349355161190033
4.8451433181762695,1.5335424171751868,1.5222781896591187,0.49901577830314636,0.2074311375617981
4.84821081161499,1.534202744461711,1.5230411291122437,0.3962920606136322,0.2399023473262787
4.8512794971466064,1.5348638203254497,1.5234225988388062,0.3509727716445923,0.2736552953720093
4.854355812072754,1.5355270237802408,1.5241855382919312,0.26134127378463745,0.2505836486816406
4.857425689697266,1.5361893126913944,1.5245670080184937,0.3187457025051117,0.3779049217700958
4.860493183135986,1.5368515495819635,1.5253299474716187,0.5181506276130676,0.3458609879016876
4.863561153411865,1.5375143418375652,1.5257114171981812,0.3036392629146576,0.4249027371406555
4.866627931594849,1.5381773189070098,1.5264743566513062,0.5000228881835938,0.34415197372436523
4.869693994522095,1.5388405736169144,1.5272372961044312,0.330830842256546,0.3462882339954376
4.872761011123657,1.5395044571903926,1.5276188850402832,0.2230716347694397,0.3497062623500824
4.875827312469482,1.540168598565391,1.5283818244934082,0.4285190999507904,0.3031357228755951
4.878893852233887,1.5408331943425437,1.5291447639465332,0.5936827659606934,0.32193484902381897
4.881961107254028,1.5414983381792937,1.5295262336730957,0.32378119230270386,0.3206530809402466
4.885028123855591,1.5421638134804514,1.5302891731262207,0.3368734121322632,0.3492790162563324
4.8880650997161865,1.5428231384315778,1.5310521125793457,0.4476539194583893,0.28220033645629883
4.8911473751068115,1.5434926622246141,1.5314335823059082,0.304646372795105,0.40781262516975403
4.894215822219849,1.54415953694435,1.5321965217590332,0.23414969444274902,0.33817043900489807
4.897282600402832,1.5448263926133183,1.5329594612121582,0.2673838436603546,0.3796139359474182
4.900349855422974,1.5454936857088237,1.5333409309387207,0.40737012028694153,0.4287480115890503
4.9034199714660645,1.5461619255344463,1.5341038703918457,0.4144197702407837,0.34244295954704285
4.906496524810791,1.5468318819941964,1.5348668098449707,0.40434882044792175,0.443701833486557
4.909566402435303,1.5475006895663825,1.5356298685073853,0.37212178111076355,0.3296253979206085
4.9126362800598145,1.548169791677812,1.5360113382339478,0.32176700234413147,0.3018539845943451
4.91571307182312,1.5488406863122874,1.5367742776870728,0.27644771337509155,0.3176623284816742
4.918785095214844,1.5495108164030436,1.5375372171401978,0.4597390592098236,0.29587242007255554
4.921855449676514,1.5501808472144887,1.5383001565933228,0.5000228881835938,0.3544060289859772
4.924922704696655,1.5508504559975864,1.5386816263198853,0.26134127378463745,0.27920958399772644
4.927992582321167,1.5515208818989736,1.5394445657730103,0.4325474798679352,0.3159533143043518
4.931068420410156,1.552192844885399,1.5402075052261353,0.365072101354599,0.3458609879016876
4.934139966964722,1.5528640954385204,1.5409704446792603,0.3771572411060333,0.31125351786613464
4.93721604347229,1.5535365513852506,1.5413519144058228,0.304646372795105,0.35825130343437195
4.940291404724121,1.5542090564413318,1.5421148538589478,0.5503776669502258,0.3031357228755951
4.943367958068848,1.554882017692362,1.5428777933120728,0.32881665229797363,0.3330434262752533
4.9464380741119385,1.5555537557761119,1.5436408519744873,0.4889448285102844,0.2980087101459503
4.94950532913208,1.5562250423507114,1.5440223217010498,0.3620508015155792,0.31039902567863464
4.952573537826538,1.5568967021402584,1.5447852611541748,0.41744107007980347,0.29074540734291077
4.955650091171265,1.5575703438139146,1.5455482006072998,0.580590546131134,0.3642328381538391
4.958719253540039,1.5582425119579422,1.5459296703338623,0.365072101354599,0.2236667424440384
4.961787700653076,1.558914658026341,1.5466926097869873,0.2653696537017822,0.31082627177238464
4.964855670928955,1.5595868241750115,1.5474555492401123,0.5171434879302979,0.3313344120979309
4.96792197227478,1.5602587391146292,1.5482184886932373,0.425497829914093,0.2886091470718384
4.970990896224976,1.560931333303772,1.5489814281463623,0.32277408242225647,0.2851911187171936
4.974066972732544,1.56160558999672,1.5493628978729248,0.43859007954597473,0.2574197053909302
4.977135896682739,1.5622783635777922,1.5501258373260498,0.29054704308509827,0.29672694206237793
4.9802021980285645,1.5629506367068748,1.5508888959884644,0.3479514718055725,0.32150760293006897
4.983268737792969,1.563623026578112,1.5516518354415894,0.4325474798679352,0.3014267086982727
4.986337423324585,1.5642959414873217,1.5524147748947144,0.5493705868721008,0.32321658730506897
4.989413738250732,1.5649705741194946,1.5527962446212769,0.23213550448417664,0.30569925904273987
4.99248194694519,1.5656434636328405,1.5535591840744019,0.46578162908554077,0.37534141540527344
4.9955480098724365,1.5663159070459327,1.5543221235275269,0.4134126901626587,0.3544060289859772
4.99861478805542,1.5669885218269994,1.5550850629806519,0.4899519383907318,0.2980087101459503
5.001683712005615,1.5676616117386135,1.5554665327072144,0.08107118308544159,0.14804303646087646
5.004759311676025,1.5683361602811614,1.5566109418869019,0.45168229937553406,0.28220033645629883
5.007828235626221,1.569009229153126,1.5569924116134644,0.17170977592468262,0.32278934121131897
5.0108959674835205,1.5696820110593905,1.5577553510665894,0.3449302017688751,0.3185168206691742
5.0139687061309814,1.570355855395003,1.5585182905197144,0.3821927309036255,0.33859768509864807
5.0170512199401855,1.571031797495259,1.559281349182129,0.5151293277740479,0.2501564025878906
5.020130157470703,1.571706899371022,1.5596628189086914,0.29155412316322327,0.31168079376220703
5.02319860458374,1.5723796353328854,1.5604257583618164,0.45571067929267883,0.3347524106502533
5.026264905929565,1.5730518252929724,1.5611886978149414,0.4093843102455139,0.3368886709213257
5.029331684112549,1.5737240342509315,1.561570167541504,0.5362783074378967,0.2890363931655884
5.032398700714111,1.5743961999331963,1.562333106994629,0.5423209071159363,0.2736552953720093
5.0354673862457275,1.5750686257665065,1.563096046447754,0.32378119230270386,0.32407110929489136
5.038546085357666,1.575743129611491,1.5634775161743164,0.12941177189350128,0.38602274656295776
5.041627407073975,1.57641808138263,1.5642404556274414,0.3670862913131714,0.34116122126579285
5.044695854187012,1.5770900770675191,1.5650033950805664,0.34392309188842773,0.3048447370529175
5.047761917114258,1.5777614051093831,1.5657663345336914,0.5231860876083374,0.4095216393470764
5.0507972240448,1.5784258459393834,1.566147804260254,-0.01762416958808899,0.3971312940120697
5.053864002227783,1.579097011412399,1.5669108629226685,0.32478827238082886,0.40909436345100403
5.056933641433716,1.579768627450086,1.567292332649231,0.329823762178421,0.42447546124458313
5.06000542640686,1.5804405271265265,1.568055272102356,0.40837720036506653,0.31338977813720703
5.063065528869629,1.5811096766706656,1.568818211555481,0.269398033618927,0.35867857933044434
5.066136121749878,1.5817809147584052,1.5691996812820435,0.30867475271224976,0.42191195487976074
5.0692057609558105,1.5824517287528739,1.5699626207351685,0.5050583481788635,0.42362096905708313
5.072273015975952,1.5831217964249733,1.5707255601882935,0.5161364078521729,0.3975585699081421
5.075339078903198,1.58379136864096,1.571107029914856,0.1445181965827942,0.48300907015800476
5.078406572341919,1.5844610081527546,1.571869969367981,0.43859007954597473,0.38858625292778015
5.0814735889434814,1.585130288522585,1.572632908821106,0.2240787297487259,0.37192338705062866
5.084540843963623,1.58579935591876,1.5730143785476685,0.2059510201215744,0.3941405415534973
5.087612867355347,1.5864691878530017,1.5737773180007935,0.4134126901626587,0.38858625292778015
5.090689659118652,1.5871397730353405,1.574540376663208,0.26234835386276245,0.30997177958488464
5.093760013580322,1.5878086594469514,1.575303316116333,0.43758296966552734,0.3185168206691742
5.096827983856201,1.5884767213955433,1.576066255569458,0.2502632141113281,0.3920042812824249
5.099897146224976,1.5891447278675184,1.576829195022583,0.4949873983860016,0.33731594681739807
5.1029744148254395,1.5898141723159425,1.5772106647491455,0.3509727716445923,0.38815900683403015
5.10606575012207,1.5904863377900222,1.5779736042022705,0.38823530077934265,0.3210803270339966
5.109145164489746,1.5911555632526881,1.5787365436553955,0.5403066873550415,0.3650873601436615
5.112217903137207,1.591822981758237,1.5794994831085205,0.4113985002040863,0.3488517701625824
5.115295886993408,1.5924911728680895,1.579880952835083,0.32478827238082886,0.2676737606525421
5.118366718292236,1.5931574355773166,1.5810253620147705,0.37111467123031616,0.32364386320114136
5.121434211730957,1.5938225895556202,1.5817883014678955,0.4718242287635803,0.30997177958488464
5.124500751495361,1.5944871427141645,1.5821698904037476,0.41844815015792847,0.27878233790397644
5.1275670528411865,1.5951512404185373,1.5829328298568726,0.4295262098312378,0.3027084767818451
5.13063383102417,1.5958150276681442,1.5836957693099976,0.582604706287384,0.252292662858963
5.133703231811523,1.5964789584015906,1.5844587087631226,0.38823530077934265,0.34714275598526
5.13678240776062,1.5971445672566338,1.5852216482162476,0.3529869616031647,0.2728008031845093
5.139859914779663,1.5978093687569013,1.58560311794281,0.18379491567611694,0.2702372670173645
5.142939567565918,1.5984741768902195,1.586366057395935,0.3459372818470001,0.2663919925689697
5.1460120677948,1.5991369756180662,1.58712899684906,0.41844815015792847,0.32364386320114136
5.149066209793091,1.5997953436581707,1.587891936302185,0.2895399332046509,0.24972915649414062
5.152142286300659,1.6004579560673873,1.5882734060287476,0.41844815015792847,0.26083773374557495
5.1552088260650635,1.6011180209292437,1.5890363454818726,0.40434882044792175,0.3492790162563324
5.158275842666626,1.6017776860115756,1.5897992849349976,0.2371709793806076,0.3975585699081421
5.1613428592681885,1.6024368388390036,1.5901808738708496,0.2552987039089203,0.3052719831466675
5.1644086837768555,1.603095213725313,1.5909438133239746,0.5231860876083374,0.4099488854408264
5.167475938796997,1.6037533640228692,1.5917067527770996,0.5755550265312195,0.37064164876937866
5.170542001724243,1.6044107171600444,1.592088222503662,0.36003661155700684,0.3796139359474182
5.173608303070068,1.6050675703249655,1.592851161956787,0.3932707607746124,0.4167849123477936
5.176675081253052,1.605723964643,1.593614101409912,0.33989471197128296,0.3296253979206085
5.179741859436035,1.6063797881757766,1.594377040863037,0.20393683016300201,0.2898908853530884
5.1828086376190186,1.6070350311830273,1.595139980316162,0.32881665229797363,0.30655375123023987
5.185876846313477,1.60768998915937,1.5955214500427246,0.37312886118888855,0.42233920097351074
5.188953876495361,1.6083462270763427,1.5962843894958496,0.3026321828365326,0.2681010067462921
5.192027807235718,1.6090011910917539,1.5970473289489746,0.48290225863456726,0.32321658730506897
5.195065975189209,1.6096479236162273,1.5978103876113892,0.4426184594631195,0.2997176945209503
5.198137283325195,1.6103010831119582,1.5981918573379517,0.401327520608902,0.2740825414657593
5.201205730438232,1.6109529944134984,1.5989547967910767,0.27946898341178894,0.3693598806858063
5.204283237457275,1.6116061785102516,1.5997177362442017,0.42348363995552063,0.2856183648109436
5.20735764503479,1.6122580430109121,1.6000992059707642,0.3821927309036255,0.3197985887527466
5.210430383682251,1.6129088830415723,1.6008621454238892,0.19386588037014008,0.3497062623500824
5.2135009765625,1.6135585891580457,1.6016250848770142,0.28148317337036133,0.40225833654403687
5.2165796756744385,1.614209318876317,1.6023880243301392,0.143511101603508,0.3783321976661682
5.219651699066162,1.614857937632229,1.6027694940567017,0.3781643509864807,0.40311282873153687
5.222717761993408,1.6155045911183672,1.6035324335098267,0.3469443917274475,0.3364614248275757
5.225784778594971,1.6161507296931208,1.6039139032363892,0.23414969444274902,0.3326161503791809
5.228850841522217,1.6167959419375633,1.6046768426895142,0.3842069208621979,0.3522697687149048
5.231917381286621,1.6174405194711468,1.6054397821426392,0.38924238085746765,0.3838864862918854
5.234985589981079,1.618084702515765,1.6058213710784912,0.18580910563468933,0.4155031740665436
5.238065242767334,1.618730528982425,1.6065843105316162,0.30766767263412476,0.3843137323856354
5.241137266159058,1.619373987989671,1.6069657802581787,0.27644771337509155,0.5094987154006958
5.244213819503784,1.6200176179450714,1.6077287197113037,0.3831998109817505,0.4748912751674652
5.247286558151245,1.6206596632422532,1.6081101894378662,0.24623483419418335,0.3505607545375824
5.250353574752808,1.6212997194578145,1.6088731288909912,0.2875257432460785,0.47147324681282043
5.253419876098633,1.621938824447339,1.6096360683441162,0.27946898341178894,0.4112306535243988
5.256485462188721,1.6225769692862688,1.6100175380706787,0.35500115156173706,0.5009536743164062
5.259552955627441,1.623214689951518,1.6107804775238037,0.3147173225879669,0.32748913764953613
5.2626190185546875,1.6238512828569436,1.6115434169769287,0.3449302017688751,0.35825130343437195
5.265686750411987,1.6244873819676864,1.6123063564300537,0.2371709793806076,0.32321658730506897
5.268752813339233,1.6251222857310503,1.6126878261566162,0.3489585816860199,0.34287023544311523
5.2718188762664795,1.6257563310065535,1.6134508848190308,0.3852140009403229,0.2834821045398712
5.2748847007751465,1.6263894591795667,1.6142138242721558,0.425497829914093,0.3180895745754242
5.277951240539551,1.6270218575907678,1.6149767637252808,0.4899519383907318,0.24673838913440704
5.281019926071167,1.627653810617423,1.6157397031784058,0.44866102933883667,0.2211032211780548
5.284063100814819,1.6282796236384047,1.6165026426315308,0.6017395257949829,0.2505836486816406
5.2871317863464355,1.6289097796555827,1.6168841123580933,0.32478827238082886,0.35996031761169434
5.290208101272583,1.6295405826659572,1.6176470518112183,0.37514305114746094,0.27664607763290405
5.293283700942993,1.6301703090695552,1.6184099912643433,0.33788052201271057,0.2706645429134369
5.296350479125977,1.6307972940854705,1.6191729307174683,0.3670862913131714,0.2728008031845093
5.299417495727539,1.631423384560979,1.6195544004440308,0.4446326494216919,0.26254671812057495
5.3024866580963135,1.6320489594438379,1.6203173398971558,0.5151293277740479,0.21640345454216003
5.305563926696777,1.6326752194999998,1.6210802793502808,0.27544060349464417,0.23392081260681152
5.308640956878662,1.6333004534299862,1.6218433380126953,0.4637674391269684,0.21640345454216003
5.311712026596069,1.6339234921856702,1.6222248077392578,0.22609293460845947,0.29031816124916077
5.314782619476318,1.6345454420600893,1.6229877471923828,0.3922636806964874,0.29288166761398315
5.317859172821045,1.6351675949783666,1.6233692169189453,0.2230716347694397,0.34329748153686523
5.320931434631348,1.6357878676538156,1.6241321563720703,0.4103913903236389,0.2847638726234436
5.323997735977173,1.6364059189849904,1.6248950958251953,0.23012131452560425,0.3800412118434906
5.327065467834473,1.6370232317805917,1.6252765655517578,0.3771572411060333,0.42105746269226074
5.330135107040405,1.637639891134031,1.6260395050048828,0.46779584884643555,0.3787594437599182
5.333202362060547,1.6382550260005218,1.6264209747314453,0.3499656617641449,0.29416343569755554
5.336278200149536,1.6388708234916263,1.6271839141845703,0.42046234011650085,0.25955596566200256
5.339356422424316,1.6394860276904184,1.6279468536376953,0.37212178111076355,0.4005493223667145
5.342432737350464,1.6400997714625702,1.6283283233642578,0.3157244324684143,0.30954450368881226
5.345500469207764,1.6407107193483048,1.6290913820266724,0.32881665229797363,0.40567636489868164
5.348567962646484,1.641320528794111,1.6294728517532349,0.3620508015155792,0.42319372296333313
5.351634979248047,1.6419291437258168,1.6302357912063599,0.5886473059654236,0.42404821515083313
5.354701280593872,1.6425365084358947,1.6306172609329224,0.21400777995586395,0.3458609879016876
5.357767105102539,1.6431426617800167,1.6313802003860474,0.3640649914741516,0.41934844851493835
5.36083459854126,1.643748018346285,1.6321431398391724,0.40636301040649414,0.4612191915512085
5.363901615142822,1.644352145029244,1.6325246095657349,0.4124055802822113,0.3667963743209839
5.366969108581543,1.644955220702343,1.6332875490188599,0.24522773921489716,0.3526970446109772
5.370037794113159,1.6455573760848796,1.6340504884719849,0.35600823163986206,0.3796139359474182
5.373065948486328,1.6461504373659392,1.6344319581985474,0.5050583481788635,0.3843137323856354
5.376132488250732,1.6467498526673805,1.6351948976516724,0.3952849507331848,0.37534141540527344
5.3791985511779785,1.647347995120474,1.6355763673782349,0.37514305114746094,0.30740824341773987
5.382266283035278,1.6479452737550646,1.6363393068313599,0.426504909992218,0.35910582542419434
5.385333299636841,1.6485412149514744,1.636720895767212,0.26134127378463745,0.3996948301792145
5.388401985168457,1.6491362725517218,1.637483835220337,0.39024949073791504,0.34073394536972046
5.391477823257446,1.6497314958037543,1.638246774673462,0.2734264135360718,0.40823987126350403
5.394547462463379,1.650324291572267,1.6386282444000244,0.05085831880569458,0.4146486520767212
5.397614002227783,1.6509152551735387,1.6393911838531494,0.2502632141113281,0.3650873601436615
5.4006805419921875,1.6515049770031809,1.639772653579712,0.19890135526657104,0.45181962847709656
5.403748989105225,1.6520938139347099,1.6401541233062744,0.0015106431674212217,0.4283207356929779
5.406825304031372,1.6526828950036863,1.6409170627593994,0.2542915940284729,0.3685053884983063
5.409895181655884,1.6532694712903087,1.6416800022125244,0.08509956300258636,0.4253299832344055
5.412964582443237,1.653854677252088,1.642061471939087,0.3358663320541382,0.4445563554763794
5.416041374206543,1.6544399998799593,1.642824411392212,0.3026321828365326,0.382177472114563
5.419122695922852,1.6550248786138406,1.6432058811187744,0.5090867280960083,0.47019150853157043
5.422196388244629,1.655606998680158,1.6439688205718994,0.3358663320541382,0.37405967712402344
5.4252636432647705,1.6561865861745513,1.644350290298462,0.24724192917346954,0.4317387640476227
5.428330183029175,1.6567647183120964,1.6451133489608765,0.2714122235774994,0.43558403849601746
5.431397438049316,1.6573416561965044,1.645494818687439,0.30565345287323,0.44925612211227417
5.43446683883667,1.6579176584592599,1.646257758140564,0.15660333633422852,0.42148470878601074
5.437542676925659,1.6584935162252679,1.6466392278671265,0.29457542300224304,0.5141985416412354
5.440613746643066,1.6590671218973028,1.6474021673202515,0.5121080279350281,0.4582284390926361
5.443689584732056,1.6596402481493422,1.647783637046814,0.4113985002040863,0.5329976081848145
5.446762323379517,1.6602114193009412,1.648546576499939,0.3197528123855591,0.44882887601852417
5.449831485748291,1.6607805427020634,1.649309515953064,0.5070725679397583,0.2881819009780884
5.452899694442749,1.6613480992663014,1.6496909856796265,0.31068894267082214,0.30612650513648987
5.455966234207153,1.6619139500379125,1.6504539251327515,0.2563057839870453,0.32492560148239136
5.459033012390137,1.6624784395409669,1.650835394859314,0.34090182185173035,0.35825130343437195
5.462066650390625,1.6630354382256116,1.651598334312439,0.3761501610279083,0.4261844754219055
5.465137243270874,1.6635978051349463,1.6523613929748535,0.24925611913204193,0.32791638374328613
5.468203544616699,1.6641579551892773,1.6531243324279785,0.48390936851501465,0.2693827748298645
5.471270322799683,1.6647167538184946,1.653505802154541,0.43657588958740234,0.27792781591415405
5.474336624145508,1.6652740189568347,1.654268741607666,0.4416113495826721,0.29544517397880554
5.477402925491333,1.6658298293270808,1.655031681060791,0.45268940925598145,0.29330891370773315
5.480469703674316,1.6663842627686705,1.6554131507873535,0.29457542300224304,0.3509880304336548
5.483536243438721,1.6669371815692349,1.6561760902404785,0.24925611913204193,0.26340124011039734
5.486605644226074,1.6674891344667588,1.656557559967041,0.3831998109817505,0.2847638726234436
5.489683151245117,1.6680410484785109,1.657320499420166,0.18782329559326172,0.2531471848487854
5.492757081985474,1.6685908169520554,1.6577019691467285,0.3016250729560852,0.32449835538864136
5.495829105377197,1.6691387341995734,1.6584649085998535,0.2381780743598938,0.3172350525856018
5.498899221420288,1.669684794875038,1.658846378326416,0.19588007032871246,0.3202258348464966
5.5019683837890625,1.6702291625964443,1.659609317779541,0.12336919456720352,0.30869001150131226
5.505045413970947,1.6707733887152398,1.6599907875061035,0.461753249168396,0.2988632023334503
5.508126735687256,1.6713168234345435,1.660753846168518,0.2059510201215744,0.43302053213119507
5.5111939907073975,1.6718562283127207,1.6611353158950806,0.32176700234413147,0.39157700538635254
5.514266729354858,1.6723950399014995,1.661516785621643,0.2522774040699005,0.3001449704170227
5.5173499584198,1.6729341159098168,1.662279725074768,0.15660333633422852,0.3804684579372406
5.520425081253052,1.6734701950031874,1.6626611948013306,0.27443352341651917,0.4300297498703003
5.523496150970459,1.6740039851197368,1.6634241342544556,0.1918516755104065,0.3932860195636749
5.52656364440918,1.6745355670962399,1.663805603981018,0.32680246233940125,0.38602274656295776
5.529629945755005,1.6750653499027246,1.6641870737075806,0.24220645427703857,0.3770504295825958
5.532697439193726,1.6755937375964094,1.664568543434143,0.37312886118888855,0.46420997381210327
5.535766124725342,1.676120720454464,1.665331482887268,0.1928587704896927,0.4766002893447876
5.538843393325806,1.676647552146071,1.666094422340393,0.4798809885978699,0.3663691282272339
5.541920185089111,1.6771726673129503,1.6664758920669556,0.2824902832508087,0.41806668043136597
5.544991970062256,1.6776952893705028,1.666857361793518,0.3016250729560852,0.46420997381210327
5.54806661605835,1.678216750831293,1.6672388315200806,0.3761501610279083,0.4936904013156891
5.551133632659912,1.6787352685983263,1.6680018901824951,0.3761501610279083,0.3954222798347473
5.554199457168579,1.6792519303890987,1.6683833599090576,0.2563057839870453,0.4612191915512085
5.557266473770142,1.6797671303184998,1.6687648296356201,0.4406042695045471,0.37576866149902344
5.560333251953125,1.6802806196616482,1.6695277690887451,0.32378119230270386,0.3326161503791809
5.563399314880371,1.6807923117346886,1.6699092388153076,0.10524147748947144,0.33731594681739807
5.5664660930633545,1.681302437674274,1.6706721782684326,0.13847562670707703,0.4774547815322876
5.569535255432129,1.6818112649466506,1.6710536479949951,0.3167315125465393,0.3766231834888458
5.5726048946380615,1.6823184673982918,1.6718165874481201,0.19688716530799866,0.35739681124687195
5.575671434402466,1.68282344876398,1.6721980571746826,0.30968186259269714,0.37064164876937866
5.578737497329712,1.6833266364098705,1.6729609966278076,0.3318379521369934,0.3804684579372406
5.581803560256958,1.683828101522092,1.6729609966278076,-0.052872512489557266,0.2702372670173645
5.5848705768585205,1.684327991825085,1.6741054058074951,0.2552987039089203,0.2898908853530884
5.587943077087402,1.684827032750167,1.6744868755340576,0.27544060349464417,0.3655146062374115
5.591026306152344,1.6853260549336428,1.6748683452606201,0.40233463048934937,0.37534141540527344
5.5940656661987305,1.685816242675551,1.6752498149871826,0.2502632141113281,0.3761959373950958
5.597139835357666,1.6863102856068095,1.6760128736495972,0.32780957221984863,0.4313115179538727
5.600207328796387,1.6868014853036848,1.6763943433761597,0.3006179928779602,0.4167849123477936
5.603275299072266,1.6872909851685471,1.6767758131027222,0.11531242728233337,0.4120851457118988
5.606352090835571,1.6877801012080207,1.6771572828292847,0.16566720604896545,0.40354010462760925
5.609423398971558,1.6882665491495867,1.6779202222824097,0.27644771337509155,0.46420997381210327
5.612493515014648,1.6887510073153305,1.6783016920089722,0.2865186631679535,0.3766231834888458
5.6155712604522705,1.6892348548050418,1.6786831617355347,0.19890135526657104,0.41934844851493835
5.618648290634155,1.6897167664242403,1.6794461011886597,0.2361638844013214,0.38687723875045776
5.621718645095825,1.6901958080574064,1.6798275709152222,0.2885328531265259,0.4723277688026428
5.6247851848602295,1.6906724283088264,1.6802090406417847,0.21098649501800537,0.47830930352211
5.627851486206055,1.6911471795656563,1.6809719800949097,0.3610437214374542,0.43302053213119507
5.630918741226196,1.691620238703972,1.6813534498214722,0.1273975670337677,0.4445563554763794
5.6339874267578125,1.692091670086952,1.6817349195480347,0.08107118308544159,0.4881361126899719
5.6370689868927,1.6925632118230989,1.6821163892745972,0.23414969444274902,0.42105746269226074
5.640152931213379,1.693033237708556,1.6824978590011597,0.06797894090414047,0.3492790162563324
5.643229246139526,1.6935002193365565,1.6832607984542847,0.3026321828365326,0.43942931294441223
5.646297931671143,1.6939641637351548,1.6836423873901367,-0.06898603588342667,0.3454337418079376
5.649366140365601,1.6944261528152245,1.6840238571166992,0.09718471020460129,0.3343251645565033
5.652432918548584,1.6948860378726598,1.6847867965698242,0.329823762178421,0.40909436345100403
5.655499219894409,1.695343956850034,1.6851682662963867,0.06193637102842331,0.32535287737846375
5.658565282821655,1.6957999392171867,1.6855497360229492,0.3620508015155792,0.35910582542419434
5.6616315841674805,1.6962540491187341,1.6863126754760742,0.15156786143779755,0.42362096905708313
5.664698362350464,1.6967063144520527,1.6866941452026367,0.15559624135494232,0.32620736956596375
5.667766094207764,1.6971567974767916,1.6870756149291992,0.1928587704896927,0.42276644706726074
5.67083215713501,1.6976051070600302,1.6878385543823242,0.27644771337509155,0.3650873601436615
5.673898935317993,1.6980515860499945,1.6882200241088867,0.21199358999729156,0.2847638726234436
5.676967620849609,1.6984963988772526,1.6889829635620117,0.46578162908554077,0.33902496099472046
5.680039644241333,1.6989397412851073,1.6893644332885742,0.38722819089889526,0.3180895745754242
5.683065414428711,1.6993744908133575,1.6897459030151367,0.36003661155700684,0.32407110929489136
5.686141490936279,1.699814510977269,1.6901273727416992,0.2049439251422882,0.23221179842948914
5.689218759536743,1.7002527203452023,1.6908903121948242,0.21300068497657776,0.2561379373073578
5.692288637161255,1.7006878961296814,1.6912717819213867,0.3157244324684143,0.2856183648109436
5.695356845855713,1.7011208517590022,1.6916533708572388,0.2220645397901535,0.32278934121131897
5.698427200317383,1.7015521186178288,1.6924163103103638,0.27443352341651917,0.3031357228755951
5.701507329940796,1.7019827502746234,1.6927977800369263,0.1767452508211136,0.4565194249153137
5.704584121704102,1.7024109006745796,1.6931792497634888,0.30766767263412476,0.3531242907047272
5.707655429840088,1.702836273499307,1.6935607194900513,0.019638361409306526,0.24844738841056824
5.710722208023071,1.7032590043529352,1.6943236589431763,0.31169605255126953,0.2736552953720093
5.713791847229004,1.703680107374777,1.6947051286697388,0.22508582472801208,0.40781262516975403
5.716871023178101,1.704100479796449,1.6950865983963013,0.3962920606136322,0.40695810317993164
5.7199506759643555,1.7045188685091928,1.6954680681228638,0.30968186259269714,0.38986802101135254
5.723024606704712,1.7049344303453373,1.6958495378494263,0.26033416390419006,0.3522697687149048
5.72606635093689,1.705343619281198,1.6962310075759888,0.1747310608625412,0.4415655732154846
5.729135751724243,1.7057544840931138,1.6966124773025513,0.27644771337509155,0.34073394536972046
5.732205152511597,1.7061632889512999,1.6973754167556763,0.29558250308036804,0.41977569460868835
5.735283374786377,1.7065711937618402,1.6973754167556763,0.07502861320972443,0.37320515513420105
5.738358736038208,1.7069766383239597,1.6981383562088013,0.13746853172779083,0.40354010462760925
5.741429090499878,1.7073793416889556,1.6985198259353638,0.049851223826408386,0.45181962847709656
5.7445056438446045,1.707780766344259,1.6985198259353638,-0.0317235067486763,0.41977569460868835
5.747576713562012,1.7081793812655324,1.6992828845977783,0.07100022584199905,0.4616464376449585
5.7506492137908936,1.7085760820855147,1.6996643543243408,0.038773175328969955,0.43472954630851746
5.753729581832886,1.7089716844644542,1.7000458240509033,0.30766767263412476,0.45395588874816895
5.75680136680603,1.7093640705088131,1.7004272937774658,0.1767452508211136,0.3659418523311615
5.759869337081909,1.709753856272796,1.7008087635040283,0.3701075613498688,0.5231708288192749
5.762936592102051,1.7101414344255914,1.7011902332305908,0.22911421954631805,0.4625009596347809
5.766006708145142,1.7105272488753474,1.7015717029571533,0.1908445805311203,0.572732150554657
5.769069671630859,1.710910039975359,1.7019531726837158,0.1284046620130539,0.4633554518222809
5.772143363952637,1.7112920330009564,1.7023346424102783,0.3368734121322632,0.3779049217700958
5.77521014213562,1.711671025664528,1.7027161121368408,0.05690089240670204,0.4125123918056488
5.7782769203186035,1.712047874020787,1.7030975818634033,-0.014602883718907833,0.382177472114563
5.781347036361694,1.7124229791187224,1.7034790515899658,0.304646372795105,0.502662718296051
5.784424543380737,1.712796819260896,1.7038605213165283,0.18480201065540314,0.5257343649864197
5.787499189376831,1.7131681387214561,1.7038605213165283,-0.002517738612368703,0.4573739171028137
5.790575742721558,1.713537508827995,1.7046234607696533,0.08409246802330017,0.4813000559806824
5.793645858764648,1.7139039270368543,1.7050049304962158,0.16264592111110687,0.4129396378993988
5.796712398529053,1.7142677400178774,1.7053864002227783,0.13646143674850464,0.4932631552219391
5.7997822761535645,1.7146297629002714,1.7057678699493408,0.3328450322151184,0.540688157081604
5.80286169052124,1.7149907075172204,1.7061493396759033,0.2986038029193878,0.45481041073799133
5.805940389633179,1.7153493573432768,1.7065308094024658,0.3479514718055725,0.5082169771194458
5.809015989303589,1.7157054333842712,1.7069122791290283,0.1928587704896927,0.6133211255073547
5.812064170837402,1.716056147751143,1.7072938680648804,0.21803615987300873,0.5718775987625122
5.815209627151489,1.716415765881247,1.7076753377914429,0.3489585816860199,0.42233920097351074
5.818341255187988,1.7167714885087797,1.7080568075180054,0.20292973518371582,0.43344777822494507
5.821462154388428,1.717123689391213,1.7084382772445679,0.15156786143779755,0.40866711735725403
5.8246400356292725,1.7174799527748725,1.7088197469711304,0.28148317337036133,0.4137941598892212
5.82776403427124,1.7178278410063745,1.7092012166976929,0.04481574892997742,0.4253299832344055
5.830867052078247,1.7181710961883725,1.7095826864242554,0.09919890016317368,0.5159075260162354
5.833947420120239,1.718509576809152,1.7099641561508179,0.20897230505943298,0.43772029876708984
5.837015151977539,1.718844417034146,1.7103456258773804,0.37212178111076355,0.39114975929260254
5.840063095092773,1.71917486684526,1.7103456258773804,0.2220645397901535,0.3808957040309906
5.843129396438599,1.7195050586945724,1.7107270956039429,0.11531242728233337,0.38773176074028015
5.846198320388794,1.719833270099849,1.7111085653305054,0.049851223826408386,0.43900206685066223
5.849273681640625,1.720159894102881,1.7114900350570679,-0.0639505609869957,0.37534141540527344
5.852342844009399,1.7204835835346883,1.7118715047836304,0.2371709793806076,0.5171892642974854
5.855410814285278,1.7208048698403413,1.7122529745101929,0.17976653575897217,0.46677348017692566
5.858477592468262,1.7211237509013848,1.7126344442367554,0.23414969444274902,0.3608148396015167
5.861544370651245,1.7214403472635702,1.7130159139633179,0.18178072571754456,0.4877088665962219
5.8646111488342285,1.7217546542248192,1.7133973836898804,0.45168229937553406,0.37491416931152344
5.867677688598633,1.7220666429497233,1.7137788534164429,0.1414969116449356,0.37192338705062866
5.870746374130249,1.7223765492250136,1.7141603231430054,0.29759669303894043,0.4291752576828003
5.8738157749176025,1.7226842207559137,1.7145417928695679,0.32478827238082886,0.3992675542831421
5.876881837844849,1.7229892496528734,1.7145417928695679,0.0961776152253151,0.4108033776283264
5.87994909286499,1.7232920844704178,1.7153048515319824,0.0961776152253151,0.3962768018245697
5.883019208908081,1.7235928808926637,1.715686321258545,0.2996108829975128,0.4466926157474518
5.886062860488892,1.7238887880244689,1.715686321258545,0.3167315125465393,0.45438316464424133
5.889129161834717,1.7241845807255898,1.7160677909851074,0.15156786143779755,0.46634623408317566
5.892195701599121,1.724478066720459,1.71644926071167,0.3348592221736908,0.5086442232131958
5.895261526107788,1.7247691509239693,1.7168307304382324,0.2583199739456177,0.4753185212612152
5.898327350616455,1.725057897741655,1.7168307304382324,-0.016617074608802795,0.44028380513191223
5.901393890380859,1.725344369432391,1.7175936698913574,0.13041886687278748,0.40738537907600403
5.9044599533081055,1.7256284501069437,1.71797513961792,0.32780957221984863,0.4009765684604645
5.90752649307251,1.7259102239077224,1.7183566093444824,0.32378119230270386,0.3791866898536682
5.910593509674072,1.7261896855526802,1.7183566093444824,0.11430533230304718,0.40183109045028687
5.913659334182739,1.7264666796476162,1.718738079071045,0.18379491567611694,0.3928587734699249
5.916726112365723,1.726741396221346,1.7191195487976074,0.10121309012174606,0.3458609879016876
5.919792175292969,1.7270136814205188,1.71950101852417,0.1284046620130539,0.3932860195636749
5.922858715057373,1.7272836373428735,1.7198824882507324,0.11531242728233337,0.30869001150131226
5.9259257316589355,1.7275512588722994,1.720263957977295,0.14753948152065277,0.29117265343666077
5.928994417190552,1.7278166435549052,1.720263957977295,0.2563057839870453,0.35654231905937195
5.932066202163696,1.7280799055950762,1.7206454277038574,0.10624857246875763,0.3851682245731354
5.935142517089844,1.728341154747824,1.72102689743042,0.33989471197128296,0.46890974044799805
5.938213348388672,1.7285995378588472,1.7214083671569824,0.3318379521369934,0.4586556851863861
5.941281080245972,1.7288552617505417,1.7214083671569824,0.24119935929775238,0.4586556851863861
5.94434928894043,1.729108623811424,1.721789836883545,0.2683909237384796,0.3633783459663391
5.9474263191223145,1.7293602983998861,1.7221713066101074,-0.12336919456720352,0.40866711735725403
5.950500011444092,1.7296092807752015,1.72255277633667,0.14753948152065277,0.4573739171028137
5.953569650650024,1.7298555180119901,1.72255277633667,0.022659648209810257,0.4266117215156555
5.9566357135772705,1.7300990537077487,1.722934365272522,0.2875257432460785,0.3526970446109772
5.959702730178833,1.7303402471532334,1.7233158349990845,0.2532845139503479,0.29587242007255554
5.962768793106079,1.7305789447721802,1.723697304725647,0.015609979629516602,0.3689326345920563
5.965835332870483,1.7308152549519429,1.7240787744522095,0.27544060349464417,0.39157700538635254
5.96890115737915,1.731049082604123,1.724460244178772,0.22911421954631805,0.29373615980148315
5.971966743469238,1.731280461758793,1.724460244178772,0.19386588037014008,0.43601128458976746
5.9750330448150635,1.7315094603933874,1.7248417139053345,0.26234835386276245,0.40225833654403687
5.978062868118286,1.7317333399220558,1.725223183631897,0.18278782069683075,0.4928358793258667
5.981132745742798,1.731957747881644,1.725223183631897,0.052872512489557266,0.3766231834888458
5.984201431274414,1.732179619576116,1.7256046533584595,0.2552987039089203,0.32578012347221375
5.987270355224609,1.7323990562755422,1.725986123085022,0.11833371222019196,0.41977569460868835
5.990339040756226,1.7326160206216439,1.725986123085022,0.16365301609039307,0.4133669137954712
5.993406295776367,1.7328304271092196,1.7263675928115845,0.1918516755104065,0.2860456109046936
5.996472358703613,1.7330422923707727,1.726749062538147,0.04179446026682854,0.27664607763290405
5.999544382095337,1.7332521017548226,1.726749062538147,0.1757381558418274,0.3492790162563324
6.002610683441162,1.7334590539819694,1.7271305322647095,0.04179446026682854,0.26169222593307495
6.005676031112671,1.7336634758595015,1.7271305322647095,0.2079652100801468,0.37491416931152344
6.008742332458496,1.7338654915493874,1.727512001991272,-0.029709314927458763,0.3296253979206085
6.011808156967163,1.7340650032315714,1.7278934717178345,0.24119935929775238,0.3454337418079376
6.0148749351501465,1.73426210045802,1.728274941444397,0.09919890016317368,0.32578012347221375
6.0179407596588135,1.734456657720993,1.728274941444397,-0.00553902518004179,0.3672236204147339
6.021006345748901,1.7346487189685469,1.7286564111709595,0.07804989814758301,0.3531242907047272
6.0240654945373535,1.7348379010945556,1.7286564111709595,0.03675898537039757,0.40482184290885925
6.0271337032318115,1.7350251564697212,1.729037880897522,0.0639505609869957,0.3505607545375824
6.030210494995117,1.7352104317149024,1.729037880897522,0.2220645397901535,0.4407110810279846
6.03328800201416,1.7353932389285853,1.7294193506240845,0.04179446026682854,0.35611504316329956
6.036357402801514,1.7355730604227073,1.7294193506240845,0.00553902518004179,0.4103761315345764
6.0394251346588135,1.7357502826082751,1.729800820350647,0.10524147748947144,0.35483330488204956
6.042490720748901,1.7359248799721068,1.7301822900772095,0.23112840950489044,0.47104600071907043
6.045559406280518,1.7360971474860218,1.7301822900772095,0.030716411769390106,0.3847409784793854
6.048635959625244,1.7362673368101997,1.7305638790130615,0.24321354925632477,0.32706186175346375
6.0517051219940186,1.7364346007401896,1.7305638790130615,-0.20393683016300201,0.3924315273761749
6.0547707080841064,1.7365991581636289,1.730945348739624,0.23012131452560425,0.3356069326400757
6.057837009429932,1.7367612405170512,1.730945348739624,0.010574501939117908,0.3633783459663391
6.060902833938599,1.7369207820885693,1.7313268184661865,-0.06495765596628189,0.33774319291114807
6.063969373703003,1.7370778422505426,1.7313268184661865,0.13545434176921844,0.35611504316329956
6.067035675048828,1.737232369239022,1.731708288192749,0.07704280316829681,0.4009765684604645
6.07006573677063,1.7373825913274539,1.731708288192749,-0.05690089240670204,0.46677348017692566
6.073134660720825,1.7375322263945372,1.7320897579193115,0.16264592111110687,0.3313344120979309
6.076202869415283,1.7376792955359865,1.7320897579193115,-0.0015106431674212217,0.35825130343437195
6.0792694091796875,1.7378237538043366,1.7320897579193115,0.04078736528754234,0.38986802101135254
6.082335948944092,1.7379656797397522,1.732471227645874,0.21803615987300873,0.38687723875045776
6.085402488708496,1.7381050712346826,1.7328526973724365,0.12336919456720352,0.40183109045028687
6.088468551635742,1.7382419051359825,1.7328526973724365,-0.12034790217876434,0.4637826979160309
6.091533899307251,1.7383761702516387,1.7328526973724365,0.1284046620130539,0.42020294070243835
6.094600677490234,1.7385079576861622,1.733234167098999,0.05992217734456062,0.3984130620956421
6.097666263580322,1.738637152487596,1.733234167098999,0.22609293460845947,0.4321660101413727
6.100733041763306,1.738763853215167,1.7336156368255615,0.17070268094539642,0.35611504316329956
6.103799104690552,1.7388879785946643,1.7336156368255615,0.15559624135494232,0.44925612211227417
6.106865167617798,1.7390095566302466,1.7336156368255615,0.13545434176921844,0.4894178807735443
6.1099324226379395,1.7391286312998304,1.733997106552124,0.1102769523859024,0.3766231834888458
6.1129982471466064,1.7392450993207025,1.733997106552124,0.18580910563468933,0.504798948764801
6.116063833236694,1.7393590063336033,1.733997106552124,0.03373769670724869,0.40140384435653687
6.119130849838257,1.7394704111697734,1.7343785762786865,0.04280155524611473,0.38730448484420776
6.122197151184082,1.7395792333396363,1.7343785762786865,0.018631266430020332,0.5522239804267883
6.125263452529907,1.7396854975061053,1.734760046005249,0.052872512489557266,0.5150530338287354
6.128329277038574,1.739789186163521,1.734760046005249,0.07301442325115204,0.5359883904457092
6.131398677825928,1.7398904309671703,1.734760046005249,0.01762416958808899,0.49710842967033386
6.134476184844971,1.7399893651668412,1.7351415157318115,0.009567406959831715,0.3646601140499115
6.137547492980957,1.740085525019666,1.7351415157318115,0.1606317162513733,0.3941405415534973
6.140613555908203,1.7401789533349497,1.7351415157318115,0.06697184592485428,0.40439459681510925
6.14367938041687,1.740269808176104,1.735522985458374,0.02568093314766884,0.3808957040309906
6.146747589111328,1.7403581632179874,1.735522985458374,0.25932708382606506,0.5321431159973145
6.149825096130371,1.740444201548656,1.735522985458374,0.10222018510103226,0.5641870498657227
6.152893543243408,1.7405274083455118,1.7359044551849365,0.02568093314766884,0.4962539076805115
6.155959367752075,1.7406079716446405,1.7359044551849365,0.07804989814758301,0.4163576662540436
6.159025192260742,1.7406859624666127,1.7359044551849365,-0.014602883718907833,0.4919813871383667
6.162062883377075,1.740760699295076,1.7359044551849365,-0.07100022584199905,0.4471198618412018
6.165129661560059,1.740833587625699,1.736285924911499,0.19386588037014008,0.3817501962184906
6.168195486068726,1.7409038770638499,1.736285924911499,0.16466011106967926,0.40439459681510925
6.1712610721588135,1.7409715844672426,1.736285924911499,0.060929276049137115,0.44925612211227417
6.17432713508606,1.741036724327509,1.7366673946380615,0.24925611913204193,0.537270188331604
6.177395343780518,1.7410993278249665,1.7366673946380615,0.05589379742741585,0.4249027371406555
6.180464267730713,1.7411593612286411,1.7366673946380615,0.173723965883255,0.37235066294670105
6.183530330657959,1.7412167563991807,1.7366673946380615,0.1888303905725479,0.4475471079349518
6.186596393585205,1.7412715696550098,1.7366673946380615,0.018631266430020332,0.4304569959640503
6.189664840698242,1.7413238397919866,1.737048864364624,0.10926985740661621,0.3697871267795563
6.192730665206909,1.7413734810464225,1.737048864364624,0.19386588037014008,0.38602274656295776
6.195796489715576,1.7414205384614525,1.737048864364624,0.06193637102842331,0.4155031740665436
6.198861837387085,1.7414650046226063,1.737048864364624,0.0629434660077095,0.4466926157474518
6.201928615570068,1.741506905331629,1.737048864364624,-0.09013504534959793,0.37491416931152344
6.204997301101685,1.7415462422571182,1.7374303340911865,0.1112840473651886,0.5770046710968018
6.208064556121826,1.7415829714236981,1.7374303340911865,0.04280155524611473,0.5210345387458801
6.211131811141968,1.741617111226766,1.7374303340911865,0.1747310608625412,0.5329976081848145
6.214197874069214,1.7416486494003411,1.7374303340911865,0.06193637102842331,0.34244295954704285
6.21726393699646,1.741677599247738,1.7374303340911865,-0.02870221994817257,0.4958266615867615
6.220329761505127,1.7417039583899976,1.7374303340911865,-0.038773175328969955,0.5257343649864197
6.223395347595215,1.7417277270397844,1.737811803817749,0.0961776152253151,0.5556420087814331
6.226464033126831,1.7417489270986481,1.7374303340911865,0.021652551367878914,0.4257572293281555
6.229532241821289,1.7417675302207614,1.737811803817749,0.08409246802330017,0.504798948764801
6.232601881027222,1.7417835464845286,1.737811803817749,0.10322728008031845,0.47788205742836
6.235679388046265,1.741796997433798,1.737811803817749,0.08711375296115875,0.443701833486557
6.238747835159302,1.7418078103957217,1.737811803817749,-0.003524834057316184,0.3924315273761749
6.241815805435181,1.741816027562559,1.737811803817749,0.03675898537039757,0.5167620182037354
6.24488377571106,1.74182165069408,1.737811803817749,-0.04481574892997742,0.44968336820602417
6.2479636669158936,1.7418246864167424,1.737811803817749,-0.04280155524611473,0.45310139656066895
6.251041650772095,1.7418251083245222,1.7381932735443115,0.043808650225400925,0.45566490292549133
6.2540624141693115,1.7418229836177774,1.7381932735443115,0.1596246212720871,0.4889906048774719
6.257128477096558,1.7418182552745665,1.737811803817749,0.0005035477224737406,0.40781262516975403
6.260195016860962,1.741810934747593,1.7381932735443115,0.14552529156208038,0.45267415046691895
6.26326060295105,1.7418010261648467,1.7381932735443115,-0.08812084794044495,0.4308842718601227
6.266327142715454,1.741788523508545,1.7381932735443115,0.046829938888549805,0.5094987154006958
6.26939582824707,1.741773418174963,1.7381932735443115,0.1747310608625412,0.41806668043136597
6.272465229034424,1.7417557138020474,1.7381932735443115,-0.0639505609869957,0.43558403849601746
6.275530815124512,1.74173544071134,1.7381932735443115,0.08308537304401398,0.4808728098869324
6.278596639633179,1.7417125769327513,1.7381932735443115,0.15056076645851135,0.5018081665039062
6.281662940979004,1.741687120121579,1.7381932735443115,-0.16466011106967926,0.5150530338287354
6.284729242324829,1.7416590740104863,1.7381932735443115,-0.1596246212720871,0.383031964302063
6.287795066833496,1.7416284439811405,1.7381932735443115,-0.021652551367878914,0.5539330244064331
6.290863275527954,1.741595199489012,1.7381932735443115,-0.035751886665821075,0.48599985241889954
6.293928861618042,1.7415593955786286,1.7385748624801636,0.1898374855518341,0.5436789393424988
6.296994686126709,1.7415210023853869,1.7381932735443115,-0.15358205139636993,0.503944456577301
6.300067186355591,1.7414799311111828,1.7381932735443115,-0.3630579113960266,0.4466926157474518
6.303133487701416,1.7414363538614908,1.7381932735443115,-0.004531929735094309,0.3949950337409973
6.306199073791504,1.7413902021046248,1.7381932735443115,0.1253833770751953,0.3954222798347473
6.309265375137329,1.7413414549897919,1.7381932735443115,0.19487297534942627,0.39114975929260254
6.312331199645996,1.7412901318905802,1.7381932735443115,-0.04280155524611473,0.27579155564308167
6.315397500991821,1.7412362176041414,1.7381932735443115,-0.1928587704896927,0.34329748153686523
6.318464040756226,1.7411797162192122,1.7381932735443115,-0.11631952226161957,0.4475471079349518
6.321529865264893,1.7411206467484193,1.7381932735443115,0.01359578873962164,0.3941405415534973
6.324596643447876,1.7410589776125596,1.7381932735443115,0.21400777995586395,0.3334706723690033
6.327664136886597,1.7409947124147802,1.7381932735443115,0.057907987385988235,0.37106889486312866
6.330732107162476,1.7409278556000762,1.7381932735443115,0.09919890016317368,0.3005722165107727
6.333808422088623,1.740858225567735,1.7381932735443115,0.07402151823043823,0.40567636489868164
6.336878299713135,1.740786155522156,1.7381932735443115,-0.02568093314766884,0.3924315273761749
6.339943885803223,1.7407116097027941,1.7381932735443115,-0.1273975670337677,0.3018539845943451
6.343011856079102,1.7406344292892812,1.7381932735443115,0.06999313086271286,0.3761959373950958
6.346071243286133,1.7405548991268576,1.7381932735443115,0.010574501939117908,0.37149614095687866
6.349154233932495,1.7404721647716095,1.7381932735443115,0.20091554522514343,0.383031964302063
6.3522279262542725,1.7403870923631624,1.7381932735443115,-0.08409246802330017,0.3206530809402466
6.355295181274414,1.7402996238274853,1.7381932735443115,-0.07301442325115204,0.37491416931152344
6.358360767364502,1.7402096346843043,1.7381932735443115,-0.1253833770751953,0.3941405415534973
6.361426591873169,1.740117072077517,1.7381932735443115,0.24724192917346954,0.34244295954704285
6.364493131637573,1.7400219217873918,1.7381932735443115,0.03978027030825615,0.3526970446109772
6.367558717727661,1.7399242373096908,1.7381932735443115,0.1112840473651886,0.3009994626045227
6.370624542236328,1.7398239830058113,1.7381932735443115,0.007553216069936752,0.3334706723690033
6.373691558837891,1.7397211273855473,1.7381932735443115,0.018631266430020332,0.28049135208129883
6.376758098602295,1.7396157270490835,1.737811803817749,-0.16163882613182068,0.2826276123523712
6.379825115203857,1.7395077507832735,1.737811803817749,-0.003524834057316184,0.24460211396217346
6.382891893386841,1.7393972250742937,1.737811803817749,0.19789426028728485,0.3001449704170227
6.385958194732666,1.7392841610505472,1.737811803817749,-0.14955367147922516,0.33774319291114807
6.3890252113342285,1.7391685161373176,1.737811803817749,-0.03474479168653488,0.3509880304336548
6.3920629024505615,1.739051460369896,1.737811803817749,-0.11631952226161957,0.24161134660243988
6.395129680633545,1.7389307448906122,1.737811803817749,-0.035751886665821075,0.27835509181022644
6.398196697235107,1.7388074705616818,1.737811803817749,-0.0800640881061554,0.3526970446109772
6.401262521743774,1.7386816978992334,1.737811803817749,-0.11229114234447479,0.24972915649414062
6.404328346252441,1.7385533813507885,1.737811803817749,0.03474479168653488,0.28177309036254883
6.4073944091796875,1.7384225125457011,1.737811803817749,0.1908445805311203,0.28134584426879883
6.410460710525513,1.7382890928338621,1.737811803817749,0.08107118308544159,0.3189440667629242
6.413527965545654,1.7381530915935317,1.7374303340911865,-0.08207827806472778,0.3321889042854309
6.416595220565796,1.7380145519459873,1.7374303340911865,0.051865413784980774,0.23263904452323914
6.4196617603302,1.7378735091425785,1.7374303340911865,0.07301442325115204,0.30997177958488464
6.422728061676025,1.7377299445285896,1.7374303340911865,-0.03474479168653488,0.2202487289905548
6.42579460144043,1.7375838379103583,1.737048864364624,-0.10826276242733002,0.26340124011039734
6.428860902786255,1.7374352141762648,1.737048864364624,-0.19487297534942627,0.2676737606525421
6.431930303573608,1.737283910210988,1.737048864364624,-0.00553902518004179,0.21426717936992645
6.435006618499756,1.7371297278391196,1.737048864364624,0.1727168709039688,0.25998321175575256
6.438062906265259,1.7369740358071992,1.7366673946380615,-0.06797894090414047,0.26382848620414734
6.441129922866821,1.7368152811443986,1.737048864364624,0.13041886687278748,0.28134584426879883
6.444195747375488,1.7366540715138419,1.7366673946380615,-0.09315633028745651,0.22708477079868317
6.447267293930054,1.7364900401711507,1.7366673946380615,-0.17170977592468262,0.24374762177467346
6.4503493309021,1.7363229149388089,1.736285924911499,-0.0015106431674212217,0.21768520772457123
6.4534173011779785,1.7361540343293436,1.736285924911499,-0.27644771337509155,0.2736552953720093
6.456483840942383,1.7359827243408972,1.736285924911499,0.12941177189350128,0.21683070063591003
6.459550142288208,1.7358089229693139,1.736285924911499,-0.19990845024585724,0.2569924592971802
6.4626171588897705,1.7356325781566406,1.7359044551849365,-0.10222018510103226,0.2569924592971802
6.4656829833984375,1.7354538027710986,1.7359044551849365,-0.030716411769390106,0.18179598450660706
6.468749284744263,1.735272503022645,1.7359044551849365,0.06999313086271286,0.1604333519935608
6.471817493438721,1.7350885941124077,1.7359044551849365,0.004531929735094309,0.24930189549922943
6.474885940551758,1.734902176190972,1.735522985458374,-0.13444724678993225,0.21127641201019287
6.477954387664795,1.734713266223877,1.735522985458374,-0.13041886687278748,0.22537575662136078
6.48102331161499,1.7345218370830984,1.735522985458374,-0.2371709793806076,0.2505836486816406
6.484062910079956,1.7343297855307969,1.7351415157318115,-0.0941634252667427,0.1924773007631302
6.487129211425781,1.7341335775492126,1.7351415157318115,-0.13243305683135986,0.21213091909885406
6.49019455909729,1.7339349545971834,1.734760046005249,-0.06697184592485428,0.3048447370529175
6.493267059326172,1.7337333868655977,1.734760046005249,-0.14854657649993896,0.19375905394554138
6.496332883834839,1.7335297839553396,1.734760046005249,-0.07704280316829681,0.15530632436275482
6.499398946762085,1.733323697506303,1.7343785762786865,-0.15458914637565613,0.18094147741794586
6.502465486526489,1.733115113689699,1.7343785762786865,-0.1596246212720871,0.1924773007631302
6.505531549453735,1.732904100470119,1.733997106552124,0.07603570818901062,0.20016784965991974
6.508603572845459,1.7326902113535374,1.733997106552124,-0.1586175262928009,0.20914015173912048
6.511669874191284,1.7324742626204563,1.7336156368255615,0.01258869282901287,0.18136873841285706
6.51473593711853,1.7322558784508715,1.7336156368255615,-0.0629434660077095,0.13736172020435333
6.5178022384643555,1.7320350281239272,1.733234167098999,-0.10322728008031845,0.24930189549922943
6.5208680629730225,1.7318117667195727,1.733234167098999,-0.23515678942203522,0.23520256578922272
6.5239341259002686,1.731586045750714,1.7328526973724365,-0.14955367147922516,0.18777751922607422
6.527004957199097,1.7313575291011103,1.7328526973724365,-0.1112840473651886,0.17965972423553467
6.530066967010498,1.7311272362831682,1.732471227645874,-0.29558250308036804,0.1882047802209854
6.533139705657959,1.730893698083467,1.732471227645874,-0.16566720604896545,0.2202487289905548
6.536216735839844,1.730657389346315,1.732471227645874,-0.07200732082128525,0.2236667424440384
6.539285898208618,1.730419251654999,1.7320897579193115,-0.1414969116449356,0.1903410404920578
6.54235315322876,1.7301788376926963,1.731708288192749,-0.17775234580039978,0.19974060356616974
6.5454230308532715,1.7299357951279255,1.731708288192749,-0.13646143674850464,0.14547951519489288
6.548499345779419,1.7296898148450959,1.731708288192749,0.014602883718907833,0.13736172020435333
6.551569938659668,1.7294418719126825,1.7313268184661865,-0.13142596185207367,0.23306630551815033
6.554638624191284,1.7291916710081436,1.7313268184661865,0.06797894090414047,0.18435950577259064
6.557705640792847,1.72893920062524,1.730945348739624,-0.09819180518388748,0.13394369184970856
6.560771703720093,1.7286844087192967,1.7305638790130615,0.04078736528754234,0.13992522656917572
6.563837289810181,1.7284272611259999,1.7305638790130615,-0.10020599514245987,0.15530632436275482
6.566903591156006,1.728167661388735,1.7301822900772095,-0.29457542300224304,0.15231555700302124
6.56997275352478,1.7279054275163934,1.7301822900772095,-0.16969558596611023,0.13223467767238617
6.573052644729614,1.7276398752881155,1.729800820350647,-0.06596475094556808,0.21512168645858765
6.576138019561768,1.7273714419530353,1.729800820350647,-0.004531929735094309,0.11557183414697647
6.579204320907593,1.7271022838962025,1.7294193506240845,-0.0005035477224737406,0.18307773768901825
6.582271099090576,1.7268307106758027,1.7294193506240845,-0.20997940003871918,0.20187686383724213
6.585337400436401,1.7265568107748472,1.729037880897522,-0.029709314927458763,0.1574425846338272
6.588404178619385,1.726280503073647,1.7286564111709595,-0.18580910563468933,0.1736781895160675
6.591470003128052,1.7260019211098285,1.7286564111709595,-0.329823762178421,0.18179598450660706
6.594536304473877,1.7257209395844044,1.728274941444397,-0.04179446026682854,0.20358586311340332
6.5976033210754395,1.7254375394490131,1.728274941444397,-0.17070268094539642,0.16470588743686676
6.6006715297698975,1.7251516786596748,1.7278934717178345,-0.20897230505943298,0.20016784965991974
6.603738307952881,1.7248636060801572,1.727512001991272,-0.10725566744804382,0.21597619354724884
6.606804132461548,1.7245732839304106,1.7271305322647095,-0.2371709793806076,0.21469444036483765
6.609870433807373,1.7242805816029032,1.7271305322647095,-0.051865413784980774,0.18179598450660706
6.612936019897461,1.723985617508272,1.726749062538147,-0.1747310608625412,0.1266804039478302
6.616005897521973,1.7236879102138816,1.7263675928115845,-0.11631952226161957,0.1903410404920578
6.61906361579895,1.7233890684206759,1.7263675928115845,-0.0800640881061554,0.19632257521152496
6.622132062911987,1.7230868612552053,1.725986123085022,-0.29558250308036804,0.14804303646087646
6.625198841094971,1.7227825039750604,1.7256046533584595,-0.23213550448417664,0.12069886177778244
6.628265380859375,1.722475861290943,1.7256046533584595,-0.10322728008031845,0.18435950577259064
6.631335258483887,1.7221665766489271,1.725223183631897,-0.16163882613182068,0.1578698456287384
6.634413957595825,1.7218540884796427,1.7248417139053345,-0.2734264135360718,0.19674982130527496
6.637490749359131,1.7215394826282342,1.7248417139053345,-0.3459372818470001,0.18051423132419586
6.640559434890747,1.7212234088918645,1.724460244178772,-0.15358205139636993,0.21255818009376526
6.643625497817993,1.720905319191653,1.7240787744522095,-0.24422064423561096,0.24289311468601227
6.646700620651245,1.7205839990651386,1.7240787744522095,-0.02366674318909645,0.15573357045650482
6.649779319763184,1.7202600121707932,1.7233158349990845,-0.18480201065540314,0.15658807754516602
6.6528565883636475,1.7199338878440773,1.7233158349990845,-0.10020599514245987,0.2078583985567093
6.655927658081055,1.719606144791803,1.722934365272522,-0.22911421954631805,0.11728084087371826
6.65899658203125,1.7192763646155556,1.72255277633667,-0.1414969116449356,0.18435950577259064
6.662062406539917,1.7189446604990086,1.72255277633667,-0.11531242728233337,0.251438170671463
6.665131092071533,1.7186103927518852,1.7221713066101074,-0.1928587704896927,0.2232394963502884
6.668210029602051,1.7182727468184247,1.721789836883545,-0.07603570818901062,0.16470588743686676
6.671286344528198,1.7179331312011688,1.7214083671569824,-0.18580910563468933,0.16641488671302795
6.674359321594238,1.7175916364858936,1.72102689743042,-0.173723965883255,0.22623026371002197
6.677428483963013,1.71724832858778,1.7206454277038574,-0.015609979629516602,0.09805447608232498
6.680495023727417,1.7169030862982213,1.720263957977295,-0.1918516755104065,0.14547951519489288
6.683563709259033,1.7165553784308918,1.720263957977295,-0.08610665798187256,0.21084916591644287
6.68664026260376,1.7162045509271748,1.7198824882507324,-0.051865413784980774,0.1574425846338272
6.689710855484009,1.7158521838111802,1.71950101852417,-0.07402151823043823,0.21982146799564362
6.692776441574097,1.7154981847574184,1.7191195487976074,-0.38924238085746765,0.1766689568758011
6.695842504501343,1.7151419306906313,1.718738079071045,-0.173723965883255,0.15146104991436005
6.69898796081543,1.7147741709220836,1.7183566093444824,-0.19386588037014008,0.18435950577259064
6.702063798904419,1.7144123224295216,1.71797513961792,-0.2845044732093811,0.16684214770793915
6.705134868621826,1.7140488420545326,1.71797513961792,-0.11631952226161957,0.22964827716350555
6.708208322525024,1.7136828912246673,1.7175936698913574,-0.3147173225879669,0.20273137092590332
6.71127986907959,1.7133149858674348,1.717212200164795,-0.14955367147922516,0.1745326966047287
6.714349269866943,1.712945164332259,1.7168307304382324,-0.1253833770751953,0.16726939380168915
6.717418193817139,1.7125732338219986,1.71644926071167,-0.3781643509864807,0.251010924577713
6.720494508743286,1.7121982390462747,1.7160677909851074,-0.002517738612368703,0.16256961226463318
6.723566293716431,1.711821635694902,1.715686321258545,-0.16163882613182068,0.21042190492153168
6.726632833480835,1.7114435273612878,1.7153048515319824,-0.09315633028745651,0.21383993327617645
6.729698657989502,1.711063367372416,1.71492338180542,-0.08610665798187256,0.2548561692237854
6.732767581939697,1.7106806858652752,1.7145417928695679,0.049851223826408386,0.16897840797901154
6.735846519470215,1.7102946126854697,1.7141603231430054,-0.40334174036979675,0.21896696090698242
6.738920211791992,1.7099070619353351,1.7137788534164429,-0.32579538226127625,0.29159989953041077
6.741989850997925,1.7095178987615811,1.7133973836898804,-0.22508582472801208,0.20102235674858093
6.745064735412598,1.7091259489137762,1.7130159139633179,-0.032730601727962494,0.1762416958808899
6.748142719268799,1.7087314831262803,1.7126344442367554,-0.31169605255126953,0.21640345454216003
6.75121808052063,1.7083352401179719,1.7122529745101929,-0.3036392629146576,0.22665750980377197
6.754297256469727,1.707936395182748,1.7118715047836304,-0.17170977592468262,0.3334706723690033
6.757366418838501,1.707536751795105,1.7114900350570679,-0.3147173225879669,0.2211032211780548
6.760434865951538,1.7071351161263748,1.7111085653305054,-0.13948272168636322,0.2732280492782593
6.763500452041626,1.7067317786470442,1.7107270956039429,-0.31068894267082214,0.24203860759735107
6.766569137573242,1.7063259608984755,1.7103456258773804,-0.3006179928779602,0.20230410993099213
6.76964545249939,1.7059170589984616,1.7099641561508179,-0.3157244324684143,0.2672465145587921
6.772718191146851,1.7055065643897174,1.7095826864242554,-0.36003661155700684,0.2223849892616272
6.775787830352783,1.70509442621776,1.7092012166976929,0.04179446026682854,0.2659647464752197
6.7788543701171875,1.7046806568354385,1.7088197469711304,-0.09718471020460129,0.24417486786842346
6.781922817230225,1.704264588021936,1.7084382772445679,-0.2210574448108673,0.23221179842948914
6.784999847412109,1.7038453103106994,1.7080568075180054,-0.10725566744804382,0.28177309036254883
6.788062810897827,1.7034259216419498,1.7076753377914429,-0.2714122235774994,0.24161134660243988
6.791133880615234,1.7030033982150523,1.7072938680648804,-0.23213550448417664,0.18435950577259064
6.794201135635376,1.7025793821620225,1.7069122791290283,-0.25932708382606506,0.2065766453742981
6.797271728515625,1.7021528915014625,1.7065308094024658,-0.12236209958791733,0.19632257521152496
6.80034065246582,1.7017246263526342,1.7061493396759033,-0.18379491567611694,0.2698100209236145
6.803417921066284,1.7012931891815946,1.7053864002227783,0.07804989814758301,0.27750056982040405
6.806490659713745,1.7008603877205477,1.7050049304962158,-0.30666056275367737,0.2723735272884369
6.8095574378967285,1.7004264401229672,1.7046234607696533,-0.21702906489372253,0.2364843189716339
6.8126232624053955,1.6999906510882665,1.7042419910430908,-0.26436254382133484,0.21768520772457123
6.815691709518433,1.699552517134268,1.7038605213165283,-0.2986038029193878,0.29288166761398315
6.81876802444458,1.69911128573352,1.7034790515899658,-0.19386588037014008,0.2728008031845093
6.821841478347778,1.6986684974648596,1.7030975818634033,-0.270405113697052,0.2659647464752197
6.82491135597229,1.698224268144196,1.7027161121368408,-0.14653238654136658,0.20999465882778168
6.8279807567596436,1.6977781597491577,1.7019531726837158,-0.2079652100801468,0.20871290564537048
6.831051826477051,1.6973298659215823,1.7019531726837158,-0.304646372795105,0.286900132894516
6.834140777587891,1.6968770082335156,1.7011902332305908,-0.3801785409450531,0.27493706345558167
6.837217807769775,1.6964239569831472,1.7008087635040283,-0.18379491567611694,0.22623026371002197
6.840285539627075,1.6959703528193504,1.7004272937774658,-0.11732661724090576,0.29758143424987793
6.843351125717163,1.695515155629314,1.7000458240509033,-0.22609293460845947,0.24502937495708466
6.846420526504517,1.695057485578272,1.6996643543243408,-0.45168229937553406,0.2369115799665451
6.849498987197876,1.6945965554012812,1.6992828845977783,-0.12437628954648972,0.24246585369110107
6.852574825286865,1.6941341151819438,1.6989012956619263,-0.1263904720544815,0.2074311375617981
6.855646371841431,1.6936704291421845,1.6985198259353638,-0.08610665798187256,0.20144960284233093
6.858713150024414,1.6932055845182923,1.6981383562088013,-0.2079652100801468,0.24972915649414062
6.861780166625977,1.6927388334791558,1.6977568864822388,-0.30766767263412476,0.18521401286125183
6.864846229553223,1.692270365025616,1.6973754167556763,-0.18580910563468933,0.18307773768901825
6.867914915084839,1.691799638177542,1.6969939470291138,-0.17976653575897217,0.18136873841285706
6.870997190475464,1.6913249629013969,1.6966124773025513,-0.1757381558418274,0.16812390089035034
6.874065637588501,1.690850568902051,1.6958495378494263,-0.11732661724090576,0.1890592873096466
6.877134084701538,1.6903743378222578,1.6954680681228638,-0.3499656617641449,0.18564125895500183
6.880201816558838,1.6898963883915195,1.6950865983963013,-0.28047609329223633,0.13351644575595856
6.883270263671875,1.6894165048441294,1.6950865983963013,0.0005035477224737406,0.1600061058998108
6.886347055435181,1.6889334930863948,1.6943236589431763,-0.054886702448129654,0.1441977620124817
6.889420032501221,1.6884492651309921,1.6939421892166138,-0.14854657649993896,0.15445181727409363
6.892490386962891,1.6879636460454808,1.6935607194900513,-0.24321354925632477,0.0942092016339302
6.895556449890137,1.6874769130982816,1.6931792497634888,-0.3701075613498688,0.1433432549238205
6.89862585067749,1.6869878632141715,1.6927977800369263,-0.2653696537017822,0.2061493843793869
6.901705741882324,1.6864953519972206,1.6924163103103638,0.002517738612368703,0.18478675186634064
6.904783010482788,1.6860014768725442,1.6916533708572388,-0.270405113697052,0.09762722253799438
6.907850027084351,1.6855074808119552,1.6912717819213867,0.011581597849726677,0.1412069946527481
6.910917282104492,1.6850116901451027,1.6908903121948242,-0.35701534152030945,0.09250018745660782
6.913983345031738,1.6845143442789408,1.6905088424682617,-0.3358663320541382,0.05233844369649887
6.917064666748047,1.6840127701208447,1.6901273727416992,-0.27644771337509155,0.13308918476104736
6.9201483726501465,1.6835090558293229,1.6897459030151367,-0.17976653575897217,0.13693445920944214
6.923225402832031,1.6830046925006545,1.6893644332885742,-0.3368734121322632,0.19760432839393616
6.926303386688232,1.6824984419842357,1.6889829635620117,-0.06596475094556808,0.09848172962665558
6.929373502731323,1.6819917685567776,1.6882200241088867,-0.19688716530799866,0.0792553573846817
6.932442665100098,1.6814835460903685,1.6878385543823242,-0.21098649501800537,0.125825896859169
6.935521364212036,1.6809720379157997,1.6874570846557617,-0.10121309012174606,0.14676126837730408
6.938597679138184,1.6804592263157594,1.6866941452026367,-0.29356831312179565,0.11557183414697647
6.941667079925537,1.6799458817513377,1.6863126754760742,-0.19990845024585724,0.2065766453742981
6.9447338581085205,1.6794313019624745,1.6859312057495117,-0.5574273467063904,0.22623026371002197
6.947803020477295,1.6789146547023737,1.6851682662963867,-0.4285190999507904,0.18606851994991302
6.950882196426392,1.6783946532910605,1.6847867965698242,-0.1767452508211136,0.22708477079868317
6.9539594650268555,1.6778733120743343,1.6840238571166992,-0.2522774040699005,0.18307773768901825
6.957033395767212,1.677350885434204,1.6836423873901367,-0.3852140009403229,0.1890592873096466
6.960067272186279,1.676833655889809,1.6828793287277222,-0.3831998109817505,0.18393224477767944
6.963135480880737,1.6763089539349758,1.6824978590011597,-0.29356831312179565,0.22879377007484436
6.9662041664123535,1.6757825494357408,1.6821163892745972,-0.14048981666564941,0.16812390089035034
6.969280958175659,1.6752531346987494,1.6813534498214722,-0.024673838168382645,0.2202487289905548
6.972351789474487,1.6747231363253385,1.6809719800949097,-0.3680933713912964,0.17026016116142273
6.9754204750061035,1.6741919101881866,1.6805905103683472,-0.3640649914741516,0.24246585369110107
6.978486061096191,1.6736596333620202,1.6798275709152222,-0.3771572411060333,0.2236667424440384
6.981554269790649,1.6731253206143113,1.6794461011886597,-0.3691004812717438,0.21725794672966003
6.9846320152282715,1.6725877664627322,1.6786831617355347,-0.34392309188842773,0.19504082202911377
6.987706184387207,1.672049264630244,1.6783016920089722,-0.18178072571754456,0.2390478402376175
6.990777492523193,1.6715097027875134,1.6779202222824097,-0.29658961296081543,0.2531471848487854
6.993844747543335,1.6709693036481983,1.6771572828292847,-0.046829938888549805,0.18393224477767944
6.996910333633423,1.6704276595163214,1.6767758131027222,-0.30968186259269714,0.11429007351398468
6.999982595443726,1.6698833003135454,1.6763943433761597,-0.3318379521369934,0.19760432839393616
7.003066539764404,1.669335333289407,1.6760128736495972,-0.2049439251422882,0.22452124953269958
7.0061445236206055,1.6687868972254212,1.6752498149871826,-0.23112840950489044,0.16769665479660034
7.009212255477905,1.668238777004811,1.6748683452606201,-0.1918516755104065,0.15188831090927124
7.012278318405151,1.6676894560134496,1.6741054058074951,-0.18480201065540314,0.18692301213741302
7.015350580215454,1.6671375295032487,1.6737239360809326,-0.3318379521369934,0.21084916591644287
7.018431186676025,1.6665826096246854,1.6733424663543701,-0.18580910563468933,0.16171512007713318
7.021507263183594,1.6660270210336805,1.6725795269012451,-0.37212178111076355,0.16855116188526154
7.024576187133789,1.665471254134344,1.6721980571746826,-0.44866102933883667,0.1570153385400772
7.027645826339722,1.6649138970047608,1.6714351177215576,-0.2895399332046509,0.15188831090927124
7.030713796615601,1.6643553915086815,1.6710536479949951,-0.22810712456703186,0.10019073635339737
7.033791542053223,1.6637936569117004,1.6702907085418701,-0.4285190999507904,0.14633402228355408
7.036867141723633,1.6632308719530926,1.6699092388153076,-0.5010299682617188,0.13437095284461975
7.039934396743774,1.6626681866650437,1.6691462993621826,-0.304646372795105,0.1723964363336563
7.043001413345337,1.6621041283202822,1.6687648296356201,-0.1757381558418274,0.14035248756408691
7.046064138412476,1.6615394538265238,1.6683833599090576,-0.2210574448108673,0.1753872036933899
7.049133777618408,1.6609721037911105,1.6680018901824951,-0.16466011106967926,0.21811245381832123
7.052212476730347,1.6604016791521086,1.6672388315200806,-0.27745479345321655,0.19888609647750854
7.055289030075073,1.6598302599094863,1.6664758920669556,-0.34392309188842773,0.19504082202911377
7.05836033821106,1.6592584352630864,1.666094422340393,-0.4093843102455139,0.2544289231300354
7.061429023742676,1.6586857307367537,1.665331482887268,-0.39024949073791504,0.2668192684650421
7.064494848251343,1.6581122029960773,1.6649500131607056,-0.42247653007507324,0.19760432839393616
7.067563772201538,1.657536745382103,1.6641870737075806,-0.29256123304367065,0.19290456175804138
7.0706400871276855,1.6569585548486454,1.663805603981018,-0.3137102425098419,0.2240939885377884
7.073709964752197,1.656380238382191,1.663042664527893,-0.2895399332046509,0.18692301213741302
7.076777219772339,1.6558010918627468,1.6626611948013306,-0.18379491567611694,0.19589532911777496
7.079843759536743,1.6552207659163862,1.6618982553482056,-0.2855115532875061,0.17026016116142273
7.082912445068359,1.6546387268195077,1.661516785621643,-0.5040512681007385,0.19803158938884735
7.085990905761719,1.6540535285795193,1.660753846168518,-0.3147173225879669,0.19546806812286377
7.089062929153442,1.6534682596881476,1.6603723764419556,-0.40636301040649414,0.14718852937221527
7.092134714126587,1.6528817521049048,1.6599907875061035,-0.25932708382606506,0.2057221382856369
7.095202684402466,1.6522946999223012,1.6592278480529785,-0.3821927309036255,0.16812390089035034
7.09827184677124,1.6517061554650612,1.658846378326416,-0.3137102425098419,0.12967117130756378
7.101350545883179,1.651114520725398,1.6584649085998535,-0.13746853172779083,0.11728084087371826
7.104430198669434,1.6505214475143428,1.6577019691467285,-0.3157244324684143,0.1283894032239914
7.1074981689453125,1.6499293846535656,1.657320499420166,-0.20292973518371582,0.07626459002494812
7.110564708709717,1.6493363704362887,1.6569390296936035,-0.34392309188842773,0.0963454619050026
7.113630533218384,1.6487422766365423,1.656557559967041,-0.15660333633422852,0.08822766691446304
7.116699934005737,1.6481462787752523,1.655794620513916,-0.32881665229797363,0.03610284626483917
7.119781494140625,1.6475467098444916,1.6554131507873535,-0.2855115532875061,0.11984435468912125
7.122857570648193,1.646947007596777,1.6546502113342285,-0.37212178111076355,0.057892728596925735
7.125929117202759,1.6463470009048762,1.654268741607666,-0.495994508266449,0.10745403170585632
7.1290061473846436,1.6457447421002553,1.6538872718811035,-0.2583199739456177,0.07711909711360931
7.132065534591675,1.6451447735838034,1.6531243324279785,-0.07402151823043823,0.05020218342542648
7.135145425796509,1.6445396218123645,1.652742862701416,-0.21199358999729156,0.0480659194290638
7.138221502304077,1.6439340646099332,1.6519798040390015,-0.4315403997898102,0.03994812071323395
7.141289949417114,1.6433288683883767,1.651598334312439,-0.06797894090414047,0.05917448550462723
7.1443562507629395,1.642722966043025,1.650835394859314,-0.42046234011650085,0.07199206203222275
7.147426605224609,1.6421151406380514,1.6504539251327515,-0.1908445805311203,0.08224612474441528
7.150508165359497,1.6415039769390656,1.6496909856796265,-0.2583199739456177,0.057892728596925735
7.1535868644714355,1.6408922693717667,1.6489280462265015,-0.2361638844013214,0.1578698456287384
7.156655788421631,1.6402814076471826,1.648546576499939,-0.34392309188842773,0.10360875725746155
7.159722566604614,1.6396698886197065,1.647783637046814,-0.5282215476036072,0.16214236617088318
7.1627888679504395,1.639057389975384,1.647020697593689,-0.29558250308036804,0.21170367300510406
7.165857791900635,1.6384433005760985,1.646257758140564,-0.460746169090271,0.2070038914680481
7.168939113616943,1.6378256657734287,1.6458762884140015,-0.2230716347694397,0.14804303646087646
7.172021389007568,1.6372067818038964,1.6451133489608765,-0.060929276049137115,0.23520256578922272
7.175067663192749,1.6365940958268796,1.644350290298462,-0.3147173225879669,0.14035248756408691
7.178140163421631,1.635975106425182,1.643587350845337,-0.28148317337036133,0.2360570728778839
7.181206464767456,1.6353563450635964,1.642824411392212,-0.365072101354599,0.27750056982040405
7.184274435043335,1.6347362355283193,1.6424429416656494,-0.32478827238082886,0.26211947202682495
7.187351942062378,1.634113191268355,1.6416800022125244,-0.22710002958774567,0.21426717936992645
7.190425157546997,1.633490018541809,1.6409170627593994,-0.5886473059654236,0.15658807754516602
7.193495750427246,1.6328663915784418,1.640535593032837,-0.32780957221984863,0.2223849892616272
7.1965625286102295,1.6322425648539223,1.639772653579712,-0.45470359921455383,0.19931334257125854
7.199634552001953,1.6316167040691478,1.6393911838531494,-0.24119935929775238,0.20230410993099213
7.202717542648315,1.6309876451922602,1.6386282444000244,-0.40636301040649414,0.16342411935329437
7.205788612365723,1.6303600681795607,1.638246774673462,-0.20393683016300201,0.16171512007713318
7.208855628967285,1.629732381977678,1.637483835220337,-0.37111467123031616,0.18265049159526825
7.211921691894531,1.6291039638818143,1.6371023654937744,-0.3691004812717438,0.15402457118034363
7.214990854263306,1.62847399154188,1.6363393068313599,-0.23414969444274902,0.13009841740131378
7.218064069747925,1.6278422753838966,1.6359578371047974,-0.3821927309036255,0.11557183414697647
7.22113299369812,1.6272105401956212,1.6351948976516724,-0.2663767337799072,0.19290456175804138
7.2241997718811035,1.6265783564949226,1.6344319581985474,-0.030716411769390106,0.15402457118034363
7.227266073226929,1.625945390780036,1.6340504884719849,-0.32176700234413147,0.10830853879451752
7.230331897735596,1.6253116528572855,1.6332875490188599,-0.30766767263412476,0.21768520772457123
7.23340106010437,1.6246763623954823,1.6325246095657349,-0.495994508266449,0.14847028255462646
7.236478328704834,1.6240385370451602,1.6321431398391724,-0.1586175262928009,0.13778896629810333
7.239552736282349,1.6234004573107226,1.6313802003860474,-0.24119935929775238,0.1753872036933899
7.242624044418335,1.6227621846472753,1.6309987306594849,-0.27946898341178894,0.1591515988111496
7.245694160461426,1.6221233339298968,1.6302357912063599,-0.26134127378463745,0.18136873841285706
7.248772382736206,1.6214819770639886,1.6298543214797974,-0.20997940003871918,0.17965972423553467
7.251849174499512,1.6208401079725787,1.6287097930908203,-0.5544060468673706,0.1600061058998108
7.254918098449707,1.6201990828036847,1.6283283233642578,-0.4315403997898102,0.16897840797901154
7.2579896450042725,1.6195567219597766,1.6275653839111328,-0.27846190333366394,0.17026016116142273
7.261065244674683,1.6189127332945188,1.6268024444580078,-0.2824902832508087,0.251865416765213
7.264134883880615,1.6182692238218772,1.6260395050048828,-0.31270313262939453,0.14847028255462646
7.267203092575073,1.6176252562455136,1.6256580352783203,-0.32881665229797363,0.16855116188526154
7.2702789306640625,1.6169789363565714,1.6248950958251953,-0.45268940925598145,0.17837797105312347
7.273346185684204,1.6163336807962725,1.6241321563720703,-0.37212178111076355,0.1574425846338272
7.276412010192871,1.615687998092552,1.6237506866455078,-0.1576104313135147,0.17154192924499512
7.279477834701538,1.6150415970650582,1.6229877471923828,-0.3842069208621979,0.1412069946527481
7.282547473907471,1.6143936816948252,1.6226062774658203,-0.3791714310646057,0.12967117130756378
7.285623550415039,1.6137437045366176,1.6218433380126953,-0.3529869616031647,0.19760432839393616
7.288697242736816,1.6130935378788556,1.6214618682861328,-0.2714122235774994,0.08950942009687424
7.291765213012695,1.6124439001764044,1.6206988096237183,-0.20997940003871918,0.13693445920944214
7.294832468032837,1.6117937430511724,1.6203173398971558,-0.18480201065540314,0.09292744100093842
7.297898292541504,1.6111432284692968,1.6199358701705933,-0.3358663320541382,0.13308918476104736
7.300966501235962,1.6104915563807958,1.6191729307174683,-0.3016250729560852,0.03610284626483917
7.304043292999268,1.609837416411452,1.6187914609909058,-0.1102769523859024,0.03311207890510559
7.307128667831421,1.6091808129766036,1.6180285215377808,-0.3811856210231781,0.03994812071323395
7.310198545455933,1.608526882552445,1.6172655820846558,-0.30565345287323,0.05746547505259514
7.313267230987549,1.6078725927656656,1.6168841123580933,-0.4436255395412445,0.1604333519935608
7.316340684890747,1.607216681441817,1.6161211729049683,-0.5997253656387329,0.0792553573846817
7.31942343711853,1.6065581875110906,1.6153582334518433,-0.40737012028694153,0.12368962913751602
7.322496175765991,1.6059012461310043,1.6149767637252808,-0.21501487493515015,0.10232700407505035
7.325566053390503,1.6052443415795288,1.6142138242721558,-0.5272144675254822,0.04422064498066902
7.328634738922119,1.6045871276426635,1.6134508848190308,-0.3348592221736908,0.08523689955472946
7.3317039012908936,1.6039292568636276,1.6130692958831787,-0.3187457025051117,0.15188831090927124
7.33478045463562,1.6032692548999987,1.6123063564300537,-0.4134126901626587,0.10446326434612274
7.337853193283081,1.602609534545662,1.6115434169769287,-0.4446326494216919,0.20999465882778168
7.340923309326172,1.6019498513677772,1.6107804775238037,-0.40434882044792175,0.15103380382061005
7.343994617462158,1.601289395889494,1.6100175380706787,-0.3821927309036255,0.18692301213741302
7.347068786621094,1.6006278180548341,1.6092545986175537,-0.3972991406917572,0.18136873841285706
7.350151300430298,1.5999639449011132,1.6084916591644287,-0.32780957221984863,0.19674982130527496
7.353229284286499,1.5993005581971584,1.6081101894378662,-0.32579538226127625,0.23093003034591675
7.356295108795166,1.5986393161087507,1.6073472499847412,-0.40434882044792175,0.18350499868392944
7.359361171722412,1.5979775572690114,1.6065843105316162,-0.46678873896598816,0.2228122353553772
7.362426996231079,1.5973153944175145,1.6058213710784912,-0.42449072003364563,0.24588388204574585
7.3654937744140625,1.5966525797584334,1.6050583124160767,-0.2381780743598938,0.3450064957141876
7.368560314178467,1.5959893806213576,1.6042953729629517,-0.2361638844013214,0.2232394963502884
7.371625900268555,1.5953259617914448,1.6035324335098267,-0.35701534152030945,0.24887464940547943
7.374691963195801,1.594662023642504,1.6031509637832642,-0.3509727716445923,0.21982146799564362
7.377757787704468,1.5939977308647506,1.6023880243301392,-0.3147173225879669,0.191622793674469
7.380824089050293,1.5933329382945174,1.6016250848770142,-0.41744107007980347,0.18265049159526825
7.383890867233276,1.592667655619533,1.6012436151504517,-0.3509727716445923,0.14676126837730408
7.386957168579102,1.5920020995998103,1.6004806756973267,-0.5100938677787781,0.19546806812286377
7.390023231506348,1.591336228498079,1.6000992059707642,-0.3167315125465393,0.15402457118034363
7.393065929412842,1.5906750787985098,1.5993362665176392,-0.3993133306503296,0.16897840797901154
7.396133899688721,1.5900080915590542,1.5985733270645142,-0.4577248692512512,0.15317006409168243
7.399200201034546,1.58934112978837,1.5981918573379517,-0.25932708382606506,0.15146104991436005
7.402265787124634,1.588673996343049,1.597428798675537,-0.40837720036506653,0.11386281996965408
7.405332088470459,1.5880063898204508,1.596665859222412,-0.2895399332046509,0.10489051789045334
7.408400774002075,1.5873379562990495,1.5962843894958496,-0.3026321828365326,0.13394369184970856
7.411468982696533,1.5866693286258702,1.5955214500427246,-0.29457542300224304,0.07370107620954514
7.414534568786621,1.586000984785128,1.5947585105895996,-0.38924238085746765,0.08267337828874588
7.417601108551025,1.5853321552562332,1.594377040863037,-0.5866330862045288,0.08609139919281006
7.42066764831543,1.5846630578421788,1.593614101409912,-0.3630579113960266,0.09292744100093842
7.423734188079834,1.583993702478832,1.592851161956787,-0.38924238085746765,0.16427862644195557
7.42680025100708,1.583324203245843,1.5924696922302246,-0.20292973518371582,0.10617227107286453
7.429866790771484,1.582654361842929,1.5917067527770996,-0.32478827238082886,0.15402457118034363
7.432935953140259,1.581983719159163,1.5909438133239746,-0.4285190999507904,0.05404745414853096
7.436011552810669,1.5813114506442119,1.5901808738708496,-0.2371709793806076,0.11386281996965408
7.4390623569488525,1.580644395056391,1.589417815208435,-0.33989471197128296,0.13308918476104736
7.442131996154785,1.5799730231532587,1.5890363454818726,-0.329823762178421,0.14676126837730408
7.445185899734497,1.5793049055926054,1.5882734060287476,-0.35600823163986206,0.08780041337013245
7.448251724243164,1.578634002091632,1.5875104665756226,-0.3983062505722046,0.09848172962665558
7.45131778717041,1.5779628780561001,1.58712899684906,-0.2381780743598938,0.10959029197692871
7.454387426376343,1.5772908125384557,1.586366057395935,-0.26033416390419006,0.13693445920944214
7.457457065582275,1.57661859824654,1.58560311794281,-0.2573128938674927,0.0942092016339302
7.460522890090942,1.5759470808102305,1.5852216482162476,-0.10826276242733002,0.08224612474441528
7.463588714599609,1.5752754349138351,1.5844587087631226,-0.06797894090414047,0.1117265596985817
7.4666571617126465,1.5746030958297856,1.5836957693099976,-0.4124055802822113,0.0634470134973526
7.469726085662842,1.5739305435419084,1.583314299583435,-0.460746169090271,0.06558327376842499
7.47279167175293,1.573258624172371,1.58255136013031,-0.3962920606136322,0.08267337828874588
7.475857734680176,1.572586511726589,1.5821698904037476,-0.4426184594631195,0.0480659194290638
7.478923797607422,1.5719143206885164,1.581406831741333,-0.4808880686759949,0.09079118072986603
7.481991291046143,1.571241747370924,1.580643892288208,-0.41844815015792847,0.048493172973394394
7.485064506530762,1.5705678606054172,1.5802624225616455,-0.19386588037014008,0.11599908769130707
7.488134145736694,1.5698947092659563,1.5794994831085205,-0.1102769523859024,0.10959029197692871
7.491199493408203,1.5692224603852345,1.5787365436553955,-0.3137102425098419,0.04080262407660484
7.494266033172607,1.5685499214166199,1.5779736042022705,-0.23414969444274902,0.10702677816152573
7.497331857681274,1.5678775206454998,1.577592134475708,-0.2865186631679535,0.10446326434612274
7.500398874282837,1.567204849733397,1.576829195022583,-0.2049439251422882,0.08267337828874588
7.5034661293029785,1.56653212783024,1.576066255569458,-0.40334174036979675,0.09121843427419662
7.506531715393066,1.565859783246116,1.575303316116333,-0.4305332899093628,0.13223467767238617
7.509597063064575,1.5651875122088716,1.574540376663208,-0.3026321828365326,0.11001754552125931
7.512662887573242,1.5645151678343392,1.5737773180007935,-0.547356367111206,0.14847028255462646
7.515729188919067,1.5638427601188496,1.5730143785476685,-0.40233463048934937,0.14718852937221527
7.518795013427734,1.5631705081732825,1.5722514390945435,-0.270405113697052,0.1766689568758011
7.5218610763549805,1.562498265135526,1.571869969367981,-0.3811856210231781,0.12967117130756378
7.524927139282227,1.5618260932658845,1.571107029914856,-0.3539940416812897,0.1770962029695511
7.527993440628052,1.5611539502840803,1.570344090461731,-0.5241931676864624,0.19974060356616974
7.531066417694092,1.560480435407033,1.569581151008606,-0.4748454988002777,0.14932478964328766
7.53414249420166,1.5598063429513798,1.568818211555481,-0.43456166982650757,0.1604333519935608
7.5372138023376465,1.5591334070300273,1.568055272102356,-0.26335546374320984,0.16513313353061676
7.540281772613525,1.5584613237798473,1.567292332649231,-0.2683909237384796,0.17111466825008392
7.5433478355407715,1.5577897894973367,1.566529393196106,-0.27644771337509155,0.1288166642189026
7.546416282653809,1.557117874259211,1.566147804260254,-0.41844815015792847,0.19290456175804138
7.549485206604004,1.5564460059163485,1.5650033950805664,-0.5423209071159363,0.19888609647750854
7.552551507949829,1.5557748728359106,1.564621925354004,-0.4456397294998169,0.16684214770793915
7.55561900138855,1.5551036499422992,1.563858985900879,-0.37111467123031616,0.14505226910114288
7.558686971664429,1.5544325038612063,1.5634775161743164,-0.24522773921489716,0.15573357045650482
7.561756134033203,1.5537612882540275,1.5627145767211914,-0.5060654878616333,0.2074311375617981
7.564822196960449,1.5530909514514502,1.5619516372680664,-0.46578162908554077,0.1899137794971466
7.5678887367248535,1.5524207212671708,1.561570167541504,-0.48491644859313965,0.095918208360672
7.570955038070679,1.551750764004521,1.560807228088379,-0.3983062505722046,0.09036392718553543
7.574021339416504,1.5510810374929331,1.560044288635254,-0.2855115532875061,0.12497138977050781
7.577064275741577,1.5504166521802951,1.5596628189086914,-0.2996108829975128,0.12326237559318542
7.58013129234314,1.549747258972354,1.5588998794555664,-0.3691004812717438,0.08053711801767349
7.583197593688965,1.54907828240031,1.5581368207931519,-0.39125657081604004,0.10531777143478394
7.586264133453369,1.5484095242744826,1.5573738813400269,-0.3479514718055725,0.09762722253799438
7.589332580566406,1.5477406308565613,1.5569924116134644,-0.29356831312179565,0.11215381324291229
7.592401027679443,1.5470720281359673,1.5562294721603394,-0.37413597106933594,0.043793391436338425
7.5954673290252686,1.5464041932903307,1.5554665327072144,-0.3328450322151184,0.0942092016339302
7.598534107208252,1.5457365647967434,1.5550850629806519,-0.3630579113960266,0.05447470769286156
7.601599931716919,1.545069463910387,1.5543221235275269,-0.530235767364502,0.09378194808959961
7.6046671867370605,1.5444023818357122,1.5535591840744019,-0.2583199739456177,0.06771954149007797
7.607733964920044,1.5437357434526517,1.5531777143478394,-0.37514305114746094,0.1266804039478302
7.610800504684448,1.5430695067162208,1.5524147748947144,-0.46477454900741577,0.0634470134973526
7.6138670444488525,1.5424036296804216,1.5516518354415894,-0.32378119230270386,0.05831998214125633
7.616934061050415,1.5417380187782637,1.5508888959884644,-0.4788738787174225,0.11300831288099289
7.620001792907715,1.541072632374039,1.5505073070526123,-0.04884412884712219,0.08523689955472946
7.623065233230591,1.54040856563158,1.5497443675994873,-0.29658961296081543,0.07541008293628693
7.626133918762207,1.5397437613145772,1.5489814281463623,-0.5211718678474426,0.056183718144893646
7.629199981689453,1.5390799342939316,1.5485999584197998,-0.6379949450492859,0.10189975053071976
7.632268905639648,1.5384159072426424,1.5478370189666748,-0.17170977592468262,0.095918208360672
7.635345220565796,1.5377507120289926,1.5470740795135498,-0.532249927520752,0.13736172020435333
7.638417720794678,1.5370867823310301,1.5463111400604248,-0.3177386224269867,0.08139162510633469
7.641486406326294,1.536424126387528,1.5459296703338623,-0.4788738787174225,0.1266804039478302
7.644553184509277,1.5357623409134178,1.5451667308807373,-0.35701534152030945,0.12198062241077423
7.6476194858551025,1.5351011265094572,1.5444037914276123,-0.5030441880226135,0.0950637087225914
7.6506853103637695,1.5344404927722382,1.5436408519744873,-0.2552987039089203,0.09677271544933319
7.653751850128174,1.533780192691799,1.5432593822479248,-0.40334174036979675,0.10360875725746155
7.656818389892578,1.5331203902551092,1.5424963235855103,-0.3499656617641449,0.08694590628147125
7.659884214401245,1.5324612489774858,1.5417333841323853,-0.42449072003364563,0.125825896859169
7.662950038909912,1.5318026246882175,1.5409704446792603,-0.38722819089889526,0.11642633378505707
7.666016578674316,1.5311443736913954,1.5402075052261353,-0.4103913903236389,0.15616083145141602
7.66906213760376,1.5304911576219267,1.5398260354995728,-0.32378119230270386,0.09164568781852722
7.672132730484009,1.52983311795625,1.5390630960464478,-0.3368734121322632,0.11856260150671005
7.675198554992676,1.529176656594949,1.5383001565933228,-0.40334174036979675,0.14761577546596527
7.678264141082764,1.5285208119588072,1.5375372171401978,-0.6118105053901672,0.14077973365783691
7.681331157684326,1.5278652370722516,1.5371557474136353,-0.42247653007507324,0.15017929673194885
7.684397220611572,1.5272104514203646,1.5363928079605103,-0.4436255395412445,0.1441977620124817
7.687463045120239,1.5265563116323395,1.5356298685073853,-0.20897230505943298,0.18051423132419586
7.690529823303223,1.5259025732804505,1.5348668098449707,-0.33788052201271057,0.12454413622617722
7.693596124649048,1.5252495511502864,1.5344853401184082,-0.20393683016300201,0.15188831090927124
7.696662187576294,1.524597203946211,1.5337224006652832,-0.4164339601993561,0.13864347338676453
7.699728488922119,1.5239454399002887,1.5329594612121582,-0.4466468393802643,0.1745326966047287
7.7027952671051025,1.5232942182362461,1.5321965217590332,-0.2865186631679535,0.1890592873096466
7.705861806869507,1.522643700581724,1.5314335823059082,-0.6309453248977661,0.17880521714687347
7.708927392959595,1.5219940479406107,1.5306706428527832,-0.3972991406917572,0.2535744309425354
7.71199631690979,1.5213443612945612,1.5299077033996582,-0.5020371079444885,0.1762416958808899
7.715062856674194,1.5206958619514166,1.5295262336730957,-0.1586175262928009,0.15231555700302124
7.7181291580200195,1.5200481048886778,1.5287632942199707,-0.42046234011650085,0.21554894745349884
7.721195459365845,1.5194010492773815,1.5280003547668457,-0.1112840473651886,0.15616083145141602
7.724261522293091,1.5187547549528617,1.5272372961044312,-0.29054704308509827,0.11471732705831528
7.7273268699646,1.5181093316861816,1.5268558263778687,-0.3449302017688751,0.13522544503211975
7.730396032333374,1.5174638363669153,1.5257114171981812,-0.4939803183078766,0.1587243527173996
7.7334654331207275,1.5168190321931196,1.5253299474716187,-0.48693063855171204,0.13095292448997498
7.736541986465454,1.5161734789909032,1.5249484777450562,-0.37111467123031616,0.12027160823345184
7.739614725112915,1.515529488865211,1.5241855382919312,-0.2512703239917755,0.02883955091238022
7.742685794830322,1.5148866196576964,1.5238040685653687,-0.45470359921455383,0.03952086716890335
7.745755672454834,1.514244780043872,1.5230411291122437,-0.43758296966552734,0.1288166642189026
7.7488226890563965,1.5136043269505068,1.5222781896591187,-0.3328450322151184,0.08395513892173767
7.751888990402222,1.512964820433218,1.5218967199325562,-0.3771572411060333,0.07284656912088394
7.754956245422363,1.5123259220147722,1.5211337804794312,-0.31169605255126953,0.04592965543270111
7.758022308349609,1.5116880880409411,1.5207523107528687,-0.37514305114746094,0.01345845777541399
7.761067628860474,1.51105538618658,1.5199893712997437,-0.25932708382606506,0.024994278326630592
7.764136791229248,1.5104185642039596,1.5196079015731812,-0.29256123304367065,0.04293888807296753
7.767209768295288,1.5097817982908925,1.5188448429107666,-0.2996108829975128,0.01516746822744608
7.770276069641113,1.5091472704864604,1.518463373184204,-0.3449302017688751,0.0010681315325200558
7.773344278335571,1.5085132120906755,1.517700433731079,-0.38823530077934265,-0.0036316472105681896
7.776412487030029,1.5078800274949435,1.516937494277954,-0.2824902832508087,0.022858014330267906
7.779481649398804,1.507247529715617,1.5165560245513916,-0.43657588958740234,0.004486152436584234
7.782548189163208,1.5066164644299709,1.5157930850982666,-0.583611786365509,-0.015594720840454102
7.785614728927612,1.505986300160093,1.515411615371704,-0.26234835386276245,0.05404745414853096
7.788681268692017,1.5053570462637058,1.514648675918579,-0.45168229937553406,0.027557794004678726
7.791747331619263,1.5047288097169957,1.5142672061920166,-0.29759669303894043,0.048493172973394394
7.794814109802246,1.5041013556979554,1.5135042667388916,-0.21803615987300873,-0.004486152436584234
7.797879934310913,1.5034750348694392,1.5127413272857666,-0.304646372795105,0.049774929881095886
7.800949335098267,1.5028489323233747,1.5119783878326416,-0.41945526003837585,0.05062943324446678
7.804021596908569,1.5022232062727066,1.5115967988967896,-0.3691004812717438,0.061310749500989914
7.807065486907959,1.5016042151365792,1.5108338594436646,-0.26436254382133484,0.07113756239414215
7.810134172439575,1.5009811545877911,1.5100709199905396,-0.25932708382606506,0.01602197252213955
7.813199996948242,1.5003596596313569,1.509689450263977,-0.3207598924636841,0.06601052731275558
7.816265821456909,1.499739158138487,1.508926510810852,-0.30968186259269714,0.10873579233884811
7.8193323612213135,1.4991195149079726,1.508163571357727,-0.23012131452560425,0.14847028255462646
7.822398662567139,1.498500932078324,1.507400631904602,-0.23213550448417664,0.11429007351398468
7.825464725494385,1.4978834185966787,1.5070191621780396,-0.046829938888549805,0.13308918476104736
7.82853102684021,1.497266887595281,1.5062562227249146,-0.4315403997898102,0.18179598450660706
7.831598997116089,1.4966510615703956,1.5054932832717896,-0.3771572411060333,0.13052567839622498
7.834675312042236,1.4960346148181567,1.5047303438186646,-0.30968186259269714,0.09933622926473618
7.8377485275268555,1.495419852444424,1.504348874092102,-0.19688716530799866,0.13009841740131378
7.84081506729126,1.4948074939105322,1.5035858154296875,-0.270405113697052,0.1412069946527481
7.843880891799927,1.4941963542039924,1.503204345703125,-0.2885328531265259,0.10830853879451752
7.846947193145752,1.493586204642445,1.50244140625,-0.3932707607746124,0.1104447990655899
7.850013971328735,1.4929770547934176,1.501678466796875,-0.29457542300224304,0.13095292448997498
7.853062868118286,1.492372550776535,1.5012969970703125,-0.33788052201271057,0.10916304588317871
7.856129169464111,1.491765705182659,1.5005340576171875,-0.3509727716445923,0.10916304588317871
7.859204053878784,1.4911582870219267,1.4997711181640625,-0.1918516755104065,0.09890898317098618
7.862270832061768,1.4905536024073491,1.4993896484375,-0.4285190999507904,0.0792553573846817
7.865338563919067,1.4899498700078888,1.498626708984375,-0.31169605255126953,0.06216525658965111
7.868408918380737,1.489346772356514,1.49786376953125,-0.3137102425098419,0.10659952461719513
7.871478080749512,1.4887450685326682,1.4974822998046875,-0.33888763189315796,0.06002899259328842
7.874544143676758,1.488145138972315,1.4967193603515625,-0.5946898460388184,0.08822766691446304
7.877610445022583,1.4875463378415323,1.496337890625,-0.41945526003837585,0.06771954149007797
7.880677223205566,1.4869486278849602,1.4955748319625854,-0.24824902415275574,0.10147249698638916
7.88374400138855,1.4863521111902884,1.4948118925094604,-0.329823762178421,0.07583733648061752
7.886810541152954,1.48575684285117,1.494430422782898,-0.3811856210231781,0.07199206203222275
7.889876842498779,1.4851628314257597,1.493667483329773,-0.3539940416812897,0.08737315982580185
7.8929431438446045,1.484570039405551,1.492904543876648,-0.23414969444274902,0.06942854821681976
7.89600944519043,1.4839784755919325,1.4925230741500854,-0.3348592221736908,0.14761577546596527
7.899063348770142,1.4833905330936985,1.4917601346969604,-0.24522773921489716,0.08438239246606827
7.902130126953125,1.4828013554590505,1.4909971952438354,-0.42449072003364563,0.07284656912088394
7.905203819274902,1.4822121086171274,1.490615725517273,-0.10826276242733002,0.1288166642189026
7.908269882202148,1.4816255889631775,1.489852786064148,-0.2724193036556244,0.1117265596985817
7.911335468292236,1.4810404319543227,1.489089846611023,-0.17070268094539642,0.09121843427419662
7.914402008056641,1.4804563735215464,1.4887083768844604,-0.426504909992218,0.18649576604366302
7.917468547821045,1.4798736045728875,1.487945318222046,-0.32680246233940125,0.125825896859169
7.920534610748291,1.4792922240777624,1.4875638484954834,-0.18580910563468933,0.09890898317098618
7.923600435256958,1.4787121950034503,1.4868009090423584,-0.32478827238082886,0.024139773100614548
7.926666498184204,1.4781334357469027,1.486419439315796,-0.46779584884643555,0.045502401888370514
7.929734706878662,1.4775555964078766,1.485656499862671,-0.33788052201271057,0.0796826109290123
7.932806968688965,1.4769783303996051,1.4852750301361084,-0.3167315125465393,0.07669184356927872
7.93588399887085,1.4764015177144814,1.484893560409546,-0.16667430102825165,0.04165713116526604
7.93895697593689,1.4758268210766348,1.484130620956421,-0.3318379521369934,0.010040436871349812
7.942028284072876,1.47525379938312,1.4837491512298584,-0.2724193036556244,0.04293888807296753
7.945068597793579,1.47468791067834,1.4829862117767334,-0.24321354925632477,-0.00747692072764039
7.948137998580933,1.4741179792543657,1.482604742050171,-0.48693063855171204,-0.012603952549397945
7.951204299926758,1.473550007428108,1.4822232723236084,-0.5181506276130676,-0.0006408789195120335
7.95427393913269,1.4729828114304662,1.4814603328704834,-0.37111467123031616,-0.03610284626483917
7.957341432571411,1.4724174137426622,1.481078863143921,-0.1747310608625412,-0.04122987762093544
7.960407733917236,1.471853644693944,1.4806973934173584,-0.2381780743598938,-0.0006408789195120335
7.9634740352630615,1.4712912926565411,1.4799343347549438,-0.26033416390419006,-0.0079041738063097
7.966540336608887,1.470730365979889,1.4795528650283813,-0.2865186631679535,0.0019226367585361004
7.969608306884766,1.470170568862655,1.4787899255752563,-0.3147173225879669,-0.0480659194290638
7.972675085067749,1.4696124319889408,1.4784084558486938,-0.4134126901626587,-0.049774929881095886
7.975744009017944,1.4690553568606632,1.4776455163955688,-0.32780957221984863,-0.00961318425834179
7.9788126945495605,1.4684997858945084,1.4772640466690063,-0.15660333633422852,-0.011322194710373878
7.981878995895386,1.4679461139492254,1.4765011072158813,-0.39125657081604004,0.00747692072764039
7.984947204589844,1.4673935740063233,1.4757381677627563,-0.5211718678474426,0.037384603172540665
7.988018751144409,1.4668419204677619,1.4753566980361938,-0.23918516933918,0.042084380984306335
7.991062641143799,1.4662967104334537,1.4745937585830688,-0.37212178111076355,0.06686503440141678
7.994128942489624,1.465748980220659,1.4742122888565063,-0.330830842256546,0.0950637087225914
7.997194766998291,1.4652028424820938,1.4734493494033813,-0.21803615987300873,0.10788128525018692
8.000260829925537,1.4646581777359482,1.4726864099502563,-0.44966810941696167,0.13607995212078094
8.003327369689941,1.4641149522468133,1.4719233512878418,-0.5362783074378967,0.1723964363336563
8.006393671035767,1.463573300962309,1.4715418815612793,-0.29054704308509827,0.18179598450660706
8.009460687637329,1.4630330638223488,1.4707789421081543,-0.41844815015792847,0.1890592873096466
8.012526988983154,1.462494500823987,1.4700160026550293,-0.4919661283493042,0.19504082202911377
8.01559329032898,1.461957493795396,1.4696345329284668,-0.4113985002040863,0.16726939380168915
8.018660068511963,1.461421967565575,1.4688715934753418,-0.30565345287323,0.1412069946527481
8.02172589302063,1.4608881795168283,1.4681086540222168,-0.365072101354599,0.1890592873096466
8.024791717529297,1.4603559707961495,1.4677271842956543,-0.2502632141113281,0.21853971481323242
8.027857780456543,1.4598253081002945,1.4673457145690918,-0.14854657649993896,0.2070038914680481
8.03092336654663,1.4592963229131584,1.4665827751159668,-0.37514305114746094,0.16299687325954437
8.033992290496826,1.4587683670859661,1.4662013053894043,-0.26033416390419006,0.19803158938884735
8.037063837051392,1.4582415762068093,1.4654383659362793,-0.2996108829975128,0.10446326434612274
8.040135622024536,1.4577163692850914,1.4650568962097168,-0.2865186631679535,0.17837797105312347
8.04320216178894,1.4571936877299507,1.4646753072738647,-0.1596246212720871,0.13095292448997498
8.046268224716187,1.4566727219954037,1.4639123678207397,-0.3983062505722046,0.08438239246606827
8.049334287643433,1.4561533984131998,1.4635308980941772,-0.08711375296115875,0.11514458060264587
8.052402973175049,1.4556352826009065,1.4631494283676147,-0.3177386224269867,0.0796826109290123
8.055471181869507,1.4551189073002573,1.4623864889144897,-0.2683909237384796,0.06900129467248917
8.058537244796753,1.4546045589289691,1.4620050191879272,-0.26436254382133484,-0.02371251955628395
8.06160569190979,1.4540914854058424,1.4616235494613647,-0.09214923530817032,0.0480659194290638
8.0646812915802,1.4535789048879544,1.4608606100082397,-0.42247653007507324,0.05233844369649887
8.067747354507446,1.4530696044646452,1.4604791402816772,-0.3811856210231781,0.0784008577466011
8.07081389427185,1.4525619208711609,1.4600976705551147,-0.2875257432460785,0.07797360420227051
8.073879957199097,1.4520560195302494,1.4593347311019897,-0.330830842256546,0.04122987762093544
8.076948642730713,1.4515513983439239,1.4589532613754272,-0.4285190999507904,0.0634470134973526
8.080020666122437,1.4510479522038253,1.4581903219223022,-0.39125657081604004,0.010467689484357834
8.0830659866333,1.4505505919823185,1.4578088521957397,-0.304646372795105,0.10104524344205856
8.086135387420654,1.4500510289996178,1.4574273824691772,-0.46477454900741577,0.04122987762093544
8.089201211929321,1.4495537892702939,1.4570459127426147,-0.173723965883255,0.10873579233884811
8.09226942062378,1.4490579124571357,1.4562828540802002,-0.20897230505943298,0.0314030684530735
8.0953369140625,1.44856390827889,1.4559013843536377,-0.1263904720544815,0.08651865273714066
8.098403692245483,1.4480717828444118,1.4551384449005127,-0.30968186259269714,0.12240787595510483
8.101470470428467,1.447581428069381,1.4547569751739502,-0.31169605255126953,0.10275425016880035
8.104536771774292,1.447092927064187,1.4543755054473877,-0.08711375296115875,0.08395513892173767
8.107603073120117,1.4466062107012743,1.4536125659942627,-0.3338521420955658,0.0946364551782608
8.110668897628784,1.4461213614774877,1.4532310962677002,-0.19990845024585724,0.08993667364120483
8.113734245300293,1.4456383857518122,1.4524681568145752,-0.4275120198726654,0.10275425016880035
8.116801023483276,1.4451569910148563,1.4520866870880127,-0.3358663320541382,0.11984435468912125
8.119868040084839,1.4446773730146916,1.4517052173614502,-0.1414969116449356,0.07412832975387573
8.122936487197876,1.4441993539439377,1.4509422779083252,-0.366079181432724,0.08908216655254364
8.126004934310913,1.4437231650361197,1.4505608081817627,-0.4909590184688568,0.0792553573846817
8.129062414169312,1.4432505055207232,1.4501793384552002,0.021652551367878914,0.09335469454526901
8.132131576538086,1.442777881619596,1.4497978687286377,-0.1908445805311203,0.023285267874598503
8.13520860671997,1.4423059054396163,1.4490348100662231,-0.2583199739456177,0.07541008293628693
8.138281345367432,1.441836452339643,1.4486533403396606,-0.2885328531265259,0.04165713116526604
8.141347885131836,1.4413698111601414,1.4482718706130981,-0.2542915940284729,-0.053192950785160065
8.14441466331482,1.4409050038244111,1.4478904008865356,-0.17170977592468262,0.02072175219655037
8.14748501777649,1.4404415348479649,1.4475089311599731,-0.04884412884712219,0.006622415501624346
8.150554180145264,1.4399801330971644,1.4471274614334106,-0.2552987039089203,-0.05575646460056305
8.15362024307251,1.4395210882075469,1.4467459917068481,-0.11934080719947815,-0.01602197252213955
8.156685829162598,1.4390640110352386,1.4463645219802856,-0.043808650225400925,-0.061310749500989914
8.159752130508423,1.438608730847561,1.4459830522537231,-0.1576104313135147,-0.011322194710373878
8.162818431854248,1.4381553612699698,1.4456015825271606,-0.13041886687278748,-0.03353932872414589
8.165884733200073,1.4377039090338,1.4452201128005981,-0.15358205139636993,-0.01901274174451828
8.16895055770874,1.4372544505976297,1.4448386430740356,-0.08107118308544159,-0.11471732705831528
8.172019004821777,1.436806540276679,1.4440757036209106,-0.30666056275367737,-0.056183718144893646
8.175065279006958,1.4363637856900109,1.4436942338943481,-0.29457542300224304,-0.02883955091238022
8.178133726119995,1.4359197480695114,1.4433127641677856,-0.29457542300224304,-0.045075152069330215
8.18120002746582,1.4354779721801236,1.4429312944412231,-0.29356831312179565,-0.04165713116526604
8.184265851974487,1.4350382216275328,1.4425498247146606,-0.3952849507331848,0.019439993426203728
8.187332153320312,1.434600366149513,1.4417868852615356,-0.12437628954648972,0.010040436871349812
8.190401315689087,1.4341640750128322,1.4414052963256836,-0.38823530077934265,-0.057892728596925735
8.193469285964966,1.4337299324731907,1.441023826599121,-0.2240787297487259,-0.0032043945975601673
8.196535110473633,1.433298076699751,1.4406423568725586,-0.33888763189315796,0.024567024782299995
8.199601411819458,1.432868143063302,1.440260887145996,-0.18580910563468933,0.039093613624572754
8.202667236328125,1.4324402716620834,1.439497947692871,-0.24220645427703857,0.0314030684530735
8.20573353767395,1.4320143357526933,1.4391164779663086,-0.16768139600753784,0.05233844369649887
8.208799600601196,1.4315904412466602,1.4383535385131836,-0.3469443917274475,0.04635690897703171
8.211865425109863,1.4311685939675038,1.437972068786621,-0.3842069208621979,0.0625925064086914
8.21493124961853,1.4307487671361865,1.4375905990600586,-0.13041886687278748,0.046784162521362305
8.217998266220093,1.4303308049246908,1.437209129333496,-0.2230716347694397,0.0019226367585361004
8.221065282821655,1.4299148771773185,1.436446189880371,-0.29054704308509827,0.08438239246606827
8.224133729934692,1.4295007975050915,1.4360647201538086,-0.4093843102455139,0.0942092016339302
8.227200269699097,1.4290890220170058,1.435683250427246,-0.270405113697052,0.10873579233884811
8.230268955230713,1.4286790128225404,1.434920310974121,-0.23414969444274902,0.18478675186634064
8.233340740203857,1.428270653877232,1.434157371520996,-0.32680246233940125,0.05191119387745857
8.236417531967163,1.4278637058990138,1.4337759017944336,-0.2552987039089203,0.08566414564847946
8.239487171173096,1.4274597810117597,1.4333943128585815,-0.22911421954631805,0.18350499868392944
8.242554187774658,1.427058279222842,1.433012843132019,-0.32579538226127625,0.16086061298847198
8.245620250701904,1.4266589843820274,1.4326313734054565,-0.22508582472801208,0.1600061058998108
8.248686790466309,1.4262617156372606,1.4318684339523315,-0.32881665229797363,0.1416342407464981
8.251752853393555,1.4258666024339048,1.431486964225769,-0.27745479345321655,0.10104524344205856
8.25481915473938,1.4254735582217555,1.4311054944992065,-0.14854657649993896,0.10489051789045334
8.257884979248047,1.4250826802725896,1.430724024772644,-0.3630579113960266,0.07626459002494812
8.2609543800354,1.424693460841437,1.4303425550460815,-0.12034790217876434,0.08181887865066528
8.264023303985596,1.4243064228788924,1.429961085319519,-0.02366674318909645,0.09378194808959961
8.267064571380615,1.4239249707455461,1.4295796155929565,-0.1888303905725479,0.03311207890510559
8.270130634307861,1.423542528326441,1.429198145866394,-0.3167315125465393,0.08224612474441528
8.273196697235107,1.4231622198786684,1.4288166761398315,-0.2875257432460785,0.08865492045879364
8.276262521743774,1.4227840803711906,1.428435206413269,-0.12034790217876434,0.033966582268476486
8.279329061508179,1.4224079982919093,1.4280537366867065,-0.3338521420955658,0.022858014330267906
8.282394886016846,1.4220341546613853,1.427672266960144,-0.21803615987300873,0.0946364551782608
8.285460948944092,1.4216624382378351,1.4272907972335815,-0.057907987385988235,0.07583733648061752
8.288533926010132,1.421292052777239,1.426909327507019,-0.1112840473651886,0.03012130968272686
8.291599750518799,1.4209246989795568,1.4265278577804565,-0.27846190333366394,-0.005340657662600279
8.294665575027466,1.4205595176770758,1.426146388053894,-0.15358205139636993,0.008331426419317722
8.297731876373291,1.4201964580007211,1.425764799118042,-0.2875257432460785,0.07284656912088394
8.300797700881958,1.4198356382571728,1.4253833293914795,-0.04884412884712219,0.043366141617298126
8.303863763809204,1.4194769793692072,1.425001859664917,-0.13344015181064606,-0.01730373129248619
8.306929588317871,1.4191205424392188,1.4246203899383545,-0.18278782069683075,0.0117494473233819
8.309998512268066,1.4187659477757342,1.4246203899383545,0.0015106431674212217,0.07071030884981155
8.3130624294281,1.4184141352059678,1.4238574504852295,-0.2583199739456177,0.043366141617298126
8.316128969192505,1.418064231343255,1.423475980758667,-0.3026321828365326,-0.04251163452863693
8.319195032119751,1.4177165973583317,1.4230945110321045,-0.3539940416812897,0.020294498652219772
8.32226037979126,1.4173712641501575,1.422713041305542,-0.46678873896598816,-0.03482108935713768
8.325326204299927,1.4170281022879776,1.4223315715789795,-0.24119935929775238,0.018158236518502235
8.328392267227173,1.416687144330924,1.421950101852417,-0.17875944077968597,-0.018158236518502235
8.331459999084473,1.4163482383489114,1.4215686321258545,-0.5241931676864624,0.04934767633676529
8.334536075592041,1.4160106628728046,1.4215686321258545,-0.2542915940284729,0.0079041738063097
8.33760690689087,1.4156759177115776,1.4208056926727295,-0.20292973518371582,0.012603952549397945
8.340673685073853,1.4153438676599142,1.4208056926727295,-0.15056076645851135,-0.027557794004678726
8.343742370605469,1.4150138699334909,1.420424222946167,-0.29558250308036804,-0.018585488200187683
8.346811771392822,1.4146860605311264,1.4200427532196045,-0.23515678942203522,-0.004058899823576212
8.349878072738647,1.4143608490882702,1.419661283493042,-0.2049439251422882,-0.005340657662600279
8.352944135665894,1.4140379332939066,1.4192798137664795,-0.23213550448417664,0.0117494473233819
8.356009721755981,1.413717342256187,1.418898344039917,-0.1273975670337677,0.02713054046034813
8.359062433242798,1.4134003623846283,1.4185168743133545,-0.16264592111110687,0.04165713116526604
8.362127780914307,1.4130843491946707,1.418135404586792,-0.1445181965827942,0.016876477748155594
8.365194320678711,1.4127705026003394,1.41775381565094,-0.060929276049137115,0.021149003878235817
8.368259906768799,1.412459047135536,1.4173723459243774,-0.2663767337799072,0.02371251955628395
8.371325969696045,1.4121498415528753,1.4173723459243774,-0.2240787297487259,0.06686503440141678
8.37439250946045,1.4118428915159913,1.4166094064712524,-0.18379491567611694,0.016876477748155594
8.377458095550537,1.4115383442321408,1.4166094064712524,-0.1888303905725479,0.0476386658847332
8.380523681640625,1.411236108403068,1.4158464670181274,-0.20997940003871918,0.057892728596925735
8.38358998298645,1.4109361188080223,1.4158464670181274,-0.1586175262928009,0.03653009980916977
8.386658906936646,1.410638197087591,1.415464997291565,-0.1888303905725479,0.06857404112815857
8.389724493026733,1.410342925473764,1.4150835275650024,-0.24422064423561096,0.029266804456710815
8.392790794372559,1.4100499149786818,1.41470205783844,-0.24724192917346954,0.0643015205860138
8.395856380462646,1.4097593066477958,1.41470205783844,-0.2834973633289337,-0.045075152069330215
8.398922204971313,1.4094710138448412,1.4143205881118774,-0.2563057839870453,-0.015594720840454102
8.401988506317139,1.4091850192487214,1.413939118385315,-0.143511101603508,-0.0010681315325200558
8.40506362915039,1.4089005594886883,1.4135576486587524,-0.13746853172779083,-0.05062943324446678
8.408129692077637,1.4086192926038168,1.4135576486587524,-0.19789426028728485,0.02243076264858246
8.411195755004883,1.408340381226282,1.41317617893219,-0.2552987039089203,0.027985045686364174
8.414262294769287,1.4080637866706631,1.4127947092056274,-0.24724192917346954,0.007049668114632368
8.417328596115112,1.407789577833105,1.412413239479065,-0.13746853172779083,-0.07370107620954514
8.42039680480957,1.4075175688315775,1.412413239479065,-0.0800640881061554,0.013885710388422012
8.423465251922607,1.4072479141537433,1.4120317697525024,-0.2986038029193878,0.042084380984306335
8.426531791687012,1.406980804436258,1.41165030002594,-0.10121309012174606,0.1108720526099205
8.429597854614258,1.40671611626909,1.4112688302993774,-0.19487297534942627,-0.014740215614438057
8.432667016983032,1.4064535479093987,1.410887360572815,-0.08409246802330017,-0.06558327376842499
8.435743808746338,1.406192728270434,1.410887360572815,-0.1908445805311203,0.005340657662600279
8.438812732696533,1.405934974649049,1.4105058908462524,-0.2381780743598938,-0.030548561364412308
8.44187879562378,1.4056798577925762,1.4105058908462524,-0.3791714310646057,-0.12283512949943542
8.444944858551025,1.4054271400794622,1.4101243019104004,-0.003524834057316184,-0.049774929881095886
8.44801378250122,1.4051765928093614,1.409742832183838,-0.14955367147922516,0.029694056138396263
8.45106315612793,1.4049300297389884,1.409742832183838,-0.15056076645851135,-0.07156481593847275
8.454129695892334,1.404684482949823,1.4093613624572754,-0.20393683016300201,-0.0079041738063097
8.45719599723816,1.4044413696404614,1.408979892730713,-0.26134127378463745,0.014312963001430035
8.460262298583984,1.4042006742358533,1.408979892730713,-0.046829938888549805,-0.009185931645333767
8.463330268859863,1.403962271281663,1.4085984230041504,-0.1263904720544815,0.03610284626483917
8.466399431228638,1.4037262047676067,1.408216953277588,-0.16365301609039307,-0.001495384145528078
8.469468116760254,1.4034926074196554,1.4078354835510254,-0.16667430102825165,-0.02841229923069477
8.472534418106079,1.4032616244988727,1.4078354835510254,-0.21803615987300873,-0.02072175219655037
8.475600242614746,1.4030331123505881,1.407454013824463,-0.16466011106967926,-0.05233844369649887
8.478666067123413,1.4028070382574869,1.4070725440979004,-0.010574501939117908,0.018585488200187683
8.48173213005066,1.4025833882790084,1.4070725440979004,-0.17875944077968597,-0.018585488200187683
8.484798908233643,1.402362132093617,1.406691074371338,-0.09819180518388748,-0.006622415501624346
8.48786473274231,1.4021433931069092,1.4063096046447754,-0.22005034983158112,-0.012603952549397945
8.490930795669556,1.4019270886567015,1.4063096046447754,-0.15257495641708374,-0.05233844369649887
8.493996620178223,1.4017132555933842,1.405928134918213,-0.11229114234447479,0.09848172962665558
8.49706768989563,1.4015015206486818,1.4055466651916504,-0.15257495641708374,0.020294498652219772
8.500136852264404,1.4012923841211795,1.4055466651916504,-0.1273975670337677,0.0006408789195120335
8.503203392028809,1.4010858923965235,1.405165195465088,-0.18178072571754456,0.021576257422566414
8.506269693374634,1.4008818845468172,1.4047837257385254,-0.01762416958808899,0.0472114123404026
8.509336233139038,1.4006803318765095,1.404402256011963,-0.21400777995586395,0.06002899259328842
8.512403726577759,1.4004811918100821,1.404402256011963,-0.05387960746884346,0.023285267874598503
8.515472650527954,1.400284439239177,1.4040207862854004,-0.29356831312179565,0.014740215614438057
8.518539190292358,1.400090320494508,1.403639316558838,-0.21803615987300873,0.0788281038403511
8.521605253219604,1.3998987142478003,1.403639316558838,-0.1102769523859024,-0.0049134050495922565
8.52467131614685,1.3997095929657482,1.4032578468322754,-0.11229114234447479,0.1108720526099205
8.527736902236938,1.3995229882877287,1.402876377105713,0.004531929735094309,0.04122987762093544
8.530803680419922,1.399338802266592,1.4024949073791504,-0.16969558596611023,0.11386281996965408
8.533874034881592,1.3991569002656186,1.4024949073791504,-0.06999313086271286,0.0625925064086914
8.536951065063477,1.3989771139040634,1.4021133184432983,-0.2724193036556244,0.07711909711360931
8.540026426315308,1.398799939561151,1.4021133184432983,-0.09214923530817032,0.0472114123404026
8.543062925338745,1.3986274730669084,1.4017318487167358,-0.038773175328969955,0.09762722253799438
8.546128511428833,1.3984558456818057,1.4013503789901733,-0.08207827806472778,0.06985580176115036
8.549194812774658,1.3982866847347153,1.4013503789901733,-0.20897230505943298,0.10659952461719513
8.552263259887695,1.3981199173311247,1.4009689092636108,-0.1445181965827942,0.05062943324446678
8.555331468582153,1.397955677870349,1.4009689092636108,-0.12941177189350128,0.1253986358642578
8.558401584625244,1.3977938559875005,1.4005874395370483,0.07804989814758301,0.11642633378505707
8.56147027015686,1.3976346306099472,1.4002059698104858,-0.0961776152253151,0.0638742670416832
8.564536571502686,1.3974780488864875,1.3998245000839233,-0.3006179928779602,0.1275349110364914
8.567602634429932,1.3973240003354321,1.3998245000839233,0.032730601727962494,0.14761577546596527
8.570668697357178,1.3971724749707584,1.3998245000839233,0.10020599514245987,0.06814679503440857
8.573734760284424,1.3970234750418662,1.3994430303573608,0.05085831880569458,0.08609139919281006
8.57680082321167,1.3968770027606652,1.3994430303573608,-0.0800640881061554,0.11343556642532349
8.579869508743286,1.3967329382616316,1.3990615606307983,0.052872512489557266,0.09719996899366379
8.58293628692627,1.3965914972356872,1.3986800909042358,-0.19386588037014008,0.12112611532211304
8.586005687713623,1.3964524737506414,1.3986800909042358,-0.0317235067486763,0.1292439103126526
8.589065790176392,1.396316401527354,1.3986800909042358,-0.04280155524611473,0.18564125895500183
8.59213399887085,1.3961825071901037,1.3982986211776733,-0.03675898537039757,0.15188831090927124
8.595199823379517,1.396051257620825,1.3979171514511108,-0.1112840473651886,0.07626459002494812
8.598266124725342,1.395922529915965,1.3975356817245483,0.01258869282901287,0.18478675186634064
8.601339340209961,1.395796064946433,1.3975356817245483,-0.054886702448129654,0.19888609647750854
8.604405879974365,1.3956724241186653,1.3975356817245483,-0.2522774040699005,0.13052567839622498
8.607471942901611,1.3955513504187622,1.3971542119979858,-0.24724192917346954,0.12497138977050781
8.610537767410278,1.3954328353376337,1.3971542119979858,-0.2361638844013214,0.1446250081062317
8.613603591918945,1.3953168711205448,1.3967727422714233,-0.09819180518388748,0.17752346396446228
8.61666989326477,1.3952034420480839,1.3967727422714233,-0.019638361409306526,0.09762722253799438
8.619735956192017,1.3950925765606714,1.3967727422714233,-0.12336919456720352,0.15188831090927124
8.622801542282104,1.3949842840307296,1.3963912725448608,-0.010574501939117908,0.08053711801767349
8.625867128372192,1.3948785486247897,1.3963912725448608,0.08107118308544159,0.0963454619050026
8.628933191299438,1.3947753560624758,1.3960098028182983,-0.21199358999729156,0.1253986358642578
8.632001399993896,1.394674654991973,1.3960098028182983,-0.16969558596611023,0.12326237559318542
8.635066509246826,1.3945766178640953,1.3960098028182983,-0.047837033867836,0.18564125895500183
8.638145208358765,1.3944807255115634,1.3956283330917358,-0.027695124968886375,0.08737315982580185
8.641224384307861,1.3943874054920053,1.3956283330917358,-0.01258869282901287,0.20444037020206451
8.644294261932373,1.3942969443418198,1.3952468633651733,-0.21199358999729156,0.1749599426984787
8.647360563278198,1.3942091585949734,1.3952468633651733,-0.0951705202460289,0.12198062241077423
8.650427341461182,1.3941239296221464,1.3952468633651733,-0.15257495641708374,0.12326237559318542
8.653493642807007,1.3940412851923363,1.3948653936386108,-0.060929276049137115,0.09719996899366379
8.656562566757202,1.3939611456966816,1.3948653936386108,-0.029709314927458763,0.10275425016880035
8.659631252288818,1.3938835900388624,1.3948653936386108,0.0951705202460289,0.125825896859169
8.662696838378906,1.3938086874733246,1.3948653936386108,0.046829938888549805,0.13052567839622498
8.665763854980469,1.3937363263284643,1.3944838047027588,-0.2069581151008606,0.10702677816152573
8.668830871582031,1.3936665432321562,1.3944838047027588,-0.043808650225400925,0.11215381324291229
8.671896696090698,1.393599364840782,1.3944838047027588,0.02064545638859272,0.10745403170585632
8.674962520599365,1.3935347645271545,1.3944838047027588,-0.14955367147922516,0.1275349110364914
8.678028345108032,1.3934727432501182,1.3941023349761963,0.04280155524611473,0.10873579233884811
8.681065797805786,1.3934138401832374,1.3941023349761963,-0.04078736528754234,0.1112993061542511
8.68413496017456,1.39335689529015,1.3941023349761963,-0.049851223826408386,0.11215381324291229
8.687201499938965,1.3933025830422165,1.3941023349761963,-0.13746853172779083,0.09036392718553543
8.69026803970337,1.3932508544822049,1.3941023349761963,-0.00553902518004179,0.13522544503211975
8.693333625793457,1.3932017252599433,1.3937208652496338,-0.24522773921489716,0.03610284626483917
8.696402072906494,1.3931551373828337,1.3937208652496338,0.06697184592485428,0.08395513892173767
8.699479103088379,1.3931110191592722,1.3937208652496338,0.01762416958808899,0.08651865273714066
8.702548742294312,1.3930696017904063,1.3937208652496338,0.008560311049222946,0.07327382266521454
8.705616474151611,1.393030800120846,1.3933393955230713,-0.006546120624989271,0.08224612474441528
8.708682775497437,1.392994604469737,1.3933393955230713,-0.1757381558418274,0.10403601080179214
8.711748838424683,1.392960999190017,1.3933393955230713,0.06697184592485428,0.08352788537740707
8.71481442451477,1.3929299864882085,1.3933393955230713,-0.173723965883255,0.09079118072986603
8.717880725860596,1.3929015550669357,1.3933393955230713,-0.03474479168653488,0.07583733648061752
8.720947265625,1.3928757109773828,1.3933393955230713,-0.24623483419418335,0.004486152436584234
8.724012851715088,1.392852463743868,1.3929579257965088,0.01258869282901287,0.07071030884981155
8.727062463760376,1.3928319062077736,1.3933393955230713,0.10826276242733002,0.10916304588317871
8.730128526687622,1.3928138207000131,1.3933393955230713,0.16868849098682404,0.12112611532211304
8.733198165893555,1.3927983087709455,1.3929579257965088,0.002517738612368703,0.07669184356927872
8.736274719238281,1.3927853670983026,1.3929579257965088,0.02870221994817257,0.06985580176115036
8.739344358444214,1.3927750540439088,1.3929579257965088,-0.29658961296081543,0.06857404112815857
8.742411136627197,1.3927673437351864,1.3929579257965088,0.030716411769390106,0.06729228794574738
8.745476961135864,1.3927622266542312,1.3929579257965088,-0.0317235067486763,0.07241931557655334
8.748543500900269,1.3927596997892442,1.3925764560699463,-0.3338521420955658,0.07241931557655334
8.751609802246094,1.3927597645680194,1.3925764560699463,-0.03776608034968376,0.10318150371313095
8.754676580429077,1.3927624213069612,1.3929579257965088,0.035751886665821075,0.07754635065793991
8.757742643356323,1.3927676686316846,1.3925764560699463,-0.06797894090414047,0.11471732705831528
8.760808229446411,1.3927755053612838,1.3929579257965088,0.14048981666564941,0.08822766691446304
8.763874053955078,1.3927859329057128,1.3925764560699463,-0.21602196991443634,0.11300831288099289
8.766939878463745,1.3927989506014384,1.3925764560699463,0.02568093314766884,0.10403601080179214
8.77000880241394,1.3928145753444627,1.3925764560699463,0.1284046620130539,0.11471732705831528
8.773065328598022,1.3928327162289784,1.3925764560699463,0.04078736528754234,0.11728084087371826
8.776134967803955,1.3928535253007968,1.3925764560699463,-0.16365301609039307,0.11300831288099289
8.77920150756836,1.3928769050269703,1.3925764560699463,-0.08711375296115875,0.13351644575595856
8.782267570495605,1.3929028705227084,1.3925764560699463,-0.11430533230304718,0.1437705010175705
8.785335302352905,1.3929314410843383,1.3925764560699463,0.011581597849726677,0.06900129467248917
8.788403511047363,1.3929626079037365,1.3925764560699463,0.13243305683135986,0.061310749500989914
8.7914719581604,1.3929963690020324,1.3925764560699463,-0.06898603588342667,0.11386281996965408
8.794540643692017,1.3930327244813878,1.3925764560699463,0.24220645427703857,0.09292744100093842
8.797617435455322,1.3930717775915444,1.3925764560699463,-0.0951705202460289,0.07455558329820633
8.800691843032837,1.3931134018559832,1.3925764560699463,-0.0005035477224737406,0.12411688268184662
8.803758144378662,1.3931575058844605,1.3925764560699463,-0.08308537304401398,0.10232700407505035
8.80682373046875,1.3932041841607685,1.3925764560699463,0.02064545638859272,0.12326237559318542
8.809889793395996,1.3932534538418713,1.3925764560699463,-0.00553902518004179,0.10104524344205856
8.8129563331604,1.393305315401945,1.3925764560699463,-0.12135500460863113,0.12368962913751602
8.816023349761963,1.3933597692762865,1.3925764560699463,-0.08409246802330017,0.13095292448997498
8.819063425064087,1.3934162945179642,1.3925764560699463,-0.12236209958791733,0.08096437156200409
8.82213044166565,1.3934758921451258,1.3925764560699463,0.02064545638859272,0.08352788537740707
8.825196981430054,1.3935380618215523,1.3925764560699463,0.04280155524611473,0.1292439103126526
8.828263282775879,1.3936028065546526,1.3925764560699463,-0.029709314927458763,0.1275349110364914
8.831329107284546,1.3936701194465668,1.3925764560699463,-0.0629434660077095,0.1441977620124817
8.834398031234741,1.3937400813259166,1.3925764560699463,-0.09114214032888412,0.13778896629810333
8.837474822998047,1.3938128137007697,1.3925764560699463,0.03373769670724869,0.12411688268184662
8.840548038482666,1.3938880503812447,1.3925764560699463,-0.13646143674850464,0.14633402228355408
8.84361457824707,1.3939657014281799,1.3925764560699463,0.15156786143779755,0.23306630551815033
8.846680164337158,1.3940459009665511,1.3925764560699463,-0.16163882613182068,0.14718852937221527
8.850027084350586,1.3941363963080895,1.3929579257965088,0.23112840950489044,0.15402457118034363
8.853063583374023,1.3942211484518552,1.3925764560699463,0.02870221994817257,0.1924773007631302
8.856130361557007,1.3943093034750509,1.3925764560699463,-0.007553216069936752,0.10489051789045334
8.859203577041626,1.3944002207712343,1.3925764560699463,0.15257495641708374,0.14761577546596527
8.86227011680603,1.3944935107583645,1.3925764560699463,0.02366674318909645,0.1758144497871399
8.865335702896118,1.3945893365392132,1.3925764560699463,-0.030716411769390106,0.15274280309677124
8.868401288986206,1.3946877253052512,1.3925764560699463,-0.1263904720544815,0.13437095284461975
8.87146782875061,1.3947887073994134,1.3929579257965088,0.038773175328969955,0.21640345454216003
8.874535083770752,1.3948922755628321,1.3929579257965088,0.03675898537039757,0.21896696090698242
8.877604484558105,1.3949984801435722,1.3929579257965088,-0.04280155524611473,0.26425573229789734
8.8806734085083,1.3951072309087567,1.3929579257965088,-0.13142596185207367,0.2232394963502884
8.883739471435547,1.3952184375778736,1.3929579257965088,0.018631266430020332,0.19546806812286377
8.886805772781372,1.395332207635934,1.3929579257965088,-0.030716411769390106,0.1728236824274063
8.889872074127197,1.3954485308456366,1.3929579257965088,-0.15660333633422852,0.1424887478351593
8.892939329147339,1.395567442848729,1.3929579257965088,-0.0951705202460289,0.2223849892616272
8.896008253097534,1.395688972880804,1.3929579257965088,-0.009567406959831715,0.20871290564537048
8.899065732955933,1.3958125876833898,1.3933393955230713,0.2573128938674927,0.29758143424987793
8.902138948440552,1.3959393896453447,1.3933393955230713,0.17170977592468262,0.18521401286125183
8.905210733413696,1.3960686864230494,1.3933393955230713,0.007553216069936752,0.19760432839393616
8.908276796340942,1.3962002865444827,1.3933393955230713,0.28148317337036133,0.20059509575366974
8.911342859268188,1.396334426533872,1.3933393955230713,0.13444724678993225,0.24502937495708466
8.914408445358276,1.3964710829464149,1.3937208652496338,0.05387960746884346,0.2386205792427063
8.91747498512268,1.39661031811359,1.3937208652496338,0.24220645427703857,0.2544289231300354
8.920541286468506,1.396752076729121,1.3937208652496338,0.24321354925632477,0.24802014231681824
8.923606872558594,1.3968963334621907,1.3937208652496338,-0.16667430102825165,0.2228122353553772
8.92667293548584,1.3970431419720042,1.3937208652496338,0.04582284390926361,0.22537575662136078
8.929739236831665,1.3971924895481984,1.3941023349761963,0.2079652100801468,0.3027084767818451
8.932808637619019,1.3973445174472618,1.3941023349761963,0.009567406959831715,0.32535287737846375
8.935884714126587,1.3974994126264975,1.3941023349761963,0.16566720604896545,0.2223849892616272
8.938953638076782,1.3976564758734003,1.3941023349761963,0.0005035477224737406,0.18735027313232422
8.94201946258545,1.3978158996278758,1.3944838047027588,0.054886702448129654,0.24972915649414062
8.94506287574768,1.3979766459691572,1.3944838047027588,0.0941634252667427,0.27621880173683167
8.948129177093506,1.3981411057139879,1.3944838047027588,-0.1928587704896927,0.21597619354724884
8.95119571685791,1.3983080899861113,1.3948653936386108,0.10322728008031845,0.2202487289905548
8.954268455505371,1.3984779287801639,1.3948653936386108,0.17170977592468262,0.21383993327617645
8.957334756851196,1.3986499208454641,1.3948653936386108,0.0961776152253151,0.23434805870056152
8.960400342941284,1.3988243758078907,1.3948653936386108,0.1284046620130539,0.24502937495708466
8.963467121124268,1.399001400202979,1.3952468633651733,0.2230716347694397,0.22580300271511078
8.966533184051514,1.3991808818881069,1.3952468633651733,0.2401922643184662,0.2369115799665451
8.969599485397339,1.399362873441753,1.3956283330917358,0.2361638844013214,0.19888609647750854
8.972665548324585,1.3995473438609738,1.3956283330917358,0.20292973518371582,0.2851911187171936
8.975732326507568,1.3997343483657139,1.3956283330917358,0.05992217734456062,0.2689555287361145
8.978798627853394,1.399923811779223,1.3956283330917358,0.15358205139636993,0.24161134660243988
8.981865406036377,1.400115790214019,1.3960098028182983,0.06596475094556808,0.3022812306880951
8.984933137893677,1.4003103124064007,1.3960098028182983,-0.029709314927458763,0.32236209511756897
8.987999200820923,1.4005072083030279,1.3963912725448608,0.1102769523859024,0.3535515367984772
8.991065740585327,1.4007066113301048,1.3963912725448608,0.03474479168653488,0.3027084767818451
8.994136333465576,1.40090875655862,1.3963912725448608,0.1747310608625412,0.2980087101459503
8.99721884727478,1.4011141782887244,1.3967727422714233,0.0639505609869957,0.30740824341773987
9.000288963317871,1.4013212522653915,1.3967727422714233,0.0005035477224737406,0.29202717542648315
9.003356218338013,1.401530600185286,1.3971542119979858,0.0961776152253151,0.34757000207901
9.006422281265259,1.4017423279598438,1.3971542119979858,0.12336919456720352,0.3159533143043518
9.009488582611084,1.4019565300811792,1.3971542119979858,0.22710002958774567,0.3022812306880951
9.012554407119751,1.4021731531177877,1.3971542119979858,0.024673838168382645,0.26340124011039734
9.015621185302734,1.402392295501155,1.3975356817245483,0.046829938888549805,0.2843366265296936
9.018686771392822,1.4026138003635147,1.3979171514511108,0.1445181965827942,0.32748913764953613
9.021753549575806,1.402837836684946,1.3979171514511108,0.04481574892997742,0.29031816124916077
9.024819612503052,1.4030642623733283,1.3979171514511108,0.12437628954648972,0.21469444036483765
9.027885437011719,1.403293108142437,1.3982986211776733,0.30968186259269714,0.26425573229789734
9.030953884124756,1.4035245869930213,1.3982986211776733,0.22508582472801208,0.29758143424987793
9.034029483795166,1.4037590488597975,1.3986800909042358,-0.010574501939117908,0.251010924577713
9.037064552307129,1.4039928156421433,1.3990615606307983,-0.03978027030825615,0.2531471848487854
9.040133714675903,1.404231623984961,1.3990615606307983,0.3036392629146576,0.25998321175575256
9.043199300765991,1.4044725753637128,1.3994430303573608,0.35701534152030945,0.24844738841056824
9.046265125274658,1.4047159620774394,1.3994430303573608,0.018631266430020332,0.2048676311969757
9.049331903457642,1.4049618387033205,1.3998245000839233,0.15660333633422852,0.32834362983703613
9.052398204803467,1.4052100874639026,1.4002059698104858,0.2381780743598938,0.252292662858963
9.055464744567871,1.405460762298848,1.4002059698104858,0.12135500460863113,0.23520256578922272
9.058530569076538,1.405713780967804,1.4005874395370483,0.05992217734456062,0.17068742215633392
9.061596632003784,1.4059692178595582,1.4009689092636108,0.05085831880569458,0.26211947202682495
9.06466269493103,1.40622704959911,1.4009689092636108,0.029709314927458763,0.1882047802209854
9.067728519439697,1.4064872520310299,1.4013503789901733,0.18379491567611694,0.28091859817504883
9.070796966552734,1.4067500668971198,1.4013503789901733,0.15156786143779755,0.2552834451198578
9.073862791061401,1.407015041040864,1.4017318487167358,0.3036392629146576,0.2070038914680481
9.076931715011597,1.4072826656241442,1.4021133184432983,0.35902953147888184,0.22751201689243317
9.079999923706055,1.4075526067868562,1.4021133184432983,-0.047837033867836,0.21341268718242645
9.083063125610352,1.4078244763073238,1.4024949073791504,0.2855115532875061,0.20444037020206451
9.086128950119019,1.4080989445175247,1.402876377105713,0.14552529156208038,0.23263904452323914
9.089195728302002,1.4083758620721094,1.4032578468322754,0.14048981666564941,0.1907682865858078
9.092261791229248,1.4086550744385824,1.4032578468322754,-0.0629434660077095,0.251010924577713
9.095330476760864,1.4089368836310463,1.403639316558838,0.401327520608902,0.2048676311969757
9.098409175872803,1.4092219787591749,1.4040207862854004,0.4134126901626587,0.2403295934200287
9.101478099822998,1.409508523373598,1.4040207862854004,0.17976653575897217,0.27621880173683167
9.104544162750244,1.4097971442558987,1.404402256011963,0.17976653575897217,0.14804303646087646
9.107609510421753,1.4100880350126461,1.4047837257385254,0.19688716530799866,0.19461356103420258
9.110675573348999,1.4103813270759158,1.405165195465088,0.1767452508211136,0.17795071005821228
9.113742113113403,1.4106769946453221,1.405165195465088,0.15257495641708374,0.1924773007631302
9.116809129714966,1.4109750344162337,1.4055466651916504,0.30666056275367737,0.21640345454216003
9.11987566947937,1.4112753492889194,1.4055466651916504,0.1757381558418274,0.22623026371002197
9.122944116592407,1.4115781699131995,1.405928134918213,0.18480201065540314,0.1600061058998108
9.126015663146973,1.4118836151034788,1.4063096046447754,0.0317235067486763,0.21725794672966003
9.129062414169312,1.4121888819000303,1.406691074371338,0.3701075613498688,0.17154192924499512
9.132131099700928,1.4124986446106325,1.4070725440979004,-0.01762416958808899,0.1882047802209854
9.135206937789917,1.4128114392241857,1.407454013824463,0.27443352341651917,0.191195547580719
9.138277053833008,1.413125953426869,1.4078354835510254,0.24522773921489716,0.15188831090927124
9.141343355178833,1.4134423672251355,1.4078354835510254,0.18480201065540314,0.15658807754516602
9.144410133361816,1.4137611150250013,1.408216953277588,0.02668802998960018,0.1292439103126526
9.14747667312622,1.4140821180191727,1.4085984230041504,0.11531242728233337,0.17068742215633392
9.1505446434021,1.4144055474686312,1.408979892730713,0.16163882613182068,0.21554894745349884
9.153610944747925,1.4147310715590644,1.408979892730713,0.1596246212720871,0.19888609647750854
9.15667724609375,1.4150588607794763,1.4093613624572754,0.2371709793806076,0.16769665479660034
9.159743785858154,1.4153889360136358,1.409742832183838,0.24119935929775238,0.17965972423553467
9.162809371948242,1.4157211632580315,1.4101243019104004,0.29256123304367065,0.2082856446504593
9.165876388549805,1.4160557964853895,1.4105058908462524,0.425497829914093,0.11813534796237946
9.1689453125,1.4163928864220265,1.4105058908462524,0.16969558596611023,0.16940565407276154
9.172016143798828,1.4167324322436543,1.410887360572815,0.2724193036556244,0.1736781895160675
9.175065517425537,1.4170718240543183,1.4112688302993774,0.10121309012174606,0.1446250081062317
9.17814016342163,1.4174162619526134,1.41165030002594,0.1727168709039688,0.1441977620124817
9.181207180023193,1.417762074239861,1.41165030002594,0.030716411769390106,0.18606851994991302
9.184273719787598,1.4181100534085576,1.4120317697525024,0.2049439251422882,0.20016784965991974
9.187339782714844,1.4184601932567114,1.412413239479065,0.12336919456720352,0.20016784965991974
9.190410137176514,1.4188130372490062,1.4127947092056274,0.2240787297487259,0.18435950577259064
9.193481922149658,1.4191682575347642,1.41317617893219,0.13041886687278748,0.11770809441804886
9.196551084518433,1.4195253788417208,1.4135576486587524,0.1576104313135147,0.1758144497871399
9.199626922607422,1.419885482137531,1.4135576486587524,0.11329823732376099,0.125825896859169
9.20269513130188,1.4202468862762712,1.413939118385315,0.13545434176921844,0.2206759750843048
9.205763578414917,1.420610504704687,1.4143205881118774,0.34392309188842773,0.2399023473262787
9.20883059501648,1.4209761329751212,1.41470205783844,-0.00553902518004179,0.16299687325954437
9.211897134780884,1.4213438773147997,1.41470205783844,-0.011581597849726677,0.1903410404920578
9.214963912963867,1.4217138177829827,1.4150835275650024,0.270405113697052,0.20102235674858093
9.218030214309692,1.4220858623541446,1.415464997291565,0.20897230505943298,0.2719462811946869
9.221063137054443,1.4224559778637003,1.4158464670181274,0.26234835386276245,0.1907682865858078
9.22412896156311,1.4228322466733585,1.41622793674469,0.1727168709039688,0.20016784965991974
9.227200031280518,1.4232113089122966,1.4166094064712524,0.24925611913204193,0.221530482172966
9.230266332626343,1.4235919234781802,1.416990876197815,0.4154268801212311,0.2369115799665451
9.233335256576538,1.4239749998895646,1.4173723459243774,0.32378119230270386,0.22836652398109436
9.236412048339844,1.4243611981182012,1.41775381565094,0.24119935929775238,0.3625238537788391
9.23948359489441,1.424748869205471,1.418135404586792,0.006546120624989271,0.22537575662136078
9.242550134658813,1.4251380268200327,1.4185168743133545,0.1908445805311203,0.21170367300510406
9.245616436004639,1.4255292648747175,1.418898344039917,0.18782329559326172,0.23434805870056152
9.248682975769043,1.4259226384007009,1.4192798137664795,0.27745479345321655,0.18606851994991302
9.251750707626343,1.4263182653623523,1.419661283493042,0.2855115532875061,0.1899137794971466
9.254816770553589,1.4267157704281617,1.419661283493042,0.21199358999729156,0.20016784965991974
9.257883548736572,1.4271154558188148,1.420424222946167,0.2875257432460785,0.19803158938884735
9.26095199584961,1.4275174423176296,1.4208056926727295,0.18278782069683075,0.2236667424440384
9.264021158218384,1.4279216014376586,1.4208056926727295,-0.1273975670337677,0.20187686383724213
9.26706600189209,1.4283246067679267,1.421187162399292,0.18278782069683075,0.26126497983932495
9.270132303237915,1.4287325082325761,1.4215686321258545,0.14753948152065277,0.23263904452323914
9.273198127746582,1.4291424030311666,1.4223315715789795,0.3026321828365326,0.21255818009376526
9.276271104812622,1.4295553118114723,1.4223315715789795,0.2855115532875061,0.22537575662136078
9.279337644577026,1.429969403124998,1.4230945110321045,0.21199358999729156,0.22793926298618317
9.28240442276001,1.430385566069385,1.4230945110321045,0.1606317162513733,0.25912871956825256
9.285475015640259,1.4308042837969623,1.423475980758667,0.3338521420955658,0.1903410404920578
9.288543939590454,1.431224804449378,1.4238574504852295,0.08207827806472778,0.3018539845943451
9.29161286354065,1.4316473488008923,1.424238920211792,0.27544060349464417,0.24673838913440704
9.294683933258057,1.432072208121617,1.4246203899383545,0.4325474798679352,0.24844738841056824
9.297760009765625,1.43249977892727,1.4253833293914795,0.29558250308036804,0.20315861701965332
9.300833225250244,1.4329289633394566,1.4253833293914795,0.27946898341178894,0.2369115799665451
9.303900003433228,1.4333592464207152,1.425764799118042,0.14653238654136658,0.24716563522815704
9.306966066360474,1.4337914176224897,1.4265278577804565,0.37212178111076355,0.30911725759506226
9.310032844543457,1.4342256721610258,1.4265278577804565,0.2986038029193878,0.22964827716350555
9.31306266784668,1.4346566346522422,1.426909327507019,0.15458914637565613,0.2206759750843048
9.316128969192505,1.435094743334274,1.427672266960144,0.4436255395412445,0.34073394536972046
9.319201946258545,1.435535775026727,1.4280537366867065,0.2563057839870453,0.2381933331489563
9.322267770767212,1.4359777381020224,1.4280537366867065,0.3519798517227173,0.286900132894516
9.325333595275879,1.4364216502443308,1.4288166761398315,0.2683909237384796,0.2890363931655884
9.328399658203125,1.4368675396127222,1.4288166761398315,0.19688716530799866,0.252719908952713
9.331468105316162,1.4373157141251518,1.429198145866394,0.08711375296115875,0.25912871956825256
9.334546089172363,1.4377672230869214,1.4295796155929565,0.1263904720544815,0.33731594681739807
9.337621450424194,1.4382202826513277,1.429961085319519,0.270405113697052,0.2578469514846802
9.340688705444336,1.4386740681222638,1.430724024772644,0.2573128938674927,0.3022812306880951
9.343754529953003,1.4391295514485245,1.4311054944992065,0.06797894090414047,0.26382848620414734
9.346820831298828,1.4395870083464886,1.431486964225769,0.11329823732376099,0.32236209511756897
9.349889755249023,1.4400467550234528,1.4318684339523315,0.31068894267082214,0.2839093506336212
9.352966547012329,1.440509580125292,1.432249903678894,0.46981003880500793,0.3689326345920563
9.356044054031372,1.4409744087691447,1.432249903678894,0.08107118308544159,0.35996031761169434
9.359137535095215,1.441443554084372,1.4326313734054565,0.21602196991443634,0.3975585699081421
9.362206220626831,1.441910818012343,1.4333943128585815,0.12437628954648972,0.3356069326400757
9.365274906158447,1.4423799464192153,1.4337759017944336,0.4456397294998169,0.41721218824386597
9.368351697921753,1.4428521789376727,1.4337759017944336,-0.02366674318909645,0.4560921788215637
9.371426820755005,1.4433260140629707,1.4345388412475586,0.29658961296081543,0.2851911187171936
9.374497890472412,1.4438010721789032,1.434920310974121,0.07100022584199905,0.3142443001270294
9.377564191818237,1.4442772276311129,1.4353017807006836,0.5131151080131531,0.3620965778827667
9.380631446838379,1.444755358475534,1.435683250427246,0.3771572411060333,0.2992904484272003
9.383700847625732,1.4452356461971045,1.4360647201538086,0.24422064423561096,0.2710917890071869
9.38677716255188,1.4457188378341594,1.4368276596069336,0.2673838436603546,0.34287023544311523
9.389850616455078,1.4462033944161141,1.437209129333496,0.18681620061397552,0.40268558263778687
9.392916917800903,1.4466886232874916,1.4375905990600586,0.23414969444274902,0.3163805603981018
9.395989179611206,1.447176591241443,1.437972068786621,0.27846190333366394,0.2886091470718384
9.399065971374512,1.4476670729869694,1.438735008239746,0.21602196991443634,0.30569925904273987
9.40214204788208,1.448159228379609,1.4391164779663086,0.38924238085746765,0.27707332372665405
9.405213356018066,1.448652396831908,1.439497947692871,0.1445181965827942,0.22879377007484436
9.408280611038208,1.4491466782161222,1.440260887145996,0.2552987039089203,0.2715190351009369
9.411354541778564,1.4496437963478515,1.4406423568725586,0.20292973518371582,0.18692301213741302
9.414421081542969,1.4501414683575908,1.4414052963256836,0.24522773921489716,0.21127641201019287
9.417489767074585,1.4506412300808482,1.4417868852615356,0.27644771337509155,0.24588388204574585
9.42056679725647,1.4511440925308428,1.4421683549880981,0.2683909237384796,0.26340124011039734
9.423640012741089,1.4516480649226802,1.4429312944412231,0.31068894267082214,0.2228122353553772
9.426706790924072,1.4521527010227198,1.4433127641677856,0.3952849507331848,0.1762416958808899
9.429773330688477,1.4526590077417343,1.4436942338943481,0.2855115532875061,0.1758144497871399
9.432842016220093,1.45316737279241,1.4444571733474731,0.1928587704896927,0.2386205792427063
9.435917854309082,1.4536786257721777,1.4448386430740356,0.3479514718055725,0.1104447990655899
9.438989400863647,1.454190859255149,1.4456015825271606,0.21501487493515015,0.1283894032239914
9.442063808441162,1.4547052572225725,1.4459830522537231,0.14552529156208038,0.13394369184970856
9.445132732391357,1.4552204136713318,1.4467459917068481,0.19487297534942627,0.19418631494045258
9.448201417922974,1.455737196722847,1.4471274614334106,0.13948272168636322,0.15445181727409363
9.4512779712677,1.4562569700092913,1.4475089311599731,0.4124055802822113,0.13992522656917572
9.45435357093811,1.456778241027726,1.4478904008865356,0.1576104313135147,0.15530632436275482
9.457426071166992,1.4573006350499211,1.4486533403396606,0.19688716530799866,0.1924773007631302
9.460492849349976,1.4578236913175164,1.4490348100662231,0.29558250308036804,0.14035248756408691
9.463559865951538,1.4583484142625804,1.4494163990020752,0.027695124968886375,0.2535744309425354
9.466629266738892,1.4588751652762608,1.4501793384552002,0.3701075613498688,0.18692301213741302
9.469706296920776,1.4594048445734853,1.4505608081817627,0.3831998109817505,0.3334706723690033
9.472780227661133,1.459935600971881,1.4509422779083252,0.11934080719947815,0.16855116188526154
9.475846529006958,1.4604666360026137,1.4513237476348877,0.07704280316829681,0.22537575662136078
9.478912353515625,1.4609991741613104,1.4517052173614502,0.26234835386276245,0.2651102542877197
9.481987714767456,1.4615349539075424,1.4520866870880127,0.04078736528754234,0.25998321175575256
9.485064029693604,1.462072480043002,1.4528496265411377,0.5141222476959229,0.23135729134082794
9.488133430480957,1.4626103652319324,1.4532310962677002,0.29256123304367065,0.3368886709213257
9.491200685501099,1.4631494301565404,1.4536125659942627,0.2220645397901535,0.28177309036254883
9.494269371032715,1.463690294780221,1.4543755054473877,0.21199358999729156,0.2587014436721802
9.49734616279602,1.464234134861623,1.4547569751739502,0.20897230505943298,0.26169222593307495
9.500417709350586,1.4647785845189467,1.4551384449005127,0.18480201065540314,0.3313344120979309
9.503494262695312,1.465325452660009,1.4559013843536377,0.3036392629146576,0.2988632023334503
9.506567478179932,1.4658732490863855,1.4562828540802002,0.15056076645851135,0.27920958399772644
9.509634017944336,1.4664213632585186,1.4566643238067627,0.19990845024585724,0.28049135208129883
9.512699604034424,1.466970804171992,1.4574273824691772,0.3831998109817505,0.3018539845943451
9.515767812728882,1.467522205853813,1.4578088521957397,0.4788738787174225,0.22665750980377197
9.518844366073608,1.4680765964043478,1.4585717916488647,0.35802242159843445,0.27664607763290405
9.521913290023804,1.468631089601233,1.4589532613754272,0.3177386224269867,0.24417486786842346
9.52497935295105,1.4691865311842975,1.4597162008285522,0.27946898341178894,0.2894636392593384
9.528045415878296,1.46974342915173,1.4600976705551147,0.3479514718055725,0.26126497983932495
9.53111982345581,1.4703032968092167,1.4604791402816772,0.052872512489557266,0.21939422190189362
9.534188508987427,1.470863566068527,1.4612420797348022,0.27745479345321655,0.3018539845943451
9.537265300750732,1.4714267549517643,1.4616235494613647,0.3036392629146576,0.26340124011039734
9.540335893630981,1.4719902379482674,1.4623864889144897,0.4164339601993561,0.3514152765274048
9.54340410232544,1.4725547007207749,1.4627679586410522,0.17875944077968597,0.25998321175575256
9.546469688415527,1.4731200875591135,1.4635308980941772,0.2361638844013214,0.2505836486816406
9.549536228179932,1.4736870484909728,1.4639123678207397,0.22810712456703186,0.2826276123523712
9.55260181427002,1.4742552224603789,1.4646753072738647,0.3499656617641449,0.2710917890071869
9.555668354034424,1.4748249545366092,1.4650568962097168,0.26134127378463745,0.26254671812057495
9.55873417854309,1.4753959263545986,1.4654383659362793,0.29759669303894043,0.27835509181022644
9.561800241470337,1.4759683067274927,1.4662013053894043,0.34392309188842773,0.21683070063591003
9.5648672580719,1.4765422214750745,1.4665827751159668,0.2996108829975128,0.2582741975784302
9.567932844161987,1.4771172156239554,1.4673457145690918,0.32478827238082886,0.29031816124916077
9.570998668670654,1.4776935928842316,1.4677271842956543,0.4436255395412445,0.3048447370529175
9.574065208435059,1.4782714349677388,1.4681086540222168,0.2563057839870453,0.3197985887527466
9.57714033126831,1.4788522218749183,1.4688715934753418,0.37312886118888855,0.40738537907600403
9.580209016799927,1.4794331095223425,1.4692530632019043,0.3680933713912964,0.30740824341773987
9.583278179168701,1.480015394242608,1.4696345329284668,0.39125657081604004,0.2706645429134369
9.586345911026001,1.4805987049088327,1.4703974723815918,0.33788052201271057,0.31296253204345703
9.589411973953247,1.4811829855601466,1.4703974723815918,0.16566720604896545,0.45438316464424133
9.592477798461914,1.4817684989251785,1.4711604118347168,0.5775692462921143,0.31125351786613464
9.59554648399353,1.4823558298723154,1.4719233512878418,0.2532845139503479,0.3779049217700958
9.598624467849731,1.4829462092530876,1.4723048210144043,0.3529869616031647,0.29459068179130554
9.601700067520142,1.4835373917433183,1.4726864099502563,0.32378119230270386,0.3321889042854309
9.604767799377441,1.4841283082091197,1.4734493494033813,0.4305332899093628,0.3672236204147339
9.607834339141846,1.4847202302484472,1.4742122888565063,0.3137102425098419,0.3005722165107727
9.610900402069092,1.4853132861275704,1.4745937585830688,0.304646372795105,0.27792781591415405
9.613968849182129,1.4859080215695486,1.4753566980361938,0.28047609329223633,0.21512168645858765
9.61704397201538,1.4865052648973585,1.4757381677627563,0.30968186259269714,0.2992904484272003
9.620134830474854,1.4871067800078193,1.4765011072158813,0.38622111082077026,0.25912871956825256
9.623208999633789,1.4877062471211624,1.4772640466690063,0.3852140009403229,0.20144960284233093
9.626284837722778,1.4883072283577956,1.4776455163955688,0.16768139600753784,0.16342411935329437
9.62936282157898,1.4889098101094878,1.4784084558486938,0.3791714310646057,0.2082856446504593
9.63243317604065,1.4895120665508865,1.4791713953018188,0.2361638844013214,0.2236667424440384
9.635510683059692,1.490116887909119,1.4795528650283813,0.2583199739456177,0.2501564025878906
9.638586044311523,1.4907224405965185,1.4803158044815063,0.37514305114746094,0.21298542618751526
9.64165735244751,1.4913283365388512,1.481078863143921,0.4275120198726654,0.14633402228355408
9.644724369049072,1.4919345150473546,1.4814603328704834,0.46880292892456055,0.2074311375617981
9.64778995513916,1.492541529427421,1.4822232723236084,0.13948272168636322,0.2390478402376175
9.650858879089355,1.4931503158772055,1.4829862117767334,0.5272144675254822,0.1104447990655899
9.653935432434082,1.4937617225838875,1.483367681503296,0.40636301040649414,0.1770962029695511
9.65701150894165,1.4943741333201646,1.484130620956421,0.365072101354599,0.1899137794971466
9.6600661277771,1.4949833502883316,1.484893560409546,0.6218814253807068,0.16556039452552795
9.663137435913086,1.4955969699537788,1.4852750301361084,0.15257495641708374,0.20315861701965332
9.666206121444702,1.4962111322466451,1.485656499862671,0.11631952226161957,0.3005722165107727
9.66928243637085,1.496827882422171,1.486419439315796,0.2552987039089203,0.24972915649414062
9.672354459762573,1.4974448230723778,1.4868009090423584,0.40636301040649414,0.26297399401664734
9.675425052642822,1.4980625166381738,1.4875638484954834,0.3781643509864807,0.28091859817504883
9.678491830825806,1.4986804716652833,1.487945318222046,0.15056076645851135,0.2676737606525421
9.681557655334473,1.4992992530739002,1.4887083768844604,0.3821927309036255,0.3629510998725891
9.68462610244751,1.4999195743035232,1.489089846611023,0.35902953147888184,0.2997176945209503
9.687702178955078,1.5005424433399965,1.489852786064148,0.40334174036979675,0.3975585699081421
9.690775156021118,1.501165680660168,1.4902342557907104,0.2875257432460785,0.32706186175346375
9.693841218948364,1.5017884984749204,1.4909971952438354,0.2663767337799072,0.5163347721099854
9.69691014289856,1.5024128712226776,1.491378664970398,0.3539940416812897,0.3172350525856018
9.699995279312134,1.503041514976674,1.492141604423523,0.3610437214374542,0.34030669927597046
9.70306658744812,1.5036683002481375,1.4925230741500854,0.27745479345321655,0.34201571345329285
9.70614242553711,1.5042969598103628,1.4932860136032104,0.32378119230270386,0.32407110929489136
9.709209203720093,1.5049247046470071,1.493667483329773,0.24623483419418335,0.29715418815612793
9.712275266647339,1.5055532290350877,1.494430422782898,0.3479514718055725,0.41934844851493835
9.715344190597534,1.5061832577152803,1.4948118925094604,0.3338521420955658,0.3360341787338257
9.718421459197998,1.5068159120560252,1.4955748319625854,0.22508582472801208,0.383459210395813
9.721495866775513,1.5074488812914328,1.496337890625,0.3993133306503296,0.3851682245731354
9.724565267562866,1.5080817107571527,1.4967193603515625,0.3499656617641449,0.3146715462207794
9.727633953094482,1.5087152733476417,1.4974822998046875,0.304646372795105,0.3633783459663391
9.730700254440308,1.5093492137522357,1.49786376953125,0.2875257432460785,0.32278934121131897
9.733769178390503,1.5099845577683413,1.498626708984375,0.3197528123855591,0.3603875935077667
9.736845016479492,1.5106221883840476,1.4993896484375,0.34190890192985535,0.2860456109046936
9.739912748336792,1.5112589818607973,1.4997711181640625,0.40434882044792175,0.27450981736183167
9.742978572845459,1.5118962113625782,1.5005340576171875,0.401327520608902,0.3326161503791809
9.746045351028442,1.5125344616972611,1.5012969970703125,0.44966810941696167,0.3920042812824249
9.749065399169922,1.513163781505984,1.501678466796875,0.29054704308509827,0.3197985887527466
9.752141237258911,1.5138055281451304,1.50244140625,0.5372854471206665,0.34671550989151
9.75521183013916,1.5144469774647065,1.5028228759765625,0.13142596185207367,0.4103761315345764
9.758280754089355,1.5150888643149454,1.5035858154296875,0.3811856210231781,0.2997176945209503
9.761347532272339,1.515731077960559,1.5039674043655396,0.35500115156173706,0.34116122126579285
9.764414548873901,1.5163741074083905,1.5047303438186646,0.24119935929775238,0.30569925904273987
9.767483234405518,1.5170182437324435,1.5054932832717896,0.3489585816860199,0.3202258348464966
9.770562648773193,1.5176653836184917,1.505874752998352,0.25932708382606506,0.35568779706954956
9.773643493652344,1.5183135677874635,1.506637692451477,0.3358663320541382,0.3676508665084839
9.776716232299805,1.5189607777056366,1.507400631904602,0.2865186631679535,0.32791638374328613
9.779784917831421,1.5196078531079642,1.5077821016311646,0.40837720036506653,0.3343251645565033
9.782854318618774,1.5202557886686094,1.5085450410842896,0.4426184594631195,0.4415655732154846
9.78593397140503,1.520906591655813,1.508926510810852,0.24119935929775238,0.3941405415534973
9.789010524749756,1.5215574333288822,1.509689450263977,0.4466468393802643,0.3462882339954376
9.792070865631104,1.522205523485298,1.510452389717102,0.3338521420955658,0.35654231905937195
9.79514193534851,1.522856556012437,1.5108338594436646,0.3358663320541382,0.40225833654403687
9.798219442367554,1.5235096170581457,1.5115967988967896,0.1928587704896927,0.34116122126579285
9.801302433013916,1.5241644983170657,1.512359857559204,0.31270313262939453,0.27920958399772644
9.804371118545532,1.5248169837588512,1.513122797012329,0.26436254382133484,0.2830548584461212
9.807437658309937,1.5254696439198157,1.5135042667388916,0.2573128938674927,0.32834362983703613
9.810503482818604,1.526122772686942,1.514648675918579,0.4758526086807251,0.21469444036483765
9.813570261001587,1.52677671597313,1.5150301456451416,0.4587319791316986,0.2501564025878906
9.816646099090576,1.5274331955409712,1.5157930850982666,0.34190890192985535,0.27707332372665405
9.819722652435303,1.5280904234629944,1.5165560245513916,0.43959715962409973,0.24332036077976227
9.822792768478394,1.5287468603301115,1.5173189640045166,0.2552987039089203,0.21554894745349884
9.825860023498535,1.5294032583917552,1.517700433731079,0.400320440530777,0.2646830081939697
9.828925848007202,1.530059912831384,1.518463373184204,0.4295262098312378,0.20315861701965332
9.831997156143188,1.5307182958916619,1.519226312637329,0.42247653007507324,0.23263904452323914
9.835068941116333,1.5313773260980532,1.5199893712997437,0.40535593032836914,0.26297399401664734
9.838152408599854,1.532039400901958,1.5207523107528687,0.35600823163986206,0.23093003034591675
9.841222047805786,1.532699032279933,1.5211337804794312,0.24925611913204193,0.3142443001270294
9.84428882598877,1.5333585628770368,1.5218967199325562,0.3620508015155792,0.2377660721540451
9.847355842590332,1.534018648789291,1.5226596593856812,0.43657588958740234,0.24545662105083466
9.850424766540527,1.5346796399182867,1.5234225988388062,0.35500115156173706,0.29074540734291077
9.853501081466675,1.5353427097171253,1.5238040685653687,0.3630579113960266,0.2578469514846802
9.856573820114136,1.5360054853258494,1.5245670080184937,0.3771572411060333,0.24118410050868988
9.859640121459961,1.5366673374593511,1.5253299474716187,0.24220645427703857,0.28091859817504883
9.862705945968628,1.5373295412633339,1.5257114171981812,0.15559624135494232,0.24246585369110107
9.865774393081665,1.5379927568352545,1.5264743566513062,0.4456397294998169,0.3535515367984772
9.868849992752075,1.5386579555109197,1.5268558263778687,0.30565345287323,0.33945220708847046
9.871920347213745,1.5393224463781805,1.5276188850402832,0.37413597106933594,0.2698100209236145
9.874987125396729,1.5399865789154907,1.5280003547668457,0.2552987039089203,0.3612420856952667
9.878053188323975,1.540650961962109,1.5287632942199707,0.2563057839870453,0.34714275598526
9.881126880645752,1.5413173951782808,1.5295262336730957,0.11833371222019196,0.2702372670173645
9.884195804595947,1.5419831811476514,1.5302891731262207,0.23314259946346283,0.26169222593307495
9.887272119522095,1.5426509483178559,1.5306706428527832,0.30666056275367737,0.32834362983703613
9.890344142913818,1.5433181514236098,1.5314335823059082,0.2683909237384796,0.37064164876937866
9.893413066864014,1.5439850381169313,1.5321965217590332,0.2552987039089203,0.3497062623500824
9.896482467651367,1.5446523751524235,1.5325779914855957,0.29155412316322327,0.34415197372436523
9.899560451507568,1.5453219165129792,1.5333409309387207,0.21400777995586395,0.32236209511756897
9.902637004852295,1.5459914751653774,1.5341038703918457,0.426504909992218,0.30655375123023987
9.905707597732544,1.5466600540870834,1.5348668098449707,0.3036392629146576,0.33987945318222046
9.908774614334106,1.5473281609838818,1.5352483987808228,0.5060654878616333,0.33902496099472046
9.91184401512146,1.5479970841389787,1.5360113382339478,0.43959715962409973,0.3642328381538391
9.914913654327393,1.5486663463491985,1.5367742776870728,0.31068894267082214,0.32578012347221375
9.917982339859009,1.5493356776540668,1.5371557474136353,0.41844815015792847,0.38687723875045776
9.921063899993896,1.5500080858160612,1.5379186868667603,0.32780957221984863,0.3851682245731354
9.924144506454468,1.5506805449490626,1.5386816263198853,0.3831998109817505,0.3843137323856354
9.927213430404663,1.5513507014773147,1.5390630960464478,0.4436255395412445,0.27579155564308167
9.93027949333191,1.5520204700157134,1.5398260354995728,0.5433279871940613,0.3206530809402466
9.933348417282104,1.552691090558241,1.5405889749526978,0.34392309188842773,0.3334706723690033
9.936425685882568,1.5533637526099349,1.5413519144058228,0.34291601181030273,0.2715190351009369
9.93949842453003,1.5540356322860784,1.5421148538589478,0.4889448285102844,0.2706645429134369
9.942564725875854,1.5547063014334779,1.5424963235855103,0.4124055802822113,0.33817043900489807
9.9456307888031,1.5553771052810021,1.5432593822479248,0.32478827238082886,0.2732280492782593
9.948698997497559,1.556048555652303,1.5440223217010498,0.3006179928779602,0.2693827748298645
9.951775550842285,1.5567219999980377,1.5447852611541748,0.530235767364502,0.2552834451198578
9.954846143722534,1.5573942971638748,1.5451667308807373,0.41744107007980347,0.23306630551815033
9.957913637161255,1.5580660628677434,1.5459296703338623,0.42449072003364563,0.38730448484420776
9.960979223251343,1.5587375478382028,1.5466926097869873,0.46981003880500793,0.24289311468601227
9.96404480934143,1.559409159765271,1.5474555492401123,0.401327520608902,0.29715418815612793
9.967068195343018,1.5600716410809752,1.5482184886932373,0.31169605255126953,0.2651102542877197
9.970146894454956,1.5607463495960723,1.5485999584197998,0.34090182185173035,0.26083773374557495
9.973220825195312,1.5614201108602537,1.5493628978729248,0.3922636806964874,0.27579155564308167
9.97628903388977,1.5620927053175746,1.5501258373260498,0.5282215476036072,0.2710917890071869
9.979355335235596,1.562764958884027,1.5508888959884644,0.3993133306503296,0.26340124011039734
9.982424259185791,1.5634378547311627,1.5516518354415894,0.6702220439910889,0.24203860759735107
9.985501527786255,1.5641126377876813,1.5520333051681519,0.34190890192985535,0.26254671812057495
9.98857593536377,1.5647868409646437,1.5527962446212769,0.5121080279350281,0.1762416958808899
9.991648435592651,1.565460663233124,1.5535591840744019,0.400320440530777,0.22623026371002197
9.994716882705688,1.5661336238789023,1.5543221235275269,0.3479514718055725,0.24802014231681824
9.997792959213257,1.5668082750595231,1.5547035932540894,0.1898374855518341,0.2394750863313675
10.00086784362793,1.5674826720179387,1.5558480024337769,0.5896543860435486,0.3146715462207794
10.003944396972656,1.5681574321673015,1.5562294721603394,0.3852140009403229,0.2988632023334503
10.00701642036438,1.5688311858949742,1.5569924116134644,0.3207598924636841,0.28220033645629883
10.01006531715393,1.5694998448646345,1.5573738813400269,0.38823530077934265,0.24502937495708466
10.013142347335815,1.5701746409333455,1.5581368207931519,0.43758296966552734,0.22665750980377197
10.016211032867432,1.5708475641007686,1.5588998794555664,0.42449072003364563,0.252719908952713
10.019287347793579,1.5715221072225132,1.5596628189086914,0.2885328531265259,0.27536430954933167
10.02235746383667,1.5721952281019873,1.5604257583618164,0.41844815015792847,0.30783551931381226
10.02542495727539,1.5728677010973198,1.560807228088379,0.21400777995586395,0.31039902567863464
10.028490781784058,1.5735397254461112,1.561570167541504,0.37212178111076355,0.2839093506336212
10.031557083129883,1.5742117615664128,1.562333106994629,0.4768596887588501,0.3642328381538391
10.034626245498657,1.5748843218502127,1.563096046447754,0.269398033618927,0.29330891370773315
10.037702798843384,1.5755583884063913,1.5634775161743164,0.3801785409450531,0.2890363931655884
10.04077434539795,1.5762312347409135,1.5642404556274414,0.27745479345321655,0.32150760293006897
10.043842077255249,1.5769031125148205,1.564621925354004,0.2986038029193878,0.37320515513420105
10.04690957069397,1.577574795260753,1.565384864807129,0.269398033618927,0.40439459681510925
10.049978971481323,1.5782467427242826,1.566147804260254,0.35902953147888184,0.44840162992477417
10.053065538406372,1.5789222838050654,1.566529393196106,0.3197528123855591,0.3672236204147339
10.056141138076782,1.5795952505185316,1.567292332649231,0.4748454988002777,0.4407110810279846
10.059216260910034,1.5802679291641204,1.568055272102356,0.3670862913131714,0.38815900683403015
10.06228256225586,1.5809384852014259,1.5684367418289185,0.4426184594631195,0.5334249138832092
10.065351963043213,1.5816095161222274,1.5691996812820435,0.45571067929267883,0.37235066294670105
10.06842303276062,1.5822806987260007,1.5699626207351685,0.3207598924636841,0.3514152765274048
10.071500062942505,1.5829529601029737,1.570344090461731,0.3932707607746124,0.46933698654174805
10.074579000473022,1.5836254038238147,1.571107029914856,0.5433279871940613,0.44925612211227417
10.077650547027588,1.5842959897286015,1.571869969367981,0.21300068497657776,0.43344777822494507
10.080719709396362,1.5849658020872064,1.5722514390945435,0.40837720036506653,0.42191195487976074
10.083789110183716,1.5856354035532279,1.5730143785476685,0.4295262098312378,0.4578011631965637
10.0868661403656,1.5863063954773085,1.5737773180007935,0.42449072003364563,0.2988632023334503
10.089940309524536,1.5869764796251045,1.574540376663208,0.583611786365509,0.3979858160018921
10.093009948730469,1.5876452832627965,1.5749218463897705,0.3036392629146576,0.39157700538635254
10.096067667007446,1.5883111885339,1.5756847858428955,0.18379491567611694,0.34244295954704285
10.099144458770752,1.5889809343401315,1.5764477252960205,0.4899519383907318,0.35825130343437195
10.102219104766846,1.589649889178971,1.5772106647491455,0.400320440530777,0.3667963743209839
10.105298042297363,1.590319443269329,1.5779736042022705,0.3983062505722046,0.3005722165107727
10.10837435722351,1.5909880827690304,1.578355073928833,0.4637674391269684,0.35611504316329956
10.111441850662231,1.591654452322016,1.579118013381958,0.3983062505722046,0.29416343569755554
10.114507913589478,1.5923201493771952,1.579880952835083,0.365072101354599,0.33945220708847046
10.11758041381836,1.5929868713688646,1.580643892288208,0.3489585816860199,0.2052948772907257
10.120664834976196,1.5936557948763608,1.581406831741333,0.460746169090271,0.3009994626045227
10.123738288879395,1.5943219459517313,1.5821698904037476,0.41844815015792847,0.29715418815612793
10.12680435180664,1.5949860933499653,1.5829328298568726,0.3509727716445923,0.2689555287361145
10.129871129989624,1.5956499844219252,1.5836957693099976,0.35500115156173706,0.2240939885377884
10.132939338684082,1.5963137637055278,1.58407723903656,0.497001588344574,0.19333180785179138
10.136017084121704,1.5969791727262108,1.584840178489685,0.3469443917274475,0.24545662105083466
10.139063358306885,1.5976373404117257,1.58560311794281,0.3157244324684143,0.32278934121131897
10.142131805419922,1.598299849137766,1.586366057395935,0.29054704308509827,0.31168079376220703
10.145209789276123,1.5989639537572975,1.5867475271224976,0.1918516755104065,0.3334706723690033
10.148280382156372,1.599625991586341,1.5875104665756226,0.38823530077934265,0.2851911187171936
10.151350021362305,1.6002873426091027,1.5882734060287476,0.2875257432460785,0.46677348017692566
10.154428720474243,1.6009501524396175,1.5890363454818726,0.27846190333366394,0.2505836486816406
10.15750503540039,1.6016119457903986,1.589417815208435,0.32378119230270386,0.26425573229789734
10.160575866699219,1.6022720479615604,1.5901808738708496,0.2381780743598938,0.34201571345329285
10.163644075393677,1.6029310661591354,1.5909438133239746,0.400320440530777,0.3005722165107727
10.166712522506714,1.6035896057053116,1.591325283050537,0.2361638844013214,0.32407110929489136
10.16978931427002,1.6042493942664802,1.592088222503662,0.2875257432460785,0.3155260682106018
10.172861576080322,1.6049076601716479,1.592851161956787,0.2502632141113281,0.29672694206237793
10.175932884216309,1.605565161342468,1.593614101409912,0.46981003880500793,0.31296253204345703
10.179001808166504,1.6062215826692603,1.594377040863037,0.3942778706550598,0.3048447370529175
10.182065486907959,1.6068763045864825,1.595139980316162,0.38722819089889526,0.3146715462207794
10.185148477554321,1.607534561252797,1.5955214500427246,0.3962920606136322,0.34842449426651
10.188220262527466,1.60818982465808,1.5962843894958496,0.24422064423561096,0.40781262516975403
10.19128704071045,1.6088434121321442,1.5970473289489746,0.39125657081604004,0.28134584426879883
10.19435453414917,1.6094965347086638,1.597428798675537,0.29759669303894043,0.37405967712402344
10.197422742843628,1.6101491822476812,1.5981918573379517,0.4476539194583893,0.44882887601852417
10.20050048828125,1.610803218288948,1.5989547967910767,0.42146944999694824,0.2505836486816406
10.20357632637024,1.6114561987637779,1.5997177362442017,0.460746169090271,0.30569925904273987
10.206646203994751,1.6121072559922094,1.6000992059707642,0.40434882044792175,0.2834821045398712
10.209722518920898,1.6127590093967616,1.6008621454238892,0.4275120198726654,0.3351796865463257
10.21279525756836,1.6134093268370984,1.6016250848770142,0.24321354925632477,0.3180895745754242
10.215864181518555,1.6140581506220775,1.6020065546035767,0.42449072003364563,0.40439459681510925
10.218940258026123,1.614707788604262,1.6027694940567017,0.2875257432460785,0.3155260682106018
10.2220139503479,1.6153562154057186,1.6031509637832642,0.13243305683135986,0.38773176074028015
10.22506833076477,1.6159998578618646,1.6039139032363892,0.19789426028728485,0.39114975929260254
10.228137731552124,1.616645942642763,1.6046768426895142,0.304646372795105,0.3368886709213257
10.231204271316528,1.6172906919777494,1.6050583124160767,0.07603570818901062,0.3616693317890167
10.234272956848145,1.6179351492266976,1.6058213710784912,0.38722819089889526,0.4578011631965637
10.237349510192871,1.6185805028136016,1.6065843105316162,0.4738384187221527,0.43302053213119507
10.240422487258911,1.6192243409680682,1.6069657802581787,0.3620508015155792,0.4159304201602936
10.243489503860474,1.6198661581535925,1.6073472499847412,0.330830842256546,0.3954222798347473
10.24655532836914,1.6205069453870409,1.6081101894378662,0.43355458974838257,0.5206072926521301
10.249624013900757,1.6211475396431598,1.6088731288909912,0.2583199739456177,0.45481041073799133
10.252700805664062,1.6217890220560105,1.6096360683441162,0.46678873896598816,0.32791638374328613
10.255769968032837,1.6224281021696465,1.6100175380706787,0.4285190999507904,0.37320515513420105
10.258836507797241,1.6230658170936436,1.6103990077972412,0.04582284390926361,0.3783321976661682
10.261903524398804,1.6237028027695446,1.6111619472503662,0.23213550448417664,0.3791866898536682
10.264970779418945,1.6243389999278066,1.6119248867034912,0.3983062505722046,0.3774776756763458
10.26803970336914,1.6249746950363735,1.6126878261566162,0.3318379521369934,0.3685053884983063
10.271124362945557,1.6256127850919364,1.6134508848190308,0.304646372795105,0.33774319291114807
10.27419638633728,1.62624739032383,1.6138323545455933,0.2895399332046509,0.3932860195636749
10.27726435661316,1.6268802814266976,1.6145952939987183,0.4728313088417053,0.37491416931152344
10.280330419540405,1.6275118942043467,1.6153582334518433,0.401327520608902,0.34073394536972046
10.283399105072021,1.6281431521300718,1.6161211729049683,0.497001588344574,0.17965972423553467
10.286475658416748,1.6287751201702985,1.6168841123580933,0.21904325485229492,0.28006407618522644
10.289546251296997,1.6294049475502195,1.6176470518112183,0.1727168709039688,0.30954450368881226
10.292614221572876,1.6300333133886924,1.6180285215377808,0.43758296966552734,0.24203860759735107
10.295682668685913,1.630660844121163,1.6187914609909058,0.3539940416812897,0.29672694206237793
10.298759937286377,1.631289232696163,1.6195544004440308,0.583611786365509,0.2984359562397003
10.301836967468262,1.631916615703362,1.6203173398971558,0.44866102933883667,0.2548561692237854
10.304907321929932,1.6325416745055734,1.6206988096237183,0.401327520608902,0.32877087593078613
10.307987213134766,1.6331676989032946,1.6218433380126953,0.3006179928779602,0.3027084767818451
10.311065435409546,1.6337923981115237,1.6222248077392578,0.5362783074378967,0.2663919925689697
10.314134359359741,1.6344142197751532,1.6229877471923828,0.35701534152030945,0.2655375003814697
10.317203283309937,1.6350350431513572,1.6233692169189453,0.4406042695045471,0.29459068179130554
10.320279598236084,1.6356563505031834,1.6241321563720703,0.4416113495826721,0.45224690437316895
10.323348045349121,1.6362750510929995,1.6245136260986328,0.3529869616031647,0.33731594681739807
10.326413869857788,1.6368921985517406,1.6252765655517578,0.3932707607746124,0.2843366265296936
10.329479694366455,1.6375083129584953,1.6260395050048828,0.3187457025051117,0.34329748153686523
10.332550764083862,1.638124436575061,1.6264209747314453,0.43456166982650757,0.42020294070243835
10.335627317428589,1.6387406025520463,1.6271839141845703,0.5030441880226135,0.32706186175346375
10.338698625564575,1.639354652841116,1.6275653839111328,0.23918516933918,0.3992675542831421
10.341766595840454,1.6399669641092116,1.6283283233642578,0.41844815015792847,0.41977569460868835
10.344832420349121,1.6405777680557896,1.6287097930908203,0.1586175262928009,0.4766002893447876
10.347898721694946,1.6411875789924388,1.6294728517532349,0.3358663320541382,0.2702372670173645
10.35097074508667,1.641797427674438,1.6302357912063599,0.4426184594631195,0.34457921981811523
10.354053258895874,1.6424082428423228,1.6306172609329224,0.4577248692512512,0.3343251645565033
10.357128858566284,1.6430165646392614,1.6313802003860474,0.4295262098312378,0.3625238537788391
10.360194683074951,1.6436218272737908,1.6317616701126099,0.2875257432460785,0.40695810317993164
10.363260507583618,1.6442259569702746,1.6325246095657349,0.2401922643184662,0.43814754486083984
10.366329431533813,1.6448295537805626,1.6329060792922974,0.27745479345321655,0.3928587734699249
10.36940598487854,1.6454334936388302,1.6336690187454224,0.3922636806964874,0.3338979184627533
10.372478723526001,1.6460355188717626,1.6344319581985474,0.35902953147888184,0.3659418523311615
10.375548124313354,1.646635718009774,1.6351948976516724,0.3016250729560852,0.35483330488204956
10.378614902496338,1.647234225409938,1.6355763673782349,0.25932708382606506,0.35654231905937195
10.381687641143799,1.6478327052809965,1.6363393068313599,0.329823762178421,0.35782405734062195
10.384756326675415,1.6484291972651,1.636720895767212,0.3801785409450531,0.4095216393470764
10.387832641601562,1.6490259612011868,1.637483835220337,0.3177386224269867,0.3847409784793854
10.390904664993286,1.6496206737294439,1.6378653049468994,0.3449302017688751,0.4253299832344055
10.393976926803589,1.650214205346256,1.6386282444000244,0.29256123304367065,0.37363240122795105
10.39705228805542,1.6508070979106912,1.6393911838531494,0.21199358999729156,0.33859768509864807
10.400146961212158,1.651402454474472,1.639772653579712,0.34190890192985535,0.38644999265670776
10.403224229812622,1.6519932014294052,1.640535593032837,0.29256123304367065,0.42105746269226074
10.406296968460083,1.6525818149682592,1.6409170627593994,0.2673838436603546,0.4607919454574585
10.40937328338623,1.6531698397093475,1.641298532485962,0.32478827238082886,0.4466926157474518
10.412447929382324,1.653756263092627,1.642061471939087,0.30766767263412476,0.3924315273761749
10.41551923751831,1.6543407611975667,1.6424429416656494,0.24321354925632477,0.4287480115890503
10.418596029281616,1.6549250027447961,1.6432058811187744,0.2069581151008606,0.3958495557308197
10.421669960021973,1.6555073928208606,1.6439688205718994,0.4728313088417053,0.3958495557308197
10.42473816871643,1.6560873861852226,1.644350290298462,0.24724192917346954,0.4590829312801361
10.427804231643677,1.6566656553030943,1.644731879234314,0.24724192917346954,0.4449836015701294
10.430870532989502,1.6572426424820943,1.645494818687439,0.29759669303894043,0.43344777822494507
10.433939933776855,1.65781887533231,1.6458762884140015,0.3670862913131714,0.43814754486083984
10.437015771865845,1.6583949656436356,1.6466392278671265,0.3771572411060333,0.4249027371406555
10.440064668655396,1.6589646667691422,1.647020697593689,0.3852140009403229,0.45011061429977417
10.443138837814331,1.6595377276745218,1.647783637046814,0.3177386224269867,0.4569466710090637
10.446205615997314,1.660108039146521,1.6481651067733765,0.29155412316322327,0.34799724817276
10.44927430152893,1.6606773255337401,1.6489280462265015,0.1596246212720871,0.3168078064918518
10.452350616455078,1.6612466334195544,1.6496909856796265,0.22609293460845947,0.2830548584461212
10.455421447753906,1.6618135261553242,1.650072455406189,0.1576104313135147,0.34201571345329285
10.458488941192627,1.6623783974618893,1.650835394859314,0.2663767337799072,0.3804684579372406
10.46155571937561,1.6629417246769356,1.651598334312439,0.24321354925632477,0.3996948301792145
10.464629173278809,1.6635048529055185,1.6519798040390015,0.2996108829975128,0.27878233790397644
10.467697858810425,1.6640656756273053,1.652742862701416,0.14552529156208038,0.3163805603981018
10.470774173736572,1.6646264482310136,1.653505802154541,0.2573128938674927,0.29373615980148315
10.473846673965454,1.6651850735648497,1.6538872718811035,0.3348592221736908,0.31253528594970703
10.47691535949707,1.6657415487211422,1.6546502113342285,0.4295262098312378,0.21811245381832123
10.479981422424316,1.6662960861895273,1.6554131507873535,0.2552987039089203,0.26041045784950256
10.48305058479309,1.66684971228574,1.6561760902404785,0.4748454988002777,0.3138170540332794
10.4861319065094,1.6674040419811795,1.656557559967041,0.47081711888313293,0.2997176945209503
10.489205837249756,1.6679555464518137,1.657320499420166,0.21702906489372253,0.3044174909591675
10.492276668548584,1.6685049950863617,1.6577019691467285,0.2683909237384796,0.23007553815841675
10.4953453540802,1.669052554187786,1.6584649085998535,0.3157244324684143,0.34757000207901
10.49842381477356,1.669600337047905,1.658846378326416,0.32780957221984863,0.2646830081939697
10.501501560211182,1.6701464620957953,1.659609317779541,0.32780957221984863,0.3774776756763458
10.504573822021484,1.6706900796942006,1.6599907875061035,0.3761501610279083,0.4723277688026428
10.50765061378479,1.671232954268964,1.660753846168518,0.3147173225879669,0.35483330488204956
10.510721445083618,1.6717732278663173,1.6611353158950806,0.30766767263412476,0.34329748153686523
10.513787984848022,1.672311193835675,1.6618982553482056,0.2734264135360718,0.4009765684604645
10.516856908798218,1.672848016749779,1.662279725074768,0.032730601727962494,0.3514152765274048
10.519932746887207,1.6733844738809571,1.6626611948013306,0.06596475094556808,0.32236209511756897
10.523004055023193,1.6739185594461137,1.663042664527893,0.16566720604896545,0.37149614095687866
10.526062488555908,1.6744488278735306,1.663805603981018,0.3318379521369934,0.4249027371406555
10.529128551483154,1.674978830308796,1.6641870737075806,0.5201647877693176,0.505226194858551
10.532197713851929,1.6755077674786976,1.6649500131607056,0.5513847470283508,0.4599374234676361
10.535274505615234,1.6760364037673119,1.665331482887268,0.46880292892456055,0.47830930352211
10.538345098495483,1.6765623542877144,1.6657129526138306,0.3469443917274475,0.5086442232131958
10.541411638259888,1.6770859868737442,1.6664758920669556,0.31270313262939453,0.45523765683174133
10.544477701187134,1.6776079080192492,1.666857361793518,0.40334174036979675,0.538979172706604
10.547544479370117,1.6781283127066786,1.667620301246643,0.5292286276817322,0.48642709851264954
10.550612926483154,1.678647353119052,1.667620301246643,0.1253833770751953,0.444129079580307
10.553688526153564,1.6791659419749834,1.6683833599090576,0.39024949073791504,0.5167620182037354
10.556762456893921,1.6796825796720425,1.6687648296356201,0.29356831312179565,0.3197985887527466
10.559828281402588,1.6801961845723719,1.6695277690887451,0.3852140009403229,0.46463721990585327
10.562895059585571,1.680708272653678,1.6699092388153076,0.1445181965827942,0.3659418523311615
10.565968036651611,1.6812197062540197,1.6702907085418701,0.029709314927458763,0.40140384435653687
10.569066286087036,1.6817336259897486,1.6714351177215576,0.5090867280960083,0.32834362983703613
10.572147369384766,1.6822429779692638,1.6714351177215576,0.2824902832508087,0.3616693317890167
10.575222492218018,1.6827496263843493,1.6721980571746826,0.2401922643184662,0.5505149960517883
10.578293800354004,1.683253925398704,1.6725795269012451,0.31270313262939453,0.3693598806858063
10.581371545791626,1.6837575486085976,1.6733424663543701,0.44866102933883667,0.35867857933044434
10.58444857597351,1.684259313255275,1.6737239360809326,0.08509956300258636,0.32877087593078613
10.587522983551025,1.6847589036533626,1.6741054058074951,0.3177386224269867,0.4253299832344055
10.59059190750122,1.68525585435547,1.6748683452606201,0.12941177189350128,0.34842449426651
10.593658208847046,1.685750628187142,1.6752498149871826,0.1586175262928009,0.3796139359474182
10.596726655960083,1.6862439876168895,1.6756312847137451,0.17170977592468262,0.443701833486557
10.599804639816284,1.6867371035587728,1.6760128736495972,0.3489585816860199,0.43472954630851746
10.602880716323853,1.6872281286142206,1.6767758131027222,0.24522773921489716,0.37064164876937866
10.605953931808472,1.6877169073745433,1.6771572828292847,0.23515678942203522,0.40567636489868164
10.609039068222046,1.688205775564749,1.6775387525558472,0.269398033618927,0.47061875462532043
10.612125396728516,1.6886930142321106,1.6783016920089722,0.24623483419418335,0.5462424755096436
10.615194082260132,1.6891756571451941,1.6786831617355347,0.06898603588342667,0.35568779706954956
10.61827039718628,1.6896576807795387,1.6790646314620972,0.35902953147888184,0.4300297498703003
10.621343851089478,1.6901374299902054,1.6798275709152222,0.21098649501800537,0.4449836015701294
10.62441372871399,1.6906147917205696,1.6802090406417847,0.24321354925632477,0.382177472114563
10.627482652664185,1.6910901707268478,1.6805905103683472,0.3469443917274475,0.48172733187675476
10.630549669265747,1.691563414785745,1.6809719800949097,0.3157244324684143,0.47019150853157043
10.6336190700531,1.692035178615545,1.6813534498214722,0.12236209958791733,0.41763943433761597
10.636695623397827,1.6925061794423657,1.6821163892745972,0.4748454988002777,0.42319372296333313
10.63976502418518,1.692974220239215,1.6824978590011597,0.3781643509864807,0.4475471079349518
10.64283275604248,1.6934401382565976,1.6832607984542847,0.2563057839870453,0.37106889486312866
10.645898580551147,1.6939038936327626,1.6836423873901367,0.3338521420955658,0.37320515513420105
10.648966789245605,1.6943661281997981,1.6840238571166992,0.2683909237384796,0.42063018679618835
10.652053356170654,1.6948292224290353,1.6844053268432617,0.27644771337509155,0.40354010462760925
10.655134201049805,1.695289544788403,1.6851682662963867,0.1576104313135147,0.3650873601436615
10.658202409744263,1.6957460724278788,1.6855497360229492,0.304646372795105,0.34799724817276
10.661269426345825,1.6962005142353591,1.6863126754760742,0.2875257432460785,0.27450981736183167
10.664335250854492,1.6966528656892848,1.6866941452026367,0.11229114234447479,0.40524908900260925
10.667407751083374,1.6971042757777464,1.6870756149291992,0.5201647877693176,0.31125351786613464
10.670490264892578,1.6975552124145317,1.6878385543823242,0.32579538226127625,0.30954450368881226
10.67355990409851,1.698002323317079,1.6882200241088867,0.26234835386276245,0.3663691282272339
10.676626682281494,1.698447075291214,1.6889829635620117,0.45067521929740906,0.2659647464752197
10.679693222045898,1.6988898450109335,1.6893644332885742,0.3177386224269867,0.31338977813720703
10.682762384414673,1.6993310367144103,1.6897459030151367,0.19688716530799866,0.35696956515312195
10.685838460922241,1.6997712515930705,1.6901273727416992,0.016617074608802795,0.2886091470718384
10.68890905380249,1.70020870748662,1.6908903121948242,0.04884412884712219,0.21853971481323242
10.691980600357056,1.7006443193404464,1.6912717819213867,0.3036392629146576,0.27707332372665405
10.695051193237305,1.701077810165725,1.6920348405838013,0.16969558596611023,0.2740825414657593
10.698155879974365,1.701514088943914,1.6924163103103638,0.1928587704896927,0.34030669927597046
10.701268196105957,1.7019493892386048,1.6927977800369263,0.30867475271224976,0.40781262516975403
10.704339504241943,1.7023769348033408,1.6931792497634888,0.1928587704896927,0.2851911187171936
10.707407474517822,1.7028020067950342,1.6935607194900513,0.3983062505722046,0.27450981736183167
10.710473775863647,1.7032248350483636,1.6939421892166138,0.2583199739456177,0.34158846735954285
10.71354055404663,1.7036457103470926,1.6947051286697388,0.32680246233940125,0.3685053884983063
10.716607570648193,1.7040645930137284,1.6950865983963013,0.3691004812717438,0.3804684579372406
10.719676494598389,1.7044817026299632,1.6954680681228638,-0.00553902518004179,0.37106889486312866
10.722751379013062,1.7048975760204572,1.6958495378494263,0.3640649914741516,0.34757000207901
10.725820064544678,1.7053105627077558,1.6962310075759888,0.3852140009403229,0.48172733187675476
10.728888034820557,1.705721401460743,1.6966124773025513,0.10121309012174606,0.3813229501247406
10.73195505142212,1.7061300559226293,1.6973754167556763,0.2824902832508087,0.4099488854408264
10.735021591186523,1.7065365849975256,1.6977568864822388,0.09718471020460129,0.33817043900489807
10.738065242767334,1.706938035179389,1.6981383562088013,0.16868849098682404,0.4625009596347809
10.741141557693481,1.7073417177020649,1.6985198259353638,0.3640649914741516,0.3338979184627533
10.744215488433838,1.7077429968342848,1.6989012956619263,0.2845044732093811,0.4603646993637085
10.747292041778564,1.7081425199340248,1.6989012956619263,0.3026321828365326,0.47147324681282043
10.750364303588867,1.7085393848792638,1.6996643543243408,0.05085831880569458,0.46890974044799805
10.75343108177185,1.7089334417987854,1.7000458240509033,0.16566720604896545,0.43387502431869507
10.756499767303467,1.7093256381846913,1.7004272937774658,0.24925611913204193,0.3531242907047272
10.759576320648193,1.7097167198910348,1.7004272937774658,-0.10121309012174606,0.5094987154006958
10.762647151947021,1.7101049513797653,1.7011902332305908,0.2824902832508087,0.4804455637931824
10.765717029571533,1.7104909366327135,1.7015717029571533,0.1112840473651886,0.37064164876937866
10.768793821334839,1.710875652930799,1.7019531726837158,0.3348592221736908,0.4291752576828003
10.771867275238037,1.7112578089196129,1.7023346424102783,0.10725566744804382,0.46634623408317566
10.774937868118286,1.711637464676678,1.7027161121368408,0.3016250729560852,0.4466926157474518
10.7780179977417,1.7120161404064447,1.7030975818634033,0.19890135526657104,0.4761730432510376
10.781063079833984,1.7123883760384804,1.7030975818634033,0.1102769523859024,0.48386359214782715
10.784129858016968,1.712761116483078,1.7038605213165283,0.10121309012174606,0.4296025037765503
10.787197351455688,1.7131317826072228,1.7042419910430908,0.2371709793806076,0.502235472202301
10.790263891220093,1.713500167490563,1.7046234607696533,0.34291601181030273,0.4941176474094391
10.79332971572876,1.7138662960738198,1.7050049304962158,0.40737012028694153,0.503944456577301
10.796396493911743,1.7142303619738175,1.7050049304962158,0.0639505609869957,0.37448692321777344
10.799463748931885,1.7145923016527336,1.7057678699493408,-0.07200732082128525,0.4120851457118988
10.80253005027771,1.7149519414436718,1.7061493396759033,0.05690089240670204,0.5274433493614197
10.805604457855225,1.7153103309372915,1.7065308094024658,0.17070268094539642,0.4740367829799652
10.808670997619629,1.7156656024335541,1.7069122791290283,0.3942778706550598,0.38644999265670776
10.811737298965454,1.7160186432730973,1.7069122791290283,0.08308537304401398,0.4928358793258667
10.814803838729858,1.7163695031143122,1.7072938680648804,0.32579538226127625,0.41934844851493835
10.817869663238525,1.7167180681493148,1.7076753377914429,-0.002517738612368703,0.4625009596347809
10.82093858718872,1.717064764319438,1.7084382772445679,0.27846190333366394,0.5103532671928406
10.824018001556396,1.7174104066223286,1.7084382772445679,0.27544060349464417,0.49839016795158386
10.827071189880371,1.7177508859298514,1.7092012166976929,0.2824902832508087,0.4270389974117279
10.8301420211792,1.7180910986219797,1.7095826864242554,0.29658961296081543,0.4108033776283264
10.833208322525024,1.7184285688345913,1.7095826864242554,0.16768139600753784,0.40183109045028687
10.836275577545166,1.7187638989868095,1.7103456258773804,0.40334174036979675,0.3808957040309906
10.839345693588257,1.7190972884215567,1.7103456258773804,0.10121309012174606,0.4727550148963928
10.842423677444458,1.7194292640265907,1.7107270956039429,0.0800640881061554,0.43900206685066223
10.845499515533447,1.7197587345061145,1.7111085653305054,0.21904325485229492,0.4116578996181488
10.848569869995117,1.7200853458692467,1.7114900350570679,0.1263904720544815,0.42362096905708313
10.8516366481781,1.7204093062051662,1.7118715047836304,0.2986038029193878,0.40695810317993164
10.854703187942505,1.7207309675330005,1.7122529745101929,0.0317235067486763,0.4949721395969391
10.85777235031128,1.7210506225199327,1.7126344442367554,0.1445181965827942,0.48429083824157715
10.860855340957642,1.721369415077167,1.7130159139633179,0.019638361409306526,0.4586556851863861
10.863924503326416,1.7216844806767797,1.7133973836898804,0.1727168709039688,0.38901349902153015
10.866998195648193,1.7219977096170087,1.7137788534164429,0.19688716530799866,0.4932631552219391
10.870086193084717,1.7223100721442584,1.7137788534164429,0.3036392629146576,0.4471198618412018
10.873165369033813,1.722619218054372,1.7141603231430054,0.11531242728233337,0.5159075260162354
10.876238584518433,1.7229254466925619,1.71492338180542,0.19386588037014008,0.5970855355262756
10.879308223724365,1.7232290018551226,1.71492338180542,0.24119935929775238,0.3685053884983063
10.882375001907349,1.7235299570476181,1.7153048515319824,0.07804989814758301,0.538124680519104
10.885444641113281,1.723828869318451,1.715686321258545,0.03978027030825615,0.3962768018245697
10.888515710830688,1.724125590044085,1.7160677909851074,0.13847562670707703,0.4599374234676361
10.891583681106567,1.7244196790384867,1.71644926071167,0.057907987385988235,0.3138170540332794
10.89465045928955,1.7247113196585804,1.7168307304382324,0.48592355847358704,0.4813000559806824
10.897716522216797,1.7250005550970697,1.717212200164795,0.24321354925632477,0.4445563554763794
10.90078353881836,1.7252875382224768,1.7175936698913574,0.36003661155700684,0.3343251645565033
10.90385127067566,1.7255722405494,1.7175936698913574,0.09315633028745651,0.4458380937576294
10.90692138671875,1.7258548091679322,1.71797513961792,0.2552987039089203,0.3526970446109772
10.910001993179321,1.7261359710994415,1.7183566093444824,0.1253833770751953,0.4898451268672943
10.91306734085083,1.726413377586971,1.718738079071045,0.2824902832508087,0.43857482075691223
10.916146278381348,1.7266896371370881,1.7191195487976074,0.3459372818470001,0.3317616581916809
10.919217824935913,1.7269628559428443,1.71950101852417,0.29256123304367065,0.5441061854362488
10.922295331954956,1.7272342192086048,1.7198824882507324,0.4315403997898102,0.3680781126022339
10.925367832183838,1.72750275472961,1.7198824882507324,0.32478827238082886,0.4142214059829712
10.928436040878296,1.7277685318482177,1.720263957977295,0.2563057839870453,0.38944074511528015
10.931503534317017,1.7280318622328268,1.7206454277038574,0.10624857246875763,0.29373615980148315
10.9345703125,1.7282927436400037,1.72102689743042,0.18379491567611694,0.32407110929489136
10.937639236450195,1.7285514138974516,1.7214083671569824,0.13142596185207367,0.35910582542419434
10.940716028213501,1.7288083397077902,1.7214083671569824,0.05589379742741585,0.37320515513420105
10.943791627883911,1.7290627528557445,1.721789836883545,0.04280155524611473,0.4578011631965637
10.946869134902954,1.729314905079637,1.7221713066101074,0.23515678942203522,0.4308842718601227
10.949939727783203,1.72956407574412,1.72255277633667,0.0961776152253151,0.37534141540527344
10.953008890151978,1.72981071596136,1.722934365272522,0.16365301609039307,0.3509880304336548
10.956064701080322,1.7300538815320043,1.722934365272522,0.16264592111110687,0.4005493223667145
10.959148168563843,1.7302968151055511,1.7233158349990845,0.13041886687278748,0.3168078064918518
10.962223529815674,1.7305366723105862,1.723697304725647,0.13545434176921844,0.29373615980148315
10.965299606323242,1.730774146360561,1.723697304725647,0.06898603588342667,0.32150760293006897
10.968376636505127,1.7310092501261927,1.7240787744522095,0.002517738612368703,0.3633783459663391
10.971446752548218,1.731241386054646,1.724460244178772,0.14753948152065277,0.34287023544311523
10.974514722824097,1.7314709220281603,1.7248417139053345,0.2069581151008606,0.37363240122795105
10.97758173942566,1.7316979475181007,1.7248417139053345,0.030716411769390106,0.35483330488204956
10.980647802352905,1.7319224614286917,1.725223183631897,0.18178072571754456,0.30569925904273987
10.983714580535889,1.7321445829181636,1.7256046533584595,0.27745479345321655,0.3163805603981018
10.986781120300293,1.7323642390451073,1.725986123085022,0.26134127378463745,0.41721218824386597
10.989847898483276,1.7325814607029826,1.725986123085022,0.3620508015155792,0.43729305267333984
10.99291443824768,1.732796210891515,1.7263675928115845,0.29054704308509827,0.3817501962184906
10.995982646942139,1.7330086182725082,1.726749062538147,0.21602196991443634,0.3761959373950958
10.999118566513062,1.733223167491748,1.726749062538147,0.18178072571754456,0.3663691282272339
11.002185821533203,1.7334305261751766,1.7271305322647095,0.06495765596628189,0.43387502431869507
11.005252361297607,1.7336353691219664,1.7271305322647095,-0.08107118308544159,0.4321660101413727
11.008318662643433,1.7338377262938254,1.727512001991272,-0.05589379742741585,0.40268558263778687
11.011385440826416,1.7340376415997916,1.7278934717178345,0.04280155524611473,0.3851682245731354
11.0144522190094,1.7342350804102453,1.7278934717178345,0.05387960746884346,0.3539787828922272
11.017519235610962,1.734430054852974,1.728274941444397,0.04280155524611473,0.33902496099472046
11.020596265792847,1.7346231709879478,1.7286564111709595,0.2542915940284729,0.3522697687149048
11.023673057556152,1.734813770615352,1.7286564111709595,-0.029709314927458763,0.32791638374328613
11.026742935180664,1.7350014460694814,1.729037880897522,0.15559624135494232,0.37235066294670105
11.029809951782227,1.7351864542581088,1.729037880897522,-0.06697184592485428,0.3791866898536682
11.032883882522583,1.7353693771334426,1.7294193506240845,-0.07502861320972443,0.3642328381538391
11.035950660705566,1.7355493751924838,1.729800820350647,0.08812084794044495,0.3650873601436615
11.03902268409729,1.7357271757440185,1.729800820350647,0.07603570818901062,0.30740824341773987
11.042064666748047,1.7359007641723445,1.7301822900772095,0.13847562670707703,0.45310139656066895
11.045141220092773,1.7360738193448766,1.7301822900772095,0.04280155524611473,0.4317387640476227
11.048220157623291,1.7362444829508588,1.7305638790130615,0.12941177189350128,0.4009765684604645
11.051290035247803,1.7364121263181342,1.7305638790130615,0.04884412884712219,0.37405967712402344
11.054356813430786,1.7365770873978854,1.730945348739624,0.12336919456720352,0.40909436345100403
11.05742621421814,1.7367396721087547,1.7313268184661865,0.07804989814758301,0.3197985887527466
11.060503721237183,1.7369001552733059,1.7313268184661865,0.01762416958808899,0.34030669927597046
11.063575983047485,1.7370578347327361,1.7313268184661865,-0.02366674318909645,0.5137712955474854
11.066645860671997,1.737212864396468,1.731708288192749,-0.03776608034968376,0.4287480115890503
11.069722652435303,1.7373657059174321,1.731708288192749,0.10222018510103226,0.46762797236442566
11.072798013687134,1.7375159357041425,1.7320897579193115,0.016617074608802795,0.41892117261886597
11.075867652893066,1.7376633507382684,1.7320897579193115,0.13646143674850464,0.4877088665962219
11.078937292098999,1.7378082307046212,1.732471227645874,0.28148317337036133,0.4137941598892212
11.082006454467773,1.737950551533083,1.732471227645874,-0.11229114234447479,0.3838864862918854
11.085062742233276,1.738089752751754,1.732471227645874,0.014602883718907833,0.4719005227088928
11.088129997253418,1.7382269205511394,1.7328526973724365,0.010574501939117908,0.4471198618412018
11.09119701385498,1.7383615384805127,1.7328526973724365,0.04179446026682854,0.4723277688026428
11.094263315200806,1.738493584795842,1.7328526973724365,-0.021652551367878914,0.34287023544311523
11.097330570220947,1.738623129109353,1.733234167098999,0.11329823732376099,0.4146486520767212
11.10039734840393,1.7387501084870969,1.733234167098999,-0.054886702448129654,0.4928358793258667
11.103464126586914,1.7388745413799342,1.7336156368255615,0.06596475094556808,0.4261844754219055
11.106530904769897,1.7389964259397928,1.7336156368255615,0.17170977592468262,0.3932860195636749
11.109598159790039,1.739115778712748,1.733997106552124,0.21098649501800537,0.5547875165939331
11.112664461135864,1.7392325428575455,1.733997106552124,-0.009567406959831715,0.47104600071907043
11.115731477737427,1.7393467804897451,1.733997106552124,-0.1263904720544815,0.3646601140499115
11.118799686431885,1.7394585052895537,1.7343785762786865,0.11631952226161957,0.4466926157474518
11.121875524520874,1.739567938956242,1.7343785762786865,0.3207598924636841,0.45310139656066895
11.124946594238281,1.7396746351831935,1.7343785762786865,0.10020599514245987,0.4578011631965637
11.1280198097229,1.7397788358811312,1.734760046005249,0.28047609329223633,0.3949950337409973
11.131065368652344,1.7398795609508118,1.734760046005249,-0.14854657649993896,0.4569466710090637
11.134134531021118,1.7399785092729867,1.734760046005249,0.15358205139636993,0.4407110810279846
11.137203454971313,1.7400748814896263,1.7351415157318115,0.0639505609869957,0.4953994154930115
11.140282392501831,1.7401689858137082,1.7351415157318115,0.1263904720544815,0.45310139656066895
11.143360137939453,1.7402604672473896,1.7351415157318115,0.07402151823043823,0.4112306535243988
11.146437883377075,1.7403493613578824,1.735522985458374,-0.02668802998960018,0.3855954706668854
11.149508237838745,1.7404354626611622,1.735522985458374,0.05589379742741585,0.4731822609901428
11.152575254440308,1.7405188970469014,1.735522985458374,0.09919890016317368,0.3685053884983063
11.155644178390503,1.7405998077636853,1.7359044551849365,0.04481574892997742,0.4616464376449585
11.158721208572388,1.7406783444151246,1.7359044551849365,-0.1284046620130539,0.442847341299057
11.161800622940063,1.740754346536707,1.7359044551849365,-0.10624857246875763,0.4766002893447876
11.164871454238892,1.7408275501473336,1.7359044551849365,-0.0961776152253151,0.5265888571739197
11.167951822280884,1.7408983848907897,1.736285924911499,0.09214923530817032,0.5419699549674988
11.171034574508667,1.7409666701458175,1.736285924911499,0.01762416958808899,0.5167620182037354
11.174065828323364,1.7410312732782063,1.736285924911499,0.09315633028745651,0.43430227041244507
11.177135467529297,1.7410941254716155,1.7366673946380615,0.10926985740661621,0.45224690437316895
11.180201530456543,1.7411543228405573,1.7366673946380615,-0.015609979629516602,0.3680781126022339
11.183268070220947,1.7412119479813994,1.7366673946380615,-0.006546120624989271,0.4458380937576294
11.186334609985352,1.7412669904757894,1.7366673946380615,0.10624857246875763,0.444129079580307
11.189401388168335,1.741319453484513,1.737048864364624,0.21098649501800537,0.4466926157474518
11.192468404769897,1.7413693356256743,1.737048864364624,0.13847562670707703,0.4103761315345764
11.195534706115723,1.7414166212508226,1.737048864364624,-0.10624857246875763,0.537697434425354
11.198600769042969,1.7414613182171086,1.737048864364624,0.038773175328969955,0.34244295954704285
11.201667547225952,1.7415034391602706,1.737048864364624,0.07502861320972443,0.4590829312801361
11.204734802246094,1.7415429786718097,1.737048864364624,0.12034790217876434,0.3514152765274048
11.207801342010498,1.7415799210992302,1.737048864364624,-0.046829938888549805,0.5124894976615906
11.210867643356323,1.7416142728455473,1.7374303340911865,-0.04582284390926361,0.5509422421455383
11.213934898376465,1.7416460458498895,1.7374303340911865,-0.13041886687278748,0.3535515367984772
11.217005968093872,1.7416752632347774,1.7374303340911865,-0.08711375296115875,0.4595101773738861
11.220066785812378,1.7417017988930084,1.7374303340911865,0.08912795037031174,0.46634623408317566
11.223144054412842,1.7417258760673797,1.7374303340911865,0.09214923530817032,0.4637826979160309
11.226213455200195,1.74174729324293,1.737811803817749,0.04481574892997742,0.5077897310256958
11.22928261756897,1.7417661136249376,1.737811803817749,0.05387960746884346,0.6056305766105652
11.23235034942627,1.7417823317400418,1.737811803817749,0.09718471020460129,0.43942931294441223
11.235419034957886,1.741795960556173,1.737811803817749,-0.0961776152253151,0.45011061429977417
11.238487482070923,1.7418069936692622,1.737811803817749,0.09013504534959793,0.4261844754219055
11.241564273834229,1.741815451485331,1.737811803817749,0.1908445805311203,0.48642709851264954
11.244646310806274,1.7418213080789855,1.737811803817749,-0.09214923530817032,0.45181962847709656
11.247722387313843,1.7418245429795234,1.737811803817749,0.08610665798187256,0.5065079927444458
11.250791549682617,1.741825171506402,1.7381932735443115,0.13041886687278748,0.5013809204101562
11.253858089447021,1.741823206635317,1.7381932735443115,0.003524834057316184,0.4291752576828003
11.256927967071533,1.741818643669017,1.737811803817749,-0.12437628954648972,0.3949950337409973
11.260014772415161,1.7418114367191433,1.7381932735443115,0.018631266430020332,0.48471808433532715
11.263069152832031,1.7418017207888077,1.7381932735443115,0.24623483419418335,0.4945448935031891
11.266144514083862,1.741789340674532,1.7381932735443115,0.05085831880569458,0.47147324681282043
11.269221782684326,1.7417743443068587,1.7381932735443115,-0.17170977592468262,0.35953307151794434
11.272297620773315,1.74175674756982,1.7381932735443115,0.11229114234447479,0.40738537907600403
11.275366067886353,1.741736596031632,1.7381932735443115,0.08409246802330017,0.46549171209335327
11.278432369232178,1.74171386764461,1.7381932735443115,0.05891508236527443,0.40524908900260925
11.281498908996582,1.7416885474912653,1.7381932735443115,0.03373769670724869,0.540260910987854
11.284565448760986,1.74166063761413,1.7381932735443115,0.10624857246875763,0.505653440952301
11.287632703781128,1.7416301310118583,1.7381932735443115,-0.011581597849726677,0.4253299832344055
11.290706872940063,1.7415969568142171,1.7381932735443115,-0.10423437505960464,0.34842449426651
11.29377269744873,1.7415612819882227,1.7381932735443115,-0.11934080719947815,0.4445563554763794
11.296839475631714,1.7415230082311266,1.7381932735443115,0.04280155524611473,0.5278705954551697
11.299906730651855,1.7414821402516147,1.7381932735443115,-0.049851223826408386,0.3928587734699249
11.30297565460205,1.7414386600574423,1.7381932735443115,0.032730601727962494,0.3766231834888458
11.30604887008667,1.7413925235904695,1.7381932735443115,0.02870221994817257,0.3492790162563324
11.309126853942871,1.7413437128961005,1.7381932735443115,-0.2512703239917755,0.31296253204345703
11.312193155288696,1.7412924983380536,1.7381932735443115,-0.03373769670724869,0.5505149960517883
11.31525993347168,1.7412386917722407,1.7381932735443115,-0.13646143674850464,0.38773176074028015
11.318326473236084,1.7411823062454543,1.7381932735443115,0.15458914637565613,0.573159396648407
11.321395635604858,1.741123286976375,1.7381932735443115,0.1888303905725479,0.4625009596347809
11.324472188949585,1.7410615304865142,1.7381932735443115,-0.05891508236527443,0.4249027371406555
11.327543497085571,1.7409972886303855,1.7381932735443115,0.10926985740661621,0.41934844851493835
11.330612421035767,1.7409305121685918,1.7381932735443115,-0.10624857246875763,0.33774319291114807
11.333678960800171,1.740861208114254,1.7381932735443115,-0.0639505609869957,0.5176165699958801
11.336745977401733,1.7407893152441198,1.7381932735443115,0.05992217734456062,0.3847409784793854
11.339815378189087,1.7407147863097256,1.7381932735443115,0.046829938888549805,0.3638055920600891
11.342893838882446,1.7406374458845455,1.7381932735443115,0.11329823732376099,0.48172733187675476
11.345970392227173,1.7405575616205333,1.7381932735443115,0.01359578873962164,0.3360341787338257
11.34904146194458,1.740475236900886,1.737811803817749,-0.22710002958774567,0.3501335084438324
11.352066278457642,1.7403916307305745,1.7381932735443115,0.08107118308544159,0.38687723875045776
11.355135440826416,1.7403042425816597,1.7381932735443115,-0.046829938888549805,0.4133669137954712
11.358204126358032,1.7402142950456871,1.7381932735443115,0.07502861320972443,0.40140384435653687
11.361281156539917,1.7401215209926912,1.7381932735443115,-0.03776608034968376,0.4565194249153137
11.36435580253601,1.7400262377829776,1.7381932735443115,-0.07603570818901062,0.3505607545375824
11.367430448532104,1.7399283759552098,1.7381932735443115,0.07200732082128525,0.32278934121131897
11.37050747871399,1.7398278580868696,1.737811803817749,0.10322728008031845,0.29758143424987793
11.37357783317566,1.7397249870305693,1.737811803817749,0.01258869282901287,0.35910582542419434
11.376645803451538,1.7396196319041368,1.737811803817749,0.010574501939117908,0.29031816124916077
11.3797128200531,1.7395117493320578,1.737811803817749,-0.15358205139636993,0.35696956515312195
11.382780313491821,1.7394012911961678,1.737811803817749,0.05891508236527443,0.3180895745754242
11.385847806930542,1.7392882757115615,1.737811803817749,0.019638361409306526,0.3689326345920563
11.388915061950684,1.7391727136394701,1.737811803817749,-0.02064545638859272,0.3202258348464966
11.391987800598145,1.7390543845597204,1.737811803817749,-0.07704280316829681,0.20999465882778168
11.395065784454346,1.738933286000837,1.737811803817749,-0.1757381558418274,0.2501564025878906
11.398139238357544,1.7388098034626347,1.737811803817749,0.02668802998960018,0.24545662105083466
11.40120530128479,1.7386840686188243,1.737811803817749,0.1102769523859024,0.31082627177238464
11.404272079467773,1.738555759236304,1.737811803817749,-0.18379491567611694,0.21127641201019287
11.407338619232178,1.73842491652698,1.7374303340911865,0.21904325485229492,0.30698099732398987
11.410405397415161,1.7382915220885253,1.7374303340911865,-0.143511101603508,0.17880521714687347
11.413471698760986,1.7381556093090569,1.737811803817749,0.06495765596628189,0.2228122353553772
11.416538715362549,1.738017127072217,1.7374303340911865,-0.049851223826408386,0.24972915649414062
11.419607400894165,1.7378760314167745,1.7374303340911865,-0.16566720604896545,0.21383993327617645
11.422683954238892,1.7377320275880979,1.737048864364624,-0.05690089240670204,0.2886091470718384
11.425758123397827,1.7375855907884574,1.737048864364624,-0.1425040066242218,0.21982146799564362
11.42882513999939,1.737436962163885,1.737048864364624,0.11229114234447479,0.27792781591415405
11.431892395019531,1.7372857943157929,1.737048864364624,0.006546120624989271,0.2057221382856369
11.434961318969727,1.7371320166321205,1.737048864364624,-0.03675898537039757,0.26126497983932495
11.438033103942871,1.736975566071478,1.7366673946380615,-0.27846190333366394,0.2360570728778839
11.441067218780518,1.7368185520512678,1.7366673946380615,0.07200732082128525,0.22452124953269958
11.444140911102295,1.7366569770448053,1.7366673946380615,-0.06495765596628189,0.23349355161190033
11.447220802307129,1.7364925417813206,1.7366673946380615,-0.12236209958791733,0.21512168645858765
11.450299739837646,1.7363256241198177,1.7366673946380615,0.08409246802330017,0.1753872036933899
11.45336627960205,1.7361568634116678,1.736285924911499,-0.04884412884712219,0.29288166761398315
11.456435203552246,1.7359854609900656,1.736285924911499,-0.08509956300258636,0.21896696090698242
11.459511995315552,1.7358111005574122,1.736285924911499,-0.13746853172779083,0.21469444036483765
11.462587594985962,1.7356342899377606,1.7359044551849365,-0.027695124968886375,0.1920500546693802
11.465656757354736,1.7354553426611137,1.7359044551849365,-0.09919890016317368,0.1741054356098175
11.468733787536621,1.7352734255916749,1.7359044551849365,-0.23918516933918,0.21383993327617645
11.471809387207031,1.735089083288864,1.735522985458374,0.04481574892997742,0.18136873841285706
11.474880456924438,1.7349025115623937,1.735522985458374,-0.030716411769390106,0.24246585369110107
11.477949619293213,1.734713561722125,1.735522985458374,-0.16566720604896545,0.1903410404920578
11.481018781661987,1.734522121479923,1.7351415157318115,0.0639505609869957,0.20444037020206451
11.484066009521484,1.734329588453904,1.7351415157318115,0.1112840473651886,0.16897840797901154
11.487134456634521,1.7341332397930815,1.7351415157318115,-0.14048981666564941,0.20230410993099213
11.490201234817505,1.733934519336302,1.734760046005249,0.09919890016317368,0.21341268718242645
11.493269205093384,1.7337332452277179,1.734760046005249,-0.13746853172779083,0.2223849892616272
11.496335744857788,1.733529592800559,1.7343785762786865,-0.18480201065540314,0.17923247814178467
11.499402046203613,1.7333234879287351,1.7343785762786865,-0.29256123304367065,0.2386205792427063
11.502469062805176,1.7331148689956655,1.7343785762786865,-0.0941634252667427,0.24075685441493988
11.505535364151001,1.7329038364022737,1.733997106552124,-0.17875944077968597,0.17837797105312347
11.508601665496826,1.7326903449174225,1.733997106552124,-0.052872512489557266,0.18649576604366302
11.5116708278656,1.7324741950748817,1.7336156368255615,-0.2240787297487259,0.1907682865858078
11.514739751815796,1.7322556052182976,1.7336156368255615,-0.20091554522514343,0.27835509181022644
11.51780652999878,1.7320347173113533,1.733234167098999,-0.07502861320972443,0.17837797105312347
11.520875930786133,1.7318111906219207,1.733234167098999,-0.08207827806472778,0.2381933331489563
11.523953437805176,1.731584616291659,1.7328526973724365,-0.32277408242225647,0.20187686383724213
11.527031421661377,1.7313555491186592,1.7328526973724365,-0.024673838168382645,0.20230410993099213
11.530063152313232,1.7311275246952003,1.7328526973724365,-0.12034790217876434,0.21255818009376526
11.533129930496216,1.7308944448972297,1.732471227645874,-0.07804989814758301,0.23349355161190033
11.5361967086792,1.7306589352863946,1.7320897579193115,-0.15156786143779755,0.20102235674858093
11.539265394210815,1.730420850624621,1.7320897579193115,-0.038773175328969955,0.191195547580719
11.542307376861572,1.730182443479129,1.731708288192749,-0.23112840950489044,0.13351644575595856
11.545382499694824,1.7299390197599345,1.7313268184661865,-0.3177386224269867,0.1600061058998108
11.548453569412231,1.7296934928930205,1.7313268184661865,-0.24220645427703857,0.2048676311969757
11.551520824432373,1.7294458567764217,1.7313268184661865,-0.054886702448129654,0.20871290564537048
11.554589986801147,1.7291956553750165,1.730945348739624,-0.0941634252667427,0.19589532911777496
11.557663202285767,1.7289427104654909,1.730945348739624,-0.16466011106967926,0.21255818009376526
11.560740232467651,1.728687036178054,1.730945348739624,0.01762416958808899,0.18051423132419586
11.563815593719482,1.7284290894448446,1.7305638790130615,0.10826276242733002,0.19333180785179138
11.566890954971313,1.7281687360996116,1.7301822900772095,-0.21400777995586395,0.16983291506767273
11.569970846176147,1.727905591225458,1.7301822900772095,-0.07100022584199905,0.13778896629810333
11.57304835319519,1.7276402469817944,1.729800820350647,-0.1908445805311203,0.12155336886644363
11.576126098632812,1.7273724837294322,1.729800820350647,-0.21602196991443634,0.1894865334033966
11.579192638397217,1.727103313885204,1.7294193506240845,-0.0629434660077095,0.1732509285211563
11.582258701324463,1.7268318133112253,1.7294193506240845,0.002517738612368703,0.15530632436275482
11.585326194763184,1.7265578160383301,1.729037880897522,-0.04481574892997742,0.1420614868402481
11.588392734527588,1.7262815385445351,1.729037880897522,-0.047837033867836,0.18179598450660706
11.591459035873413,1.7260029218710908,1.7286564111709595,0.054886702448129654,0.2070038914680481
11.594525337219238,1.7257219487664592,1.728274941444397,-0.17070268094539642,0.1604333519935608
11.597591638565063,1.7254386234023458,1.728274941444397,-0.0941634252667427,0.15103380382061005
11.600661277770996,1.7251526377342092,1.7278934717178345,-0.029709314927458763,0.13308918476104736
11.6037278175354,1.7248645954709863,1.7278934717178345,-0.008560311049222946,0.1412069946527481
11.606794357299805,1.724574213313872,1.7271305322647095,-0.14552529156208038,0.19803158938884735
11.60986065864563,1.7242815184239533,1.7271305322647095,-0.29155412316322327,0.1570153385400772
11.612927436828613,1.7239864466009518,1.7271305322647095,-0.0015106431674212217,0.15530632436275482
11.615993976593018,1.7236890707732797,1.726749062538147,-0.07301442325115204,0.17026016116142273
11.619065999984741,1.723388834505851,1.7263675928115845,-0.16868849098682404,0.16385138034820557
11.622143268585205,1.7230857533759754,1.7263675928115845,-0.13344015181064606,0.11984435468912125
11.625216484069824,1.7227807463421883,1.725986123085022,-0.2059510201215744,0.191622793674469
11.628283500671387,1.7224740425234613,1.7256046533584595,-0.15056076645851135,0.12069886177778244
11.631350755691528,1.7221650094823244,1.725223183631897,-0.13041886687278748,0.0950637087225914
11.63441801071167,1.7218536755622578,1.725223183631897,-0.09315633028745651,0.13565270602703094
11.637486934661865,1.7215398741144954,1.7248417139053345,-0.2502632141113281,0.12368962913751602
11.640565156936646,1.7212228173831985,1.724460244178772,-0.21702906489372253,0.17111466825008392
11.6436448097229,1.7209033084399248,1.724460244178772,-0.0015106431674212217,0.16983291506767273
11.646716833114624,1.720582298951747,1.7240787744522095,-0.04582284390926361,0.14590676128864288
11.649783611297607,1.7202595589520582,1.723697304725647,-0.21098649501800537,0.1745326966047287
11.652849912643433,1.7199345977991827,1.7233158349990845,-0.16969558596611023,0.19589532911777496
11.65591835975647,1.7196071405306894,1.722934365272522,-0.13545434176921844,0.11386281996965408
11.6589994430542,1.7192760561205953,1.72255277633667,-0.26436254382133484,0.1570153385400772
11.662063837051392,1.718944505200339,1.72255277633667,-0.23112840950489044,0.20871290564537048
11.665137529373169,1.7186096891785347,1.7221713066101074,-0.05891508236527443,0.15573357045650482
11.668214321136475,1.7182722746167893,1.721789836883545,-0.06898603588342667,0.19333180785179138
11.671284675598145,1.7179333160566563,1.7214083671569824,-0.21501487493515015,0.19375905394554138
11.674352645874023,1.7175923807783546,1.7214083671569824,-0.10020599514245987,0.20401312410831451
11.677419424057007,1.717249345288547,1.72102689743042,-0.15458914637565613,0.1420614868402481
11.680485486984253,1.7169041634262767,1.7206454277038574,-0.11229114234447479,0.21127641201019287
11.683552742004395,1.7165566250683089,1.720263957977295,-0.047837033867836,0.18350499868392944
11.686619520187378,1.7162069236981685,1.7198824882507324,-0.21702906489372253,0.18094147741794586
11.689685821533203,1.7158550655424625,1.71950101852417,-0.2724193036556244,0.2052948772907257
11.692753314971924,1.7155008635458286,1.7191195487976074,-0.3177386224269867,0.16897840797901154
11.695819854736328,1.7151445704810466,1.718738079071045,-0.27946898341178894,0.18521401286125183
11.69888687133789,1.7147860259471108,1.7183566093444824,-0.2885328531265259,0.1766689568758011
11.701953649520874,1.7144253186286305,1.7183566093444824,-0.15156786143779755,0.12326237559318542
11.70502233505249,1.7140621997203531,1.71797513961792,-0.2724193036556244,0.1907682865858078
11.7080659866333,1.7136998871773186,1.7175936698913574,-0.12236209958791733,0.15402457118034363
11.71114182472229,1.7133315673488847,1.717212200164795,-0.2563057839870453,0.21683070063591003
11.714212656021118,1.7129616705820425,1.7168307304382324,-0.23213550448417664,0.19717708230018616
11.717286825180054,1.7125891990192028,1.71644926071167,-0.1606317162513733,0.21042190492153168
11.72035551071167,1.7122152292991493,1.7160677909851074,-0.3147173225879669,0.22580300271511078
11.723433494567871,1.711837961558392,1.715686321258545,-0.15056076645851135,0.1903410404920578
11.726507425308228,1.7114590323705867,1.7153048515319824,-0.22508582472801208,0.2048676311969757
11.729581117630005,1.711077981665248,1.71492338180542,-0.13444724678993225,0.2377660721540451
11.732651472091675,1.7106952031114815,1.71492338180542,-0.08107118308544159,0.24802014231681824
11.73572063446045,1.7103104396327,1.7145417928695679,0.019638361409306526,0.2052948772907257
11.738793134689331,1.709923126831811,1.7137788534164429,-0.4134126901626587,0.22623026371002197
11.741870641708374,1.709533051428898,1.7137788534164429,-0.08207827806472778,0.22580300271511078
11.744945287704468,1.7091412142645974,1.7133973836898804,-0.06999313086271286,0.2740825414657593
11.748018503189087,1.7087474433252134,1.7126344442367554,-0.16365301609039307,0.17795071005821228
11.751063108444214,1.7083552578489796,1.7126344442367554,-0.16163882613182068,0.20016784965991974
11.754130601882935,1.7079580358669781,1.7118715047836304,-0.4325474798679352,0.26254671812057495
11.757200002670288,1.7075584748094268,1.7118715047836304,-0.13041886687278748,0.20914015173912048
11.760284900665283,1.7071547937807514,1.7111085653305054,-0.43456166982650757,0.21725794672966003
11.763356924057007,1.706750708766223,1.7107270956039429,-0.19990845024585724,0.21426717936992645
11.766430616378784,1.706344324210683,1.7107270956039429,-0.0951705202460289,0.26126497983932495
11.769508361816406,1.7059353251569207,1.7099641561508179,-0.22609293460845947,0.2373388260602951
11.772581338882446,1.7055248907074265,1.7095826864242554,-0.26436254382133484,0.24460211396217346
11.775649070739746,1.7051131007591547,1.7092012166976929,-0.18681620061397552,0.23349355161190033
11.77871561050415,1.7046994238391564,1.7088197469711304,-0.26436254382133484,0.2206759750843048
11.781789302825928,1.704282734449881,1.7084382772445679,-0.20897230505943298,0.24759289622306824
11.784855604171753,1.703865010628279,1.7080568075180054,-0.1918516755104065,0.24545662105083466
11.787923336029053,1.7034450627671744,1.7076753377914429,-0.22911421954631805,0.21811245381832123
11.790992736816406,1.7030228613991731,1.7072938680648804,-0.1102769523859024,0.21213091909885406
11.794062852859497,1.7025985416267655,1.7069122791290283,-0.3006179928779602,0.22623026371002197
11.797130107879639,1.702172606147907,1.7065308094024658,-0.3006179928779602,0.23050278425216675
11.80019760131836,1.701744633467373,1.7061493396759033,-0.32579538226127625,0.23093003034591675
11.803263187408447,1.7013149309468214,1.7057678699493408,-0.20393683016300201,0.24887464940547943
11.806329488754272,1.700883138521592,1.7053864002227783,-0.08711375296115875,0.3497062623500824
11.809398651123047,1.7004489569670338,1.7046234607696533,-0.21904325485229492,0.16128785908222198
11.812467813491821,1.7000127946988197,1.7042419910430908,-0.531242847442627,0.2369115799665451
11.815534591674805,1.6995749993224822,1.7038605213165283,-0.27443352341651917,0.22452124953269958
11.818601131439209,1.6991352735527705,1.7034790515899658,-0.2855115532875061,0.3027084767818451
11.821670055389404,1.6986932457988133,1.7030975818634033,-0.29658961296081543,0.23477530479431152
11.824747085571289,1.6982480884384643,1.7027161121368408,-0.2895399332046509,0.31168079376220703
11.827816009521484,1.6978021535645524,1.7023346424102783,-0.22508582472801208,0.23477530479431152
11.830883502960205,1.6973544868686248,1.7019531726837158,0.07603570818901062,0.29629969596862793
11.833952903747559,1.6969046074350778,1.7015717029571533,-0.030716411769390106,0.34329748153686523
11.837024927139282,1.6964524128477037,1.7008087635040283,-0.23012131452560425,0.30826276540756226
11.840069055557251,1.696002425604014,1.7004272937774658,-0.23414969444274902,0.17196917533874512
11.843146324157715,1.6955456252231882,1.7000458240509033,0.04582284390926361,0.16940565407276154
11.846216678619385,1.695087939787619,1.6996643543243408,-0.015609979629516602,0.21426717936992645
11.849284648895264,1.6946287095214931,1.6992828845977783,-0.2895399332046509,0.20102235674858093
11.852350950241089,1.6941678379466607,1.6989012956619263,-0.32176700234413147,0.23562981188297272
11.855417490005493,1.6937050465528274,1.6985198259353638,0.002517738612368703,0.24631112813949585
11.858487129211426,1.6932399073722493,1.6981383562088013,-0.2542915940284729,0.23349355161190033
11.861564636230469,1.6927716947241986,1.6977568864822388,-0.20192264020442963,0.191622793674469
11.8646399974823,1.6923019338170744,1.6973754167556763,-0.12236209958791733,0.1745326966047287
11.867716789245605,1.69183008605256,1.6966124773025513,-0.3610437214374542,0.21127641201019287
11.870795011520386,1.6913561558826946,1.6962310075759888,-0.35802242159843445,0.16983291506767273
11.873866081237793,1.6908814770277056,1.6962310075759888,-0.27745479345321655,0.18735027313232422
11.876936197280884,1.6904051057512117,1.6958495378494263,-0.0951705202460289,0.14932478964328766
11.88001036643982,1.6899262695011594,1.6954680681228638,-0.3187457025051117,0.08224612474441528
11.883068561553955,1.6894481054705668,1.6947051286697388,-0.13646143674850464,0.11984435468912125
11.886138200759888,1.688966337856423,1.6943236589431763,-0.1445181965827942,0.1604333519935608
11.889204502105713,1.688483286584059,1.6939421892166138,-0.3147173225879669,0.12497138977050781
11.892271757125854,1.6879982848712125,1.6935607194900513,-0.1898374855518341,0.10318150371313095
11.895338296890259,1.6875116036048543,1.6931792497634888,-0.1102769523859024,0.13479819893836975
11.898406028747559,1.687022946890042,1.6927977800369263,-0.2210574448108673,0.15274280309677124
11.901472806930542,1.6865326635731508,1.6924163103103638,-0.035751886665821075,0.1570153385400772
11.904539585113525,1.6860406093030245,1.6916533708572388,-0.2361638844013214,0.1112993061542511
11.907606840133667,1.6855467144697411,1.6912717819213867,-0.5644770264625549,0.07669184356927872
11.91067385673523,1.6850511013755307,1.6908903121948242,-0.2532845139503479,0.10702677816152573
11.913741111755371,1.6845537003293314,1.6905088424682617,-0.2834973633289337,0.11514458060264587
11.916808366775513,1.6840545571797754,1.6901273727416992,-0.23918516933918,0.1288166642189026
11.91987681388855,1.6835534843393005,1.6897459030151367,-0.00553902518004179,0.11557183414697647
11.922956705093384,1.683048804436179,1.6893644332885742,-0.24925611913204193,0.13394369184970856
11.926038026809692,1.6825421549736408,1.6886014938354492,-0.3197528123855591,0.09121843427419662
11.929065942764282,1.6820426034697973,1.6882200241088867,-0.21199358999729156,0.11770809441804886
11.932135581970215,1.6815344725718468,1.6878385543823242,-0.3620508015155792,0.0796826109290123
11.93520188331604,1.6810251970859464,1.6874570846557617,-0.26033416390419006,0.09335469454526901
11.938270568847656,1.6805138350163624,1.6870756149291992,-0.29256123304367065,0.14975203573703766
11.941347360610962,1.679999431809521,1.6863126754760742,-0.35600823163986206,0.14633402228355408
11.944416284561157,1.6794846655876088,1.6859312057495117,-0.4315403997898102,0.16299687325954437
11.947484016418457,1.6789684316834599,1.6851682662963867,-0.2865186631679535,0.1920500546693802
11.950551509857178,1.6784505784521093,1.6847867965698242,-0.3318379521369934,0.221957728266716
11.953617095947266,1.6779313970687688,1.6844053268432617,-0.42348363995552063,0.19546806812286377
11.956685781478882,1.6774100463517225,1.6836423873901367,-0.1284046620130539,0.16855116188526154
11.959763526916504,1.6768855116619965,1.6832607984542847,-0.4305332899093628,0.21341268718242645
11.962834596633911,1.67636048069106,1.6828793287277222,-0.12236209958791733,0.18136873841285706
11.965906620025635,1.6758336615106777,1.6821163892745972,-0.1888303905725479,0.1741054356098175
11.96898365020752,1.6753043621959203,1.6813534498214722,-0.30565345287323,0.19717708230018616
11.972065687179565,1.6747725827580835,1.6809719800949097,-0.4325474798679352,0.22665750980377197
11.975138902664185,1.6742407200837919,1.6805905103683472,-0.2834973633289337,0.24289311468601227
11.978204727172852,1.673708547194903,1.6798275709152222,-0.1888303905725479,0.2211032211780548
11.981271743774414,1.6731745869523484,1.6794461011886597,-0.34291601181030273,0.21084916591644287
11.98433804512024,1.672639178979566,1.6790646314620972,-0.32881665229797363,0.24161134660243988
11.987404346466064,1.6721022068856033,1.6783016920089722,-0.16868849098682404,0.1736781895160675
11.990470886230469,1.6715636367098066,1.6779202222824097,-0.2583199739456177,0.2078583985567093
11.993537664413452,1.671023476087671,1.6775387525558472,-0.24422064423561096,0.20315861701965332
11.996603965759277,1.6704818591998134,1.6767758131027222,-0.2361638844013214,0.26126497983932495
11.999671220779419,1.6699385410547554,1.6763943433761597,-0.04078736528754234,0.26211947202682495
12.002739667892456,1.6693934858882447,1.6756312847137451,-0.4113985002040863,0.24374762177467346
12.005810260772705,1.6688465299197788,1.6752498149871826,-0.35500115156173706,0.1890592873096466
12.008878231048584,1.668298531008687,1.6748683452606201,-0.3811856210231781,0.23306630551815033
12.011947393417358,1.667748816985632,1.6741054058074951,-0.2079652100801468,0.2663919925689697
12.015016555786133,1.6671976086656817,1.6737239360809326,-0.31270313262939453,0.15317006409168243
12.018065214157104,1.6666486115185102,1.6729609966278076,-0.5584344267845154,0.21213091909885406
12.021137714385986,1.66609384559093,1.6725795269012451,-0.2542915940284729,0.20444037020206451
12.024215936660767,1.6655365695101116,1.6721980571746826,-0.23918516933918,0.22623026371002197
12.027288675308228,1.6649788200665374,1.6714351177215576,-0.3680933713912964,0.19760432839393616
12.030357837677002,1.6644202658298655,1.6710536479949951,-0.2845044732093811,0.15445181727409363
12.033424377441406,1.6638607459432069,1.6702907085418701,-0.2240787297487259,0.15658807754516602
12.036490440368652,1.66329987938642,1.6699092388153076,-0.29457542300224304,0.18051423132419586
12.039559125900269,1.6627371060212623,1.6691462993621826,-0.3177386224269867,0.1758144497871399
12.042635679244995,1.6621714649974308,1.6687648296356201,-0.37413597106933594,0.1741054356098175
12.045710563659668,1.6616047138286778,1.6680018901824951,-0.44866102933883667,0.20999465882778168
12.048782348632812,1.6610371279240117,1.667620301246643,-0.35600823163986206,0.23178453743457794
12.051852703094482,1.6604684104706917,1.6672388315200806,-0.30666056275367737,0.1907682865858078
12.054918766021729,1.65989910375788,1.6664758920669556,-0.365072101354599,0.2390478402376175
12.057993412017822,1.6593268228192521,1.666094422340393,-0.2673838436603546,0.23477530479431152
12.0610671043396,1.658753346109849,1.665331482887268,-0.3197528123855591,0.26126497983932495
12.0641450881958,1.6581777013411065,1.6649500131607056,-0.40636301040649414,0.2736552953720093
12.06721544265747,1.6576021287579061,1.6641870737075806,-0.173723965883255,0.2360570728778839
12.070291996002197,1.6570240456477774,1.663805603981018,-0.27846190333366394,0.3014267086982727
12.073367357254028,1.6564448461081778,1.663042664527893,-0.3348592221736908,0.21426717936992645
12.076437711715698,1.655865261257899,1.6626611948013306,-0.329823762178421,0.252292662858963
12.079504489898682,1.655285035242397,1.6618982553482056,-0.21300068497657776,0.16684214770793915
12.082572937011719,1.6547031855399463,1.661516785621643,-0.31169605255126953,0.19333180785179138
12.08564019203186,1.6541202630061778,1.660753846168518,-0.43859007954597473,0.2663919925689697
12.088707208633423,1.6535360959668748,1.6603723764419556,-0.22810712456703186,0.11557183414697647
12.091773271560669,1.6529508300795812,1.659609317779541,-0.5624628067016602,0.1770962029695511
12.094839572906494,1.6523642469299575,1.6592278480529785,-0.20192264020442963,0.15274280309677124
12.097906589508057,1.6517762634184456,1.658846378326416,-0.270405113697052,0.19888609647750854
12.10097336769104,1.6511870708132148,1.6584649085998535,-0.23314259946346283,0.126253142952919
12.104042530059814,1.6505961727029024,1.6577019691467285,-0.2542915940284729,0.063019759953022
12.10706377029419,1.650013290596881,1.657320499420166,-0.20393683016300201,0.1266804039478302
12.110132694244385,1.64941998827722,1.6569390296936035,-0.2361638844013214,0.11813534796237946
12.113199472427368,1.6488258806039682,1.656557559967041,-0.15056076645851135,0.07284656912088394
12.11626648902893,1.6482305156689867,1.655794620513916,-0.3852140009403229,0.07711909711360931
12.119334697723389,1.6476337163487316,1.6554131507873535,-0.22005034983158112,0.14804303646087646
12.12241268157959,1.6470338156101387,1.6546502113342285,-0.48189517855644226,0.06173800304532051
12.125480651855469,1.6464346793412683,1.654268741607666,-0.19789426028728485,0.08950942009687424
12.128547191619873,1.6458346469212959,1.6538872718811035,-0.2996108829975128,0.03524833917617798
12.131613731384277,1.6452334481749784,1.653505802154541,-0.2049439251422882,0.0638742670416832
12.134682178497314,1.6446307170137568,1.652742862701416,-0.18278782069683075,0.016876477748155594
12.13775086402893,1.6440267890090041,1.6523613929748535,-0.3993133306503296,0.030548561364412308
12.140836477279663,1.643418379052226,1.651598334312439,-0.5594415068626404,0.08993667364120483
12.143913507461548,1.642810521684574,1.6512168645858765,-0.29356831312179565,0.030548561364412308
12.146985054016113,1.6422026214960541,1.6504539251327515,-0.23314259946346283,0.0796826109290123
12.150060176849365,1.6415928955403207,1.650072455406189,-0.16566720604896545,0.11215381324291229
12.153126955032349,1.6409837191174461,1.649309515953064,-0.3368734121322632,0.08395513892173767
12.156194925308228,1.640373210801547,1.648546576499939,-0.30565345287323,0.1437705010175705
12.159271955490112,1.6397598085708511,1.647783637046814,-0.32881665229797363,0.17795071005821228
12.162346839904785,1.6391457517348957,1.647020697593689,-0.3177386224269867,0.16342411935329437
12.165420770645142,1.6385308130330831,1.6466392278671265,-0.304646372795105,0.17923247814178467
12.168498277664185,1.637914094073464,1.6458762884140015,-0.29457542300224304,0.3018539845943451
12.171570062637329,1.6372974685015549,1.6451133489608765,-0.47081711888313293,0.1899137794971466
12.174636840820312,1.6366808074177663,1.644350290298462,-0.40334174036979675,0.3317616581916809
12.177703619003296,1.6360631157787713,1.643587350845337,-0.3539940416812897,0.2228122353553772
12.1807701587677,1.635444450898176,1.6432058811187744,-0.401327520608902,0.18649576604366302
12.183836936950684,1.634824725764073,1.6424429416656494,-0.4798809885978699,0.2403295934200287
12.186903238296509,1.6342040942324485,1.642061471939087,-0.27745479345321655,0.21512168645858765
12.189969062805176,1.6335825659836598,1.641298532485962,-0.19487297534942627,0.24161134660243988
12.193035125732422,1.6329600053582227,1.640535593032837,-0.44966810941696167,0.27920958399772644
12.196065902709961,1.632343651395079,1.639772653579712,-0.4416113495826721,0.2565651834011078
12.19913625717163,1.631718286643403,1.6393911838531494,-0.3036392629146576,0.18393224477767944
12.202202558517456,1.6310927902329202,1.639009714126587,-0.2683909237384796,0.1886320263147354
12.205268621444702,1.6304663953002743,1.638246774673462,-0.2855115532875061,0.251865416765213
12.208334922790527,1.6298390137283252,1.637483835220337,-0.4416113495826721,0.16513313353061676
12.21140193939209,1.6292105568347393,1.6371023654937744,-0.44966810941696167,0.1412069946527481
12.214468240737915,1.6285813270736225,1.6363393068313599,-0.3006179928779602,0.04892042279243469
12.217535018920898,1.6279510892709188,1.6359578371047974,-0.4144197702407837,0.1578698456287384
12.22060751914978,1.6273187721411706,1.6351948976516724,-0.3791714310646057,0.19845883548259735
12.223690748214722,1.626683347506976,1.6344319581985474,-0.42348363995552063,0.11557183414697647
12.226765155792236,1.626048853150377,1.6340504884719849,-0.3791714310646057,0.17196917533874512
12.22983193397522,1.6254150596004875,1.6332875490188599,-0.5151293277740479,0.1446250081062317
12.232898712158203,1.6247804028138848,1.6329060792922974,-0.41744107007980347,0.10531777143478394
12.235967636108398,1.6241444472649125,1.6321431398391724,-0.43355458974838257,0.12497138977050781
12.239049673080444,1.6235049234183674,1.6317616701126099,-0.2542915940284729,0.10916304588317871
12.242134809494019,1.6228639119715058,1.6309987306594849,-0.3640649914741516,0.17196917533874512
12.245204448699951,1.6222252914519137,1.6302357912063599,-0.40334174036979675,0.18222324550151825
12.248271703720093,1.621586350512501,1.6294728517532349,-0.3539940416812897,0.19760432839393616
12.251346349716187,1.6209450604225413,1.6290913820266724,-0.5282215476036072,0.15530632436275482
12.254412412643433,1.6203047629339598,1.6283283233642578,-0.2734264135360718,0.13607995212078094
12.257481098175049,1.619663129778168,1.6275653839111328,-0.270405113697052,0.19375905394554138
12.260558366775513,1.619018919945263,1.6268024444580078,-0.5121080279350281,0.13565270602703094
12.263633251190186,1.6183744366189605,1.6264209747314453,-0.3640649914741516,0.12155336886644363
12.26670789718628,1.617729240667067,1.6256580352783203,-0.4768596887588501,0.16726939380168915
12.269784450531006,1.617082890835086,1.6252765655517578,-0.4627603590488434,0.19333180785179138
12.272854804992676,1.616437101351849,1.6245136260986328,-0.2885328531265259,0.16897840797901154
12.27592396736145,1.6157908314272997,1.6237506866455078,-0.22005034983158112,0.1578698456287384
12.278995752334595,1.6151432869234215,1.6233692169189453,-0.35802242159843445,0.11856260150671005
12.282063007354736,1.6144959859202634,1.6229877471923828,-0.2210574448108673,0.14676126837730408
12.285129070281982,1.613848235614028,1.6222248077392578,-0.15358205139636993,0.13778896629810333
12.288195848464966,1.6131996428343673,1.6214618682861328,-0.4939803183078766,0.04165713116526604
12.291269302368164,1.6125489541723286,1.6210802793502808,-0.3036392629146576,0.12454413622617722
12.294335126876831,1.6118992081730001,1.6203173398971558,-0.30666056275367737,0.13992522656917572
12.297402143478394,1.611248547058415,1.6199358701705933,-0.26234835386276245,0.027985045686364174
12.300468921661377,1.610597283662039,1.6191729307174683,-0.30968186259269714,0.027985045686364174
12.303534984588623,1.60994552921854,1.6187914609909058,-0.23314259946346283,0.040375370532274246
12.306601762771606,1.6092929893236292,1.6180285215377808,-0.5221790075302124,0.03524833917617798
12.30966830253601,1.6086398764389127,1.6176470518112183,-0.43859007954597473,0.06857404112815857
12.312734842300415,1.6079861495573962,1.6168841123580933,-0.2210574448108673,-0.00021362630650401115
12.315805435180664,1.6073309531466125,1.6165026426315308,-0.3318379521369934,0.08096437156200409
12.318883895874023,1.606673479501765,1.6157397031784058,-0.3983062505722046,0.15359731018543243
12.32196307182312,1.6060152635415075,1.6149767637252808,-0.548363447189331,0.10360875725746155
12.325045824050903,1.6053557023252552,1.6145952939987183,-0.27544060349464417,0.08181887865066528
12.328125476837158,1.6046962338784618,1.6138323545455933,-0.3499656617641449,0.08523689955472946
12.331195831298828,1.6040381988786776,1.6130692958831787,-0.3952849507331848,0.07156481593847275
12.334275007247925,1.603377723895172,1.6123063564300537,-0.304646372795105,0.12368962913751602
12.337352514266968,1.6027170670491726,1.6115434169769287,-0.3167315125465393,0.11728084087371826
12.340425491333008,1.602056854010385,1.6107804775238037,-0.3620508015155792,0.15573357045650482
12.343502759933472,1.6013951994651574,1.6100175380706787,-0.32478827238082886,0.16598764061927795
12.346573114395142,1.600734523298116,1.6096360683441162,-0.3026321828365326,0.3193713426589966
12.349642038345337,1.6000736574522956,1.6084916591644287,-0.4929732084274292,0.1886320263147354
12.35271954536438,1.5994104537312328,1.6081101894378662,-0.4285190999507904,0.22580300271511078
12.355792999267578,1.598747644041445,1.6069657802581787,-0.45067521929740906,0.23263904452323914
12.35886526107788,1.5980846224964,1.6065843105316162,-0.37413597106933594,0.2894636392593384
12.361945390701294,1.5974194422879746,1.6058213710784912,-0.530235767364502,0.22751201689243317
12.365025997161865,1.5967537076469638,1.6050583124160767,-0.41844815015792847,0.2856183648109436
12.368068933486938,1.5960956802240465,1.6042953729629517,-0.4164339601993561,0.221957728266716
12.371151208877563,1.5954287165051027,1.6035324335098267,-0.3932707607746124,0.2582741975784302
12.374218940734863,1.5947644806675259,1.6031509637832642,-0.1888303905725479,0.2048676311969757
12.377285242080688,1.5941001465840132,1.6023880243301392,-0.24824902415275574,0.1578698456287384
12.380351781845093,1.593435362774486,1.6016250848770142,-0.35600823163986206,0.10019073635339737
12.383420944213867,1.5927696217099134,1.6012436151504517,-0.5131151080131531,0.2223849892616272
12.386497974395752,1.5921017935884059,1.6004806756973267,-0.0800640881061554,0.21554894745349884
12.389568328857422,1.5914350446045897,1.6000992059707642,-0.3157244324684143,0.1420614868402481
12.392635822296143,1.5907685580075897,1.5993362665176392,-0.18077363073825836,0.24246585369110107
12.395702362060547,1.5901019299501273,1.5989547967910767,-0.3539940416812897,0.15616083145141602
12.39877200126648,1.5894342888871413,1.5981918573379517,-0.32680246233940125,0.18777751922607422
12.401850461959839,1.5887643982889,1.597428798675537,-0.5362783074378967,0.1117265596985817
12.404925107955933,1.5880950170467987,1.5970473289489746,-0.2220645397901535,0.14889752864837646
12.407998323440552,1.5874256369084743,1.5962843894958496,-0.12135500460863113,0.17880521714687347
12.411065816879272,1.5867572036508604,1.5955214500427246,-0.23314259946346283,0.1420614868402481
12.41413950920105,1.5860871295061605,1.5947585105895996,-0.5544060468673706,0.08053711801767349
12.417219638824463,1.5854153707361733,1.594377040863037,-0.5906614661216736,0.07583733648061752
12.420297861099243,1.584743756686688,1.593614101409912,-0.3157244324684143,0.1920500546693802
12.42337417602539,1.5840722979018227,1.592851161956787,-0.28047609329223633,0.0472114123404026
12.42644214630127,1.5834024107233187,1.592088222503662,-0.31068894267082214,0.1412069946527481
12.429521322250366,1.582729836047498,1.5917067527770996,-0.401327520608902,0.07455558329820633
12.432596445083618,1.5820579159979595,1.5909438133239746,-0.38722819089889526,0.15487907826900482
12.435675621032715,1.5813848894104208,1.5901808738708496,-0.42348363995552063,0.16513313353061676
12.43875002861023,1.5807126945498968,1.589417815208435,-0.37312886118888855,0.09890898317098618
12.441826820373535,1.5800397778638717,1.5890363454818726,-0.23112840950489044,0.11599908769130707
12.444896697998047,1.5793681834215432,1.5882734060287476,-0.365072101354599,0.13992522656917572
12.447966575622559,1.5786964092663969,1.5875104665756226,-0.2673838436603546,0.12027160823345184
12.451048851013184,1.5780217514056145,1.58712899684906,-0.22508582472801208,0.16598764061927795
12.454143047332764,1.5773443223660268,1.586366057395935,-0.4456397294998169,0.08651865273714066
12.457215309143066,1.5766715451815536,1.58560311794281,-0.35902953147888184,0.06942854821681976
12.46029257774353,1.575997531453705,1.5852216482162476,-0.3449302017688751,0.15487907826900482
12.4633629322052,1.5753249023842881,1.5844587087631226,-0.4587319791316986,0.09848172962665558
12.466432094573975,1.5746524149596828,1.58407723903656,-0.33989471197128296,0.033966582268476486
12.469510078430176,1.5739778847050492,1.583314299583435,-0.2079652100801468,0.0314030684530735
12.472583532333374,1.5733042473702639,1.58255136013031,-0.3993133306503296,0.0788281038403511
12.47565221786499,1.5726315656891172,1.5821698904037476,-0.3368734121322632,0.13052567839622498
12.478718757629395,1.5719592750623501,1.581406831741333,-0.2834973633289337,0.10959029197692871
12.481788635253906,1.5712861832501843,1.580643892288208,-0.40434882044792175,0.048493172973394394
12.48486590385437,1.5706114112723994,1.5802624225616455,-0.4275120198726654,0.012603952549397945
12.487939357757568,1.5699374262226302,1.5794994831085205,-0.34392309188842773,0.0942092016339302
12.491010665893555,1.5692638723061998,1.579118013381958,-0.3610437214374542,0.1279621571302414
12.494068622589111,1.5685932172393664,1.578355073928833,-0.29759669303894043,0.08181887865066528
12.497137784957886,1.5679200852996413,1.577592134475708,-0.4113985002040863,0.11386281996965408
12.500206470489502,1.5672470486041419,1.576829195022583,-0.27946898341178894,0.11770809441804886
12.503283739089966,1.5665721301203752,1.576066255569458,-0.37111467123031616,0.09848172962665558
12.506357908248901,1.565897902168222,1.575303316116333,-0.40837720036506653,0.17154192924499512
12.509430408477783,1.5652240610376578,1.574540376663208,-0.3338521420955658,0.17795071005821228
12.512497663497925,1.5645514010008033,1.5737773180007935,-0.5362783074378967,0.11514458060264587
12.515566349029541,1.5638784679985744,1.5730143785476685,-0.21602196991443634,0.17880521714687347
12.518643617630005,1.563203703800755,1.5722514390945435,-0.5775692462921143,0.1420614868402481
12.52172064781189,1.5625290530148201,1.571869969367981,-0.28148317337036133,0.20016784965991974
12.524797916412354,1.5618544211810628,1.5707255601882935,-0.6974136233329773,0.23135729134082794
12.527867555618286,1.5611815429516984,1.570344090461731,-0.3036392629146576,0.27920958399772644
12.530936241149902,1.560508964655126,1.569581151008606,-0.40535593032836914,0.1732509285211563
12.534005403518677,1.5598363827436328,1.568818211555481,-0.366079181432724,0.1924773007631302
12.537065267562866,1.5591659488783622,1.568055272102356,-0.6601510643959045,0.2078583985567093
12.540145635604858,1.5584911438507807,1.567292332649231,-0.5151293277740479,0.19418631494045258
12.543222904205322,1.557817149480221,1.566529393196106,-0.3318379521369934,0.2061493843793869
12.546299457550049,1.5571434534068356,1.5657663345336914,-0.5060654878616333,0.2052948772907257
12.549376249313354,1.5564698568362512,1.565384864807129,-0.32780957221984863,0.1587243527173996
12.552446365356445,1.5557978830222519,1.564621925354004,-0.3842069208621979,0.2052948772907257
12.555513381958008,1.5551267584253254,1.563858985900879,-0.21602196991443634,0.1578698456287384
12.558582544326782,1.5544553451943952,1.5634775161743164,-0.26033416390419006,0.1578698456287384
12.561660051345825,1.5537822982184704,1.5627145767211914,-0.330830842256546,0.15317006409168243
12.56473445892334,1.5531101308349835,1.5619516372680664,-0.20897230505943298,0.1275349110364914
12.567808389663696,1.552438279337017,1.5611886978149414,-0.40737012028694153,0.08523689955472946
12.57088589668274,1.5517658682252016,1.560807228088379,-0.40837720036506653,0.11258106678724289
12.573956727981567,1.551095147158323,1.560044288635254,-0.27946898341178894,0.1253986358642578
12.5770263671875,1.550424927519119,1.5596628189086914,-0.3177386224269867,0.03524833917617798
12.580065965652466,1.5497615141999985,1.5588998794555664,-0.31169605255126953,0.13138018548488617
12.583136320114136,1.5490916478733154,1.5581368207931519,-0.25932708382606506,0.06216525658965111
12.586203575134277,1.548422728292222,1.5573738813400269,-0.2855115532875061,0.08395513892173767
12.589270830154419,1.5477540890489903,1.5569924116134644,-0.22609293460845947,0.06045624613761902
12.592336893081665,1.5470859997743942,1.5562294721603394,-0.18379491567611694,0.06814679503440857
12.595403671264648,1.5464180547164612,1.5554665327072144,-0.3147173225879669,0.05703822523355484
12.59847116470337,1.5457502640089356,1.5550850629806519,-0.3972991406917572,0.05831998214125633
12.60153865814209,1.5450827933927174,1.5543221235275269,-0.32378119230270386,0.08480964601039886
12.604605436325073,1.5444158083054247,1.5535591840744019,-0.4879377484321594,0.026276035234332085
12.607673168182373,1.5437489557270159,1.5531777143478394,-0.38924238085746765,0.049774929881095886
12.610739707946777,1.5430827119592156,1.5524147748947144,-0.35802242159843445,0.004058899823576212
12.613806962966919,1.5424166724243389,1.5516518354415894,-0.4949873983860016,0.09378194808959961
12.616873979568481,1.541751054184889,1.5512703657150269,-0.5574273467063904,0.12967117130756378
12.619942665100098,1.5410854534551455,1.5505073070526123,-0.2573128938674927,0.10745403170585632
12.623022556304932,1.540417814061775,1.5497443675994873,-0.3942778706550598,0.06942854821681976
12.626066446304321,1.5397583742735819,1.5493628978729248,-0.42449072003364563,0.08438239246606827
12.629136085510254,1.5390937640862983,1.5485999584197998,-0.45168229937553406,0.07284656912088394
12.632204055786133,1.538429934482493,1.5478370189666748,-0.33888763189315796,0.11813534796237946
12.635272741317749,1.5377663792632508,1.5470740795135498,-0.330830842256546,0.10617227107286453
12.638340950012207,1.5371033661138,1.5463111400604248,-0.45268940925598145,0.04293888807296753
12.641419172286987,1.5364386401109758,1.5459296703338623,-0.20393683016300201,0.13778896629810333
12.644490718841553,1.5357758158514259,1.5451667308807373,-0.4466468393802643,0.11856260150671005
12.6475670337677,1.5351124332393389,1.5444037914276123,-0.40636301040649414,0.09677271544933319
12.650639533996582,1.53445035324968,1.5436408519744873,-0.33788052201271057,0.10745403170585632
12.653706789016724,1.5337898918589266,1.5432593822479248,-0.38924238085746765,0.16641488671302795
12.65677547454834,1.5331296205227007,1.5424963235855103,-0.3197528123855591,0.12240787595510483
12.659854888916016,1.5324675514183408,1.5417333841323853,-0.2724193036556244,0.13907071948051453
12.66293215751648,1.5318064645906515,1.5409704446792603,-0.42247653007507324,0.11984435468912125
12.66601014137268,1.5311457549376635,1.5402075052261353,-0.44866102933883667,0.10275425016880035
12.669069528579712,1.5304895730460468,1.5398260354995728,-0.366079181432724,0.1275349110364914
12.672144412994385,1.5298306154089036,1.5390630960464478,-0.3771572411060333,0.16171512007713318
12.675211668014526,1.5291738500128091,1.5383001565933228,-0.3842069208621979,0.16086061298847198
12.678277730941772,1.5285179058485647,1.5375372171401978,-0.723598062992096,0.1578698456287384
12.681345701217651,1.5278621297790553,1.5371557474136353,-0.43859007954597473,0.12027160823345184
12.68441104888916,1.5272074996063358,1.5363928079605103,-0.23414969444274902,0.16256961226463318
12.687477827072144,1.5265531591373465,1.5356298685073853,-0.29558250308036804,0.13095292448997498
12.69054365158081,1.5258996269218268,1.5348668098449707,-0.23414969444274902,0.19632257521152496
12.693610191345215,1.5252465568339895,1.5341038703918457,-0.4426184594631195,0.1288166642189026
12.69667673110962,1.5245941111114578,1.5333409309387207,-0.2875257432460785,0.11599908769130707
12.699743270874023,1.5239422994428256,1.5329594612121582,-0.3006179928779602,0.1723964363336563
12.70280909538269,1.523291283313272,1.5321965217590332,-0.21199358999729156,0.1587243527173996
12.705875873565674,1.5226407180760608,1.5314335823059082,-0.3338521420955658,0.21298542618751526
12.708942651748657,1.5219908160030715,1.5306706428527832,-0.2532845139503479,0.1882047802209854
12.712011814117432,1.5213410822847073,1.5302891731262207,-0.33989471197128296,0.1292439103126526
12.715062856674194,1.5206958619514166,1.5295262336730957,-0.2220645397901535,0.12198062241077423
12.718130588531494,1.5200478028556592,1.5287632942199707,-0.4879377484321594,0.15573357045650482
12.72119927406311,1.5194002447349788,1.5280003547668457,-0.27846190333366394,0.1762416958808899
12.724275827407837,1.5187517412640408,1.5272372961044312,-0.4466468393802643,0.23562981188297272
12.72735047340393,1.5181043646908559,1.5268558263778687,-0.2532845139503479,0.11471732705831528
12.730417490005493,1.5174593260635374,1.5260928869247437,-0.23112840950489044,0.22922103106975555
12.733484506607056,1.5168150276693768,1.5257114171981812,-0.330830842256546,0.09164568781852722
12.736551284790039,1.516171529076667,1.5245670080184937,-0.36003661155700684,0.0963454619050026
12.739620447158813,1.515528290345433,1.5241855382919312,-0.15660333633422852,0.05746547505259514
12.742699146270752,1.5148838264882452,1.5238040685653687,-0.2240787297487259,0.037384603172540665
12.745775699615479,1.5142405954144968,1.5230411291122437,-0.24824902415275574,0.0792553573846817
12.748852729797363,1.5135980577842272,1.5222781896591187,-0.28047609329223633,0.021149003878235817
12.751922369003296,1.5129578634270904,1.5218967199325562,-0.25932708382606506,0.016449226066470146
12.75498914718628,1.51231907310306,1.5211337804794312,-0.3821927309036255,0.040375370532274246
12.758064985275269,1.5116792157502936,1.5207523107528687,-0.2532845139503479,0.10617227107286453
12.76114296913147,1.5110397437432936,1.5199893712997437,-0.4124055802822113,0.02670328877866268
12.76421570777893,1.5104022008865645,1.519226312637329,-0.3610437214374542,0.07071030884981155
12.767285585403442,1.5097660986757042,1.5188448429107666,-0.3348592221736908,0.01773098297417164
12.770362854003906,1.5091293242051451,1.5180819034576416,-0.2673838436603546,-0.0476386658847332
12.773432970046997,1.5084948965197833,1.517700433731079,-0.48491644859313965,0.040375370532274246
12.77649998664856,1.5078619831535005,1.516937494277954,-0.3761501610279083,0.030975814908742905
12.779566526412964,1.5072300507762995,1.5165560245513916,-0.5594415068626404,0.049774929881095886
12.782633304595947,1.5065989612758466,1.5157930850982666,-0.2522774040699005,0.005340657662600279
12.78570032119751,1.5059687242342028,1.515411615371704,-0.3952849507331848,0.056183718144893646
12.788769245147705,1.5053390070236636,1.514648675918579,-0.23918516933918,0.03012130968272686
12.791837215423584,1.5047104064852712,1.5142672061920166,-0.2371709793806076,0.12454413622617722
12.794906854629517,1.5040823949457205,1.5135042667388916,-0.42449072003364563,0.04080262407660484
12.797976016998291,1.50345542128595,1.5127413272857666,-0.3993133306503296,0.05746547505259514
12.801044940948486,1.5028294457981515,1.5119783878326416,-0.41744107007980347,0.043366141617298126
12.80412745475769,1.502201663487754,1.5115967988967896,-0.36003661155700684,0.09250018745660782
12.807194232940674,1.5015780550710534,1.5108338594436646,-0.22005034983158112,0.07370107620954514
12.810261011123657,1.5009554226405109,1.5100709199905396,-0.35802242159843445,0.14547951519489288
12.813326597213745,1.5003340168924415,1.5093079805374146,-0.329823762178421,0.03695734962821007
12.816393613815308,1.4997133155610347,1.5085450410842896,-0.3842069208621979,0.09848172962665558
12.819460391998291,1.4990936662006444,1.508163571357727,-0.19890135526657104,0.1104447990655899
12.822528839111328,1.4984746933420672,1.507400631904602,-0.34090182185173035,0.06643778085708618
12.825605630874634,1.49785506456102,1.506637692451477,-0.5926756858825684,0.095918208360672
12.828678369522095,1.497237287999886,1.505874752998352,-0.5020371079444885,0.10745403170585632
12.831748008728027,1.4966211775043976,1.5054932832717896,-0.29457542300224304,0.0801098644733429
12.834818363189697,1.4960059753822734,1.5047303438186646,-0.4103913903236389,0.1112993061542511
12.837897300720215,1.4953901191598498,1.5039674043655396,-0.3781643509864807,0.0792553573846817
12.840976238250732,1.4947753393114334,1.5035858154296875,-0.27946898341178894,0.08480964601039886
12.84406590461731,1.4941595084758326,1.5028228759765625,-0.29155412316322327,0.10446326434612274
12.847142696380615,1.4935473393453775,1.50244140625,-0.2653696537017822,0.0625925064086914
12.850210666656494,1.492938023045428,1.501678466796875,-0.26335546374320984,0.10788128525018692
12.853278398513794,1.4923298591339962,1.50091552734375,-0.24321354925632477,0.0638742670416832
12.856344938278198,1.4917230449317065,1.5005340576171875,-0.3469443917274475,0.10702677816152573
12.859415054321289,1.4911166471921222,1.4997711181640625,-0.269398033618927,0.063019759953022
12.86249303817749,1.4905098336243965,1.4990081787109375,-0.4577248692512512,0.11343556642532349
12.865566730499268,1.489905012431687,1.498626708984375,-0.38722819089889526,0.11642633378505707
12.868636131286621,1.4893021878202977,1.49786376953125,-0.34392309188842773,0.03952086716890335
12.871713161468506,1.488699029435948,1.4974822998046875,-0.269398033618927,0.08352788537740707
12.874787330627441,1.4880976053093364,1.4967193603515625,-0.32378119230270386,0.08609139919281006
12.877854824066162,1.4874986652269127,1.495956301689148,-0.426504909992218,0.07754635065793991
12.880921602249146,1.4869010500312383,1.4955748319625854,-0.4134126901626587,0.04934767633676529
12.883988380432129,1.4863046288040893,1.4948118925094604,-0.3811856210231781,0.1292439103126526
12.887060403823853,1.4857083934178699,1.4940489530563354,-0.2855115532875061,0.06558327376842499
12.890127182006836,1.4851143887639044,1.493667483329773,-0.40434882044792175,0.16385138034820557
12.893193483352661,1.4845216966874477,1.492904543876648,-0.39125657081604004,0.11984435468912125
12.896260023117065,1.4839301875944584,1.492141604423523,-0.32881665229797363,0.10147249698638916
12.899326801300049,1.4833398705563519,1.4917601346969604,-0.3509727716445923,0.09677271544933319
12.902393817901611,1.4827507546302745,1.4909971952438354,-0.4285190999507904,0.14505226910114288
12.905460596084595,1.4821629401570489,1.490615725517273,-0.39024949073791504,0.0476386658847332
12.908526420593262,1.481576572224335,1.489852786064148,-0.4879377484321594,0.12155336886644363
12.911593437194824,1.4809912492916955,1.489089846611023,-0.3761501610279083,0.15317006409168243
12.914660215377808,1.4804072536501836,1.4887083768844604,-0.2563057839870453,0.10916304588317871
12.917726993560791,1.479824548422835,1.487945318222046,-0.1263904720544815,0.09933622926473618
12.920795679092407,1.4792427810708766,1.487182378768921,-0.3338521420955658,0.15188831090927124
12.923871755599976,1.4786609266004629,1.4868009090423584,-0.2583199739456177,0.07498283684253693
12.926944971084595,1.4780809358012328,1.486419439315796,-0.4446326494216919,0.09036392718553543
12.930018186569214,1.4775022755347054,1.485656499862671,-0.37312886118888855,0.11300831288099289
12.933069944381714,1.4769289807153332,1.4852750301361084,-0.14552529156208038,0.033966582268476486
12.936139106750488,1.4763537566897567,1.4845120906829834,-0.173723965883255,-0.013031205162405968
12.939208030700684,1.4757799299082501,1.484130620956421,-0.24724192917346954,0.03781185671687126
12.94228982925415,1.4752050654662543,1.4837491512298584,-0.30666056275367737,0.05105668678879738
12.945371866226196,1.4746315378180581,1.4829862117767334,-0.40434882044792175,0.011322194710373878
12.948448181152344,1.4740604610192263,1.482604742050171,-0.19487297534942627,-0.01345845777541399
12.951518535614014,1.4734918799505574,1.4822232723236084,-0.14653238654136658,-0.009185931645333767
12.954584836959839,1.4729254430594152,1.4814603328704834,-0.2895399332046509,-0.045075152069330215
12.957654476165771,1.4723597929560237,1.481078863143921,-0.04884412884712219,-0.046784162521362305
12.960731983184814,1.471794111040364,1.4806973934173584,-0.34392309188842773,-0.0117494473233819
12.963807106018066,1.4712302939819673,1.4799343347549438,-0.2532845139503479,-0.006622415501624346
12.966877698898315,1.4706687387930097,1.4795528650283813,-0.3207598924636841,-0.07327382266521454
12.969956874847412,1.4701070585858935,1.4787899255752563,-0.21199358999729156,-0.051483940333127975
12.97303581237793,1.4695468767860944,1.4784084558486938,-0.45067521929740906,-0.03781185671687126
12.97606611251831,1.4689969727857388,1.4776455163955688,-0.27443352341651917,-0.024567024782299995
12.97913646697998,1.468441253965283,1.4772640466690063,-0.2653696537017822,-0.04122987762093544
12.982203722000122,1.4678875654568346,1.4765011072158813,-0.2834973633289337,0.039093613624572754
12.985270023345947,1.4673355252275624,1.4761196374893188,-0.26033416390419006,0.009185931645333767
12.988337755203247,1.4667847125901694,1.4753566980361938,-0.43456166982650757,0.02200350910425186
12.991404056549072,1.4662356494200872,1.4745937585830688,-0.330830842256546,0.08950942009687424
12.994470834732056,1.4656880016398675,1.4738308191299438,-0.5664911866188049,0.01602197252213955
12.997537612915039,1.465141862883628,1.4734493494033813,-0.546349287033081,0.13437095284461975
13.00060510635376,1.464597114419678,1.4726864099502563,-0.23012131452560425,0.11557183414697647
13.003674983978271,1.4640534702730752,1.4719233512878418,-0.43456166982650757,0.1424887478351593
13.006751775741577,1.4635101433040465,1.4711604118347168,-0.4778667986392975,0.1749599426984787
13.009826898574829,1.4629686612373913,1.4707789421081543,-0.3852140009403229,0.20358586311340332
13.012901306152344,1.4624288624270534,1.4700160026550293,-0.2532845139503479,0.14547951519489288
13.015970230102539,1.461891587419251,1.4692530632019043,-0.3952849507331848,0.18008697032928467
13.019036293029785,1.46135637869496,1.4688715934753418,-0.3177386224269867,0.20914015173912048
13.022069215774536,1.4608285020761191,1.4681086540222168,-0.32277408242225647,0.16256961226463318
13.02515196800232,1.46029353753704,1.4677271842956543,-0.15660333633422852,0.221530482172966
13.028223752975464,1.4597620733695218,1.4673457145690918,-0.3016250729560852,0.191195547580719
13.031291246414185,1.4592329505955302,1.4665827751159668,-0.1767452508211136,0.10916304588317871
13.034358501434326,1.4587054744026746,1.4662013053894043,-0.35802242159843445,0.07284656912088394
13.037424802780151,1.458179774689966,1.4654383659362793,-0.16466011106967926,0.13522544503211975
13.040494680404663,1.457655084715213,1.4650568962097168,-0.304646372795105,0.14889752864837646
13.043572902679443,1.4571306067969536,1.4646753072738647,-0.34291601181030273,0.1437705010175705
13.04664945602417,1.4566080602465923,1.4639123678207397,-0.3489585816860199,0.12497138977050781
13.049726724624634,1.456087047164187,1.4635308980941772,-0.3167315125465393,0.10531777143478394
13.052796363830566,1.4555689825663791,1.4631494283676147,-0.14048981666564941,0.004058899823576212
13.05586314201355,1.4550530609077972,1.4623864889144897,-0.3489585816860199,0.06900129467248917
13.058932781219482,1.4545383272511512,1.4620050191879272,-0.37413597106933594,0.10617227107286453
13.062012434005737,1.4540236004347156,1.4616235494613647,-0.10222018510103226,0.14676126837730408
13.0650634765625,1.4535153283004438,1.4608606100082397,-0.16868849098682404,0.09805447608232498
13.068133115768433,1.453005646010302,1.4604791402816772,-0.30666056275367737,0.08908216655254364
13.07120966911316,1.4524965220038366,1.4597162008285522,-0.4144197702407837,0.042084380984306335
13.074284315109253,1.451989427867936,1.4593347311019897,-0.16667430102825165,0.05575646460056305
13.077352285385132,1.4514851504082857,1.4589532613754272,-0.038773175328969955,0.09976348280906677
13.080421686172485,1.4509823603245842,1.4581903219223022,-0.2895399332046509,0.0634470134973526
13.083491325378418,1.4504812617753977,1.4578088521957397,-0.21199358999729156,0.09036392718553543
13.086559295654297,1.4499821723619744,1.4570459127426147,-0.34090182185173035,0.08053711801767349
13.089626550674438,1.4494849423353695,1.4566643238067627,-0.2724193036556244,-0.013031205162405968
13.092693567276001,1.4489895009697265,1.4562828540802002,-0.07502861320972443,0.08737315982580185
13.095760345458984,1.4484958552155083,1.4559013843536377,-0.173723965883255,0.06515602022409439
13.098827600479126,1.448003897479953,1.4551384449005127,-0.4093843102455139,0.07498283684253693
13.101894855499268,1.4475137119630526,1.4547569751739502,-0.22911421954631805,0.09292744100093842
13.104963779449463,1.4470250406854543,1.4539940357208252,-0.32881665229797363,0.010467689484357834
13.108033418655396,1.4465380448481482,1.4536125659942627,-0.19789426028728485,0.11386281996965408
13.111068487167358,1.4460583001442102,1.4528496265411377,-0.32176700234413147,0.08310063183307648
13.114137887954712,1.445574922218559,1.4524681568145752,-0.3852140009403229,0.014740215614438057
13.117205142974854,1.4450936911501808,1.4520866870880127,-0.1767452508211136,0.11386281996965408
13.120274543762207,1.44461394078734,1.4513237476348877,-0.31169605255126953,0.1108720526099205
13.123351097106934,1.4441349039956242,1.4509422779083252,-0.3207598924636841,0.05703822523355484
13.12642526626587,1.443658077102922,1.4505608081817627,-0.20192264020442963,0.09079118072986603
13.129496574401855,1.4431835364722994,1.4501793384552002,-0.38722819089889526,0.029266804456710815
13.132564067840576,1.4427114305047726,1.4497978687286377,-0.25932708382606506,0.020294498652219772
13.135630369186401,1.442241358062149,1.4490348100662231,-0.38924238085746765,0.05404745414853096
13.13869833946228,1.441772887960529,1.4486533403396606,-0.15559624135494232,-0.043366141617298126
13.141775369644165,1.4413049083768081,1.4482718706130981,-0.1928587704896927,-0.006622415501624346
13.144849300384521,1.4408392810256823,1.4478904008865356,-0.16667430102825165,-0.03610284626483917
13.14792799949646,1.4403748226228836,1.4475089311599731,-0.28047609329223633,-0.02841229923069477
13.151066064834595,1.4399033631207818,1.4471274614334106,-0.3207598924636841,-0.03311207890510559
13.154129028320312,1.4394450971924844,1.4467459917068481,-0.3449302017688751,0.009185931645333767
13.157190799713135,1.4389889025748595,1.4463645219802856,-0.35600823163986206,0.021576257422566414
13.160267353057861,1.4385324186203785,1.4459830522537231,-0.14854657649993896,-0.010040436871349812
13.163341522216797,1.4380782107294845,1.4456015825271606,-0.26335546374320984,-0.05831998214125633
13.166414022445679,1.4376261761962288,1.4452201128005981,-0.18580910563468933,-0.06002899259328842
13.16949462890625,1.4371748897049887,1.4444571733474731,-0.37212178111076355,-0.06942854821681976
13.172571182250977,1.43672614308272,1.4444571733474731,0.1425040066242218,-0.026276035234332085
13.175639152526855,1.436280591769193,1.4436942338943481,-0.23414969444274902,-0.01901274174451828
13.178706169128418,1.4358371253409092,1.4433127641677856,-0.015609979629516602,-0.06814679503440857
13.18177580833435,1.4353952348836132,1.4429312944412231,-0.2724193036556244,-0.07754635065793991
13.184845209121704,1.4349553411068925,1.4421683549880981,-0.19890135526657104,-0.014740215614438057
13.18791151046753,1.4345178573733424,1.4417868852615356,-0.3842069208621979,0.021576257422566414
13.190980195999146,1.4340820071269118,1.4414052963256836,-0.37413597106933594,-0.0049134050495922565
13.194050788879395,1.4336478687221164,1.441023826599121,-0.29356831312179565,-0.024567024782299995
13.197124481201172,1.433215284939973,1.440260887145996,-0.4416113495826721,0.008331426419317722
13.200191020965576,1.4327857011058955,1.4398794174194336,-0.3368734121322632,-0.009185931645333767
13.203258991241455,1.4323579156511128,1.439497947692871,-0.16264592111110687,0.03952086716890335
13.20632553100586,1.4319323338571486,1.438735008239746,-0.45168229937553406,-0.06558327376842499
13.209393501281738,1.4315085649904618,1.4383535385131836,-0.4093843102455139,0.07241931557655334
13.21246075630188,1.4310869124374135,1.437972068786621,-0.24724192917346954,0.05703822523355484
13.215527772903442,1.4306673159707073,1.4375905990600586,-0.23918516933918,0.0801098644733429
13.218594074249268,1.4302498461127884,1.4368276596069336,-0.30867475271224976,0.09036392718553543
13.221663236618042,1.4298340243010996,1.436446189880371,-0.16768139600753784,0.05105668678879738
13.22473955154419,1.4294192852931735,1.4360647201538086,-0.1888303905725479,0.12967117130756378
13.22780990600586,1.4290074043085972,1.4353017807006836,-0.16466011106967926,0.09933622926473618
13.230875968933105,1.4285981533023524,1.434920310974121,-0.3842069208621979,0.14761577546596527
13.233945369720459,1.428190519052204,1.4345388412475586,-0.19990845024585724,0.1275349110364914
13.237017393112183,1.4277846086300103,1.4337759017944336,-0.16667430102825165,0.13180743157863617
13.240065097808838,1.4273839658879663,1.4333943128585815,-0.3610437214374542,0.15359731018543243
13.24314260482788,1.4269814877820002,1.433012843132019,-0.22609293460845947,0.12027160823345184
13.24621844291687,1.4265813247297137,1.4326313734054565,0.04582284390926361,0.12283512949943542
13.249296426773071,1.426182986918074,1.4318684339523315,-0.24925611913204193,0.15317006409168243
13.252366781234741,1.425787739712627,1.431486964225769,-0.1263904720544815,0.08609139919281006
13.255433320999146,1.4253950861728204,1.4311054944992065,-0.1888303905725479,0.13650721311569214
13.25850224494934,1.4250042369359652,1.430724024772644,-0.22911421954631805,0.13351644575595856
13.261581897735596,1.4246141486388275,1.4303425550460815,-0.047837033867836,0.1292439103126526
13.264662265777588,1.4242261073684888,1.429961085319519,-0.12236209958791733,0.10104524344205856
13.267736911773682,1.423840924632579,1.4295796155929565,-0.16969558596611023,0.08737315982580185
13.270816564559937,1.423457261378374,1.429198145866394,-0.2653696537017822,0.05233844369649887
13.273890733718872,1.423076429728293,1.4288166761398315,-0.11531242728233337,0.0314030684530735
13.276960611343384,1.4226982774371524,1.428435206413269,-0.24220645427703857,0.0472114123404026
13.280033588409424,1.4223218984626456,1.4280537366867065,-0.11732661724090576,0.06088349595665932
13.283069133758545,1.4219522265814537,1.427672266960144,-0.24824902415275574,0.11813534796237946
13.286138772964478,1.4215805533409611,1.4272907972335815,-0.1727168709039688,0.09848172962665558
13.289205074310303,1.4212114488588754,1.426909327507019,-0.24220645427703857,0.05703822523355484
13.29228162765503,1.4208432901068346,1.4265278577804565,-0.16667430102825165,0.0638742670416832
13.295350551605225,1.4204782251374164,1.426146388053894,-0.08409246802330017,0.005767910275608301
13.298417091369629,1.4201156247647855,1.425764799118042,-0.03675898537039757,0.0049134050495922565
13.301483392715454,1.419755237852219,1.4253833293914795,-0.31270313262939453,0.045502401888370514
13.304552793502808,1.4193966805163947,1.425001859664917,-0.2663767337799072,0.0032043945975601673
13.30762267112732,1.419040268290532,1.4246203899383545,0.019638361409306526,-0.01345845777541399
13.31069016456604,1.4186863365845719,1.424238920211792,-0.21300068497657776,0.04293888807296753
13.313756942749023,1.4183346947538629,1.4238574504852295,-0.13746853172779083,0.04464789852499962
13.316823959350586,1.4179852381574567,1.423475980758667,-0.1102769523859024,0.05191119387745857
13.31989073753357,1.4176380263163422,1.4230945110321045,-0.16264592111110687,0.014740215614438057
13.322962999343872,1.4172924222632313,1.422713041305542,-0.1263904720544815,0.027985045686364174
13.326058864593506,1.4169464246303605,1.4223315715789795,-0.3147173225879669,-0.005340657662600279
13.329131364822388,1.4166052880817523,1.421950101852417,-0.09819180518388748,-0.04165713116526604
13.332198858261108,1.4162669482992358,1.4215686321258545,-0.270405113697052,-0.03524833917617798
13.335265636444092,1.4159309306932386,1.4215686321258545,-0.024673838168382645,-0.02542153000831604
13.338334798812866,1.4155969024969375,1.421187162399292,-0.11329823732376099,0.0117494473233819
13.341413497924805,1.4152641033948343,1.4208056926727295,-0.16365301609039307,-0.035675592720508575
13.34449028968811,1.4149337838624299,1.4200427532196045,-0.18580910563468933,0.02371251955628395
13.3475661277771,1.4146058432806639,1.4200427532196045,-0.15559624135494232,0.07071030884981155
13.350634336471558,1.4142809887603356,1.4192798137664795,-0.21501487493515015,0.0117494473233819
13.353700876235962,1.4139585837255289,1.4192798137664795,-0.2361638844013214,0.029266804456710815
13.356767177581787,1.4136384804449573,1.418898344039917,-0.18782329559326172,0.006622415501624346
13.35983657836914,1.4133203384153026,1.4185168743133545,-0.0629434660077095,0.06601052731275558
13.362913131713867,1.413003753742609,1.418135404586792,-0.23515678942203522,0.0314030684530735
13.365985631942749,1.412689887707745,1.41775381565094,-0.04179446026682854,0.05404745414853096
13.369065523147583,1.4123775797133251,1.4173723459243774,-0.20292973518371582,0.049774929881095886
13.372137069702148,1.412068428965159,1.416990876197815,-0.21098649501800537,0.025848783552646637
13.375204801559448,1.4117619704121422,1.4166094064712524,-0.26335546374320984,0.022858014330267906
13.378271102905273,1.4114579645147587,1.41622793674469,-0.2573128938674927,0.10318150371313095
13.381338119506836,1.4111562022408481,1.4158464670181274,-0.18379491567611694,0.07156481593847275
13.384407758712769,1.4108565041960557,1.415464997291565,-0.29558250308036804,0.06729228794574738
13.387476921081543,1.4105591798802015,1.4150835275650024,-0.24824902415275574,0.04934767633676529
13.390543937683105,1.4102643924056564,1.4150835275650024,-0.20393683016300201,0.02841229923069477
13.393610954284668,1.4099719374672333,1.41470205783844,-0.22609293460845947,0.02670328877866268
13.396677255630493,1.409681886794505,1.4143205881118774,-0.2845044732093811,0.027557794004678726
13.399744987487793,1.409394042540865,1.413939118385315,-0.2522774040699005,0.059601739048957825
13.402811527252197,1.4091086553313832,1.413939118385315,-0.03474479168653488,-0.020294498652219772
13.405878067016602,1.4088256170950875,1.4135576486587524,-0.07402151823043823,0.006622415501624346
13.408944845199585,1.408544910303776,1.41317617893219,-0.19789426028728485,0.02243076264858246
13.41201114654541,1.4082666043191936,1.4127947092056274,-0.0800640881061554,0.0079041738063097
13.41506290435791,1.4079919626779749,1.4127947092056274,-0.14048981666564941,-0.045075152069330215
13.418129920959473,1.4077183082404385,1.412413239479065,0.038773175328969955,-0.012176699936389923
13.421198844909668,1.4074468561885989,1.4120317697525024,-0.13142596185207367,0.05703822523355484
13.424278736114502,1.4071768241689915,1.41165030002594,-0.047837033867836,-0.03311207890510559
13.427353858947754,1.406909603060706,1.41165030002594,-0.09718471020460129,-0.01602197252213955
13.430421829223633,1.4066453901198432,1.4112688302993774,-0.13344015181064606,-0.02243076264858246
13.433489322662354,1.4063836054652608,1.410887360572815,-0.15056076645851135,0.029694056138396263
13.436556577682495,1.4061242318045175,1.4105058908462524,-0.26335546374320984,-0.016449226066470146
13.439626455307007,1.405867033851064,1.4105058908462524,-0.1253833770751953,-0.06771954149007797
13.442704200744629,1.405611588300952,1.4101243019104004,-0.11229114234447479,-0.02542153000831604
13.44577670097351,1.4053589903916581,1.409742832183838,-0.14552529156208038,0.0049134050495922565
13.448853969573975,1.4051084200985253,1.409742832183838,-0.011581597849726677,0.043793391436338425
13.45192551612854,1.4048607342242834,1.4093613624572754,0.054886702448129654,-0.0480659194290638
13.454995155334473,1.4046156198381823,1.408979892730713,-0.08711375296115875,0.033966582268476486
13.45807147026062,1.4043724008713028,1.4085984230041504,-0.2371709793806076,-0.01602197252213955
13.461153984069824,1.4041311339296352,1.4085984230041504,-0.26436254382133484,-0.008331426419317722
13.464223861694336,1.40389328917388,1.408216953277588,0.004531929735094309,-0.05575646460056305
13.467293500900269,1.4036578943113571,1.4078354835510254,-0.038773175328969955,-0.042084380984306335
13.470370054244995,1.403424412303817,1.4078354835510254,-0.10020599514245987,-0.03439383581280708
13.473443984985352,1.40319357549606,1.407454013824463,-0.3016250729560852,0.02371251955628395
13.476513385772705,1.4029655220241366,1.407454013824463,0.03675898537039757,0.0019226367585361004
13.47957992553711,1.402740122457297,1.4070725440979004,-0.12437628954648972,-0.059601739048957825
13.482646942138672,1.4025171319553982,1.406691074371338,0.038773175328969955,-0.04165713116526604
13.485713481903076,1.4022966231675296,1.4063096046447754,-0.18379491567611694,-0.014740215614438057
13.48878026008606,1.4020785476508064,1.4063096046447754,-0.19588007032871246,-0.03524833917617798
13.491846323013306,1.4018629758859686,1.405928134918213,-0.09013504534959793,-0.05404745414853096
13.49491286277771,1.4016498269734,1.405928134918213,0.032730601727962494,-0.05447470769286156
13.49798583984375,1.4014386981042293,1.4055466651916504,-0.24623483419418335,-0.03610284626483917
13.501062870025635,1.4012297688827815,1.405165195465088,-0.01359578873962164,0.02243076264858246
13.504132270812988,1.401023831337819,1.4047837257385254,-0.0941634252667427,-0.004058899823576212
13.507198333740234,1.4008205873470154,1.4047837257385254,-0.10926985740661621,-0.002777141984552145
13.510267734527588,1.4006195974127489,1.404402256011963,-0.10926985740661621,0.014740215614438057
13.51333737373352,1.4004210718086403,1.4040207862854004,-0.20292973518371582,0.03823911026120186
13.516404628753662,1.4002251804988348,1.4040207862854004,-0.11430533230304718,0.09292744100093842
13.519471406936646,1.4000318011106667,1.403639316558838,-0.2542915940284729,0.03653009980916977
13.522540092468262,1.3998407879184687,1.4032578468322754,-0.2210574448108673,0.07071030884981155
13.525617361068726,1.3996517410035572,1.402876377105713,-0.3348592221736908,0.02542153000831604
13.528689622879028,1.3994655024110816,1.402876377105713,-0.0629434660077095,0.06216525658965111
13.531760692596436,1.3992818361063828,1.4024949073791504,-0.2673838436603546,0.061310749500989914
13.534827470779419,1.3991009234889422,1.4024949073791504,0.04078736528754234,0.07327382266521454
13.537894248962402,1.398922508844444,1.4021133184432983,-0.05387960746884346,0.09976348280906677
13.540963649749756,1.3987464454578955,1.4021133184432983,-0.16466011106967926,0.05661097168922424
13.54404354095459,1.3985723007257884,1.4017318487167358,-0.39024949073791504,0.053192950785160065
13.547128677368164,1.398400393176572,1.4013503789901733,-0.015609979629516602,0.02713054046034813
13.55020523071289,1.398231491798566,1.4009689092636108,-0.2361638844013214,0.08737315982580185
13.553276777267456,1.3980653860423686,1.4009689092636108,-0.13545434176921844,0.09719996899366379
13.556344032287598,1.3979020282595058,1.4009689092636108,0.0015106431674212217,0.14590676128864288
13.55941390991211,1.3977410505908439,1.4005874395370483,0.032730601727962494,0.08822766691446304
13.56249213218689,1.397582168908952,1.4002059698104858,-0.08610665798187256,0.13394369184970856
13.565566539764404,1.397426018778194,1.4002059698104858,-0.0951705202460289,0.09164568781852722
13.568647384643555,1.397272085081768,1.3998245000839233,-0.12236209958791733,0.06643778085708618
13.571724891662598,1.397120862372457,1.3998245000839233,0.0015106431674212217,0.13308918476104736
13.574798345565796,1.3969723788939805,1.3994430303573608,-0.24925611913204193,0.18094147741794586
13.577871799468994,1.3968264360262244,1.3990615606307983,-0.08409246802330017,0.09890898317098618
13.580944299697876,1.3966830800477528,1.3990615606307983,0.01258869282901287,0.03353932872414589
13.584012985229492,1.3965424406660178,1.3990615606307983,0.052872512489557266,0.04592965543270111
13.58706545829773,1.3964050633461647,1.3986800909042358,0.035751886665821075,0.07241931557655334
13.59013843536377,1.3962693030240425,1.3986800909042358,-0.051865413784980774,0.11429007351398468
13.593213081359863,1.3961360213557572,1.3982986211776733,-0.365072101354599,0.06900129467248917
13.596282720565796,1.3960055055535112,1.3982986211776733,-0.0639505609869957,0.1591515988111496
13.599349975585938,1.3958776368484094,1.3979171514511108,-0.19990845024585724,0.1117265596985817
13.602417469024658,1.3957523051378438,1.3975356817245483,-0.060929276049137115,0.07711909711360931
13.605484962463379,1.3956295223223087,1.3975356817245483,-0.1928587704896927,0.07583733648061752
13.608551025390625,1.3955093457011472,1.3975356817245483,-0.03776608034968376,0.14932478964328766
13.61161732673645,1.3953917101574924,1.3971542119979858,-0.21602196991443634,0.0963454619050026
13.614685297012329,1.3952765649396324,1.3971542119979858,-0.1284046620130539,0.10489051789045334
13.617752313613892,1.3951640110810117,1.3967727422714233,-0.08308537304401398,0.11685358732938766
13.620821714401245,1.3950539295510864,1.3967727422714233,0.01359578873962164,0.16940565407276154
13.62389850616455,1.3949461546698219,1.3963912725448608,-0.10725566744804382,0.08438239246606827
13.626977443695068,1.3948408837444353,1.3963912725448608,-0.17775234580039978,0.04592965543270111
13.630046844482422,1.3947385084961357,1.3960098028182983,0.00553902518004179,0.10531777143478394
13.63312840461731,1.3946383101161646,1.3960098028182983,-0.10926985740661621,0.05661097168922424
13.636194944381714,1.394541170260112,1.3960098028182983,-0.08107118308544159,0.09378194808959961
13.63926362991333,1.394446530420668,1.3956283330917358,-0.1414969116449356,0.11599908769130707
13.642341136932373,1.3943541999110933,1.3956283330917358,-0.024673838168382645,0.13864347338676453
13.64542293548584,1.3942643325350745,1.3952468633651733,-0.07200732082128525,0.09079118072986603
13.648505210876465,1.3941770468966026,1.3952468633651733,-0.03776608034968376,0.05404745414853096
13.651572704315186,1.3940927583593024,1.3952468633651733,-0.049851223826408386,0.1271076500415802
13.65463924407959,1.3940110683809424,1.3952468633651733,0.006546120624989271,0.10745403170585632
13.657708406448364,1.3939318850080822,1.3948653936386108,-0.1888303905725479,0.0784008577466011
13.660784721374512,1.3938551048722148,1.3948653936386108,-0.13646143674850464,0.06045624613761902
13.663854598999023,1.3937810691998997,1.3948653936386108,-0.09114214032888412,0.040375370532274246
13.666924953460693,1.3937096048242255,1.3948653936386108,0.009567406959831715,0.13052567839622498
13.67000412940979,1.3936405303319825,1.3944838047027588,-0.03978027030825615,0.13308918476104736
13.673067808151245,1.3935743838533976,1.3944838047027588,0.05589379742741585,0.07028305530548096
13.67614221572876,1.3935105941162735,1.3944838047027588,-0.07301442325115204,0.16684214770793915
13.679208993911743,1.3934495468886046,1.3944838047027588,0.035751886665821075,0.06857404112815857
13.682276487350464,1.3933910682334536,1.3941023349761963,0.17875944077968597,0.08865492045879364
13.685343265533447,1.3933351862905616,1.3941023349761963,0.07100022584199905,0.09805447608232498
13.68841028213501,1.3932818839100576,1.3941023349761963,-0.07402151823043823,0.08181887865066528
13.691476821899414,1.3932311740127732,1.3937208652496338,-0.24623483419418335,0.07797360420227051
13.694544076919556,1.3931830379404162,1.3937208652496338,0.12135500460863113,0.10403601080179214
13.697611093521118,1.393137491977444,1.3937208652496338,-0.23414969444274902,0.06857404112815857
13.70067834854126,1.393094529719372,1.3937208652496338,0.08308537304401398,0.10617227107286453
13.703744411468506,1.3930541706343105,1.3937208652496338,0.15458914637565613,0.12027160823345184
13.706810474395752,1.3930163981214154,1.3937208652496338,0.022659648209810257,0.07327382266521454
13.709876537322998,1.3929812127414216,1.3933393955230713,-0.17976653575897217,0.12497138977050781
13.712946653366089,1.3929485736376233,1.3933393955230713,-0.05589379742741585,0.09121843427419662
13.716019868850708,1.392918500501036,1.3933393955230713,0.038773175328969955,0.10745403170585632
13.719062566757202,1.39289128806278,1.3933393955230713,-0.019638361409306526,0.1412069946527481
13.722131967544556,1.3928664201518104,1.3933393955230713,-0.14552529156208038,0.10489051789045334
13.72521185874939,1.3928440755680502,1.3929579257965088,-0.12336919456720352,0.09848172962665558
13.72829270362854,1.392824338382512,1.3929579257965088,-0.21199358999729156,0.07583733648061752
13.731363296508789,1.392807268854551,1.3929579257965088,0.0951705202460289,0.1271076500415802
13.73443055152893,1.3927928115442558,1.3929579257965088,-0.13948272168636322,0.10702677816152573
13.737497091293335,1.3927809491653091,1.3929579257965088,0.14048981666564941,0.06472877413034439
13.740565776824951,1.3927716726404855,1.3929579257965088,-0.09114214032888412,0.1108720526099205
13.743644714355469,1.392764973343936,1.3929579257965088,0.09013504534959793,0.07156481593847275
13.74673318862915,1.3927608781176775,1.3929579257965088,0.143511101603508,0.09677271544933319
13.749815702438354,1.3927594121304492,1.3929579257965088,0.06999313086271286,0.08480964601039886
13.752883672714233,1.3927605533810425,1.3925764560699463,-0.15559624135494232,0.033966582268476486
13.755950450897217,1.39276428683189,1.3925764560699463,0.004531929735094309,0.08352788537740707
13.759019613265991,1.3927706182931416,1.3925764560699463,-0.04582284390926361,0.08053711801767349
13.762067317962646,1.3927794743499586,1.3925764560699463,-0.07704280316829681,0.1108720526099205
13.765143156051636,1.392791007428507,1.3925764560699463,-0.08912795037031174,0.09335469454526901
13.768213987350464,1.3928051223947744,1.3925764560699463,-0.024673838168382645,0.09976348280906677
13.77129054069519,1.3928218692613799,1.3925764560699463,0.0790569931268692,0.09933622926473618
13.774364471435547,1.3928412062929751,1.3925764560699463,-0.15156786143779755,0.09378194808959961
13.777434825897217,1.392863119328352,1.3925764560699463,-0.09214923530817032,0.09335469454526901
13.780501127243042,1.3928875949595925,1.3925764560699463,-0.06797894090414047,0.05532921478152275
13.783567428588867,1.3929146600384879,1.3925764560699463,-0.06797894090414047,0.1604333519935608
13.786633729934692,1.3929443141631934,1.3925764560699463,-0.002517738612368703,0.07498283684253693
13.789701700210571,1.3929765751472978,1.3925764560699463,0.13646143674850464,0.0946364551782608
13.792768001556396,1.393011407412866,1.3925764560699463,-0.09315633028745651,0.08780041337013245
13.795835018157959,1.3930488363183136,1.3925764560699463,0.0961776152253151,0.09933622926473618
13.798902034759521,1.3930888534844785,1.3925764560699463,0.03474479168653488,0.08480964601039886
13.801971197128296,1.3931314890301083,1.3921949863433838,0.049851223826408386,0.0801098644733429
13.805043458938599,1.3931767622114744,1.3925764560699463,-0.173723965883255,0.08737315982580185
13.808120965957642,1.393224714550723,1.3925764560699463,-0.03776608034968376,0.0950637087225914
13.81118893623352,1.3932751095710858,1.3925764560699463,0.29457542300224304,0.08651865273714066
13.814254999160767,1.393328057356993,1.3925764560699463,-0.1273975670337677,0.13138018548488617
13.817321538925171,1.39338359648614,1.3925764560699463,0.006546120624989271,0.11984435468912125
13.820390224456787,1.3934417596739146,1.3925764560699463,-0.027695124968886375,0.1424887478351593
13.823466539382935,1.3935026623513098,1.3925764560699463,0.01762416958808899,0.13180743157863617
13.82653522491455,1.3935660015304832,1.3925764560699463,-0.00553902518004179,0.11813534796237946
13.829601764678955,1.3936318770990157,1.3925764560699463,-0.06596475094556808,0.10873579233884811
13.832668542861938,1.3937003368880152,1.3925764560699463,0.19990845024585724,0.17965972423553467
13.835735082626343,1.3937713692364389,1.3925764560699463,0.09315633028745651,0.11770809441804886
13.838803768157959,1.3938450307202568,1.3925764560699463,-0.16969558596611023,0.09250018745660782
13.841882467269897,1.3939215244482315,1.3925764560699463,0.17875944077968597,0.14077973365783691
13.84495997428894,1.3940005820044297,1.3925764560699463,-0.022659648209810257,0.16983291506767273
13.848036289215088,1.394082199193972,1.3925764560699463,-0.14048981666564941,0.11599908769130707
13.851065635681152,1.3941650998326103,1.3925764560699463,0.06898603588342667,0.09164568781852722
13.854135513305664,1.3942516691064393,1.3925764560699463,-0.10222018510103226,0.18435950577259064
13.857203960418701,1.3943407714321787,1.3925764560699463,0.051865413784980774,0.21853971481323242
13.860281705856323,1.394432726930921,1.3925764560699463,-0.12336919456720352,0.15359731018543243
13.863351106643677,1.3945270083066221,1.3925764560699463,-0.10826276242733002,0.13437095284461975
13.86642050743103,1.3946238599773142,1.3925764560699463,0.07704280316829681,0.14077973365783691
13.869497776031494,1.3947235386468726,1.3925764560699463,0.018631266430020332,0.2065766453742981
13.872571468353271,1.3948256775275762,1.3929579257965088,0.12336919456720352,0.18222324550151825
13.87564206123352,1.3949302825552614,1.3929579257965088,-0.16969558596611023,0.18393224477767944
13.878708600997925,1.3950373107159029,1.3929579257965088,-0.02366674318909645,0.16641488671302795
13.881775379180908,1.3951469054239038,1.3929579257965088,0.019638361409306526,0.16427862644195557
13.884842157363892,1.3952590568297858,1.3929579257965088,0.11833371222019196,0.16256961226463318
13.887909412384033,1.3953737813015554,1.3929579257965088,0.011581597849726677,0.15402457118034363
13.890976667404175,1.395491059895721,1.3929579257965088,0.09214923530817032,0.2074311375617981
13.894043684005737,1.3956108814562835,1.3929579257965088,0.15660333633422852,0.22751201689243317
13.897063493728638,1.3957313503846667,1.3933393955230713,0.15660333633422852,0.221957728266716
13.900132179260254,1.3958562999719195,1.3929579257965088,-0.10222018510103226,0.17880521714687347
13.903201341629028,1.395983818899058,1.3933393955230713,0.009567406959831715,0.21127641201019287
13.906269550323486,1.396113845240678,1.3933393955230713,0.05690089240670204,0.19717708230018616
13.90933632850647,1.3962463538894143,1.3933393955230713,0.051865413784980774,0.20358586311340332
13.912403106689453,1.3963814029070607,1.3933393955230713,0.11229114234447479,0.2403295934200287
13.915469884872437,1.3965189902878743,1.3933393955230713,0.06898603588342667,0.21127641201019287
13.918535709381104,1.3966590700202004,1.3937208652496338,0.19688716530799866,0.2698100209236145
13.921608448028564,1.3968020069003413,1.3937208652496338,0.043808650225400925,0.16598764061927795
13.924695253372192,1.396948157578702,1.3941023349761963,0.1898374855518341,0.28091859817504883
13.927766561508179,1.3970961183428365,1.3941023349761963,0.10121309012174606,0.2531471848487854
13.930833101272583,1.3972463787112508,1.3941023349761963,0.17976653575897217,0.20016784965991974
13.933900356292725,1.3973992001344435,1.3941023349761963,0.02668802998960018,0.19845883548259735
13.936967372894287,1.3975545334161523,1.3941023349761963,0.08812084794044495,0.19632257521152496
13.94003939628601,1.3977126477815593,1.3944838047027588,0.27644771337509155,0.2206759750843048
13.943133354187012,1.397874445436681,1.3944838047027588,0.15056076645851135,0.24673838913440704
13.946211099624634,1.398037936161774,1.3944838047027588,0.07200732082128525,0.24417486786842346
13.94928789138794,1.3982039068227223,1.3948653936386108,0.28047609329223633,0.20358586311340332
13.952356576919556,1.39837195795444,1.3948653936386108,-0.006546120624989271,0.32449835538864136
13.955423831939697,1.3985424409120617,1.3948653936386108,-0.0639505609869957,0.2403295934200287
13.958492755889893,1.3987155257245105,1.3948653936386108,0.08409246802330017,0.3817501962184906
13.961568832397461,1.3988915299068876,1.3952468633651733,-0.0941634252667427,0.29159989953041077
13.964641571044922,1.3990698552855512,1.3952468633651733,0.05085831880569458,0.252292662858963
13.967710733413696,1.3992504768955323,1.3952468633651733,-0.06797894090414047,0.2561379373073578
13.970787286758423,1.3994340421358942,1.3956283330917358,0.05387960746884346,0.2723735272884369
13.973857641220093,1.3996197388821174,1.3956283330917358,0.1273975670337677,0.30869001150131226
13.976927042007446,1.3998078728659187,1.3956283330917358,-0.04582284390926361,0.24460211396217346
13.97999882698059,1.3999986476173563,1.3960098028182983,-0.10423437505960464,0.2364843189716339
13.983065605163574,1.400191598089291,1.3960098028182983,-0.014602883718907833,0.26126497983932495
13.986135482788086,1.4003872291036388,1.3963912725448608,0.21501487493515015,0.34116122126579285
13.989202976226807,1.400585189173102,1.3963912725448608,-0.027695124968886375,0.2732280492782593
13.992271184921265,1.4007856733513893,1.3963912725448608,0.1928587704896927,0.3180895745754242
13.995338201522827,1.4009885534521167,1.3963912725448608,-0.16264592111110687,0.3146715462207794
13.99840521812439,1.401193903874824,1.3967727422714233,0.1112840473651886,0.3168078064918518
14.001471757888794,1.4014016890676075,1.3967727422714233,-0.1102769523859024,0.33945220708847046
14.004537343978882,1.4016118719107848,1.3971542119979858,0.22911421954631805,0.2702372670173645
14.007603645324707,1.4018245634214967,1.3971542119979858,0.04179446026682854,0.2851911187171936
14.010672569274902,1.4020398967563035,1.3975356817245483,0.45067521929740906,0.34244295954704285
14.013741731643677,1.4022577048653577,1.3975356817245483,-0.035751886665821075,0.2843366265296936
14.016808986663818,1.4024778302301202,1.3979171514511108,0.24321354925632477,0.32877087593078613
14.01987624168396,1.402700404175379,1.3979171514511108,0.08509956300258636,0.2980087101459503
14.02294921875,1.402925845456827,1.3982986211776733,0.13646143674850464,0.33731594681739807
14.026034832000732,1.4031546799385486,1.3982986211776733,0.24824902415275574,0.3296253979206085
14.029125452041626,1.4033863595428473,1.3982986211776733,0.04884412884712219,0.251010924577713
14.032193422317505,1.403618786491478,1.3986800909042358,0.10624857246875763,0.29587242007255554
14.03525972366333,1.4038535177832088,1.3990615606307983,0.0951705202460289,0.27920958399772644
14.038325786590576,1.4040906571734064,1.3990615606307983,0.006546120624989271,0.26254671812057495
14.041394472122192,1.4043304252479132,1.3994430303573608,0.21098649501800537,0.2505836486816406
14.044471263885498,1.404573259616617,1.3994430303573608,0.029709314927458763,0.2689555287361145
14.047544479370117,1.4048182399967835,1.3998245000839233,0.24321354925632477,0.2672465145587921
14.050620555877686,1.405065875026621,1.3998245000839233,0.23414969444274902,0.34244295954704285
14.05369257926941,1.405315602993215,1.4002059698104858,0.19990845024585724,0.2070038914680481
14.056766033172607,1.405567862842096,1.4005874395370483,0.08711375296115875,0.21426717936992645
14.059834718704224,1.405822138102619,1.4005874395370483,-0.09919890016317368,0.24502937495708466
14.062911748886108,1.40607951574479,1.4009689092636108,-0.022659648209810257,0.22665750980377197
14.065982580184937,1.4063387779681893,1.4009689092636108,0.2079652100801468,0.2659647464752197
14.069053411483765,1.4066004369909402,1.4013503789901733,0.20091554522514343,0.2723735272884369
14.072136163711548,1.4068655186204422,1.4013503789901733,0.1908445805311203,0.21896696090698242
14.075210809707642,1.4071323012612367,1.4017318487167358,0.29356831312179565,0.27664607763290405
14.078288078308105,1.4074017054323813,1.4021133184432983,0.1747310608625412,0.2078583985567093
14.081355810165405,1.4076726545595442,1.4024949073791504,0.16466011106967926,0.16726939380168915
14.084422588348389,1.4079458904909117,1.4024949073791504,0.02568093314766884,0.18606851994991302
14.087488651275635,1.4082214284765062,1.402876377105713,0.22911421954631805,0.20914015173912048
14.090555191040039,1.408499371278377,1.4032578468322754,-0.04280155524611473,0.20871290564537048
14.093622207641602,1.4087797158701223,1.4032578468322754,0.29155412316322327,0.21042190492153168
14.096688985824585,1.4090623929843864,1.403639316558838,0.10222018510103226,0.1924773007631302
14.099756240844727,1.4093474646240671,1.4040207862854004,0.19990845024585724,0.22665750980377197
14.102823257446289,1.4096348603527706,1.4040207862854004,-0.032730601727962494,0.23050278425216675
14.105889797210693,1.4099245527407682,1.404402256011963,0.13646143674850464,0.18435950577259064
14.108957290649414,1.410216673168428,1.4047837257385254,0.173723965883255,0.18521401286125183
14.112024068832397,1.4105110586361773,1.405165195465088,-0.0015106431674212217,0.1882047802209854
14.115063428878784,1.4108051095778353,1.405165195465088,0.09013504534959793,0.20914015173912048
14.118133783340454,1.4111044769497827,1.4055466651916504,0.003524834057316184,0.18649576604366302
14.121206998825073,1.4114064516381377,1.405928134918213,0.3358663320541382,0.21469444036483765
14.124284267425537,1.4117111541270844,1.4063096046447754,0.07301442325115204,0.18649576604366302
14.127355575561523,1.4120175861968436,1.406691074371338,0.15458914637565613,0.15487907826900482
14.130422830581665,1.412325922255603,1.4070725440979004,0.16466011106967926,0.14676126837730408
14.13348937034607,1.4126364878798292,1.407454013824463,0.2542915940284729,0.16769665479660034
14.136556625366211,1.412949423331293,1.407454013824463,0.011581597849726677,0.13949798047542572
14.139625310897827,1.4132647993421519,1.4078354835510254,0.17775234580039978,0.1732509285211563
14.142703771591187,1.4135834813780757,1.408216953277588,0.13444724678993225,0.18136873841285706
14.145784854888916,1.4139047381490948,1.4085984230041504,0.3016250729560852,0.17196917533874512
14.14886736869812,1.4142284450862086,1.4085984230041504,-0.06193637102842331,0.18265049159526825
14.151936292648315,1.414553006427888,1.408979892730713,0.2583199739456177,0.16598764061927795
14.155005693435669,1.414879890382507,1.4093613624572754,0.14048981666564941,0.23434805870056152
14.158067226409912,1.4152081952242122,1.409742832183838,0.08509956300258636,0.191195547580719
14.161144733428955,1.4155404817179136,1.409742832183838,0.27946898341178894,0.2065766453742981
14.164217472076416,1.4158745176987209,1.4101243019104004,-0.009567406959831715,0.1762416958808899
14.167289733886719,1.4162107589197013,1.4105058908462524,0.2230716347694397,0.2373388260602951
14.170366048812866,1.4165497000764675,1.410887360572815,0.23314259946346283,0.17068742215633392
14.173438787460327,1.416890496052471,1.410887360572815,-0.04179446026682854,0.2206759750843048
14.176507472991943,1.417233080520796,1.4112688302993774,0.14552529156208038,0.1882047802209854
14.179573774337769,1.417577627670685,1.41165030002594,0.0961776152253151,0.16940565407276154
14.18264102935791,1.4179245058836458,1.4120317697525024,0.2895399332046509,0.16299687325954437
14.185707330703735,1.41827349430621,1.412413239479065,0.10020599514245987,0.18350499868392944
14.188775062561035,1.4186248596233335,1.412413239479065,0.1918516755104065,0.19632257521152496
14.191842317581177,1.4189783791882524,1.4127947092056274,0.20393683016300201,0.13607995212078094
14.19490933418274,1.4193340744559357,1.41317617893219,0.09114214032888412,0.23263904452323914
14.197976112365723,1.4196919396296237,1.4135576486587524,0.22810712456703186,0.20956741273403168
14.201048612594604,1.4200526708057393,1.413939118385315,0.20292973518371582,0.1591515988111496
14.204124212265015,1.4204159641629825,1.413939118385315,0.2552987039089203,0.252292662858963
14.20719027519226,1.4207803148110412,1.4143205881118774,0.07301442325115204,0.29074540734291077
14.210256814956665,1.4211468976068993,1.41470205783844,0.10222018510103226,0.2078583985567093
14.213322877883911,1.4215155931038503,1.4150835275650024,0.24119935929775238,0.22964827716350555
14.216392040252686,1.4218868286520348,1.415464997291565,0.1767452508211136,0.19418631494045258
14.219460010528564,1.4222600816659658,1.4158464670181274,0.3529869616031647,0.24075685441493988
14.222529411315918,1.4226356659135861,1.4158464670181274,0.12437628954648972,0.24631112813949585
14.225609302520752,1.423014696962016,1.41622793674469,0.2996108829975128,0.2719462811946869
14.22868537902832,1.4233954157084252,1.4166094064712524,0.08610665798187256,0.3138170540332794
14.231755018234253,1.4237774811155899,1.416990876197815,0.19588007032871246,0.23392081260681152
14.234822273254395,1.4241613827434993,1.4173723459243774,0.2563057839870453,0.3155260682106018
14.237895250320435,1.4245481329376097,1.41775381565094,0.270405113697052,0.24972915649414062
14.240967988967896,1.424936981488903,1.418135404586792,0.21199358999729156,0.16940565407276154
14.2440664768219,1.4253312377679745,1.418135404586792,0.12336919456720352,0.22708477079868317
14.247156858444214,1.425726606391697,1.418898344039917,0.2875257432460785,0.18008697032928467
14.250233173370361,1.426122295861606,1.4192798137664795,0.3831998109817505,0.19589532911777496
14.25330138206482,1.4265190440578668,1.4192798137664795,0.09819180518388748,0.2082856446504593
14.256369829177856,1.4269179160385785,1.419661283493042,0.2986038029193878,0.2394750863313675
14.25943899154663,1.4273189688314674,1.420424222946167,0.4093843102455139,0.29202717542648315
14.262515544891357,1.4277230770514138,1.4208056926727295,0.3479514718055725,0.23392081260681152
14.265590906143188,1.428129113590371,1.4208056926727295,0.1576104313135147,0.23263904452323914
14.26866626739502,1.4285372285618536,1.421187162399292,0.13444724678993225,0.191195547580719
14.271743297576904,1.4289476390315954,1.4215686321258545,0.14653238654136658,0.2663919925689697
14.274813413619995,1.4293591887909802,1.4223315715789795,0.14753948152065277,0.2202487289905548
14.277881145477295,1.4297724696003813,1.422713041305542,0.17976653575897217,0.2540016770362854
14.280948400497437,1.4301877294054284,1.4230945110321045,0.2371709793806076,0.2386205792427063
14.284018516540527,1.4306054163045232,1.423475980758667,0.3469443917274475,0.2544289231300354
14.287068367004395,1.4310223604917334,1.4238574504852295,0.21199358999729156,0.25998321175575256
14.290138006210327,1.4314440310979093,1.424238920211792,0.21602196991443634,0.2390478402376175
14.293207168579102,1.4318676571116895,1.424238920211792,0.2220645397901535,0.24545662105083466
14.296275854110718,1.4322932312912244,1.4246203899383545,0.17170977592468262,0.19717708230018616
14.29934310913086,1.4327206131774566,1.4253833293914795,0.2220645397901535,0.21469444036483765
14.302412748336792,1.4331503288748748,1.4253833293914795,0.16969558596611023,0.24374762177467346
14.305482387542725,1.433582040563599,1.426146388053894,0.3026321828365326,0.2236667424440384
14.308549165725708,1.4340153366691664,1.4265278577804565,0.18580910563468933,0.2830548584461212
14.31161618232727,1.4344506461161581,1.426909327507019,0.24824902415275574,0.2399023473262787
14.314683198928833,1.4348879288300211,1.4272907972335815,0.21602196991443634,0.18564125895500183
14.317750215530396,1.4353271783152384,1.427672266960144,0.2824902832508087,0.20871290564537048
14.320818901062012,1.4357686286656586,1.4280537366867065,0.18077363073825836,0.2501564025878906
14.323895692825317,1.4362132087168802,1.428435206413269,0.21803615987300873,0.2984359562397003
14.326972723007202,1.4366597829624193,1.4288166761398315,0.27846190333366394,0.3356069326400757
14.330046892166138,1.4371078924053275,1.429198145866394,0.1414969116449356,0.24887464940547943
14.33312702178955,1.4375588191566562,1.4295796155929565,0.33888763189315796,0.21084916591644287
14.336193799972534,1.4380097222769745,1.429961085319519,0.13545434176921844,0.3018539845943451
14.339239597320557,1.438459441078081,1.4303425550460815,0.13847562670707703,0.286472886800766
14.342317342758179,1.4389157941920303,1.430724024772644,0.09718471020460129,0.3001449704170227
14.3453950881958,1.4393740676111013,1.4311054944992065,0.21400777995586395,0.30783551931381226
14.348471879959106,1.4398341115904971,1.431486964225769,0.2986038029193878,0.3193713426589966
14.351539373397827,1.440294662043609,1.4318684339523315,0.2583199739456177,0.3458609879016876
14.354614019393921,1.4407581800194333,1.432249903678894,0.37212178111076355,0.3945677876472473
14.357682943344116,1.4412227190389935,1.4326313734054565,0.2532845139503479,0.38602274656295776
14.360759973526001,1.4416903675201806,1.433012843132019,0.2542915940284729,0.38602274656295776
14.363832712173462,1.4421592377771726,1.4333943128585815,0.13041886687278748,0.38687723875045776
14.366904973983765,1.442629900542987,1.4337759017944336,0.08711375296115875,0.40909436345100403
14.369984865188599,1.4431035971432835,1.434157371520996,0.30968186259269714,0.3638055920600891
14.37306547164917,1.4435792646531513,1.4345388412475586,0.05891508236527443,0.37021440267562866
14.376137256622314,1.444055416102851,1.434920310974121,0.21501487493515015,0.38773176074028015
14.379205226898193,1.4445328091190082,1.435683250427246,0.29155412316322327,0.29629969596862793
14.382272481918335,1.4450119148378142,1.4360647201538086,0.5977111458778381,0.287327378988266
14.38533878326416,1.4454926874154035,1.436446189880371,0.22005034983158112,0.2403295934200287
14.388407945632935,1.4459757195106444,1.4368276596069336,0.21702906489372253,0.35483330488204956
14.39147663116455,1.4464604807326584,1.4375905990600586,0.40434882044792175,0.29330891370773315
14.394543409347534,1.446946735800213,1.437972068786621,0.28047609329223633,0.2847638726234436
14.397610425949097,1.4474348162472406,1.4383535385131836,0.16667430102825165,0.2587014436721802
14.400676965713501,1.4479246007927533,1.4391164779663086,0.3691004812717438,0.2672465145587921
14.403743028640747,1.4484160813350364,1.439497947692871,0.1425040066242218,0.2728008031845093
14.406809568405151,1.4489094034466707,1.4398794174194336,0.36003661155700684,0.21768520772457123
14.409875631332397,1.4494044063844287,1.440260887145996,0.32478827238082886,0.2565651834011078
14.412944316864014,1.4499015850253112,1.441023826599121,0.2895399332046509,0.21341268718242645
14.416014432907104,1.4504007423054188,1.4414052963256836,0.21098649501800537,0.18564125895500183
14.419065237045288,1.4508984832285552,1.4421683549880981,0.4778667986392975,0.12198062241077423
14.422137975692749,1.4514015319746254,1.4425498247146606,0.37413597106933594,0.221530482172966
14.425358533859253,1.451930635227886,1.4433127641677856,0.2824902832508087,0.2048676311969757
14.42847990989685,1.4524452470985032,1.4436942338943481,0.20091554522514343,0.17923247814178467
14.431663513183594,1.4529719383032347,1.4440757036209106,0.24119935929775238,0.16641488671302795
14.43483281135559,1.453498080290682,1.4448386430740356,0.30867475271224976,0.1587243527173996
14.438009262084961,1.4540272207500982,1.4452201128005981,0.19688716530799866,0.1749599426984787
14.441149234771729,1.4545520583543843,1.4456015825271606,0.14653238654136658,0.15103380382061005
14.444267988204956,1.455075086780113,1.4463645219802856,0.24321354925632477,0.13266193866729736
14.447387933731079,1.4556000397296693,1.4467459917068481,0.18782329559326172,0.16983291506767273
14.450490713119507,1.4561238070921267,1.4475089311599731,0.15156786143779755,0.1903410404920578
14.453565120697021,1.456644452102929,1.4478904008865356,0.32277408242225647,0.2557106912136078
14.456631422042847,1.4571653693447986,1.4486533403396606,0.3449302017688751,0.1578698456287384
14.459697246551514,1.4576878402916489,1.4490348100662231,0.23314259946346283,0.1890592873096466
14.46276330947876,1.4582119788886703,1.4494163990020752,0.2653696537017822,0.13907071948051453
14.465829133987427,1.4587376958417595,1.4497978687286377,0.24522773921489716,0.27493706345558167
14.468895673751831,1.4592651472548286,1.4501793384552002,0.2522774040699005,0.19589532911777496
14.471963167190552,1.459794367616053,1.4509422779083252,0.32680246233940125,0.3138170540332794
14.475032329559326,1.4603254745132124,1.4513237476348877,0.17170977592468262,0.27792781591415405
14.478062152862549,1.4608513346457381,1.4517052173614502,0.24824902415275574,0.22537575662136078
14.481135845184326,1.461386385367356,1.4520866870880127,0.3006179928779602,0.2048676311969757
14.484201431274414,1.461921598776511,1.4528496265411377,0.34090182185173035,0.24203860759735107
14.487267017364502,1.4624583759317296,1.4532310962677002,0.31068894267082214,0.3039902448654175
14.49033236503601,1.4629966669391772,1.4536125659942627,0.27946898341178894,0.31210803985595703
14.493399858474731,1.4635368839288299,1.4539940357208252,0.43556877970695496,0.287754625082016
14.496470928192139,1.4640792751229608,1.4547569751739502,0.4436255395412445,0.26041045784950256
14.499546766281128,1.464624049261831,1.4551384449005127,0.32881665229797363,0.3035629689693451
14.502618074417114,1.4651695515479384,1.4555199146270752,0.14753948152065277,0.2830548584461212
14.505693435668945,1.4657172979345003,1.4562828540802002,0.37111467123031616,0.2988632023334503
14.508764505386353,1.4662657938392814,1.4566643238067627,0.3177386224269867,0.3048447370529175
14.511833667755127,1.466815452334963,1.4570459127426147,0.18278782069683075,0.2569924592971802
14.514910221099854,1.4673679344826758,1.4578088521957397,0.2230716347694397,0.32236209511756897
14.517985105514526,1.4679216092627416,1.4581903219223022,0.4113985002040863,0.221530482172966
14.52106523513794,1.4684777159706253,1.4589532613754272,0.1586175262928009,0.2698100209236145
14.524131774902344,1.4690328397033237,1.4593347311019897,0.22005034983158112,0.2074311375617981
14.52719783782959,1.4695893358958285,1.4597162008285522,0.23314259946346283,0.19333180785179138
14.530266284942627,1.4701477169173118,1.4604791402816772,0.3177386224269867,0.22879377007484436
14.533332347869873,1.4707071067546842,1.4608606100082397,0.3026321828365326,0.2386205792427063
14.53640103340149,1.471268410723974,1.4616235494613647,0.3983062505722046,0.26211947202682495
14.539477586746216,1.4718325872299136,1.4623864889144897,0.34190890192985535,0.24802014231681824
14.54254674911499,1.4723968300696664,1.4627679586410522,0.26033416390419006,0.3168078064918518
14.545613050460815,1.4729619565378458,1.4631494283676147,0.21199358999729156,0.2360570728778839
14.548679113388062,1.473528439457624,1.4635308980941772,0.21602196991443634,0.27750056982040405
14.551744937896729,1.474096270093849,1.4642938375473022,0.2069581151008606,0.2672465145587921
14.554811000823975,1.4746655283333978,1.4650568962097168,0.41844815015792847,0.3168078064918518
14.5578773021698,1.4752362060473683,1.4654383659362793,0.32378119230270386,0.2403295934200287
14.560943365097046,1.4758082060186721,1.4658198356628418,0.16264592111110687,0.27707332372665405
14.564011573791504,1.476381965810369,1.4665827751159668,0.5171434879302979,0.30954450368881226
14.567062854766846,1.476953900401691,1.4669642448425293,0.2653696537017822,0.3300526440143585
14.570128679275513,1.4775298987198204,1.4673457145690918,0.22609293460845947,0.3338979184627533
14.573201179504395,1.4781084879211912,1.4677271842956543,0.23213550448417664,0.3035629689693451
14.576267004013062,1.4786871451822732,1.4684901237487793,0.3620508015155792,0.31253528594970703
14.579333066940308,1.479267162739558,1.4688715934753418,0.29558250308036804,0.3317616581916809
14.582401752471924,1.4798489848354657,1.4696345329284668,0.22810712456703186,0.31168079376220703
14.58547043800354,1.4804321072528563,1.4700160026550293,0.3791714310646057,0.4317387640476227
14.58853554725647,1.4810158394896777,1.4703974723815918,0.2583199739456177,0.3202258348464966
14.591602087020874,1.4816011250351557,1.4711604118347168,0.06495765596628189,0.2997176945209503
14.594669580459595,1.4821878656784195,1.4715418815612793,0.32277408242225647,0.3185168206691742
14.597746133804321,1.4827776094298963,1.4723048210144043,0.27745479345321655,0.3321889042854309
14.600817203521729,1.483367561880367,1.4726864099502563,0.16969558596611023,0.29202717542648315
14.603893518447876,1.483959775073068,1.4730678796768188,0.24321354925632477,0.3142443001270294
14.606968402862549,1.4845529573763057,1.4738308191299438,0.24925611913204193,0.28220033645629883
14.610039472579956,1.4851466368313166,1.4742122888565063,0.3952849507331848,0.35483330488204956
14.613124132156372,1.4857441749520646,1.4749752283096313,0.21098649501800537,0.3035629689693451
14.616193532943726,1.4863399735027478,1.4757381677627563,0.43456166982650757,0.19461356103420258
14.619261264801025,1.4869366514773008,1.4761196374893188,0.33788052201271057,0.26382848620414734
14.62232780456543,1.487534291075483,1.4768825769424438,0.545342206954956,0.27792781591415405
14.625393867492676,1.4881330218463145,1.4772640466690063,0.2673838436603546,0.24374762177467346
14.628459453582764,1.4887328343512725,1.4780269861221313,0.27745479345321655,0.31210803985595703
14.631525993347168,1.4893339998513235,1.4787899255752563,0.38622111082077026,0.2057221382856369
14.634592294692993,1.4899362761313626,1.4795528650283813,0.3932707607746124,0.23434805870056152
14.63766074180603,1.4905401236143574,1.4799343347549438,0.32277408242225647,0.23050278425216675
14.640737056732178,1.4911466649715035,1.4806973934173584,0.3852140009403229,0.18735027313232422
14.643805980682373,1.491752882954394,1.4814603328704834,0.1928587704896927,0.1736781895160675
14.646872758865356,1.492359799378355,1.4822232723236084,0.4325474798679352,0.2240939885377884
14.64993929862976,1.4929677813850286,1.482604742050171,0.2834973633289337,0.3005722165107727
14.653005838394165,1.4935768670857177,1.483367681503296,0.2845044732093811,0.15402457118034363
14.656062602996826,1.4941851006436135,1.4837491512298584,0.24724192917346954,0.20871290564537048
14.659128665924072,1.4947962680025482,1.4845120906829834,0.19789426028728485,0.27664607763290405
14.662194013595581,1.4954083686184427,1.484893560409546,0.3499656617641449,0.191622793674469
14.665261507034302,1.4960219654500024,1.485656499862671,0.32881665229797363,0.19717708230018616
14.66832685470581,1.4966361909494774,1.4860379695892334,0.40434882044792175,0.3163805603981018
14.671392679214478,1.497251560644176,1.4868009090423584,0.31169605255126953,0.23477530479431152
14.674458742141724,1.497868017911321,1.487182378768921,0.34392309188842773,0.20059509575366974
14.677525043487549,1.4984855538410686,1.487945318222046,0.3187457025051117,0.3526970446109772
14.680591106414795,1.4991040632338586,1.488326907157898,0.20897230505943298,0.31338977813720703
14.6836576461792,1.4997236813109842,1.489089846611023,0.28148317337036133,0.3804684579372406
14.686723709106445,1.5003442061771577,1.4894713163375854,0.3962920606136322,0.2881819009780884
14.689790487289429,1.5009658699948707,1.489852786064148,0.03776608034968376,0.3185168206691742
14.692856788635254,1.50158842200241,1.490615725517273,0.30867475271224976,0.35782405734062195
14.69592547416687,1.5022124347362762,1.491378664970398,0.33888763189315796,0.34415197372436523
14.699001550674438,1.5028389216730174,1.4917601346969604,0.2381780743598938,0.3796139359474182
14.70206904411316,1.5034646196000592,1.492141604423523,0.21199358999729156,0.35654231905937195
14.705152034759521,1.5040944341927673,1.492904543876648,0.3469443917274475,0.37448692321777344
14.708224058151245,1.5047229518377956,1.493667483329773,0.3932707607746124,0.3608148396015167
14.71129298210144,1.5053517664077665,1.4940489530563354,0.4164339601993561,0.3676508665084839
14.714370965957642,1.5059833626300752,1.4948118925094604,0.3187457025051117,0.3620965778827667
14.717441082000732,1.5066142581118007,1.4955748319625854,0.2573128938674927,0.42233920097351074
14.720508813858032,1.507245565755783,1.495956301689148,0.2714122235774994,0.3356069326400757
14.723574876785278,1.5078774215919881,1.496337890625,0.41945526003837585,0.32364386320114136
14.726644039154053,1.5085107995140417,1.497100830078125,0.4275120198726654,0.29715418815612793
14.729710102081299,1.5091444108678413,1.49786376953125,0.3328450322151184,0.32236209511756897
14.732776403427124,1.5097789348001371,1.498626708984375,0.3952849507331848,0.3313344120979309
14.735841989517212,1.5104141643445999,1.4990081787109375,0.5252002477645874,0.2980087101459503
14.738910913467407,1.511050931008983,1.4997711181640625,0.2845044732093811,0.34201571345329285
14.741986989974976,1.5116900211310718,1.500152587890625,0.5403066873550415,0.3052719831466675
14.745064496994019,1.5123302398552303,1.50091552734375,0.2673838436603546,0.3608148396015167
14.748133659362793,1.5129695413132407,1.501678466796875,0.5493705868721008,0.32449835538864136
14.75120234489441,1.513609551314185,1.5020599365234375,0.4456397294998169,0.3971312940120697
14.754267930984497,1.514249711971627,1.5028228759765625,0.29155412316322327,0.3176623284816742
14.757333517074585,1.5148906598038958,1.503204345703125,0.42449072003364563,0.35739681124687195
14.76039981842041,1.5155325351150262,1.5039674043655396,0.15458914637565613,0.3202258348464966
14.763465404510498,1.5161750289277105,1.5047303438186646,0.37312886118888855,0.29758143424987793
14.766532182693481,1.5168185316260656,1.505111813545227,0.5010299682617188,0.3847409784793854
14.769600868225098,1.517463184876411,1.505874752998352,0.17070268094539642,0.33987945318222046
14.772669315338135,1.5181085289365306,1.506637692451477,0.45168229937553406,0.3291981518268585
14.775742530822754,1.518755608834213,1.5070191621780396,0.3932707607746124,0.34201571345329285
14.778808355331421,1.5194018538208844,1.5077821016311646,0.35701534152030945,0.24844738841056824
14.781874895095825,1.5200489606497263,1.508163571357727,0.35701534152030945,0.33902496099472046
14.784940719604492,1.5206966178471322,1.508926510810852,0.29155412316322327,0.32620736956596375
14.78800892829895,1.5213454711172278,1.509689450263977,0.3801785409450531,0.3505607545375824
14.79106593132019,1.5219926339658874,1.5100709199905396,0.3610437214374542,0.3364614248275757
14.794135332107544,1.5226430939692723,1.5108338594436646,0.27644771337509155,0.3514152765274048
14.797204494476318,1.5232941676340133,1.5115967988967896,0.45470359921455383,0.32535287737846375
14.800281763076782,1.5239476179682812,1.5119783878326416,0.3006179928779602,0.3009994626045227
14.803357124328613,1.5246013108471859,1.513122797012329,0.39125657081604004,0.28091859817504883
14.806424617767334,1.525253966522014,1.5135042667388916,0.3821927309036255,0.27664607763290405
14.80949068069458,1.5259069420421045,1.5142672061920166,0.400320440530777,0.2988632023334503
14.812562942504883,1.5265618539560017,1.5150301456451416,0.581597626209259,0.1894865334033966
14.81564736366272,1.5272199685583538,1.5157930850982666,0.46779584884643555,0.16684214770793915
14.818724870681763,1.527877207915023,1.5165560245513916,0.4929732084274292,0.15530632436275482
14.821791172027588,1.528532640454,1.516937494277954,0.42046234011650085,0.23221179842948914
14.824857234954834,1.5291885974419135,1.517700433731079,0.24724192917346954,0.2501564025878906
14.827924966812134,1.5298454775941839,1.518463373184204,0.24422064423561096,0.19931334257125854
14.830993890762329,1.5305031698326397,1.519226312637329,0.45571067929267883,0.22537575662136078
14.834062099456787,1.5311612557524228,1.5196079015731812,0.2855115532875061,0.22879377007484436
14.837132215499878,1.5318202883877563,1.5203708410263062,0.5644770264625549,0.20914015173912048
14.840208292007446,1.5324811300085215,1.5211337804794312,0.2875257432460785,0.22494849562644958
14.843278646469116,1.5331412610573736,1.5218967199325562,0.3630579113960266,0.23135729134082794
14.846345663070679,1.5338011820300324,1.5222781896591187,0.27443352341651917,0.2240939885377884
14.849412679672241,1.5344616004894338,1.5230411291122437,0.24724192917346954,0.21469444036483765
14.852481126785278,1.5351228149962575,1.5238040685653687,0.4728313088417053,0.2740825414657593
14.855553388595581,1.5357853307147078,1.5241855382919312,0.2583199739456177,0.3022812306880951
14.858622312545776,1.5364475954970251,1.5249484777450562,0.5382925271987915,0.3180895745754242
14.861688613891602,1.5371097524901804,1.5257114171981812,0.4305332899093628,0.33987945318222046
14.864755153656006,1.5377724091522433,1.5264743566513062,0.2371709793806076,0.221530482172966
14.867820978164673,1.5384353494609242,1.5268558263778687,0.3519798517227173,0.3766231834888458
14.870887279510498,1.5390988212945773,1.5276188850402832,0.3852140009403229,0.27579155564308167
14.873953104019165,1.5397626084541718,1.5280003547668457,0.2583199739456177,0.3039902448654175
14.877018928527832,1.5404268042300167,1.5287632942199707,0.4426184594631195,0.30911725759506226
14.880065441131592,1.5410872111952854,1.5295262336730957,0.461753249168396,0.26041045784950256
14.883134603500366,1.541752916397722,1.5299077033996582,0.532249927520752,0.42020294070243835
14.886200904846191,1.542418380413211,1.5306706428527832,0.5362783074378967,0.3163805603981018
14.889267921447754,1.543084369097729,1.5310521125793457,0.32176700234413147,0.3650873601436615
14.892334938049316,1.5437507173739822,1.5318150520324707,0.27745479345321655,0.2984359562397003
14.895403861999512,1.5444178300637634,1.5321965217590332,0.04481574892997742,0.32620736956596375
14.898481369018555,1.5450871501392336,1.5329594612121582,0.31169605255126953,0.3009994626045227
14.901556730270386,1.5457563352938062,1.5337224006652832,0.42449072003364563,0.4919813871383667
14.904633045196533,1.5464260497570732,1.5344853401184082,0.3167315125465393,0.27920958399772644
14.907701969146729,1.547094465923998,1.5348668098449707,0.2563057839870453,0.35910582542419434
14.910778045654297,1.547764741369656,1.5356298685073853,0.3620508015155792,0.3655146062374115
14.913854837417603,1.5484354645546035,1.5363928079605103,0.2865186631679535,0.3659418523311615
14.916929244995117,1.5491059495689956,1.5371557474136353,0.5624628067016602,0.3450064957141876
14.919999122619629,1.5497757175187603,1.5379186868667603,0.3952849507331848,0.31338977813720703
14.923065185546875,1.5504449134008866,1.5383001565933228,0.3842069208621979,0.26126497983932495
14.926133632659912,1.551114880042859,1.5390630960464478,0.3469443917274475,0.29758143424987793
14.929199934005737,1.5517846184553044,1.5398260354995728,0.5292286276817322,0.2646830081939697
14.932274103164673,1.5524563064742862,1.5402075052261353,0.2573128938674927,0.3048447370529175
14.935340642929077,1.5531265481072987,1.5409704446792603,0.29054704308509827,0.33859768509864807
14.938408851623535,1.5537973650388184,1.5417333841323853,0.5916685461997986,0.32150760293006897
14.94148564338684,1.554470259974203,1.5424963235855103,0.31169605255126953,0.29715418815612793
14.94455361366272,1.5551414165132516,1.5428777933120728,0.3701075613498688,0.34073394536972046
14.947620868682861,1.5558125971241679,1.5436408519744873,0.6450446248054504,0.32791638374328613
14.950686931610107,1.5564836873313463,1.5444037914276123,0.4587319791316986,0.34799724817276
14.953752994537354,1.557154937993277,1.5451667308807373,0.3026321828365326,0.22836652398109436
14.95681881904602,1.5578262869311383,1.5459296703338623,0.4315403997898102,0.24844738841056824
14.959885358810425,1.5584979330448157,1.5463111400604248,0.5181506276130676,0.21084916591644287
14.962951183319092,1.5591695530491445,1.5470740795135498,0.2855115532875061,0.2740825414657593
14.966017723083496,1.5598414503478146,1.5478370189666748,0.40636301040649414,0.287754625082016
14.969062328338623,1.5605086511459167,1.5485999584197998,0.401327520608902,0.28134584426879883
14.97212839126587,1.5611806545490285,1.5489814281463623,0.32478827238082886,0.3044174909591675
14.975194454193115,1.561852748680235,1.5497443675994873,0.3952849507331848,0.31210803985595703
14.978260517120361,1.5625249235622731,1.5505073070526123,0.365072101354599,0.3155260682106018
14.981327533721924,1.5631973783232826,1.5512703657150269,0.4949873983860016,0.2984359562397003
14.984393119812012,1.5638695802259248,1.5520333051681519,0.33888763189315796,0.2065766453742981
14.987461566925049,1.5645424603382967,1.5527962446212769,0.3922636806964874,0.2681010067462921
14.990527391433716,1.5652148061753763,1.5531777143478394,0.3016250729560852,0.19632257521152496
14.99359393119812,1.565887339716673,1.5539406538009644,0.40737012028694153,0.21341268718242645
14.996662855148315,1.5665604170274876,1.5547035932540894,0.2361638844013214,0.2240939885377884
14.999739408493042,1.5672351785372756,1.5554665327072144,0.3489585816860199,0.30569925904273987
15.002815246582031,1.5679097840291787,1.5558480024337769,0.3791714310646057,0.2992904484272003
15.005891799926758,1.568584537165291,1.5566109418869019,0.2220645397901535,0.35739681124687195
15.008960723876953,1.569257597779798,1.5573738813400269,0.43657588958740234,0.27579155564308167
15.012032508850098,1.5699312565862327,1.5581368207931519,0.37514305114746094,0.37192338705062866
15.01512885093689,1.570610261077358,1.5585182905197144,0.5705195665359497,0.27835509181022644
15.018202543258667,1.57128424898787,1.559281349182129,0.3539940416812897,0.34287023544311523
15.0212721824646,1.5719572887128175,1.560044288635254,0.35902953147888184,0.3163805603981018
15.024338960647583,1.5726296318256288,1.560807228088379,0.546349287033081,0.3168078064918518
15.027405261993408,1.5733017911489802,1.561570167541504,0.3691004812717438,0.3522697687149048
15.030471086502075,1.5739737567423857,1.5619516372680664,0.20897230505943298,0.3163805603981018
15.033544301986694,1.5746472427479903,1.5627145767211914,0.43959715962409973,0.252719908952713
15.036612272262573,1.5753194698741892,1.5634775161743164,0.530235767364502,0.32578012347221375
15.03968858718872,1.5759934056002443,1.563858985900879,0.48491644859313965,0.38901349902153015
15.042763471603394,1.5766668979999476,1.564621925354004,0.4768596887588501,0.43344777822494507
15.045830011367798,1.5773384232802183,1.565384864807129,0.43758296966552734,0.28177309036254883
15.048896551132202,1.5780097993795,1.5657663345336914,0.32277408242225647,0.32193484902381897
15.051963090896606,1.5786810163280873,1.566529393196106,0.2240787297487259,0.3044174909591675
15.05502963066101,1.5793520641586403,1.567292332649231,0.38823530077934265,0.3522697687149048
15.058063507080078,1.5800157881050394,1.5676738023757935,0.32881665229797363,0.37534141540527344
15.061130285263062,1.5806865220106303,1.568055272102356,0.2845044732093811,0.4112306535243988
15.064197063446045,1.581357056986188,1.5691996812820435,0.5161364078521729,0.34757000207901
15.067264080047607,1.5820274351773045,1.569581151008606,0.3539940416812897,0.4578011631965637
15.070330142974854,1.5826973861413445,1.570344090461731,0.4436255395412445,0.3206530809402466
15.07339882850647,1.5833676811733604,1.571107029914856,0.43556877970695496,0.2980087101459503
15.076467514038086,1.584037737157793,1.5714884996414185,0.44866102933883667,0.32278934121131897
15.07953429222107,1.5847071278899285,1.5722514390945435,0.3499656617641449,0.43643853068351746
15.082600593566895,1.5853761559589339,1.572632908821106,0.2069581151008606,0.3603875935077667
15.08566689491272,1.5860449155311405,1.5737773180007935,0.5745479464530945,0.42105746269226074
15.088732719421387,1.5867132927446321,1.574158787727356,0.2552987039089203,0.3142443001270294
15.09179973602295,1.5873816414155635,1.5749218463897705,0.5252002477645874,0.34457921981811523
15.094868183135986,1.5880500031938247,1.5756847858428955,0.5060654878616333,0.35782405734062195
15.097944736480713,1.5887198207913051,1.576066255569458,0.32680246233940125,0.3603875935077667
15.101015329360962,1.5893880213593514,1.576829195022583,0.3942778706550598,0.4287480115890503
15.104064464569092,1.5900512269435485,1.577592134475708,0.29457542300224304,0.45181962847709656
15.107141733169556,1.5907202129075246,1.578355073928833,0.35802242159843445,0.3817501962184906
15.11021113395691,1.5913871394565535,1.579118013381958,0.4275120198726654,0.3330434262752533
15.113288164138794,1.5920553639247634,1.5794994831085205,0.2653696537017822,0.27920958399772644
15.116358518600464,1.5927217696260774,1.5802624225616455,0.5201647877693176,0.2578469514846802
15.11942744255066,1.593387486549332,1.5810253620147705,0.18077363073825836,0.2399023473262787
15.122493267059326,1.5940521436199615,1.5817883014678955,0.1727168709039688,0.3368886709213257
15.125559329986572,1.5947164551434492,1.58255136013031,0.4808880686759949,0.29629969596862793
15.12862515449524,1.5953803079453375,1.583314299583435,0.2583199739456177,0.20956741273403168
15.131691932678223,1.5960439501515908,1.58407723903656,0.40233463048934937,0.31039902567863464
15.134757995605469,1.596707010710628,1.5844587087631226,0.4124055802822113,0.2894636392593384
15.137829065322876,1.5973707162904127,1.5852216482162476,0.1586175262928009,0.22708477079868317
15.14090609550476,1.598035260732935,1.5859845876693726,0.42046234011650085,0.2240939885377884
15.143979787826538,1.5986986254002578,1.5867475271224976,0.4436255395412445,0.29459068179130554
15.147048473358154,1.599360442100313,1.5875104665756226,0.3801785409450531,0.2501564025878906
15.150124073028564,1.6000232714702272,1.587891936302185,0.3922636806964874,0.3984130620956421
15.153190851211548,1.600683712893148,1.58865487575531,0.3026321828365326,0.31210803985595703
15.156258583068848,1.6013438635331907,1.5890363454818726,0.3338521420955658,0.34799724817276
15.159324645996094,1.6020031494011497,1.5897992849349976,0.5121080279350281,0.3920042812824249
15.16239047050476,1.6026618687796668,1.590562343597412,0.44866102933883667,0.32748913764953613
15.165459632873535,1.6033207794851383,1.591325283050537,0.34090182185173035,0.383031964302063
15.168528079986572,1.6039790008967083,1.5917067527770996,0.329823762178421,0.3518425226211548
15.171596050262451,1.6046365746859057,1.5924696922302246,0.3036392629146576,0.4471198618412018
15.174662590026855,1.6052932871892747,1.5932326316833496,0.3680933713912964,0.32407110929489136
15.17772912979126,1.605949435391543,1.593614101409912,0.2824902832508087,0.37576866149902344
15.180794954299927,1.6066048567072848,1.594377040863037,0.3680933713912964,0.3843137323856354
15.183860778808594,1.607259694517864,1.595139980316162,0.4587319791316986,0.31296253204345703
15.186929941177368,1.60791465107366,1.595902919769287,0.5282215476036072,0.22836652398109436
15.190000772476196,1.6085693590232457,1.596665859222412,0.2986038029193878,0.30569925904273987
15.193065881729126,1.6092222340766595,1.597428798675537,0.2522774040699005,0.27878233790397644
15.196135759353638,1.6098755012825454,1.5978103876113892,0.40837720036506653,0.3847409784793854
15.199213743209839,1.6105298572436484,1.5985733270645142,0.4426184594631195,0.40140384435653687
15.20228910446167,1.6111830096247326,1.5993362665176392,0.43657588958740234,0.33859768509864807
15.205365180969238,1.6118356581673603,1.5997177362442017,0.27846190333366394,0.3689326345920563
15.208434104919434,1.6124861259114898,1.6004806756973267,0.3449302017688751,0.35782405734062195
15.211503267288208,1.613135971954336,1.6012436151504517,0.3781643509864807,0.29629969596862793
15.214580297470093,1.6137867993208699,1.6016250848770142,0.31169605255126953,0.4274662435054779
15.217655181884766,1.6144364784034246,1.6023880243301392,0.3962920606136322,0.2826276123523712
15.220725297927856,1.615084447749173,1.6031509637832642,0.38924238085746765,0.2856183648109436
15.223791122436523,1.615730801479291,1.6035324335098267,0.35500115156173706,0.37149614095687866
15.226858139038086,1.6163766871531675,1.6042953729629517,0.15156786143779755,0.3787594437599182
15.229925632476807,1.6170219439615783,1.6050583124160767,0.40636301040649414,0.3505607545375824
15.232995510101318,1.6176669624997004,1.6054397821426392,0.5493705868721008,0.4317387640476227
15.236068964004517,1.618311981467849,1.6062028408050537,0.3368734121322632,0.4112306535243988
15.23914098739624,1.6189559397059448,1.6065843105316162,0.3499656617641449,0.3317616581916809
15.242217302322388,1.6196000259848402,1.6073472499847412,0.28148317337036133,0.42319372296333313
15.2452871799469,1.6202419852370125,1.6077287197113037,0.29457542300224304,0.4103761315345764
15.248353958129883,1.620882509547085,1.6084916591644287,0.32478827238082886,0.46848249435424805
15.251420736312866,1.6215222379377192,1.6088731288909912,0.2834973633289337,0.37363240122795105
15.254486560821533,1.6221609623483444,1.6096360683441162,0.3922636806964874,0.3689326345920563
15.2575523853302,1.6227988723587377,1.6103990077972412,0.4305332899093628,0.4590829312801361
15.2606201171875,1.6234363545940769,1.6111619472503662,0.5332570672035217,0.3625238537788391
15.2636878490448,1.6240730024616779,1.6115434169769287,0.4164339601993561,0.3180895745754242
15.266754627227783,1.6247086089781204,1.6123063564300537,0.3479514718055725,0.37064164876937866
15.269821643829346,1.6253434120638925,1.6130692958831787,0.5111009478569031,0.35483330488204956
15.272887945175171,1.6259772051035895,1.6138323545455933,0.2563057839870453,0.3488517701625824
15.275953531265259,1.626609979293508,1.6145952939987183,0.4325474798679352,0.40909436345100403
15.279020071029663,1.627242069622734,1.6149767637252808,0.3761501610279083,0.38687723875045776
15.282063245773315,1.6278684637776464,1.6157397031784058,0.4466468393802643,0.27664607763290405
15.285130023956299,1.6284988201278219,1.6165026426315308,0.5624628067016602,0.2843366265296936
15.288195848464966,1.629128071844763,1.6172655820846558,0.4305332899093628,0.33859768509864807
15.29126238822937,1.6297565522328084,1.6176470518112183,0.2522774040699005,0.25998321175575256
15.294328212738037,1.6303839587838644,1.6187914609909058,0.5141222476959229,0.23434805870056152
15.29739761352539,1.6310111591087573,1.6191729307174683,0.37212178111076355,0.24289311468601227
15.300438165664673,1.6316315298931128,1.6199358701705933,0.3811856210231781,0.2228122353553772
15.303569078445435,1.6322693554951622,1.6206988096237183,0.3358663320541382,0.19333180785179138
15.306639432907104,1.6328938674669387,1.6210802793502808,0.2059510201215744,0.26083773374557495
15.30970573425293,1.6335165803840745,1.6218433380126953,0.17775234580039978,0.21554894745349884
15.312774419784546,1.6341387930843594,1.6226062774658203,0.42449072003364563,0.35696956515312195
15.31585144996643,1.6347616996590042,1.6233692169189453,0.32780957221984863,0.2702372670173645
15.318924903869629,1.6353828752585375,1.6237506866455078,0.5493705868721008,0.3138170540332794
15.322000503540039,1.6360034677870683,1.6245136260986328,0.42348363995552063,0.40354010462760925
15.32506513595581,1.6366208264696627,1.6248950958251953,0.21702906489372253,0.31082627177238464
15.328133344650269,1.637237875552058,1.6256580352783203,0.17775234580039978,0.3159533143043518
15.331199407577515,1.6378534543926095,1.6260395050048828,0.35500115156173706,0.43729305267333984
15.33426547050476,1.6384679857506153,1.6268024444580078,0.32680246233940125,0.35568779706954956
15.337334394454956,1.6390820324562878,1.6275653839111328,0.40737012028694153,0.2719462811946869
15.340410947799683,1.6396965339889251,1.6279468536376953,0.26234835386276245,0.38944074511528015
15.343483686447144,1.6403091933903455,1.6287097930908203,0.2855115532875061,0.4321660101413727
15.346550703048706,1.640919626280423,1.6290913820266724,0.1576104313135147,0.40567636489868164
15.34961724281311,1.6415288708403737,1.6298543214797974,0.5332570672035217,0.45566490292549133
15.352685689926147,1.6421373909250263,1.6306172609329224,0.37312886118888855,0.37534141540527344
15.355751991271973,1.6427443738338938,1.6309987306594849,0.4718242287635803,0.29672694206237793
15.358818054199219,1.6433501894153903,1.6313802003860474,0.2895399332046509,0.4595101773738861
15.361884593963623,1.6439549698682683,1.6321431398391724,0.40837720036506653,0.3949950337409973
15.364951372146606,1.6445586587950747,1.6329060792922974,0.42449072003364563,0.47916379570961
15.368017435073853,1.6451610597706179,1.6336690187454224,0.38924238085746765,0.383031964302063
15.371065139770508,1.6457587082500078,1.6340504884719849,0.2552987039089203,0.3497062623500824
15.374133348464966,1.6463592149306556,1.6348134279251099,0.4124055802822113,0.3804684579372406
15.37719988822937,1.6469582205361302,1.6355763673782349,0.31169605255126953,0.3979858160018921
15.380265951156616,1.6475559502634936,1.6359578371047974,0.3358663320541382,0.3633783459663391
15.383332014083862,1.6481524884743894,1.6363393068313599,0.39024949073791504,0.40268558263778687
15.38639783859253,1.6487477800663146,1.6371023654937744,0.3952849507331848,0.3774776756763458
15.389463901519775,1.6493419087895693,1.6378653049468994,0.3811856210231781,0.3351796865463257
15.392529964447021,1.649934819483734,1.638246774673462,0.2573128938674927,0.2894636392593384
15.395598649978638,1.650527008925323,1.639009714126587,0.20897230505943298,0.3787594437599182
15.398676633834839,1.6511197493640422,1.6393911838531494,0.3167315125465393,0.41849392652511597
15.40174388885498,1.6517091761482703,1.6401541233062744,0.3972991406917572,0.4103761315345764
15.404810428619385,1.652297211776982,1.6409170627593994,0.41844815015792847,0.46634623408317566
15.407876014709473,1.6528838028268429,1.641298532485962,0.4466468393802643,0.4407110810279846
15.410944700241089,1.6534697148024882,1.6416800022125244,0.143511101603508,0.40610361099243164
15.414020538330078,1.6540557064475225,1.6424429416656494,0.21400777995586395,0.5270161032676697
15.417065620422363,1.6546345618047213,1.642824411392212,0.40737012028694153,0.4479743540287018
15.420131206512451,1.655216022992691,1.6432058811187744,0.2240787297487259,0.4919813871383667
15.423197031021118,1.6557962244253681,1.6439688205718994,0.4587319791316986,0.41763943433761597
15.426263093948364,1.6563751571855132,1.644731879234314,0.2855115532875061,0.4475471079349518
15.429328680038452,1.6569526777804573,1.6451133489608765,0.5040512681007385,0.31338977813720703
15.432395219802856,1.6575290468173631,1.645494818687439,0.24925611913204193,0.3638055920600891
15.43546462059021,1.6581046117328833,1.646257758140564,0.17976653575897217,0.39029526710510254
15.438536882400513,1.6586793601981087,1.647020697593689,0.11531242728233337,0.45481041073799133
15.441619634628296,1.6592547020460928,1.6474021673202515,0.23112840950489044,0.48599985241889954
15.444689512252808,1.6598262696323818,1.6481651067733765,0.23918516933918,0.5714503526687622
15.44775676727295,1.6603959736034968,1.6489280462265015,0.40837720036506653,0.4167849123477936
15.450822830200195,1.6609640737636815,1.649309515953064,0.4144197702407837,0.4155031740665436
15.453888893127441,1.6615307833632933,1.650072455406189,0.3771572411060333,0.4137941598892212
15.456955194473267,1.662096137893728,1.6504539251327515,0.2371709793806076,0.3210803270339966
15.460021018981934,1.6626599972502638,1.6512168645858765,0.43556877970695496,0.2540016770362854
15.463065147399902,1.663218465805446,1.6519798040390015,0.3449302017688751,0.2676737606525421
15.46613359451294,1.663779975197692,1.6523613929748535,0.15358205139636993,0.32278934121131897
15.469202041625977,1.6643400499987122,1.6531243324279785,0.4778667986392975,0.41721218824386597
15.472269058227539,1.6648984217842748,1.653505802154541,0.330830842256546,0.2715190351009369
15.475335359573364,1.6654552139926864,1.654268741607666,0.2875257432460785,0.3168078064918518
15.478401184082031,1.666010462496975,1.655031681060791,0.30766767263412476,0.24332036077976227
15.481467485427856,1.6665643317719894,1.655794620513916,0.29759669303894043,0.3338979184627533
15.484534502029419,1.6671168558021954,1.6561760902404785,0.27946898341178894,0.3031357228755951
15.487600564956665,1.6676677258991919,1.6569390296936035,0.40837720036506653,0.29544517397880554
15.490666627883911,1.6682171059196436,1.657320499420166,0.32378119230270386,0.3296253979206085
15.493732929229736,1.6687650302530765,1.658083438873291,0.42449072003364563,0.31039902567863464
15.496801376342773,1.6693118298344432,1.6584649085998535,0.32780957221984863,0.2856183648109436
15.4998779296875,1.6698585510895538,1.6592278480529785,0.26234835386276245,0.4159304201602936
15.502949476242065,1.6704028533176174,1.659609317779541,0.32176700234413147,0.2390478402376175
15.506015539169312,1.6709446517601436,1.6603723764419556,0.425497829914093,0.3142443001270294
15.50906252861023,1.6714815553836493,1.660753846168518,0.2210574448108673,0.41934844851493835
15.512130975723267,1.672020696317006,1.6611353158950806,0.12941177189350128,0.3689326345920563
15.51520848274231,1.6725598650930906,1.6618982553482056,0.1908445805311203,0.29629969596862793
15.518277645111084,1.6730960039318044,1.6626611948013306,0.43456166982650757,0.4142214059829712
15.521345138549805,1.673630278680538,1.663042664527893,0.40535593032836914,0.3779049217700958
15.524410963058472,1.674162683973066,1.6634241342544556,0.2210574448108673,0.443701833486557
15.52747893333435,1.6746938739802024,1.663805603981018,0.3187457025051117,0.4637826979160309
15.530547618865967,1.6752235909039144,1.664568543434143,0.39125657081604004,0.43643853068351746
15.533620595932007,1.675752440274988,1.6649500131607056,0.29457542300224304,0.43430227041244507
15.536688566207886,1.6762788145842846,1.665331482887268,0.35802242159843445,0.5940947532653809
15.539764404296875,1.676804912615549,1.6657129526138306,0.2663767337799072,0.41721218824386597
15.542831897735596,1.677327953917664,1.6664758920669556,0.2683909237384796,0.3984130620956421
15.545897722244263,1.6778490769767878,1.666857361793518,0.27745479345321655,0.35996031761169434
15.548965692520142,1.6783689220805456,1.667620301246643,0.2855115532875061,0.5419699549674988
15.552034378051758,1.67888723681275,1.6680018901824951,0.2734264135360718,0.4274662435054779
15.555063247680664,1.6793971991848091,1.6687648296356201,0.3852140009403229,0.3509880304336548
15.558129072189331,1.6799117296030326,1.6691462993621826,0.32277408242225647,0.383031964302063
15.561197757720947,1.6804250662580644,1.6695277690887451,0.10121309012174606,0.3693598806858063
15.564263820648193,1.6809362840220516,1.6699092388153076,0.13243305683135986,0.3501335084438324
15.56732964515686,1.681445775181664,1.6706721782684326,0.17070268094539642,0.38773176074028015
15.570396184921265,1.6819536902631336,1.6714351177215576,0.38823530077934265,0.37106889486312866
15.573461771011353,1.682459745499521,1.6718165874481201,0.30968186259269714,0.4633554518222809
15.576527833938599,1.682964169918279,1.6725795269012451,0.48390936851501465,0.35867857933044434
15.579596042633057,1.6834672283980667,1.6729609966278076,0.2683909237384796,0.38602274656295776
15.582664728164673,1.6839686376207474,1.6733424663543701,0.3479514718055725,0.46805524826049805
15.585731029510498,1.6844679242732015,1.6741054058074951,0.28047609329223633,0.3680781126022339
15.588796854019165,1.6849653939416518,1.6744868755340576,0.24724192917346954,0.46976426243782043
15.591863632202148,1.6854612709508607,1.6748683452606201,0.2683909237384796,0.32877087593078613
15.594918489456177,1.6859534756159065,1.6756312847137451,0.304646372795105,0.39157700538635254
15.597985029220581,1.6864458038602432,1.6760128736495972,0.2361638844013214,0.383459210395813
15.601051330566406,1.6869363246453244,1.6763943433761597,0.365072101354599,0.4274662435054779
15.60412335395813,1.6874259794186917,1.6771572828292847,0.33989471197128296,0.45224690437316895
15.607193231582642,1.68791350372263,1.6775387525558472,0.17170977592468262,0.2723735272884369
15.610264539718628,1.6883994588643427,1.6779202222824097,0.23012131452560425,0.3697871267795563
15.613340616226196,1.6888843602741028,1.6783016920089722,0.33989471197128296,0.444129079580307
15.61640977859497,1.6893663610430114,1.6790646314620972,0.32579538226127625,0.4719005227088928
15.619477033615112,1.6898462481043055,1.6794461011886597,0.035751886665821075,0.34287023544311523
15.62254285812378,1.6903240918971814,1.6798275709152222,0.35600823163986206,0.3804684579372406
15.625610113143921,1.6908003312450888,1.6802090406417847,0.21803615987300873,0.5188983082771301
15.628677129745483,1.6912746988819463,1.6809719800949097,0.12236209958791733,0.35867857933044434
15.631744146347046,1.6917472248507075,1.6813534498214722,0.20897230505943298,0.442847341299057
15.634810209274292,1.6922177560655216,1.6817349195480347,0.27846190333366394,0.3680781126022339
15.63787841796875,1.692686760107432,1.6824978590011597,0.30766767263412476,0.48172733187675476
15.640954494476318,1.6931550955435526,1.6828793287277222,0.41744107007980347,0.3338979184627533
15.644023895263672,1.6936205400561106,1.6832607984542847,0.18480201065540314,0.37363240122795105
15.647062540054321,1.6940794694678678,1.6836423873901367,0.14552529156208038,0.38602274656295776
15.65012812614441,1.6945405945230958,1.6844053268432617,0.2653696537017822,0.4804455637931824
15.653194427490234,1.6949999380877216,1.6847867965698242,0.36003661155700684,0.34799724817276
15.656267404556274,1.6954583793798357,1.6855497360229492,0.2683909237384796,0.34030669927597046
15.659333229064941,1.6959138490717613,1.6859312057495117,0.3006179928779602,0.37192338705062866
15.662400007247925,1.696367550458948,1.6863126754760742,0.4093843102455139,0.42063018679618835
15.665466070175171,1.696819229681171,1.6870756149291992,0.4285190999507904,0.4133669137954712
15.668531656265259,1.697268916274945,1.6874570846557617,0.5755550265312195,0.26126497983932495
15.671602010726929,1.6977173689210576,1.6878385543823242,0.21400777995586395,0.3450064957141876
15.67467212677002,1.6981638453818437,1.6886014938354492,0.27544060349464417,0.30869001150131226
15.677740573883057,1.6986081327926617,1.6889829635620117,0.1273975670337677,0.32620736956596375
15.680809259414673,1.6990505020759654,1.6893644332885742,0.48592355847358704,0.3356069326400757
15.683875322341919,1.6994905365055266,1.6901273727416992,0.09013504534959793,0.30997177958488464
15.686943769454956,1.699928948329325,1.6905088424682617,0.2502632141113281,0.286900132894516
15.69001293182373,1.7003654895979197,1.6908903121948242,0.15660333633422852,0.2668192684650421
15.693062782287598,1.700797323229426,1.6916533708572388,0.3499656617641449,0.35483330488204956
15.696129083633423,1.701229509280812,1.6920348405838013,0.29155412316322327,0.3514152765274048
15.6992027759552,1.7016607412556115,1.6924163103103638,0.2714122235774994,0.383031964302063
15.702269077301025,1.7020889388798237,1.6927977800369263,0.07200732082128525,0.3488517701625824
15.705334663391113,1.7025150359499457,1.6931792497634888,0.2683909237384796,0.3291981518268585
15.70840072631836,1.702939192066991,1.6935607194900513,0.14955367147922516,0.4137941598892212
15.711469173431396,1.7033616619761258,1.6943236589431763,0.27544060349464417,0.4625009596347809
15.714545488357544,1.7037831842512159,1.6947051286697388,0.23918516933918,0.29587242007255554
15.717618703842163,1.7042022451342949,1.6950865983963013,0.1102769523859024,0.3138170540332794
15.720685243606567,1.704618360448667,1.6954680681228638,0.31270313262939453,0.43729305267333984
15.723751306533813,1.7050323722901055,1.6958495378494263,0.14653238654136658,0.40311282873153687
15.72681736946106,1.7054443393753973,1.6966124773025513,0.26134127378463745,0.3514152765274048
15.729882955551147,1.7058541919980654,1.6969939470291138,0.3509727716445923,0.3962768018245697
15.732948780059814,1.7062620199396414,1.6973754167556763,0.08409246802330017,0.46720072627067566
15.73601746559143,1.7066681628860474,1.6977568864822388,0.4305332899093628,0.3509880304336548
15.739064931869507,1.7070694463282399,1.6981383562088013,0.2049439251422882,0.3458609879016876
15.742141246795654,1.7074724493744924,1.6985198259353638,0.2663767337799072,0.46976426243782043
15.745209455490112,1.7078723038486419,1.6989012956619263,0.3459372818470001,0.35867857933044434
15.748275756835938,1.7082698218661383,1.6992828845977783,0.12034790217876434,0.4120851457118988
15.7513427734375,1.7086653387354285,1.6996643543243408,0.054886702448129654,0.41806668043136597
15.754408836364746,1.709058633607163,1.7000458240509033,0.27946898341178894,0.4283207356929779
15.757474899291992,1.7094498239527478,1.7004272937774658,0.2401922643184662,0.4607919454574585
15.76054072380066,1.7098388737920858,1.7008087635040283,0.32780957221984863,0.4313115179538727
15.763607501983643,1.7102259278839917,1.7011902332305908,0.08812084794044495,0.37106889486312866
15.766673564910889,1.7106107696026738,1.7015717029571533,0.16868849098682404,0.4146486520767212
15.769739151000977,1.7109934243993121,1.7019531726837158,0.24623483419418335,0.29074540734291077
15.772804737091064,1.7113739466112352,1.7023346424102783,0.21400777995586395,0.46506446599960327
15.775870561599731,1.7117523599359359,1.7027161121368408,0.16365301609039307,0.45566490292549133
15.778939247131348,1.7121289792101864,1.7030975818634033,0.08409246802330017,0.4129396378993988
15.782010793685913,1.7125037928172229,1.7034790515899658,0.4154268801212311,0.49881741404533386
15.785068035125732,1.7128747125158053,1.7038605213165283,0.2512703239917755,0.46976426243782043
15.78813648223877,1.7132448311495097,1.7042419910430908,0.22005034983158112,0.4586556851863861
15.791202783584595,1.7136125231946613,1.7046234607696533,0.16365301609039307,0.40140384435653687
15.794270038604736,1.713978156117765,1.7050049304962158,0.1747310608625412,0.45181962847709656
15.797336101531982,1.714341468957862,1.7053864002227783,0.2522774040699005,0.6556191444396973
15.800404787063599,1.7147029068100152,1.7053864002227783,0.016617074608802795,0.6278477311134338
15.803472995758057,1.7150620969493984,1.7061493396759033,0.2663767337799072,0.504798948764801
15.806538820266724,1.7154188138179793,1.7061493396759033,0.0790569931268692,0.45566490292549133
15.80960488319397,1.7157733595692894,1.7069122791290283,0.1928587704896927,0.46591898798942566
15.812674045562744,1.7161260561743914,1.7072938680648804,0.05992217734456062,0.47147324681282043
15.81575083732605,1.7164774073430191,1.7076753377914429,0.16969558596611023,0.383459210395813
15.818821430206299,1.7168258271907642,1.7080568075180054,0.18278782069683075,0.5005264282226562
15.82188892364502,1.7171716723221297,1.7080568075180054,0.035751886665821075,0.4291752576828003
15.824954986572266,1.7175151306874419,1.7088197469711304,0.18480201065540314,0.47873654961586
15.828023433685303,1.7178566234613633,1.7088197469711304,0.21702906489372253,0.5676050782203674
15.83106279373169,1.718192672221565,1.7095826864242554,0.2210574448108673,0.382604718208313
15.834129333496094,1.71852949522206,1.7095826864242554,0.19386588037014008,0.47830930352211
15.837204217910767,1.7188649797837077,1.7099641561508179,0.26033416390419006,0.538551926612854
15.840280532836914,1.719198355772662,1.7103456258773804,0.3640649914741516,0.4774547815322876
15.843349695205688,1.7195286944075396,1.7107270956039429,0.11329823732376099,0.4761730432510376
15.846416473388672,1.7198565145421114,1.7111085653305054,0.21098649501800537,0.5282978415489197
15.849485158920288,1.7201822705675673,1.7114900350570679,0.12941177189350128,0.42447546124458313
15.852551221847534,1.7205054775644197,1.7118715047836304,0.2220645397901535,0.42105746269226074
15.855616807937622,1.7208263603716212,1.7122529745101929,0.05891508236527443,0.4898451268672943
15.858682632446289,1.7211449893591464,1.7126344442367554,0.05085831880569458,0.33817043900489807
15.861749649047852,1.7214614573139881,1.7130159139633179,0.2845044732093811,0.4304569959640503
15.864818572998047,1.7217758298690955,1.7133973836898804,0.2059510201215744,0.3672236204147339
15.867958307266235,1.722095078284562,1.7137788534164429,-0.09718471020460129,0.34158846735954285
15.871144771575928,1.7224166143082051,1.7141603231430054,0.13142596185207367,0.3791866898536682
15.87426471710205,1.722729028271491,1.7145417928695679,0.3167315125465393,0.3984130620956421
15.877384662628174,1.7230390529564172,1.71492338180542,0.366079181432724,0.29373615980148315
15.880502462387085,1.7233464728458465,1.71492338180542,-0.02366674318909645,0.4770275354385376
15.8836030960083,1.723649824412438,1.715686321258545,0.27745479345321655,0.48642709851264954
15.886672496795654,1.723947782294495,1.715686321258545,0.18782329559326172,0.49881741404533386
15.88973879814148,1.724243112210648,1.7160677909851074,0.26234835386276245,0.40909436345100403
15.892808198928833,1.7245364068100282,1.71644926071167,0.24623483419418335,0.40311282873153687
15.895883798599243,1.7248279472656398,1.7168307304382324,0.1898374855518341,0.3210803270339966
15.898960590362549,1.7251172461595419,1.717212200164795,0.3459372818470001,0.4744640290737152
15.902028322219849,1.7254033442579588,1.7175936698913574,0.13948272168636322,0.41892117261886597
15.905068635940552,1.7256845670281193,1.71797513961792,0.10624857246875763,0.32492560148239136
15.908137321472168,1.7259660696449246,1.7183566093444824,0.30666056275367737,0.502662718296051
15.911203384399414,1.726244975155987,1.7183566093444824,0.1908445805311203,0.3796139359474182
15.914270162582397,1.7265215852464164,1.718738079071045,0.19688716530799866,0.5287250876426697
15.917337417602539,1.7267958729263926,1.7191195487976074,0.1445181965827942,0.37235066294670105
15.920408725738525,1.7270681486755508,1.71950101852417,0.3016250729560852,0.47788205742836
15.923476934432983,1.7273377732574289,1.71950101852417,-0.0790569931268692,0.30569925904273987
15.926543712615967,1.7276048945873748,1.7198824882507324,0.12336919456720352,0.34842449426651
15.929609298706055,1.7278695325161166,1.720263957977295,0.2361638844013214,0.444129079580307
15.932677030563354,1.72813197014228,1.7206454277038574,0.29658961296081543,0.42233920097351074
15.935743570327759,1.7283919169105362,1.72102689743042,0.08912795037031174,0.4419928193092346
15.938811302185059,1.7286495710619818,1.7214083671569824,0.18077363073825836,0.34201571345329285
15.941880226135254,1.7289049259743243,1.7214083671569824,-0.04078736528754234,0.4304569959640503
15.94495701789856,1.7291585226621011,1.721789836883545,0.18178072571754456,0.40524908900260925
15.9480299949646,1.7294093896772345,1.7221713066101074,-0.01762416958808899,0.37149614095687866
15.951066017150879,1.7296548657741717,1.72255277633667,0.18782329559326172,0.43686580657958984
15.954134225845337,1.7299005432899566,1.722934365272522,0.43859007954597473,0.38858625292778015
15.957200050354004,1.7301436154120693,1.722934365272522,0.1767452508211136,0.38901349902153015
15.960272073745728,1.7303847545131432,1.7233158349990845,0.21803615987300873,0.29587242007255554
15.963340282440186,1.730623168169855,1.723697304725647,0.2230716347694397,0.3309071362018585
15.966409683227539,1.7308592449944362,1.723697304725647,-0.016617074608802795,0.39157700538635254
15.96947956085205,1.731092924479983,1.7240787744522095,0.03978027030825615,0.4150759279727936
15.972546339035034,1.7313239340467892,1.724460244178772,0.20393683016300201,0.37405967712402344
15.975612878799438,1.7315524897469177,1.7248417139053345,0.18077363073825836,0.3949950337409973
15.978679180145264,1.7317785887549304,1.725223183631897,0.051865413784980774,0.32620736956596375
15.98175311088562,1.732002799019879,1.725223183631897,0.18681620061397552,0.49796292185783386
15.984819889068604,1.7322240384583028,1.7256046533584595,-0.06495765596628189,0.38644999265670776
15.98788571357727,1.7324427606809054,1.725986123085022,0.30565345287323,0.4167849123477936
15.990954399108887,1.732659232298257,1.7263675928115845,0.3469443917274475,0.30869001150131226
15.994025945663452,1.7328734432178334,1.7263675928115845,0.1414969116449356,0.3180895745754242
15.997075080871582,1.7330836512435643,1.726749062538147,0.04078736528754234,0.3612420856952667
16.00015163421631,1.7332932824653209,1.726749062538147,0.038773175328969955,0.44925612211227417
16.003228425979614,1.733500448461799,1.7271305322647095,0.2875257432460785,0.38730448484420776
16.006298065185547,1.7337046568595467,1.7271305322647095,0.08509956300258636,0.3800412118434906
16.009366750717163,1.7339063268044015,1.727512001991272,0.22005034983158112,0.33987945318222046
16.01243305206299,1.7341053653269827,1.7278934717178345,0.426504909992218,0.3501335084438324
16.01550006866455,1.73430197268009,1.7278934717178345,0.16667430102825165,0.3505607545375824
16.018574476242065,1.7344965640386476,1.728274941444397,0.1576104313135147,0.3663691282272339
16.02164125442505,1.7346881861048284,1.7286564111709595,0.2502632141113281,0.4001220762729645
16.024707794189453,1.7348773074064658,1.7286564111709595,0.1263904720544815,0.26254671812057495
16.02777338027954,1.7350638824744313,1.729037880897522,0.3691004812717438,0.46677348017692566
16.030839443206787,1.735247996181714,1.7294193506240845,0.11631952226161957,0.33859768509864807
16.033907413482666,1.735429728787333,1.7294193506240845,0.12437628954648972,0.4748912751674652
16.036972761154175,1.7356088101336562,1.729800820350647,-0.04179446026682854,0.3159533143043518
16.04004168510437,1.7357855985382555,1.729800820350647,0.06596475094556808,0.3351796865463257
16.04312825202942,1.7359608756684806,1.7301822900772095,0.057907987385988235,0.27707332372665405
16.046204090118408,1.7361330192655309,1.7305638790130615,0.23515678942203522,0.45011061429977417
16.0492742061615,1.7363023272024158,1.7305638790130615,0.17070268094539642,0.3458609879016876
16.052340507507324,1.7364689138599845,1.730945348739624,-0.04179446026682854,0.34714275598526
16.05540704727173,1.7366330013539764,1.730945348739624,-0.03776608034968376,0.3988403081893921
16.058473587036133,1.7367945741972983,1.7313268184661865,-0.18480201065540314,0.37405967712402344
16.061539888381958,1.7369536177222167,1.7313268184661865,-0.01359578873962164,0.3458609879016876
16.064606428146362,1.7371101542996434,1.7313268184661865,-0.02366674318909645,0.4445563554763794
16.067673444747925,1.7372641928934496,1.731708288192749,0.07200732082128525,0.37277790904045105
16.07073974609375,1.7374156716387326,1.7320897579193115,0.0941634252667427,0.4445563554763794
16.07380771636963,1.737564704887839,1.7320897579193115,0.09013504534959793,0.4454108476638794
16.076874017715454,1.7377111282844933,1.7320897579193115,0.24119935929775238,0.47830930352211
16.079940795898438,1.7378550435939388,1.732471227645874,-0.11631952226161957,0.40354010462760925
16.083007335662842,1.737996414819086,1.732471227645874,0.11833371222019196,0.4736095070838928
16.0860652923584,1.738134866091936,1.7328526973724365,0.13344015181064606,0.4757457971572876
16.089131355285645,1.73827115156737,1.7328526973724365,0.09114214032888412,0.3625238537788391
16.09220051765442,1.7384050327741547,1.7328526973724365,0.09114214032888412,0.539406418800354
16.095277786254883,1.7385367121788449,1.733234167098999,0.007553216069936752,0.5287250876426697
16.098358392715454,1.7386659695003637,1.733234167098999,0.04582284390926361,0.43900206685066223
16.10143518447876,1.738792503292239,1.7336156368255615,0.32378119230270386,0.42447546124458313
16.104506254196167,1.7389162451370268,1.7336156368255615,0.2361638844013214,0.34799724817276
16.10757350921631,1.7390372819473205,1.7336156368255615,0.173723965883255,0.48642709851264954
16.110640048980713,1.739155739882241,1.7336156368255615,-0.18379491567611694,0.43472954630851746
16.11370611190796,1.7392716278801879,1.733997106552124,-0.10926985740661621,0.4727550148963928
16.116772413253784,1.7393849715526,1.7343785762786865,0.13847562670707703,0.45523765683174133
16.119839668273926,1.739495794165464,1.7343785762786865,-0.007553216069936752,0.48386359214782715
16.12290596961975,1.739604025159265,1.7343785762786865,0.13444724678993225,0.40738537907600403
16.125972270965576,1.7397096977815794,1.7343785762786865,0.07603570818901062,0.4313115179538727
16.12904143333435,1.739812905477214,1.734760046005249,0.1908445805311203,0.442847341299057
16.132063388824463,1.7399120183886267,1.734760046005249,0.10826276242733002,0.46890974044799805
16.135130167007446,1.7400100563636813,1.7351415157318115,0.05589379742741585,0.4137941598892212
16.13819670677185,1.74010552181859,1.7351415157318115,0.13746853172779083,0.3642328381538391
16.14126443862915,1.7401984566717608,1.7351415157318115,0.05891508236527443,0.43472954630851746
16.144341707229614,1.740289098844911,1.735522985458374,0.15458914637565613,0.42319372296333313
16.147416830062866,1.7403770935694263,1.7351415157318115,0.06797894090414047,0.443274587392807
16.150487184524536,1.7404623731989473,1.735522985458374,-0.002517738612368703,0.5671778321266174
16.153553247451782,1.7405449611159745,1.735522985458374,0.022659648209810257,0.3612420856952667
16.156619548797607,1.7406249832131637,1.735522985458374,0.018631266430020332,0.3450064957141876
16.15968656539917,1.7407024495459449,1.7359044551849365,-0.057907987385988235,0.4150759279727936
16.162752866744995,1.740777322832508,1.7359044551849365,0.12236209958791733,0.4753185212612152
16.16581916809082,1.7408496203272268,1.7359044551849365,-0.14653238654136658,0.32492560148239136
16.168885707855225,1.740919346277548,1.736285924911499,0.10524147748947144,0.3646601140499115
16.17195439338684,1.740986540009125,1.736285924911499,0.01359578873962164,0.46933698654174805
16.175026178359985,1.741051214782909,1.736285924911499,-0.032730601727962494,0.3317616581916809
16.17806577682495,1.741112663347412,1.736285924911499,-0.046829938888549805,0.5206072926521301
16.181137084960938,1.7411721771124127,1.7366673946380615,0.18379491567611694,0.43430227041244507
16.184203386306763,1.7412290100975392,1.7366673946380615,-0.12135500460863113,0.4454108476638794
16.18726921081543,1.7412832523488417,1.7366673946380615,-0.027695124968886375,0.4261844754219055
16.190334796905518,1.7413349081830067,1.737048864364624,0.047837033867836,0.4595101773738861
16.193403482437134,1.7413840294597125,1.737048864364624,-0.08912795037031174,0.4266117215156555
16.19648027420044,1.7414306814064877,1.737048864364624,-0.002517738612368703,0.40781262516975403
16.199557065963745,1.7414747301395848,1.737048864364624,0.0800640881061554,0.4603646993637085
16.202625274658203,1.7415160630076025,1.737048864364624,0.08711375296115875,0.4885633587837219
16.20569157600403,1.7415547826165076,1.737048864364624,0.07804989814758301,0.4607919454574585
16.208757638931274,1.7415909121815027,1.7374303340911865,0.10725566744804382,0.4941176474094391
16.21182346343994,1.7416244517697876,1.7374303340911865,0.04280155524611473,0.5539330244064331
16.214889526367188,1.7416554060999752,1.7374303340911865,0.027695124968886375,0.46976426243782043
16.217958450317383,1.7416837972637174,1.7374303340911865,0.06797894090414047,0.5547875165939331
16.22102999687195,1.7417096156822256,1.7374303340911865,0.10826276242733002,0.34457921981811523
16.224066495895386,1.7417325853085088,1.737811803817749,0.23414969444274902,0.48685434460639954
16.22714352607727,1.7417532705779961,1.737811803817749,0.07502861320972443,0.4411383271217346
16.230209589004517,1.7417712876094424,1.737811803817749,0.21199358999729156,0.43302053213119507
16.233275413513184,1.7417867133952434,1.737811803817749,0.08409246802330017,0.4317387640476227
16.23634147644043,1.7417995501056196,1.737811803817749,0.05891508236527443,0.4727550148963928
16.239411115646362,1.7418098066882166,1.737811803817749,0.010574501939117908,0.4573739171028137
16.242480516433716,1.7418174660109689,1.737811803817749,0.04078736528754234,0.3761959373950958
16.245556831359863,1.7418225373308998,1.737811803817749,-0.09718471020460129,0.40354010462760925
16.248632431030273,1.74182500011837,1.7381932735443115,0.1898374855518341,0.5701686143875122
16.251704692840576,1.7418248573886037,1.7381932735443115,0.01258869282901287,0.4266117215156555
16.254770755767822,1.741822121385674,1.7381932735443115,-0.049851223826408386,0.4885633587837219
16.257837057113647,1.741816793966404,1.7381932735443115,-0.04179446026682854,0.43430227041244507
16.26090383529663,1.741808873888976,1.7381932735443115,-0.051865413784980774,0.3975585699081421
16.263970375061035,1.7417983628159313,1.7381932735443115,-0.0941634252667427,0.3667963743209839
16.267037630081177,1.7417852570300305,1.7381932735443115,0.07603570818901062,0.3612420856952667
16.270068168640137,1.7417697621188346,1.7381932735443115,-0.0629434660077095,0.43772029876708984
16.273136854171753,1.7417514937356269,1.7381932735443115,0.1273975670337677,0.5300068855285645
16.276204347610474,1.7417306396752739,1.7381932735443115,0.05891508236527443,0.42148470878601074
16.279272079467773,1.7417071917316107,1.7385748624801636,0.3519798517227173,0.45139238238334656
16.282338619232178,1.741681162395488,1.7381932735443115,-0.006546120624989271,0.40396735072135925
16.285406827926636,1.7416525271647039,1.7381932735443115,-0.02064545638859272,0.4637826979160309
16.28847575187683,1.741621292344181,1.7381932735443115,-0.07502861320972443,0.45481041073799133
16.29154396057129,1.7415874729576577,1.7381932735443115,0.23918516933918,0.5496605038642883
16.294620275497437,1.741550962902294,1.7381932735443115,0.01359578873962164,0.5099260210990906
16.297696590423584,1.7415118486425294,1.7381932735443115,-0.19890135526657104,0.39029526710510254
16.30077290534973,1.741470130762906,1.7381932735443115,-0.029709314927458763,0.3697871267795563
16.303842067718506,1.7414259159532126,1.7381932735443115,-0.0005035477224737406,0.37534141540527344
16.30690836906433,1.7413791557317346,1.7381932735443115,-0.02668802998960018,0.4308842718601227
16.309974670410156,1.7413298107827901,1.7381932735443115,-0.004531929735094309,0.43515679240226746
16.31304383277893,1.741277832180152,1.7381932735443115,0.12034790217876434,0.3808957040309906
16.31612753868103,1.7412230008024527,1.7381932735443115,-0.1898374855518341,0.442420095205307
16.319194555282593,1.7411658755324277,1.7385748624801636,0.035751886665821075,0.43387502431869507
16.322263956069946,1.741106120077821,1.7381932735443115,0.07603570818901062,0.43472954630851746
16.325330018997192,1.7410438479279287,1.7381932735443115,0.1273975670337677,0.4616464376449585
16.32839608192444,1.740978996430159,1.7381932735443115,-0.015609979629516602,0.4466926157474518
16.331462621688843,1.7409115558599964,1.7381932735443115,0.024673838168382645,0.5637598037719727
16.33452820777893,1.7408415592801563,1.7381932735443115,-0.13847562670707703,0.37064164876937866
16.337594032287598,1.7407689814124538,1.7381932735443115,0.06999313086271286,0.4770275354385376
16.340662717819214,1.7406937573431405,1.7381932735443115,0.01258869282901287,0.37320515513420105
16.34374189376831,1.7406156843250853,1.7381932735443115,-0.09114214032888412,0.3360341787338257
16.346818208694458,1.740535092416751,1.7381932735443115,-0.05891508236527443,0.3685053884983063
16.34989094734192,1.7404520096878648,1.7381932735443115,-0.054886702448129654,0.32663461565971375
16.35296082496643,1.740366426153582,1.7381932735443115,-0.19789426028728485,0.3343251645565033
16.356029510498047,1.7402783016642092,1.7381932735443115,0.0015106431674212217,0.3761959373950958
16.359065771102905,1.740188576577089,1.7381932735443115,0.022659648209810257,0.46591898798942566
16.36213231086731,1.7400954019353,1.7381932735443115,-0.0317235067486763,0.2587014436721802
16.36519956588745,1.7399996385971002,1.7381932735443115,0.027695124968886375,0.29629969596862793
16.368265628814697,1.7399013481323036,1.7381932735443115,0.060929276049137115,0.34116122126579285
16.371331930160522,1.7398004873381192,1.7381932735443115,-0.04481574892997742,0.3138170540332794
16.37439775466919,1.739697081537602,1.737811803817749,-0.11833371222019196,0.38858625292778015
16.377464771270752,1.7395910750799644,1.737811803817749,-0.12236209958791733,0.3031357228755951
16.380531072616577,1.7394825348662817,1.737811803817749,0.22005034983158112,0.3646601140499115
16.38360023498535,1.7393713332323797,1.737811803817749,-0.11732661724090576,0.34158846735954285
16.386669158935547,1.739257580848456,1.737811803817749,-0.006546120624989271,0.26041045784950256
16.389735221862793,1.739141380488623,1.737811803817749,0.09819180518388748,0.3304798901081085
16.39280343055725,1.7390225450226533,1.737811803817749,-0.057907987385988235,0.22494849562644958
16.395881175994873,1.738900775362826,1.737811803817749,-0.030716411769390106,0.2240939885377884
16.39895987510681,1.738776399793844,1.737811803817749,-0.010574501939117908,0.3193713426589966
16.402036428451538,1.7386495468796335,1.737811803817749,0.02870221994817257,0.2715190351009369
16.405062675476074,1.7385222694296845,1.737811803817749,-0.07402151823043823,0.2561379373073578
16.40813159942627,1.7383906681349044,1.7374303340911865,-0.06495765596628189,0.23477530479431152
16.411198616027832,1.7382566062985383,1.7374303340911865,-0.0639505609869957,0.28177309036254883
16.4142644405365,1.7381200584994578,1.7374303340911865,-0.08207827806472778,0.27878233790397644
16.41733193397522,1.7379808987482865,1.7374303340911865,-0.15156786143779755,0.252719908952713
16.420398473739624,1.7378392472006252,1.7374303340911865,-0.0941634252667427,0.191622793674469
16.42346429824829,1.737695097015332,1.7374303340911865,0.10222018510103226,0.21725794672966003
16.426530122756958,1.7375484175878924,1.7374303340911865,-0.15257495641708374,0.27792781591415405
16.429596185684204,1.7373991993939448,1.737048864364624,0.15358205139636993,0.25955596566200256
16.43266272544861,1.7372474321614981,1.737048864364624,-0.0629434660077095,0.23007553815841675
16.435731649398804,1.7370930202142283,1.737048864364624,-0.08107118308544159,0.24161134660243988
16.43880033493042,1.7369360951530022,1.737048864364624,0.1747310608625412,0.18692301213741302
16.44186806678772,1.7367766973577423,1.7366673946380615,-0.010574501939117908,0.27963683009147644
16.444944858551025,1.7366142989062254,1.7366673946380615,0.0800640881061554,0.23007553815841675
16.448018789291382,1.7364495237801698,1.7366673946380615,-0.15660333633422852,0.22623026371002197
16.451066493988037,1.7362836626300497,1.7366673946380615,0.0317235067486763,0.19974060356616974
16.454139947891235,1.7361138899397937,1.736285924911499,-0.03675898537039757,0.24588388204574585
16.45720648765564,1.7359419894053842,1.736285924911499,0.002517738612368703,0.20144960284233093
16.460272312164307,1.7357676254525087,1.736285924911499,-0.22710002958774567,0.21255818009376526
16.463337659835815,1.7355907885690214,1.7359044551849365,-0.060929276049137115,0.1882047802209854
16.46640396118164,1.7354113982722892,1.7359044551849365,-0.06898603588342667,0.26211947202682495
16.469470262527466,1.7352295118534562,1.7359044551849365,-0.046829938888549805,0.24887464940547943
16.472535848617554,1.7350451753126455,1.735522985458374,-0.07301442325115204,0.2223849892616272
16.47560214996338,1.7348583053688873,1.735522985458374,-0.051865413784980774,0.17026016116142273
16.478668212890625,1.7346689623350497,1.735522985458374,-0.16466011106967926,0.16897840797901154
16.481735229492188,1.7344770745360198,1.7351415157318115,-0.22609293460845947,0.18692301213741302
16.484801054000854,1.7342827793595261,1.7351415157318115,-0.2855115532875061,0.23392081260681152
16.48786973953247,1.7340858208033167,1.7351415157318115,0.016617074608802795,0.26041045784950256
16.490935564041138,1.7338865690504868,1.734760046005249,-0.24119935929775238,0.1728236824274063
16.494004249572754,1.7336846551815712,1.734760046005249,-0.1284046620130539,0.17837797105312347
16.497068643569946,1.7334805545465406,1.734760046005249,-0.10725566744804382,0.23221179842948914
16.50015115737915,1.733272760780704,1.7343785762786865,-0.1102769523859024,0.15060654282569885
16.50322127342224,1.7330633272574663,1.7343785762786865,-0.0005035477224737406,0.19375905394554138
16.506293296813965,1.7328512939345793,1.733997106552124,-0.07804989814758301,0.2070038914680481
16.50935983657837,1.7326371784020473,1.733997106552124,0.06797894090414047,0.2364843189716339
16.512426614761353,1.7324205906220305,1.733997106552124,-0.01359578873962164,0.16855116188526154
16.515492916107178,1.7322015846107641,1.7336156368255615,-0.15358205139636993,0.18179598450660706
16.51855993270874,1.7319800781920198,1.7336156368255615,0.09214923530817032,0.21982146799564362
16.521625995635986,1.7317561954732212,1.733234167098999,-0.029709314927458763,0.19931334257125854
16.524691820144653,1.7315298889760131,1.7328526973724365,-0.10222018510103226,0.25955596566200256
16.5277578830719,1.731301126861819,1.7328526973724365,-0.1425040066242218,0.1762416958808899
16.530823707580566,1.731069948103361,1.732471227645874,-0.27544060349464417,0.20358586311340332
16.53389000892639,1.7308363019151236,1.732471227645874,-0.2361638844013214,0.23221179842948914
16.53695583343506,1.7306002644330891,1.7320897579193115,0.009567406959831715,0.1732509285211563
16.540023803710938,1.7303616352686806,1.7320897579193115,-0.19890135526657104,0.29202717542648315
16.543064832687378,1.7301227096599356,1.731708288192749,-0.10624857246875763,0.19589532911777496
16.54614567756653,1.72987823102031,1.731708288192749,-0.2079652100801468,0.21255818009376526
16.549213647842407,1.7296323523639074,1.7313268184661865,-0.24321354925632477,0.2211032211780548
16.552279949188232,1.7293841964866157,1.7313268184661865,0.18681620061397552,0.1762416958808899
16.55534863471985,1.7291334382162757,1.730945348739624,-0.2220645397901535,0.2578469514846802
16.558417081832886,1.72888029305949,1.730945348739624,-0.09315633028745651,0.1749599426984787
16.561483144760132,1.7286249448836193,1.7305638790130615,-0.07603570818901062,0.14847028255462646
16.564549684524536,1.7283671614484213,1.7305638790130615,-0.17070268094539642,0.26169222593307495
16.567615032196045,1.7281070877127596,1.7301822900772095,0.035751886665821075,0.18350499868392944
16.570680856704712,1.7278445867766405,1.729800820350647,-0.09114214032888412,0.18777751922607422
16.57374668121338,1.727579702806834,1.729800820350647,-0.13243305683135986,0.16427862644195557
16.576812982559204,1.7273123979818528,1.7294193506240845,-0.269398033618927,0.12967117130756378
16.57987904548645,1.7270427383445695,1.7294193506240845,-0.17976653575897217,0.1903410404920578
16.582944631576538,1.72677074969714,1.729037880897522,-0.15257495641708374,0.18393224477767944
16.586012840270996,1.7264961586001548,1.729037880897522,0.08207827806472778,0.13009841740131378
16.589062452316284,1.726220886590313,1.7286564111709595,-0.19386588037014008,0.18435950577259064
16.592130422592163,1.7259416023212353,1.728274941444397,-0.16466011106967926,0.13394369184970856
16.5952091217041,1.725658970917352,1.728274941444397,-0.2724193036556244,0.13479819893836975
16.59828519821167,1.7253742129243805,1.7278934717178345,-0.17976653575897217,0.13778896629810333
16.601361513137817,1.7250870705009207,1.727512001991272,-0.17775234580039978,0.16342411935329437
16.60443115234375,1.724798200694594,1.727512001991272,-0.11631952226161957,0.1741054356098175
16.607496976852417,1.7245073505988895,1.7271305322647095,-0.11430533230304718,0.19760432839393616
16.61056399345398,1.724214052550532,1.726749062538147,-0.16365301609039307,0.16983291506767273
16.613630294799805,1.7239184927586064,1.726749062538147,-0.05387960746884346,0.1723964363336563
16.616697549819946,1.7236205144748236,1.7263675928115845,-0.07100022584199905,0.221530482172966
16.61976385116577,1.7233203074186147,1.7263675928115845,-0.1425040066242218,0.16897840797901154
16.622830629348755,1.723017736535883,1.725986123085022,-0.0800640881061554,0.1604333519935608
16.62589716911316,1.7227128766170423,1.7256046533584595,-0.19588007032871246,0.1416342407464981
16.628966093063354,1.7224054690417692,1.7256046533584595,-0.1253833770751953,0.1433432549238205
16.63203525543213,1.7220957303561168,1.725223183631897,-0.2371709793806076,0.16214236617088318
16.63506555557251,1.7217876544529154,1.7248417139053345,-0.11934080719947815,0.2232394963502884
16.638134956359863,1.721473319551165,1.724460244178772,-0.3811856210231781,0.1108720526099205
16.64120626449585,1.721156493373017,1.7240787744522095,-0.14753948152065277,0.21811245381832123
16.64428949356079,1.7208361321745433,1.723697304725647,-0.400320440530777,0.1723964363336563
16.647359132766724,1.7205148932744163,1.723697304725647,-0.02870221994817257,0.16214236617088318
16.650426149368286,1.7201916518463862,1.723697304725647,-0.11631952226161957,0.22751201689243317
16.65349531173706,1.7198659106785907,1.722934365272522,-0.3701075613498688,0.1253986358642578
16.656561374664307,1.7195382323585673,1.722934365272522,-0.12135500460863113,0.1424887478351593
16.659627437591553,1.7192082939423508,1.72255277633667,-0.1918516755104065,0.08908216655254364
16.66269326210022,1.7188761262469785,1.7221713066101074,-0.1928587704896927,0.221530482172966
16.665760278701782,1.718541578164894,1.7221713066101074,-0.0951705202460289,0.2894636392593384
16.668826580047607,1.7182048621900892,1.7214083671569824,-0.270405113697052,0.21213091909885406
16.671892166137695,1.717865984891634,1.7214083671569824,-0.10222018510103226,0.12112611532211304
16.67495894432068,1.717524739937011,1.72102689743042,-0.051865413784980774,0.15060654282569885
16.678027391433716,1.7171810762108335,1.7206454277038574,-0.18077363073825836,0.19504082202911377
16.681065320968628,1.7168386349837472,1.720263957977295,-0.2673838436603546,0.15146104991436005
16.684131383895874,1.716490812687116,1.7198824882507324,-0.18480201065540314,0.11215381324291229
16.68719720840454,1.716140802838389,1.71950101852417,-0.24119935929775238,0.21939422190189362
16.690263509750366,1.7157885287187726,1.71950101852417,-0.2502632141113281,0.15146104991436005
16.69333243370056,1.7154337456970004,1.7191195487976074,-0.10826276242733002,0.19461356103420258
16.696410179138184,1.715075730092129,1.718738079071045,-0.16365301609039307,0.18692301213741302
16.699487447738647,1.7147155598679802,1.7183566093444824,-0.16868849098682404,0.22494849562644958
16.702558994293213,1.7143538609767535,1.7183566093444824,0.008560311049222946,0.13180743157863617
16.70562744140625,1.7139903394326013,1.7175936698913574,-0.15257495641708374,0.1587243527173996
16.708697080612183,1.7136244942640118,1.7175936698913574,-0.23414969444274902,0.1899137794971466
16.7117657661438,1.7132565863930225,1.717212200164795,-0.20897230505943298,0.1920500546693802
16.714831829071045,1.7128868251755742,1.7168307304382324,0.018631266430020332,0.13736172020435333
16.717897653579712,1.712514931607095,1.71644926071167,-0.16163882613182068,0.1890592873096466
16.720964431762695,1.7121407658500594,1.7160677909851074,-0.1102769523859024,0.1770962029695511
16.72403311729431,1.7117642140947007,1.715686321258545,-0.05992217734456062,0.1736781895160675
16.727062702178955,1.7113903527971266,1.7153048515319824,-0.1263904720544815,0.1766689568758011
16.730128526687622,1.7110098932590647,1.71492338180542,-0.15358205139636993,0.21255818009376526
16.733194828033447,1.7106272408886736,1.7145417928695679,-0.29155412316322327,0.21255818009376526
16.736261129379272,1.7102424603751665,1.7145417928695679,-0.22911421954631805,0.21853971481323242
16.739327430725098,1.7098555574315122,1.7137788534164429,-0.26234835386276245,0.18179598450660706
16.742396354675293,1.7094662041697797,1.7133973836898804,-0.270405113697052,0.2061493843793869
16.745473384857178,1.7090736995759994,1.7130159139633179,-0.27544060349464417,0.19333180785179138
16.748546600341797,1.7086795656872569,1.7126344442367554,-0.13243305683135986,0.21939422190189362
16.75161337852478,1.7082841552836685,1.7126344442367554,-0.08409246802330017,0.2501564025878906
16.754682064056396,1.7078864030006424,1.7122529745101929,-0.13746853172779083,0.26083773374557495
16.757750988006592,1.707486528874757,1.7114900350570679,-0.2542915940284729,0.24246585369110107
16.760817050933838,1.7070849453729005,1.7114900350570679,-0.06797894090414047,0.2531471848487854
16.763883113861084,1.7066812866443715,1.7107270956039429,-0.11833371222019196,0.23562981188297272
16.76694893836975,1.706275590311398,1.7103456258773804,-0.3197528123855591,0.1890592873096466
16.770017623901367,1.7058674496056483,1.7099641561508179,-0.20292973518371582,0.24289311468601227
16.773062467575073,1.705460443173849,1.7095826864242554,-0.2865186631679535,0.22751201689243317
16.77612853050232,1.7050485563499254,1.7092012166976929,-0.1767452508211136,0.20401312410831451
16.779194116592407,1.704634689063368,1.7088197469711304,-0.19990845024585724,0.2082856446504593
16.782260417938232,1.7042186862829045,1.7084382772445679,-0.23314259946346283,0.3009994626045227
16.78532648086548,1.703800683092371,1.7080568075180054,-0.28047609329223633,0.2240939885377884
16.788392066955566,1.703380718910827,1.7076753377914429,-0.33989471197128296,0.24972915649414062
16.791458129882812,1.7029586693260057,1.7072938680648804,-0.16667430102825165,0.23050278425216675
16.79452633857727,1.70253430828694,1.7069122791290283,-0.2240787297487259,0.2202487289905548
16.79760503768921,1.7021064755293076,1.7065308094024658,-0.23213550448417664,0.23392081260681152
16.800681352615356,1.7016769585816176,1.7057678699493408,-0.2583199739456177,0.23392081260681152
16.803748607635498,1.7012467071321369,1.7057678699493408,-0.11934080719947815,0.2236667424440384
16.806814908981323,1.700814600279886,1.7050049304962158,-0.4124055802822113,0.2369115799665451
16.80988097190857,1.7003805448054732,1.7046234607696533,-0.047837033867836,0.24844738841056824
16.812949180603027,1.6999442077871452,1.7042419910430908,-0.043808650225400925,0.23306630551815033
16.8160183429718,1.6995057622463585,1.7038605213165283,-0.15257495641708374,0.24203860759735107
16.81906247138977,1.6990689502291036,1.7034790515899658,-0.2986038029193878,0.24502937495708466
16.822128534317017,1.6986270415408518,1.7030975818634033,-0.1767452508211136,0.30740824341773987
16.825194835662842,1.698183148593547,1.7027161121368408,-0.3771572411060333,0.2668192684650421
16.82826066017151,1.6977373817471408,1.7023346424102783,-0.2542915940284729,0.29031816124916077
16.831327438354492,1.6972895391743432,1.7019531726837158,-0.2502632141113281,0.29416343569755554
16.834393739700317,1.696839835970173,1.7011902332305908,-0.31068894267082214,0.24545662105083466
16.83746075630188,1.6963881037574613,1.7011902332305908,-0.1606317162513733,0.3163805603981018
16.840530395507812,1.6959340651863244,1.7004272937774658,-0.29256123304367065,0.26126497983932495
16.84360694885254,1.6954770833104154,1.7000458240509033,-0.19789426028728485,0.251865416765213
16.846678495407104,1.6950189338474504,1.6996643543243408,-0.09819180518388748,0.26211947202682495
16.8497474193573,1.6945592751099257,1.6992828845977783,-0.2522774040699005,0.26382848620414734
16.852813243865967,1.6940981906560557,1.6989012956619263,-0.31068894267082214,0.21426717936992645
16.855879306793213,1.6936351879808054,1.6985198259353638,-0.269398033618927,0.221957728266716
16.858948230743408,1.6931698750773467,1.6981383562088013,-0.06999313086271286,0.16171512007713318
16.862025499343872,1.692701417168492,1.6977568864822388,-0.34190890192985535,0.2057221382856369
16.86506485939026,1.6922368892911284,1.6973754167556763,-0.1596246212720871,0.18094147741794586
16.86813187599182,1.6917662868859689,1.6966124773025513,-0.4627603590488434,0.17965972423553467
16.871198415756226,1.691293909107138,1.6962310075759888,-0.13344015181064606,0.1749599426984787
16.87426495552063,1.6908196899475585,1.6958495378494263,-0.4627603590488434,0.18564125895500183
16.877331256866455,1.690343673532742,1.6954680681228638,-0.2834973633289337,0.13437095284461975
16.880398273468018,1.6898657184560344,1.6950865983963013,-0.27544060349464417,0.13650721311569214
16.88346529006958,1.6893859426406121,1.6947051286697388,-0.20393683016300201,0.10830853879451752
16.886532068252563,1.6889043907204877,1.6943236589431763,-0.40434882044792175,0.13052567839622498
16.88959789276123,1.688421183211922,1.6939421892166138,-0.21501487493515015,0.13607995212078094
16.892667055130005,1.68793564880272,1.6935607194900513,-0.24422064423561096,0.13992522656917572
16.895744800567627,1.6874469544662776,1.6931792497634888,-0.19990845024585724,0.16726939380168915
16.898822784423828,1.686956424745741,1.6924163103103638,-0.3620508015155792,0.1108720526099205
16.901902437210083,1.6864638373391094,1.6920348405838013,-0.36003661155700684,0.11343556642532349
16.90497374534607,1.6859708070691977,1.6916533708572388,-0.37212178111076355,0.12240787595510483
16.908039808273315,1.6854768555033606,1.6912717819213867,-0.08107118308544159,0.11770809441804886
16.911063194274902,1.6849880612867187,1.6908903121948242,-0.21602196991443634,0.08993667364120483
16.91413140296936,1.6844902837066504,1.6905088424682617,-0.21803615987300873,0.11001754552125931
16.917198419570923,1.6839909582985773,1.6897459030151367,-0.2845044732093811,0.12240787595510483
16.920264959335327,1.6834899774523824,1.6897459030151367,-0.329823762178421,0.11343556642532349
16.923333883285522,1.6829868795956122,1.6893644332885742,-0.19890135526657104,0.11599908769130707
16.92640209197998,1.6824821788970414,1.6886014938354492,-0.2049439251422882,0.11429007351398468
16.929470539093018,1.68197572638877,1.6882200241088867,-0.2583199739456177,0.1292439103126526
16.93253779411316,1.6814677665019566,1.6878385543823242,-0.2724193036556244,0.1283894032239914
16.935603857040405,1.680958308765304,1.6870756149291992,-0.5070725679397583,0.18179598450660706
16.93866991996765,1.6804471636528966,1.6866941452026367,-0.19386588037014008,0.15445181727409363
16.941739082336426,1.6799338194976219,1.6863126754760742,-0.3801785409450531,0.15146104991436005
16.944815635681152,1.6794175575364527,1.6855497360229492,-0.3821927309036255,0.18179598450660706
16.94788932800293,1.678900102091957,1.6851682662963867,-0.2734264135360718,0.11728084087371826
16.95095920562744,1.6783816268688887,1.6844053268432617,-0.401327520608902,0.25912871956825256
16.954035997390747,1.6778603250942872,1.6840238571166992,-0.1908445805311203,0.2834821045398712
16.9570631980896,1.677345812361493,1.6836423873901367,-0.18278782069683075,0.22964827716350555
16.960131645202637,1.6768226639981727,1.6828793287277222,-0.5594415068626404,0.1595788449048996
16.963197469711304,1.676298336343554,1.6824978590011597,-0.3529869616031647,0.23050278425216675
16.9662663936615,1.6757718582136267,1.6817349195480347,-0.3680933713912964,0.23349355161190033
16.96934485435486,1.6752421231327173,1.6813534498214722,-0.2522774040699005,0.2988632023334503
16.972418785095215,1.6747115556121717,1.6809719800949097,-0.21501487493515015,0.20999465882778168
16.975485801696777,1.6741805840487924,1.6802090406417847,-0.3993133306503296,0.2578469514846802
16.978551864624023,1.6736481905807474,1.6798275709152222,-0.4325474798679352,0.21042190492153168
16.98162055015564,1.6731137608408733,1.6790646314620972,-0.3932707607746124,0.25998321175575256
16.984697818756104,1.6725762560963162,1.6790646314620972,-0.24623483419418335,0.1770962029695511
16.987769603729248,1.6720381389857804,1.6783016920089722,-0.24422064423561096,0.24972915649414062
16.990838527679443,1.671498964483507,1.6779202222824097,-0.38722819089889526,0.20059509575366974
16.99390196800232,1.6709592076981525,1.6775387525558472,-0.23414969444274902,0.19632257521152496
16.99698281288147,1.6704148349424335,1.6767758131027222,-0.3701075613498688,0.2074311375617981
17.00006890296936,1.669867985780778,1.6760128736495972,-0.5191577076911926,0.2655375003814697
17.00315260887146,1.6693200181802255,1.6756312847137451,-0.22911421954631805,0.18521401286125183
17.006220817565918,1.668773283828898,1.6752498149871826,-0.21904325485229492,0.2240939885377884
17.009287357330322,1.668225339501032,1.6748683452606201,-0.05992217734456062,0.18777751922607422
17.012353658676147,1.6676759391291178,1.6741054058074951,-0.32378119230270386,0.21341268718242645
17.015422582626343,1.6671245765150404,1.6737239360809326,-0.22609293460845947,0.20444037020206451
17.018499851226807,1.6665702238673752,1.6729609966278076,-0.2683909237384796,0.19589532911777496
17.02157211303711,1.6660152922051656,1.6725795269012451,-0.27544060349464417,0.251010924577713
17.02464199066162,1.665459321422114,1.6721980571746826,-0.4103913903236389,0.14932478964328766
17.027708768844604,1.6649024532517962,1.6714351177215576,-0.32680246233940125,0.1591515988111496
17.03077459335327,1.66434430922365,1.6710536479949951,-0.5614557266235352,0.17965972423553467
17.033845901489258,1.6637837225036445,1.6706721782684326,-0.29256123304367065,0.11898985505104065
17.036924123764038,1.6632204316145842,1.6699092388153076,-0.27946898341178894,0.15359731018543243
17.039998292922974,1.6626564498707306,1.6695277690887451,-0.01359578873962164,0.19803158938884735
17.043065547943115,1.6620923181946414,1.6687648296356201,-0.27443352341651917,0.18435950577259064
17.04614758491516,1.6615240492237302,1.6683833599090576,-0.329823762178421,0.23050278425216675
17.049221992492676,1.660955778717634,1.667620301246643,-0.2875257432460785,0.252719908952713
17.05229902267456,1.660385623648754,1.6672388315200806,-0.3036392629146576,0.16897840797901154
17.055368661880493,1.659815451209337,1.6664758920669556,-0.26234835386276245,0.2057221382856369
17.058435678482056,1.6592443909537176,1.666094422340393,-0.23918516933918,0.19845883548259735
17.0615017414093,1.6586721430215996,1.665331482887268,-0.3771572411060333,0.18008697032928467
17.064571142196655,1.6580979133638376,1.6649500131607056,-0.3459372818470001,0.18350499868392944
17.067649841308594,1.657520587071644,1.6641870737075806,-0.27644771337509155,0.20444037020206451
17.070730209350586,1.656941596215112,1.663805603981018,-0.1888303905725479,0.25912871956825256
17.073805570602417,1.656362206417207,1.663042664527893,-0.23012131452560425,0.2394750863313675
17.076873540878296,1.6557828835664445,1.6626611948013306,-0.3811856210231781,0.31338977813720703
17.079940795898438,1.6552023809557077,1.6618982553482056,-0.23112840950489044,0.21640345454216003
17.083009719848633,1.6546202553789828,1.661516785621643,-0.20192264020442963,0.2364843189716339
17.086069107055664,1.6540386460012801,1.660753846168518,-0.3016250729560852,0.21084916591644287
17.08914279937744,1.6534530259844014,1.6603723764419556,-0.401327520608902,0.1587243527173996
17.092211961746216,1.6528669864477095,1.6599907875061035,-0.04582284390926361,0.11429007351398468
17.095290899276733,1.6522778013909245,1.6592278480529785,-0.28148317337036133,0.16342411935329437
17.098368883132935,1.651687527189294,1.6584649085998535,-0.4577248692512512,0.14804303646087646
17.101447820663452,1.6510958069016906,1.658083438873291,-0.11732661724090576,0.11984435468912125
17.104523420333862,1.6505034755955499,1.6577019691467285,-0.32478827238082886,0.1574425846338272
17.107595682144165,1.6499105461801238,1.657320499420166,-0.1888303905725479,0.08352788537740707
17.110666275024414,1.6493167084257065,1.656557559967041,-0.23314259946346283,0.12497138977050781
17.11373281478882,1.6487224356816188,1.6561760902404785,-0.13746853172779083,0.126253142952919
17.11680245399475,1.6481263512487432,1.655794620513916,-0.40636301040649414,0.12027160823345184
17.119879722595215,1.6475275780200676,1.6554131507873535,-0.26436254382133484,0.005767910275608301
17.1229510307312,1.6469287682357368,1.6546502113342285,-0.40535593032836914,0.09164568781852722
17.126019954681396,1.6463292384180281,1.654268741607666,-0.1727168709039688,0.07113756239414215
17.12906503677368,1.6457332043712467,1.653505802154541,-0.43556877970695496,0.095490962266922
17.13222599029541,1.645113275195291,1.6531243324279785,-0.10423437505960464,0.06686503440141678
17.135346174240112,1.6445001375304924,1.652742862701416,-0.2230716347694397,0.09378194808959961
17.13845658302307,1.643887739341908,1.6519798040390015,-0.1112840473651886,0.10574502497911453
17.141575813293457,1.6432724291543368,1.6512168645858765,-0.4909590184688568,0.09292744100093842
17.14474844932556,1.6426453864798174,1.650835394859314,-0.13444724678993225,0.025848783552646637
17.147854566574097,1.6420303302413293,1.650072455406189,-0.30968186259269714,0.08523689955472946
17.150924921035767,1.6414212364415528,1.6496909856796265,-0.28148317337036133,0.12326237559318542
17.153987169265747,1.6408126515771,1.6489280462265015,-0.365072101354599,0.18478675186634064
17.157047986984253,1.640203263073042,1.6481651067733765,-0.16868849098682404,0.08737315982580185
17.160130262374878,1.6395885124752947,1.647783637046814,-0.30565345287323,0.1578698456287384
17.163196563720703,1.6389758716346887,1.647020697593689,-0.45470359921455383,0.14676126837730408
17.166263580322266,1.6383620232053324,1.646257758140564,-0.06697184592485428,0.21811245381832123
17.16933035850525,1.6377471669284618,1.645494818687439,-0.3811856210231781,0.20315861701965332
17.172395944595337,1.6371315038696002,1.644731879234314,-0.4768596887588501,0.23306630551815033
17.175461530685425,1.6365148043680282,1.644350290298462,-0.41945526003837585,0.24460211396217346
17.178526878356934,1.6358971256577466,1.643587350845337,-0.2361638844013214,0.22580300271511078
17.181593894958496,1.6352780918564935,1.642824411392212,-0.2996108829975128,0.20016784965991974
17.184659242630005,1.6346583858484518,1.6424429416656494,-0.31270313262939453,0.17196917533874512
17.187726259231567,1.6340373420412553,1.6416800022125244,-0.3670862913131714,0.251865416765213
17.190791606903076,1.6334156455364155,1.6409170627593994,-0.5070725679397583,0.24716563522815704
17.193857431411743,1.6327928709485084,1.640535593032837,-0.5040512681007385,0.21939422190189362
17.196922779083252,1.6321692212422056,1.6401541233062744,-0.330830842256546,0.16855116188526154
17.199988842010498,1.6315444630291904,1.6393911838531494,-0.24321354925632477,0.16256961226463318
17.203022003173828,1.6309254705047445,1.6386282444000244,0.021652551367878914,0.1907682865858078
17.206063270568848,1.6303038955278908,1.638246774673462,-0.35802242159843445,0.20444037020206451
17.209128856658936,1.6296764189055941,1.637483835220337,-0.0941634252667427,0.14932478964328766
17.212198495864868,1.6290471850362074,1.6371023654937744,-0.2653696537017822,0.1907682865858078
17.215274333953857,1.6284157588089594,1.6363393068313599,-0.34291601181030273,0.18094147741794586
17.218345880508423,1.627784302304555,1.6359578371047974,-0.16868849098682404,0.11300831288099289
17.221416234970093,1.627152190176453,1.6351948976516724,-0.24925611913204193,0.1920500546693802
17.224488735198975,1.6265187442431277,1.6348134279251099,-0.3358663320541382,0.19589532911777496
17.227558374404907,1.625885006472047,1.6340504884719849,-0.45571067929267883,0.09292744100093842
17.23062491416931,1.6252510380676053,1.6332875490188599,-0.22005034983158112,0.12069886177778244
17.233690977096558,1.6246163077766418,1.6329060792922974,-0.18782329559326172,0.1420614868402481
17.236757040023804,1.623980726509079,1.6321431398391724,-0.4134126901626587,0.20102235674858093
17.239825963974,1.6233437094474368,1.6313802003860474,-0.4929732084274292,0.095918208360672
17.242903232574463,1.6227041232523554,1.6306172609329224,-0.3852140009403229,0.17880521714687347
17.245978116989136,1.6220642049380556,1.6302357912063599,-0.20192264020442963,0.1279621571302414
17.24905276298523,1.6214235185602213,1.6294728517532349,-0.365072101354599,0.1894865334033966
17.252130270004272,1.6207814268000544,1.6287097930908203,-0.5282215476036072,0.19546806812286377
17.255197048187256,1.6201407776878038,1.6283283233642578,-0.2845044732093811,0.21170367300510406
17.25826334953308,1.6194994434659988,1.6275653839111328,-0.23012131452560425,0.221957728266716
17.261339902877808,1.6188551859626132,1.6268024444580078,-0.4154268801212311,0.24631112813949585
17.264408826828003,1.6182117582790863,1.6260395050048828,-0.6198672652244568,0.1903410404920578
17.267475605010986,1.617568023954746,1.6256580352783203,-0.3701075613498688,0.14505226910114288
17.27054190635681,1.61692364320209,1.6248950958251953,-0.27946898341178894,0.13565270602703094
17.273608207702637,1.616278525556145,1.6241321563720703,-0.24220645427703857,0.1420614868402481
17.27667474746704,1.615632630349847,1.6237506866455078,-0.19990845024585724,0.16641488671302795
17.279740810394287,1.6149861179083305,1.6229877471923828,-0.269398033618927,0.14889752864837646
17.28280735015869,1.6143387967398153,1.6226062774658203,-0.2683909237384796,0.15017929673194885
17.285873413085938,1.6136908777663161,1.6218433380126953,-0.24220645427703857,0.16855116188526154
17.288939476013184,1.6130422700046436,1.6210802793502808,-0.35600823163986206,0.13650721311569214
17.292008876800537,1.6123922758725842,1.6206988096237183,-0.2522774040699005,0.15146104991436005
17.295065879821777,1.611744240241359,1.6203173398971558,-0.18379491567611694,0.06472877413034439
17.29813241958618,1.6110935239143611,1.6195544004440308,-0.42247653007507324,0.042084380984306335
17.30119824409485,1.61044230915801,1.6191729307174683,-0.2824902832508087,0.09677271544933319
17.304264068603516,1.609790453938228,1.6184099912643433,-0.3006179928779602,0.08651865273714066
17.30733013153076,1.6091379171644644,1.6180285215377808,-0.2683909237384796,0.024994278326630592
17.31039595603943,1.6084848100051898,1.6172655820846558,-0.20091554522514343,0.1108720526099205
17.31346559524536,1.6078302776613451,1.6168841123580933,-0.3328450322151184,0.07669184356927872
17.3165500164032,1.6071719858544669,1.6161211729049683,-0.26234835386276245,0.04293888807296753
17.31962299346924,1.6065155406924505,1.6153582334518433,-0.13746853172779083,0.11898985505104065
17.3226900100708,1.6058597855919559,1.6149767637252808,-0.3821927309036255,0.02841229923069477
17.325755834579468,1.6052037128125702,1.6142138242721558,-0.20997940003871918,0.0625925064086914
17.328821897506714,1.6045470262389194,1.6134508848190308,-0.2653696537017822,0.10531777143478394
17.33188796043396,1.60388978661792,1.6126878261566162,-0.19890135526657104,0.1279621571302414
17.334954261779785,1.6032319525359209,1.6123063564300537,-0.2734264135360718,0.1279621571302414
17.33802032470703,1.602573636057424,1.6115434169769287,-0.4416113495826721,0.14676126837730408
17.341065645217896,1.601919254726201,1.6107804775238037,-0.20292973518371582,0.13180743157863617
17.344141960144043,1.6012576984444875,1.6100175380706787,-0.4728313088417053,0.20144960284233093
17.347213983535767,1.6005965585123254,1.6092545986175537,-0.3187457025051117,0.27750056982040405
17.350287675857544,1.5999345626750512,1.6084916591644287,-0.2986038029193878,0.34201571345329285
17.35335373878479,1.5992737248308329,1.6077287197113037,-0.30867475271224976,0.221957728266716
17.356419324874878,1.5986125151060253,1.6069657802581787,-0.4939803183078766,0.3321889042854309
17.359485387802124,1.5979507376205884,1.6062028408050537,-0.34392309188842773,0.24545662105083466
17.362550735473633,1.5972886595488807,1.6058213710784912,-0.48592355847358704,0.21341268718242645
17.3656165599823,1.5966260332938715,1.6050583124160767,-0.4808880686759949,0.32278934121131897
17.36868977546692,1.595961372644122,1.6042953729629517,-0.29658961296081543,0.2501564025878906
17.371755599975586,1.595297884432382,1.6035324335098267,-0.42247653007507324,0.2228122353553772
17.374821186065674,1.5946340321872294,1.6031509637832642,-0.29658961296081543,0.191622793674469
17.37788701057434,1.5939697225031495,1.6023880243301392,-0.3922636806964874,0.22494849562644958
17.3809552192688,1.5933044997836467,1.6016250848770142,-0.38924238085746765,0.20273137092590332
17.3840274810791,1.5926380108477947,1.6012436151504517,-0.43355458974838257,0.12112611532211304
17.387062549591064,1.591979219547422,1.6004806756973267,-0.23414969444274902,0.10189975053071976
17.390127897262573,1.5913134913940772,1.5997177362442017,-0.2986038029193878,0.13266193866729736
17.393194437026978,1.5906471477082451,1.5993362665176392,-0.1888303905725479,0.14804303646087646
17.39626717567444,1.589979109179683,1.5985733270645142,-0.27443352341651917,0.19461356103420258
17.399334192276,1.5893119773545945,1.5978103876113892,-0.32277408242225647,0.15146104991436005
17.402403354644775,1.5886440513592888,1.597428798675537,-0.3338521420955658,0.07241931557655334
17.405472993850708,1.5879757039106246,1.596665859222412,-0.3680933713912964,0.12967117130756378
17.408539533615112,1.5873077239987117,1.5962843894958496,-0.2512703239917755,0.11728084087371826
17.41160535812378,1.5866396027714529,1.5955214500427246,-0.4103913903236389,0.16684214770793915
17.414674282073975,1.5859705184983925,1.5947585105895996,-0.38722819089889526,0.13907071948051453
17.41775107383728,1.5852994400344476,1.5939955711364746,-0.32378119230270386,0.17154192924499512
17.420825004577637,1.5846287167696522,1.593614101409912,-0.37111467123031616,0.0942092016339302
17.42389678955078,1.5839582032920592,1.592851161956787,-0.3449302017688751,0.09079118072986603
17.426965951919556,1.5832880142654862,1.592088222503662,-0.304646372795105,0.12027160823345184
17.43003249168396,1.5826181602817788,1.591325283050537,-0.4587319791316986,0.15530632436275482
17.43306303024292,1.5819559467606295,1.5909438133239746,-0.29356831312179565,0.07754635065793991
17.436131954193115,1.5812851288310075,1.5901808738708496,-0.5785763263702393,0.13180743157863617
17.4392032623291,1.580613581404889,1.589417815208435,-0.3167315125465393,0.11984435468912125
17.44227933883667,1.5799407924763642,1.58865487575531,-0.30565345287323,0.09207294136285782
17.445348024368286,1.5792694317540554,1.5882734060287476,-0.37111467123031616,0.09933622926473618
17.44841456413269,1.5785983625579423,1.5875104665756226,-0.3993133306503296,0.15487907826900482
17.451480865478516,1.5779271776650563,1.5867475271224976,-0.35902953147888184,0.11984435468912125
17.45462203025818,1.5772394422168114,1.586366057395935,-0.33788052201271057,0.1433432549238205
17.4576895236969,1.5765676869203045,1.58560311794281,-0.27946898341178894,0.10659952461719513
17.460755586624146,1.5758961071671342,1.5852216482162476,-0.2210574448108673,0.0801098644733429
17.46382164955139,1.5752243996906028,1.5844587087631226,-0.2210574448108673,0.06900129467248917
17.466888189315796,1.5745524699706648,1.5836957693099976,-0.48693063855171204,0.10574502497911453
17.469954252243042,1.5738805369477424,1.583314299583435,-0.29356831312179565,0.07241931557655334
17.473020553588867,1.5732084538616797,1.58255136013031,-0.32579538226127625,0.1292439103126526
17.476063013076782,1.572541509678339,1.5817883014678955,-0.42046234011650085,0.09292744100093842
17.479128122329712,1.5718695228270165,1.581406831741333,-0.42348363995552063,0.01602197252213955
17.482194185256958,1.571197258957572,1.580643892288208,-0.4103913903236389,0.08352788537740707
17.48526096343994,1.5705247802731184,1.579880952835083,-0.2663767337799072,0.04122987762093544
17.488327503204346,1.5698523058658853,1.5794994831085205,-0.34291601181030273,0.08651865273714066
17.491396188735962,1.5691793228520337,1.5787365436553955,-0.45168229937553406,0.08737315982580185
17.49446415901184,1.5685064686471397,1.5779736042022705,-0.21400777995586395,0.08053711801767349
17.497530221939087,1.5678340147222716,1.577592134475708,-0.2673838436603546,0.08224612474441528
17.500596046447754,1.5671616050471435,1.576829195022583,-0.18480201065540314,0.08224612474441528
17.503661632537842,1.5664892496028615,1.5756847858428955,-0.4627603590488434,0.1292439103126526
17.50672745704651,1.5658168537874935,1.575303316116333,-0.5654841065406799,0.13821622729301453
17.509793758392334,1.5651443752980871,1.574540376663208,-0.4889448285102844,0.09762722253799438
17.512861728668213,1.5644715627106314,1.5737773180007935,-0.5423209071159363,0.13864347338676453
17.51594567298889,1.5637952892522964,1.5730143785476685,-0.48693063855171204,0.16171512007713318
17.519014596939087,1.5631223617097354,1.5722514390945435,-0.40233463048934937,0.22494849562644958
17.5220627784729,1.562454043757115,1.571869969367981,-0.2885328531265259,0.18222324550151825
17.525128841400146,1.5617818769191165,1.571107029914856,-0.3036392629146576,0.11941710859537125
17.52819514274597,1.5611097396258165,1.570344090461731,-0.3016250729560852,0.21042190492153168
17.531261205673218,1.560437746378322,1.569581151008606,-0.4899519383907318,0.2048676311969757
17.534326791763306,1.5597659593722273,1.568818211555481,-0.27745479345321655,0.16641488671302795
17.537392139434814,1.5590943362940108,1.568055272102356,-0.24925611913204193,0.17026016116142273
17.54046082496643,1.5584221037299362,1.567292332649231,-0.2834973633289337,0.21042190492153168
17.543537855148315,1.5577481756214746,1.566529393196106,-0.366079181432724,0.191622793674469
17.546611309051514,1.5570751732322432,1.566147804260254,-0.4476539194583893,0.12240787595510483
17.549677848815918,1.5564038367352466,1.565384864807129,-0.4295262098312378,0.17965972423553467
17.552743434906006,1.5557328706335867,1.564621925354004,-0.23213550448417664,0.20315861701965332
17.555809020996094,1.5550620760792109,1.563858985900879,-0.26335546374320984,0.1732509285211563
17.55887508392334,1.5543913587309952,1.5634775161743164,-0.29457542300224304,0.16598764061927795
17.561942100524902,1.5537206243673671,1.5627145767211914,-0.5040512681007385,0.10617227107286453
17.565008401870728,1.5530502479515882,1.5619516372680664,-0.3449302017688751,0.13607995212078094
17.568063020706177,1.5523826358862574,1.5611886978149414,-0.29658961296081543,0.12368962913751602
17.571128606796265,1.5517128477194582,1.560807228088379,-0.3499656617641449,0.13778896629810333
17.57419443130493,1.5510432386948445,1.560044288635254,-0.2583199739456177,0.10916304588317871
17.577260971069336,1.550373714716777,1.5596628189086914,-0.24119935929775238,0.1441977620124817
17.580327033996582,1.5497045460240988,1.5588998794555664,-0.32478827238082886,0.07455558329820633
17.583393335342407,1.549035586418606,1.5581368207931519,-0.4909590184688568,0.12967117130756378
17.58646011352539,1.548366793911932,1.5573738813400269,-0.42046234011650085,0.08224612474441528
17.58952569961548,1.54769854228909,1.5566109418869019,-0.24321354925632477,0.13266193866729736
17.592591524124146,1.547030529508867,1.5562294721603394,-0.2855115532875061,0.06985580176115036
17.595664978027344,1.5463611562314281,1.5554665327072144,-0.35600823163986206,0.04165713116526604
17.598731517791748,1.5456935999609278,1.5547035932540894,-0.42046234011650085,0.05917448550462723
17.60179829597473,1.5450263125604047,1.5543221235275269,-0.3207598924636841,0.08310063183307648
17.60486650466919,1.5443590448280013,1.5535591840744019,-0.460746169090271,0.09079118072986603
17.607932567596436,1.5436925843150022,1.5527962446212769,-0.2371709793806076,0.10403601080179214
17.611001014709473,1.5430259563094666,1.5524147748947144,-0.2895399332046509,0.06045624613761902
17.61407232284546,1.542359068042949,1.5516518354415894,-0.29256123304367065,0.030975814908742905
17.61715602874756,1.5416898614564445,1.5508888959884644,-0.27644771337509155,0.04464789852499962
17.62022852897644,1.541023469006279,1.5505073070526123,-0.3680933713912964,0.07412832975387573
17.623294830322266,1.540358811438085,1.5497443675994873,-0.2653696537017822,0.10360875725746155
17.62636089324951,1.5396946053944165,1.5489814281463623,-0.32277408242225647,0.13778896629810333
17.629426956176758,1.5390308090400626,1.5482184886932373,-0.43355458974838257,0.11642633378505707
17.632495641708374,1.5383668649818818,1.5478370189666748,-0.48693063855171204,0.10574502497911453
17.6355619430542,1.5377038663995353,1.5470740795135498,-0.45168229937553406,0.09719996899366379
17.638630151748657,1.5370408951307113,1.5463111400604248,-0.30565345287323,0.08310063183307648
17.64169692993164,1.5363786823599712,1.5455482006072998,-0.38622111082077026,0.07327382266521454
17.644762754440308,1.5357171344304676,1.5451667308807373,-0.3701075613498688,0.07071030884981155
17.647829055786133,1.5350559523803513,1.5444037914276123,-0.22005034983158112,0.09762722253799438
17.650896072387695,1.5343950948936598,1.5436408519744873,-0.5040512681007385,0.12368962913751602
17.65396213531494,1.533734931333165,1.5428777933120728,-0.3328450322151184,0.06771954149007797
17.65703296661377,1.5330742404084416,1.5424963235855103,-0.29658961296081543,0.07284656912088394
17.660062789916992,1.5324228717207695,1.5417333841323853,-0.32680246233940125,0.13778896629810333
17.663130044937134,1.531763970668863,1.5409704446792603,-0.3932707607746124,0.09378194808959961
17.666203022003174,1.5311043697336364,1.5402075052261353,-0.34392309188842773,0.1104447990655899
17.669269323349,1.53044673958525,1.5394445657730103,-0.5272144675254822,0.1745326966047287
17.672336101531982,1.5297895543569469,1.5390630960464478,-0.41844815015792847,0.10745403170585632
17.675402402877808,1.529133028170459,1.5383001565933228,-0.30565345287323,0.21298542618751526
17.678468942642212,1.5284770175669045,1.5375372171401978,-0.3972991406917572,0.17111466825008392
17.68153476715088,1.5278217361663593,1.5367742776870728,-0.19990845024585724,0.17196917533874512
17.684600830078125,1.5271669897268256,1.5360113382339478,-0.6067749857902527,0.12198062241077423
17.68766689300537,1.5265128389495393,1.5356298685073853,-0.24422064423561096,0.12454413622617722
17.69073247909546,1.5258593951378556,1.5348668098449707,-0.3620508015155792,0.08822766691446304
17.693798303604126,1.5252065154603778,1.5344853401184082,-0.3167315125465393,0.11898985505104065
17.696864366531372,1.524554209752226,1.5337224006652832,-0.21602196991443634,0.16513313353061676
17.699930667877197,1.5239024878437792,1.5329594612121582,-0.270405113697052,0.15530632436275482
17.702999114990234,1.5232509547695456,1.5321965217590332,-0.49800869822502136,0.13864347338676453
17.7060649394989,1.522600632532289,1.5314335823059082,-0.4406042695045471,0.16641488671302795
17.709134101867676,1.521950266702671,1.5306706428527832,-0.3670862913131714,0.16128785908222198
17.712203979492188,1.5213004240107497,1.5299077033996582,-0.3801785409450531,0.15359731018543243
17.71527624130249,1.5206507618775178,1.5295262336730957,-0.18379491567611694,0.13095292448997498
17.71835422515869,1.5200005869052715,1.5287632942199707,-0.3006179928779602,0.18564125895500183
17.72142481803894,1.519352678122198,1.5280003547668457,-0.35701534152030945,0.12027160823345184
17.724492073059082,1.5187061862460254,1.5272372961044312,-0.4285190999507904,0.16684214770793915
17.72755789756775,1.5180607171995872,1.5268558263778687,-0.3479514718055725,0.13052567839622498
17.730624437332153,1.5174158285534944,1.5260928869247437,-0.4275120198726654,0.14547951519489288
17.73369073867798,1.5167717306087705,1.5253299474716187,-0.3640649914741516,0.11770809441804886
17.736756324768066,1.5161285327422234,1.5249484777450562,-0.366079181432724,0.06216525658965111
17.739822387695312,1.5154859942993413,1.5241855382919312,-0.3791714310646057,0.08651865273714066
17.742888927459717,1.514844125175224,1.5234225988388062,-0.4144197702407837,0.0638742670416832
17.74595546722412,1.514203034888943,1.5230411291122437,-0.24724192917346954,0.06729228794574738
17.749021768569946,1.513562782712033,1.5222781896591187,-0.366079181432724,0.09933622926473618
17.752067804336548,1.5129275518733671,1.5218967199325562,-0.401327520608902,0.039093613624572754
17.75513768196106,1.5122881549106895,1.5211337804794312,-0.24824902415275574,0.06173800304532051
17.758204221725464,1.5116502703948198,1.5207523107528687,-0.40636301040649414,0.07669184356927872
17.761277198791504,1.5110118757030282,1.5199893712997437,-0.3630579113960266,-0.01516746822744608
17.76434326171875,1.5103757538073619,1.5196079015731812,-0.4426184594631195,0.06942854821681976
17.767410039901733,1.5097403287414317,1.5188448429107666,-0.330830842256546,-0.024994278326630592
17.77047634124756,1.5091058570349158,1.5180819034576416,-0.3318379521369934,0.03695734962821007
17.773541927337646,1.5084723969392035,1.517700433731079,-0.32680246233940125,0.042084380984306335
17.776607513427734,1.5078398097561065,1.516937494277954,-0.43859007954597473,-0.008758679032325745
17.7796733379364,1.5072080557787142,1.5165560245513916,-0.18178072571754456,0.040375370532274246
17.782739639282227,1.5065770955659021,1.5157930850982666,-0.20997940003871918,0.023285267874598503
17.785805463790894,1.505947134722461,1.515411615371704,-0.2059510201215744,0.013031205162405968
17.78887128829956,1.5053180844092018,1.514648675918579,-0.3157244324684143,0.001495384145528078
17.79193949699402,1.5046894658479761,1.5142672061920166,-0.42348363995552063,-0.007049668114632368
17.795010328292847,1.5040612418035977,1.5135042667388916,-0.4295262098312378,-0.02243076264858246
17.7980637550354,1.5034375119283252,1.513122797012329,-0.2673838436603546,0.0318303182721138
17.801129579544067,1.502812195411394,1.5119783878326416,-0.5695124864578247,0.05532921478152275
17.804195404052734,1.502187835955702,1.5115967988967896,-0.3509727716445923,0.025848783552646637
17.807260990142822,1.5015644912697652,1.5108338594436646,-0.37212178111076355,0.03781185671687126
17.81032657623291,1.5009421220126737,1.5100709199905396,-0.4949873983860016,0.054901961237192154
17.813395023345947,1.5003201579631393,1.5093079805374146,-0.33888763189315796,0.10788128525018692
17.81647253036499,1.4996973576755606,1.508926510810852,-0.40233463048934937,0.095490962266922
17.81954526901245,1.499076530972919,1.508163571357727,-0.42348363995552063,0.1433432549238205
17.822616577148438,1.4984570096648877,1.507400631904602,-0.32378119230270386,0.13565270602703094
17.825682640075684,1.4978395691129627,1.506637692451477,-0.37312886118888855,0.10232700407505035
17.82874846458435,1.4972232074819545,1.5062562227249146,-0.13041886687278748,0.0942092016339302
17.831815004348755,1.4966077424357702,1.5054932832717896,-0.36003661155700684,0.1595788449048996
17.834880828857422,1.4959934702177948,1.5047303438186646,-0.2683909237384796,0.0476386658847332
17.83794641494751,1.4953803039156996,1.504348874092102,-0.24724192917346954,0.09250018745660782
17.841015100479126,1.494767586502561,1.5035858154296875,-0.24321354925632477,0.08822766691446304
17.84406566619873,1.4941595559548972,1.5028228759765625,-0.14653238654136658,0.11728084087371826
17.847131490707397,1.4935495668702274,1.50244140625,-0.3620508015155792,0.1275349110364914
17.850197553634644,1.4929406250206587,1.501678466796875,-0.33989471197128296,0.08780041337013245
17.85326361656189,1.4923327869250282,1.50091552734375,-0.16768139600753784,0.08908216655254364
17.856332063674927,1.4917255902494142,1.5005340576171875,-0.3610437214374542,0.19546806812286377
17.859399795532227,1.4911196582544444,1.4997711181640625,-0.17775234580039978,0.061310749500989914
17.86246657371521,1.4905150461161085,1.4993896484375,-0.29558250308036804,0.08053711801767349
17.865533590316772,1.4899115274005883,1.498626708984375,-0.32881665229797363,0.05661097168922424
17.868599891662598,1.4893092984640037,1.49786376953125,-0.3167315125465393,0.07370107620954514
17.871665954589844,1.4887082740592976,1.4974822998046875,-0.31068894267082214,0.03994812071323395
17.874739170074463,1.4881070182514975,1.4967193603515625,-0.21702906489372253,0.09292744100093842
17.877805471420288,1.4875082921633136,1.495956301689148,-0.3962920606136322,0.13479819893836975
17.880871295928955,1.4869108434869338,1.4955748319625854,-0.35600823163986206,0.10403601080179214
17.88393998146057,1.486314032026376,1.4948118925094604,-0.5272144675254822,0.09335469454526901
17.887011528015137,1.4857178700121687,1.494430422782898,-0.24422064423561096,0.0788281038403511
17.89006519317627,1.4851263833323074,1.493667483329773,-0.44966810941696167,0.10104524344205856
17.893133640289307,1.4845332521542702,1.492904543876648,-0.2663767337799072,0.0643015205860138
17.896206378936768,1.483940524481988,1.4925230741500854,-0.24522773921489716,0.13992522656917572
17.899272441864014,1.4833503232497336,1.4917601346969604,-0.43859007954597473,0.1446250081062317
17.90233874320984,1.4827613223910507,1.4909971952438354,-0.42146944999694824,0.13821622729301453
17.905407667160034,1.4821730744349124,1.490615725517273,-0.29054704308509827,0.12411688268184662
17.90847635269165,1.4815861379887658,1.489852786064148,-0.2069581151008606,0.12411688268184662
17.911542654037476,1.481000930559332,1.489089846611023,-0.4315403997898102,0.07797360420227051
17.91461205482483,1.4804164147421603,1.4887083768844604,-0.3529869616031647,0.09677271544933319
17.917688369750977,1.4798318791062584,1.487945318222046,-0.24321354925632477,0.10275425016880035
17.920757055282593,1.4792500953295167,1.4875638484954834,-0.365072101354599,0.08651865273714066
17.923824310302734,1.4786698910701352,1.4868009090423584,-0.3006179928779602,0.10959029197692871
17.926889896392822,1.4780913180576067,1.486419439315796,-0.3942778706550598,0.07028305530548096
17.92995572090149,1.477514023983232,1.485656499862671,-0.4909590184688568,0.06643778085708618
17.933022260665894,1.4769379282485446,1.4852750301361084,-0.15559624135494232,0.0032043945975601673
17.936062812805176,1.4763680393813692,1.4845120906829834,-0.2653696537017822,-0.024994278326630592
17.939128160476685,1.4757948468136344,1.484130620956421,-0.23112840950489044,0.04635690897703171
17.94219446182251,1.475222834201885,1.483367681503296,-0.2049439251422882,-0.019439993426203728
17.945260763168335,1.4746521885779256,1.4829862117767334,-0.28148317337036133,-0.005340657662600279
17.94832754135132,1.4740828299951534,1.482604742050171,-0.2845044732093811,-0.01901274174451828
17.951393842697144,1.4735149439599382,1.4822232723236084,-0.3167315125465393,0.0032043945975601673
17.95445990562439,1.472948494263213,1.4814603328704834,-0.2371709793806076,-0.0036316472105681896
17.957525730133057,1.4723834889882077,1.481078863143921,-0.20292973518371582,-0.039093613624572754
17.96059489250183,1.4718192795848202,1.4806973934173584,-0.21300068497657776,-0.043793391436338425
17.96366310119629,1.4712566650023207,1.4799343347549438,-0.12034790217876434,0.007049668114632368
17.966729879379272,1.470695739381128,1.4795528650283813,-0.4144197702407837,-0.013885710388422012
17.96979546546936,1.4701364656101155,1.4787899255752563,-0.29256123304367065,0.005767910275608301
17.972864627838135,1.469577983757762,1.4784084558486938,-0.21602196991443634,0.001495384145528078
17.97593402862549,1.4690209121984728,1.4776455163955688,-0.3368734121322632,0.002777141984552145
17.979005575180054,1.468464914756132,1.4772640466690063,-0.22609293460845947,0.03866636008024216
17.982063055038452,1.4679129258412404,1.4765011072158813,-0.3318379521369934,0.049774929881095886
17.98512887954712,1.4673609034680486,1.4761196374893188,-0.3670862913131714,0.013885710388422012
17.988194704055786,1.4668103643500334,1.4753566980361938,-0.29759669303894043,0.04635690897703171
17.991262912750244,1.4662608902657626,1.4745937585830688,-0.43556877970695496,0.018158236518502235
17.99432897567749,1.465713300797499,1.4738308191299438,-0.4426184594631195,0.06216525658965111
17.997395277023315,1.4651671768691137,1.4734493494033813,-0.3852140009403229,0.0643015205860138
18.00046133995056,1.4646226115148653,1.4726864099502563,-0.3620508015155792,0.10830853879451752
18.003527641296387,1.4640795281288637,1.4719233512878418,-0.5493705868721008,0.2403295934200287
18.006595849990845,1.4635376407937886,1.4715418815612793,-0.26436254382133484,0.1890592873096466
18.00966453552246,1.462997212001764,1.4707789421081543,-0.4134126901626587,0.13351644575595856
18.012733697891235,1.4624582505103128,1.4700160026550293,-0.4949873983860016,0.14804303646087646
18.015811443328857,1.4619193477546175,1.4696345329284668,-0.19386588037014008,0.18393224477767944
18.018885135650635,1.4613827277791835,1.4688715934753418,-0.330830842256546,0.1420614868402481
18.021955966949463,1.4608481851533177,1.4684901237487793,-0.20897230505943298,0.19589532911777496
18.025022268295288,1.4603160126375165,1.4677271842956543,-0.5967040657997131,0.13522544503211975
18.02806520462036,1.4597894654289294,1.4673457145690918,-0.41945526003837585,0.10659952461719513
18.031134366989136,1.459259972389705,1.4665827751159668,-0.2542915940284729,0.16086061298847198
18.034200429916382,1.4587326186197607,1.4662013053894043,-0.07804989814758301,0.17837797105312347
18.03726601600647,1.4582069580611634,1.4658198356628418,-0.33989471197128296,0.08438239246606827
18.040332078933716,1.4576828349896274,1.4650568962097168,-0.2875257432460785,0.10318150371313095
18.04339861869812,1.4571602579431346,1.4646753072738647,-0.1747310608625412,0.09890898317098618
18.046464443206787,1.4566394376359189,1.4639123678207397,-0.5423209071159363,0.04892042279243469
18.04953122138977,1.456120098477333,1.4635308980941772,-0.3207598924636841,0.13052567839622498
18.052598237991333,1.4556023702629872,1.4631494283676147,-0.32780957221984863,0.10275425016880035
18.0556640625,1.4550865013852778,1.4627679586410522,-0.30867475271224976,0.05746547505259514
18.058730363845825,1.4545722181026595,1.4620050191879272,-0.26436254382133484,0.019439993426203728
18.06179642677307,1.4540596482071206,1.4616235494613647,-0.3680933713912964,0.06729228794574738
18.06486225128174,1.4535487989165372,1.4608606100082397,-0.3791714310646057,0.0314030684530735
18.067931413650513,1.453039084473534,1.4604791402816772,-0.3026321828365326,-0.005767910275608301
18.0710027217865,1.452530714979091,1.4600976705551147,-0.3449302017688751,0.04422064498066902
18.07406783103943,1.4520250758345654,1.4593347311019897,-0.2361638844013214,0.06045624613761902
18.077145099639893,1.4515191510916228,1.4589532613754272,-0.5433279871940613,0.06900129467248917
18.080211400985718,1.451016751432691,1.4585717916488647,-0.29457542300224304,0.07754635065793991
18.0832781791687,1.4505160004331477,1.4578088521957397,-0.26436254382133484,0.06601052731275558
18.086344957351685,1.4500169837916173,1.4574273824691772,-0.33888763189315796,0.09335469454526901
18.08941125869751,1.4495197861023525,1.4566643238067627,-0.4113985002040863,0.08523689955472946
18.092477798461914,1.449024298567756,1.4562828540802002,-0.43859007954597473,0.1253986358642578
18.09554362297058,1.4485306822279007,1.4559013843536377,-0.22005034983158112,0.05105668678879738
18.098610877990723,1.4480385995491545,1.4551384449005127,-0.3821927309036255,0.018585488200187683
18.101677656173706,1.4475483646594525,1.4547569751739502,-0.3358663320541382,0.051483940333127975
18.104743480682373,1.4470600598208352,1.4539940357208252,-0.5131151080131531,0.05532921478152275
18.107810020446777,1.4465734262611079,1.4536125659942627,-0.5181506276130676,0.04251163452863693
18.110876083374023,1.4460886605871013,1.4532310962677002,-0.3842069208621979,0.0788281038403511
18.113945245742798,1.4456052068748042,1.4524681568145752,-0.1908445805311203,0.07711909711360931
18.117022037506104,1.4451223682471859,1.4520866870880127,-0.32680246233940125,0.11001754552125931
18.120065927505493,1.444646489985489,1.4517052173614502,-0.18379491567611694,0.0472114123404026
18.123135566711426,1.4441684034202382,1.4509422779083252,-0.3137102425098419,0.09890898317098618
18.12620258331299,1.4436925550138646,1.4505608081817627,-0.269398033618927,0.07370107620954514
18.12926936149597,1.4432185793689534,1.4501793384552002,-0.16264592111110687,0.09164568781852722
18.132336378097534,1.442746409830188,1.4497978687286377,-0.29658961296081543,0.11642633378505707
18.135403156280518,1.442276126819566,1.4490348100662231,-0.2824902832508087,0.04122987762093544
18.138469457626343,1.4418077732337167,1.4486533403396606,-0.24220645427703857,0.051483940333127975
18.14153552055359,1.4413413189597655,1.4482718706130981,-0.3610437214374542,-0.037384603172540665
18.14460253715515,1.4408765902197165,1.4478904008865356,-0.3539940416812897,-0.005767910275608301
18.14766836166382,1.4404139188297507,1.4475089311599731,-0.29054704308509827,0.095918208360672
18.150736808776855,1.4399527372969547,1.4471274614334106,-0.22810712456703186,0.03823911026120186
18.153802394866943,1.4394938764231777,1.4467459917068481,-0.2371709793806076,-0.005340657662600279
18.156868934631348,1.439036770270918,1.4459830522537231,-0.2542915940284729,-0.04165713116526604
18.159934997558594,1.4385816393036286,1.4456015825271606,-0.19386588037014008,-0.0643015205860138
18.16300106048584,1.4381284190514956,1.4452201128005981,-0.38823530077934265,-0.00747692072764039
18.166064739227295,1.4376774664312375,1.4452201128005981,-0.21098649501800537,-0.056183718144893646
18.16913104057312,1.4372280513973141,1.4444571733474731,-0.1908445805311203,-0.08267337828874588
18.172196865081787,1.4367806369101646,1.4440757036209106,-0.35500115156173706,-0.014312963001430035
18.175262928009033,1.436335125005085,1.4436942338943481,-0.2824902832508087,-0.04080262407660484
18.17832922935486,1.4358915227484585,1.4433127641677856,-0.5131151080131531,-0.007049668114632368
18.18139624595642,1.4354497686522922,1.4429312944412231,-0.1928587704896927,-0.0801098644733429
18.184462785720825,1.4350100412053932,1.4421683549880981,-0.2502632141113281,-0.06088349595665932
18.18752884864807,1.43457234602274,1.4417868852615356,-0.1263904720544815,-0.0032043945975601673
18.19059467315674,1.4341366548787788,1.4414052963256836,-0.2049439251422882,0.0036316472105681896
18.193660259246826,1.4337029737800189,1.441023826599121,-0.22710002958774567,0.06686503440141678
18.19672656059265,1.4332711747124796,1.440260887145996,-0.42247653007507324,-0.026276035234332085
18.199793338775635,1.432841298819491,1.4398794174194336,-0.22609293460845947,0.024567024782299995
18.20285987854004,1.4324134529751147,1.439497947692871,-0.3489585816860199,0.012176699936389923
18.205928325653076,1.4319873457914107,1.4391164779663086,-0.2875257432460785,-0.02200350910425186
18.208999395370483,1.4315628887279253,1.438735008239746,-0.21501487493515015,-0.0006408789195120335
18.21206545829773,1.4311411402107705,1.437972068786621,-0.3006179928779602,0.037384603172540665
18.215136766433716,1.4307206965580646,1.4375905990600586,-0.39125657081604004,0.042084380984306335
18.218213319778442,1.4303015744395056,1.437209129333496,-0.14955367147922516,0.06515602022409439
18.221280813217163,1.42988572509252,1.436446189880371,-0.24220645427703857,0.05532921478152275
18.22434663772583,1.4294721420396495,1.4360647201538086,-0.304646372795105,0.06472877413034439
18.227413654327393,1.4290604449940287,1.4353017807006836,-0.15458914637565613,0.0634470134973526
18.23047971725464,1.4286509283398126,1.434920310974121,-0.31169605255126953,0.11642633378505707
18.233545780181885,1.4282434698225361,1.434157371520996,-0.5231860876083374,0.12027160823345184
18.23661184310913,1.4278380754909366,1.4337759017944336,-0.26134127378463745,0.10531777143478394
18.239677906036377,1.427434751363108,1.4333943128585815,-0.36003661155700684,0.11258106678724289
18.242743730545044,1.4270335345467808,1.433012843132019,-0.16768139600753784,0.15231555700302124
18.24580955505371,1.426634399553861,1.4326313734054565,-0.22609293460845947,0.14505226910114288
18.248875617980957,1.4262373215129471,1.432249903678894,0.05085831880569458,0.1899137794971466
18.251941680908203,1.4258423374390583,1.431486964225769,-0.365072101354599,0.1441977620124817
18.25500750541687,1.4254494836648357,1.4311054944992065,-0.31270313262939453,0.10617227107286453
18.2580623626709,1.425060129275752,1.430724024772644,-0.173723965883255,0.09207294136285782
18.261128664016724,1.4246714241263778,1.4303425550460815,-0.2512703239917755,0.05362020432949066
18.26419448852539,1.424284896472013,1.429961085319519,-0.2069581151008606,0.13949798047542572
18.267268896102905,1.423899418244613,1.4295796155929565,-0.23112840950489044,0.06771954149007797
18.270335912704468,1.4235169992790073,1.429198145866394,-0.27745479345321655,0.07284656912088394
18.273402452468872,1.4231367749490227,1.4288166761398315,-0.19588007032871246,0.12368962913751602
18.276468753814697,1.4227587205915215,1.428435206413269,-0.15257495641708374,0.05746547505259514
18.279534339904785,1.4223828996097057,1.4280537366867065,-0.2240787297487259,0.10104524344205856
18.28260064125061,1.4220091422123033,1.427672266960144,-0.2683909237384796,0.0476386658847332
18.285670280456543,1.4216371385520639,1.4272907972335815,-0.1102769523859024,0.06900129467248917
18.288738489151,1.4212674740411217,1.426909327507019,-0.07402151823043823,-0.053192950785160065
18.29180407524109,1.4209002935031,1.4265278577804565,-0.37312886118888855,-0.00961318425834179
18.294869661331177,1.4205352854845863,1.426146388053894,-0.2522774040699005,0.08352788537740707
18.29793882369995,1.42017203340287,1.425764799118042,-0.29558250308036804,-0.014740215614438057
18.301015853881836,1.4198100469737316,1.4253833293914795,-0.28148317337036133,0.02542153000831604
18.304062604904175,1.419453795242311,1.425001859664917,-0.15358205139636993,0.013885710388422012
18.307128190994263,1.4190975284135299,1.4246203899383545,-0.0951705202460289,0.05062943324446678
18.31019425392151,1.418743405955889,1.424238920211792,-0.269398033618927,-0.001495384145528078
18.313262939453125,1.4183911886403087,1.4238574504852295,-0.20997940003871918,0.03610284626483917
18.31633996963501,1.4180402368140745,1.423475980758667,-0.14653238654136658,0.013885710388422012
18.31941318511963,1.4176919474564604,1.4230945110321045,-0.32176700234413147,0.03012130968272686
18.322479963302612,1.417346611830092,1.422713041305542,-0.11631952226161957,-0.07071030884981155
18.325546264648438,1.4170035563671217,1.4223315715789795,-0.30766767263412476,-0.0061951628886163235
18.328612804412842,1.4166627058800594,1.421950101852417,-0.32680246233940125,0.0036316472105681896
18.331678867340088,1.4163241446703394,1.4215686321258545,-0.2824902832508087,0.01901274174451828
18.334744691848755,1.4159878506542916,1.421187162399292,-0.2079652100801468,0.01516746822744608
18.337810516357422,1.4156538024097498,1.421187162399292,-0.18077363073825836,0.07583733648061752
18.340876579284668,1.4153219791798066,1.420424222946167,-0.38722819089889526,0.024567024782299995
18.343942880630493,1.4149923864160985,1.420424222946167,-0.11229114234447479,0.053192950785160065
18.34701132774353,1.4146648266320867,1.4200427532196045,-0.329823762178421,0.027557794004678726
18.35006332397461,1.4143412740568748,1.419661283493042,-0.3147173225879669,0.056183718144893646
18.353129863739014,1.4140184455641505,1.4192798137664795,-0.16566720604896545,0.04293888807296753
18.35619592666626,1.4136979428036174,1.418898344039917,-0.29356831312179565,0.0476386658847332
18.359261989593506,1.413379720157665,1.4185168743133545,-0.27846190333366394,0.03482108935713768
18.362327814102173,1.4130638068288517,1.418135404586792,-0.15358205139636993,0.005340657662600279
18.365394115447998,1.4127501340716933,1.41775381565094,0.060929276049137115,-0.0019226367585361004
18.368459701538086,1.4124388282213924,1.4173723459243774,-0.15257495641708374,0.042084380984306335
18.371525764465332,1.412129772576633,1.416990876197815,-0.1414969116449356,0.10916304588317871
18.374591588974,1.4118230440895412,1.4166094064712524,-0.18077363073825836,0.08395513892173767
18.377657413482666,1.4115186231910528,1.41622793674469,-0.3842069208621979,0.002777141984552145
18.380723237991333,1.4112165143996056,1.4158464670181274,-0.15056076645851135,0.018585488200187683
18.383789539337158,1.4109166757521239,1.415464997291565,-0.3942778706550598,0.0472114123404026
18.386858463287354,1.410618905397409,1.415464997291565,-0.28047609329223633,0.06942854821681976
18.38992428779602,1.4103237624093996,1.4150835275650024,-0.4758526086807251,-0.004058899823576212
18.392990112304688,1.4100309492634264,1.41470205783844,-0.1414969116449356,0.03610284626483917
18.396063566207886,1.4097397503553721,1.4143205881118774,-0.24119935929775238,0.08181887865066528
18.399132251739502,1.4094513479287212,1.4143205881118774,-0.007553216069936752,0.008331426419317722
18.402207851409912,1.4091646508022484,1.413939118385315,-0.33989471197128296,0.002777141984552145
18.405276775360107,1.40888093031329,1.4135576486587524,-0.20897230505943298,-0.006622415501624346
18.40834403038025,1.4085997182078933,1.41317617893219,-0.304646372795105,0.03866636008024216
18.411409854888916,1.4083209932350955,1.41317617893219,-0.11430533230304718,0.03952086716890335
18.41447877883911,1.4080443496304358,1.412413239479065,-0.18580910563468933,0.032684825360774994
18.41755509376526,1.4077694167997252,1.412413239479065,-0.03474479168653488,-0.005340657662600279
18.42062783241272,1.4074971834137353,1.4120317697525024,0.11934080719947815,0.018158236518502235
18.42369794845581,1.4072275618365016,1.4120317697525024,-0.06999313086271286,-0.048493172973394394
18.426764488220215,1.4069606326239363,1.41165030002594,-0.04179446026682854,0.057892728596925735
18.429829835891724,1.4066961866599133,1.4112688302993774,-0.047837033867836,-0.013885710388422012
18.43289613723755,1.4064340424792074,1.410887360572815,-0.19890135526657104,-0.013885710388422012
18.435964345932007,1.4061741257840277,1.4105058908462524,-0.3469443917274475,-0.009185931645333767
18.439033031463623,1.4059165644080798,1.4105058908462524,-0.2885328531265259,-0.045502401888370514
18.442065000534058,1.4056644415412958,1.4101243019104004,-0.29457542300224304,-0.04122987762093544
18.445130825042725,1.4054118891983687,1.4101243019104004,-0.13142596185207367,-0.06686503440141678
18.44819688796997,1.4051617202433442,1.409742832183838,-0.21199358999729156,-0.04293888807296753
18.451262712478638,1.4049139772958892,1.4093613624572754,-0.4426184594631195,-0.025848783552646637
18.454329252243042,1.404668587531885,1.4093613624572754,-0.2079652100801468,-0.0318303182721138
18.45739507675171,1.4044256690654218,1.408979892730713,-0.1898374855518341,-0.046784162521362305
18.460461139678955,1.4041851493759574,1.4085984230041504,-0.2583199739456177,0.004058899823576212
18.463526964187622,1.403947069439275,1.408216953277588,-0.14552529156208038,0.005767910275608301
18.466593742370605,1.4037113410652886,1.408216953277588,-0.047837033867836,-0.018585488200187683
18.469659566879272,1.4034781143613126,1.4078354835510254,-0.12236209958791733,-0.03823911026120186
18.47272491455078,1.4032473548145403,1.407454013824463,-0.2210574448108673,-0.04080262407660484
18.475790977478027,1.40301897639345,1.407454013824463,-0.16365301609039307,-0.051483940333127975
18.478857278823853,1.4027930191423246,1.4070725440979004,-0.049851223826408386,-0.06942854821681976
18.4819233417511,1.4025695215538285,1.406691074371338,-0.29759669303894043,-0.09079118072986603
18.484991788864136,1.402348298342743,1.406691074371338,-0.29457542300224304,0.001495384145528078
18.48806381225586,1.4021292739961622,1.4063096046447754,-0.2986038029193878,-0.027557794004678726
18.491130828857422,1.4019130619940838,1.405928134918213,-0.33888763189315796,-0.03695734962821007
18.49419665336609,1.4016993891862337,1.405928134918213,-0.23012131452560425,-0.06729228794574738
18.497263193130493,1.4014881252403064,1.4055466651916504,-0.12437628954648972,0.05447470769286156
18.50033187866211,1.4012791781864948,1.405165195465088,-0.33888763189315796,-0.02200350910425186
18.503408670425415,1.4010721576614136,1.4047837257385254,-0.13243305683135986,0.059601739048957825
18.506476879119873,1.400868189097388,1.4047837257385254,0.047837033867836,0.01602197252213955
18.50954270362854,1.4006668501776722,1.404402256011963,-0.10725566744804382,0.0625925064086914
18.512615203857422,1.400467554112727,1.4040207862854004,-0.3157244324684143,0.040375370532274246
18.515684127807617,1.4002709726098472,1.4040207862854004,-0.1606317162513733,0.05661097168922424
18.51876139640808,1.400076350797364,1.403639316558838,0.004531929735094309,0.04165713116526604
18.52183508872986,1.3998844513134818,1.4032578468322754,-0.1757381558418274,0.06900129467248917
18.524901628494263,1.3996954872308183,1.4032578468322754,-0.2240787297487259,0.03482108935713768
18.52796769142151,1.3995090407063573,1.402876377105713,-0.043808650225400925,0.023285267874598503
18.531033515930176,1.3993250991388584,1.4024949073791504,-0.28148317337036133,0.054901961237192154
18.53406310081482,1.3991457809068661,1.4024949073791504,-0.06999313086271286,0.06173800304532051
18.537132024765015,1.398966619018918,1.4021133184432983,-0.1445181965827942,0.06472877413034439
18.54020047187805,1.398789987852063,1.4017318487167358,-0.16566720604896545,0.06472877413034439
18.543267250061035,1.39861595602642,1.4017318487167358,-0.16466011106967926,-0.0032043945975601673
18.546333074569702,1.398444482326326,1.4017318487167358,0.18077363073825836,0.03695734962821007
18.549399375915527,1.3982754887042232,1.4009689092636108,-0.24119935929775238,0.07327382266521454
18.552465438842773,1.3981090173811157,1.4009689092636108,0.038773175328969955,0.03482108935713768
18.55553102493286,1.3979450828945772,1.4005874395370483,-0.19890135526657104,0.07626459002494812
18.558597087860107,1.3977836366798444,1.4005874395370483,-0.13948272168636322,0.04422064498066902
18.561662912368774,1.397624719088748,1.4002059698104858,-0.2865186631679535,0.07327382266521454
18.56472897529602,1.3974683077635124,1.4002059698104858,0.060929276049137115,0.125825896859169
18.567795038223267,1.397314417482409,1.3998245000839233,-0.13847562670707703,0.10788128525018692
18.570860862731934,1.3971630622021565,1.3998245000839233,-0.10423437505960464,0.08224612474441528
18.573927640914917,1.3970141862017458,1.3994430303573608,-0.34090182185173035,0.06771954149007797
18.576996564865112,1.3968677376560128,1.3994430303573608,-0.10020599514245987,0.13736172020435333
18.580069065093994,1.396723657567341,1.3990615606307983,-0.15056076645851135,0.12069886177778244
18.583146810531616,1.3965818807710733,1.3990615606307983,-0.15559624135494232,0.0010681315325200558
18.5862135887146,1.396443149099644,1.3986800909042358,-0.12437628954648972,0.10659952461719513
18.589279413223267,1.3963069968319508,1.3986800909042358,0.006546120624989271,0.051483940333127975
18.592345237731934,1.3961733824533544,1.3982986211776733,-0.04179446026682854,0.06900129467248917
18.59541153907776,1.3960422877582832,1.3982986211776733,-0.13746853172779083,0.13009841740131378
18.598483324050903,1.3959135080543712,1.3979171514511108,-0.08207827806472778,0.12112611532211304
18.60156011581421,1.3957870783265107,1.3975356817245483,-0.14955367147922516,0.10446326434612274
18.604632139205933,1.3956634024310266,1.3975356817245483,0.002517738612368703,0.02371251955628395
18.607698440551758,1.395542507508877,1.3971542119979858,-0.22609293460845947,0.08950942009687424
18.610764503479004,1.3954241717186404,1.3971542119979858,0.08308537304401398,0.1924773007631302
18.6138334274292,1.3953082804684154,1.3971542119979858,0.051865413784980774,0.13650721311569214
18.61690926551819,1.3951946946494629,1.3967727422714233,-0.03474479168653488,0.16128785908222198
18.619980335235596,1.3950838500545222,1.3967727422714233,-0.0629434660077095,0.14633402228355408
18.6230525970459,1.3949755287244436,1.3963912725448608,-0.1928587704896927,0.1587243527173996
18.62613010406494,1.394869597445297,1.3963912725448608,-0.16969558596611023,0.1762416958808899
18.62919592857361,1.3947666323894816,1.3960098028182983,-0.0951705202460289,0.13138018548488617
18.632262468338013,1.3946662049605867,1.3960098028182983,-0.04078736528754234,0.14975203573703766
18.63533091545105,1.3945682808981554,1.3960098028182983,-0.24422064423561096,0.1591515988111496
18.638399839401245,1.3944729103014297,1.3956283330917358,-0.05891508236527443,0.11471732705831528
18.641465663909912,1.3943802024317649,1.3956283330917358,-0.18480201065540314,0.095490962266922
18.64453125,1.3942900679602483,1.3956283330917358,-0.07704280316829681,0.10788128525018692
18.647599458694458,1.3942024271012432,1.3952468633651733,-0.1747310608625412,0.10959029197692871
18.650675535202026,1.394117144535625,1.3952468633651733,-0.06596475094556808,0.11471732705831528
18.65374517440796,1.3940346199346818,1.3952468633651733,-0.011581597849726677,0.10659952461719513
18.65681219100952,1.3939547405578139,1.3948653936386108,-0.3489585816860199,0.13138018548488617
18.659878253936768,1.3938774596222976,1.3948653936386108,-0.004531929735094309,0.05874723568558693
18.662944555282593,1.3938027473280983,1.3948653936386108,-0.2079652100801468,0.06643778085708618
18.666012048721313,1.393730583350371,1.3948653936386108,0.04884412884712219,0.03781185671687126
18.66906499862671,1.3936613221370668,1.3944838047027588,-0.11229114234447479,0.18735027313232422
18.672133684158325,1.393594279287276,1.3944838047027588,-0.20997940003871918,0.11642633378505707
18.67520236968994,1.393529819404812,1.3944838047027588,0.02568093314766884,0.14932478964328766
18.678272485733032,1.3934679152065554,1.3944838047027588,-0.043808650225400925,0.04122987762093544
18.681339025497437,1.3934086658560865,1.3941023349761963,-0.0317235067486763,0.13821622729301453
18.684405088424683,1.393352007229053,1.3941023349761963,-0.26134127378463745,0.08950942009687424
18.68747091293335,1.3932979348573966,1.3941023349761963,0.035751886665821075,0.08993667364120483
18.690536975860596,1.3932464411337906,1.3937208652496338,-0.27745479345321655,0.11300831288099289
18.69360327720642,1.3931975274253046,1.3937208652496338,-0.12941177189350128,0.10189975053071976
18.696669816970825,1.3931511950610405,1.3937208652496338,-0.05690089240670204,0.13394369184970856
18.699739456176758,1.3931074057253459,1.3937208652496338,0.14048981666564941,0.11642633378505707
18.702815532684326,1.3930661245361764,1.3937208652496338,-0.24522773921489716,0.10959029197692871
18.705883026123047,1.3930275509624448,1.3937208652496338,0.1263904720544815,0.0963454619050026
18.708949089050293,1.3929915829480628,1.3933393955230713,-0.18077363073825836,0.07541008293628693
18.71201753616333,1.3929581774850512,1.3933393955230713,-0.19789426028728485,0.18606851994991302
18.715065956115723,1.392927556754407,1.3933393955230713,0.07804989814758301,0.1104447990655899
18.71814227104187,1.3928992498025217,1.3933393955230713,-0.11531242728233337,0.1416342407464981
18.7212131023407,1.3928735925578068,1.3933393955230713,-0.02870221994817257,0.09292744100093842
18.724280834197998,1.3928505545910883,1.3933393955230713,-0.07603570818901062,0.15146104991436005
18.727347135543823,1.3928301179688904,1.3929579257965088,0.07704280316829681,0.09164568781852722
18.73041319847107,1.3928122729346561,1.3929579257965088,-0.014602883718907833,0.10446326434612274
18.73348093032837,1.3927970104653546,1.3929579257965088,0.04481574892997742,0.08438239246606827
18.736546993255615,1.3927843473939385,1.3929579257965088,0.009567406959831715,0.1104447990655899
18.73961305618286,1.3927742749002254,1.3929579257965088,0.030716411769390106,0.0942092016339302
18.742679357528687,1.392766792652695,1.3929579257965088,0.03978027030825615,0.09805447608232498
18.74574613571167,1.3927619010873342,1.3929579257965088,-0.09819180518388748,0.11386281996965408
18.748815298080444,1.3927596008625944,1.3929579257965088,0.010574501939117908,0.09677271544933319
18.751891613006592,1.392759900545797,1.3925764560699463,-0.06697184592485428,0.07626459002494812
18.754960536956787,1.3927627984129674,1.3925764560699463,-0.010574501939117908,0.15274280309677124
18.75802755355835,1.3927682877948442,1.3925764560699463,-0.269398033618927,0.04122987762093544
18.761066913604736,1.3927762851449956,1.3925764560699463,0.1284046620130539,0.11941710859537125
18.76413583755493,1.392786943317819,1.3925764560699463,0.008560311049222946,0.1433432549238205
18.767202377319336,1.3928001855629233,1.3925764560699463,-0.03373769670724869,0.11514458060264587
18.77026915550232,1.392816020288131,1.3925764560699463,0.029709314927458763,0.11599908769130707
18.773334980010986,1.392834440196751,1.3925764560699463,0.1112840473651886,0.1429159939289093
18.77640128135681,1.3928554530057211,1.3925764560699463,0.011581597849726677,0.05191119387745857
18.779467344284058,1.3928790538036786,1.3925764560699463,0.10524147748947144,0.08310063183307648
18.782535314559937,1.392905260871543,1.3925764560699463,-0.06797894090414047,0.0314030684530735
18.78560161590576,1.3929340435732114,1.3925764560699463,-0.2522774040699005,0.10232700407505035
18.78866744041443,1.3929654099531221,1.3925764560699463,0.14048981666564941,0.1104447990655899
18.791733026504517,1.3929993610793356,1.3925764560699463,0.1112840473651886,0.08395513892173767
18.794799327850342,1.3930359076133172,1.3925764560699463,0.17070268094539642,0.13907071948051453
18.79786729812622,1.393075063397057,1.3925764560699463,-0.051865413784980774,0.11728084087371826
18.800944328308105,1.3931169357720345,1.3925764560699463,-0.2371709793806076,0.04934767633676529
18.804019927978516,1.3931613910359655,1.3925764560699463,-0.0629434660077095,0.08395513892173767
18.80706524848938,1.3932079714426644,1.3925764560699463,-0.060929276049137115,0.1283894032239914
18.810131311416626,1.393257444665641,1.3925764560699463,0.2542915940284729,0.11984435468912125
18.813199996948242,1.3933095470764123,1.3925764560699463,-0.029709314927458763,0.11001754552125931
18.81627631187439,1.3933643758819176,1.3925764560699463,0.17070268094539642,0.05746547505259514
18.819344758987427,1.3934216537605826,1.3925764560699463,0.14753948152065277,0.1570153385400772
18.822411060333252,1.3934814740065462,1.3925764560699463,0.07200732082128525,0.09207294136285782
18.825477600097656,1.3935438798348945,1.3925764560699463,0.08711375296115875,0.09848172962665558
18.828543186187744,1.3936088451568047,1.3925764560699463,-0.12135500460863113,0.1112993061542511
18.831609964370728,1.3936764147809457,1.3925764560699463,-0.1273975670337677,0.1412069946527481
18.83467674255371,1.3937465629426429,1.3925764560699463,0.035751886665821075,0.10959029197692871
18.837743043899536,1.393819277092036,1.3925764560699463,0.1747310608625412,0.14975203573703766
18.84080958366394,1.3938945728103018,1.3925764560699463,0.11732661724090576,0.1416342407464981
18.843878030776978,1.3939724926612118,1.3925764560699463,-0.10121309012174606,0.1587243527173996
18.846944332122803,1.3940529322631887,1.3925764560699463,0.13444724678993225,0.126253142952919
18.850013494491577,1.394136022665761,1.3925764560699463,-0.02870221994817257,0.1104447990655899
18.85306668281555,1.3942212362484094,1.3925764560699463,0.032730601727962494,0.1595788449048996
18.85613775253296,1.3943095190336445,1.3925764560699463,0.015609979629516602,0.16983291506767273
18.859206438064575,1.3944003066126758,1.3925764560699463,-0.047837033867836,0.14505226910114288
18.862274646759033,1.3944936504665935,1.3925764560699463,-0.13142596185207367,0.1441977620124817
18.86534094810486,1.3945895026936337,1.3925764560699463,0.010574501939117908,0.17752346396446228
18.868407487869263,1.394687926851486,1.3925764560699463,0.030716411769390106,0.18521401286125183
18.871476411819458,1.3947889936381563,1.3929579257965088,-0.018631266430020332,0.19375905394554138
18.874542474746704,1.3948925282186075,1.3929579257965088,0.03675898537039757,0.24417486786842346
18.87760829925537,1.3949986137313684,1.3929579257965088,0.01359578873962164,0.20230410993099213
18.880675077438354,1.3951072907460138,1.3929579257965088,-0.032730601727962494,0.20273137092590332
18.88374137878418,1.3952185075529675,1.3929579257965088,0.16365301609039307,0.24716563522815704
18.886807203292847,1.395332261308672,1.3929579257965088,0.14955367147922516,0.20444037020206451
18.889873027801514,1.3954485674212092,1.3929579257965088,-0.09919890016317368,0.15530632436275482
18.89293909072876,1.3955674335064963,1.3929579257965088,-0.23213550448417664,0.2531471848487854
18.896005630493164,1.3956888679352721,1.3933393955230713,0.17976653575897217,0.2065766453742981
18.89906620979309,1.3958126071595287,1.3933393955230713,0.15660333633422852,0.16299687325954437
18.9021418094635,1.3959395088831552,1.3933393955230713,0.02366674318909645,0.27450981736183167
18.90521001815796,1.3960686560196505,1.3933393955230713,0.05992217734456062,0.24075685441493988
18.908276081085205,1.3962002555483504,1.3933393955230713,-0.006546120624989271,0.20444037020206451
18.911344051361084,1.396334479181522,1.3933393955230713,-0.05387960746884346,0.2834821045398712
18.91441321372986,1.3964712974840645,1.3937208652496338,0.28148317337036133,0.2719462811946869
18.917489528656006,1.396610984498087,1.3937208652496338,0.15257495641708374,0.22836652398109436
18.920562505722046,1.3967530665436887,1.3937208652496338,0.20192264020442963,0.26041045784950256
18.92362880706787,1.3968973747444489,1.3937208652496338,0.15156786143779755,0.25912871956825256
18.926695585250854,1.3970442358895365,1.3937208652496338,-0.2220645397901535,0.2672465145587921
18.92976140975952,1.397193578705003,1.3941023349761963,0.1918516755104065,0.2860456109046936
18.932828426361084,1.397345505792091,1.3941023349761963,-0.011581597849726677,0.25955596566200256
18.935895681381226,1.39749996942055,1.3941023349761963,0.022659648209810257,0.26382848620414734
18.93896174430847,1.3976568940809222,1.3941023349761963,0.04582284390926361,0.23263904452323914
18.942027807235718,1.3978163369858554,1.3941023349761963,-0.004531929735094309,0.2839093506336212
18.94506549835205,1.3979767855576084,1.3944838047027588,0.06797894090414047,0.28091859817504883
18.948137760162354,1.3981415695891266,1.3944838047027588,0.05085831880569458,0.2369115799665451
18.95121455192566,1.398309123380516,1.3944838047027588,0.13948272168636322,0.2587014436721802
18.95428466796875,1.3984788315653738,1.3948653936386108,0.143511101603508,0.24417486786842346
18.957353115081787,1.3986509581208741,1.3948653936386108,0.14552529156208038,0.27963683009147644
18.96041989326477,1.3988254963944375,1.3948653936386108,0.08912795037031174,0.20444037020206451
18.96348547935486,1.3990024674281445,1.3952468633651733,0.060929276049137115,0.2381933331489563
18.966552257537842,1.3991820062284188,1.3952468633651733,0.23213550448417664,0.2565651834011078
18.969618320465088,1.3993639990508924,1.3952468633651733,0.10322728008031845,0.3663691282272339
18.97268509864807,1.3995485281036235,1.3956283330917358,0.0941634252667427,0.33859768509864807
18.975751161575317,1.399735504573032,1.3956283330917358,0.05085831880569458,0.23263904452323914
18.978817462921143,1.3999249832593983,1.3956283330917358,0.006546120624989271,0.2587014436721802
18.981884002685547,1.400116961929444,1.3960098028182983,-0.05085831880569458,0.23477530479431152
18.98495054244995,1.40031142309623,1.3960098028182983,-0.010574501939117908,0.2569924592971802
18.988016843795776,1.400508348463933,1.3963912725448608,0.08812084794044495,0.28091859817504883
18.99106240272522,1.4007063929389785,1.3963912725448608,0.038773175328969955,0.2723735272884369
18.994128704071045,1.4009082512242486,1.3967727422714233,0.00553902518004179,0.20230410993099213
18.99719500541687,1.4011125798717068,1.3967727422714233,0.024673838168382645,0.2681010067462921
19.000263452529907,1.4013195214245797,1.3967727422714233,0.09315633028745651,0.3193713426589966
19.003340005874634,1.4015294871668917,1.3971542119979858,0.1606317162513733,0.2544289231300354
19.006409645080566,1.401741450319263,1.3971542119979858,-0.04179446026682854,0.2723735272884369
19.009477138519287,1.401955726067286,1.3971542119979858,0.13444724678993225,0.3313344120979309
19.01254367828369,1.4021723907714652,1.3975356817245483,0.03373769670724869,0.3159533143043518
19.015612840652466,1.4023916958941456,1.3975356817245483,-0.00553902518004179,0.2988632023334503
19.018689393997192,1.4026139909073385,1.3979171514511108,0.19789426028728485,0.24161134660243988
19.021759510040283,1.4028382744920067,1.3979171514511108,0.12135500460863113,0.32321658730506897
19.024827003479004,1.4030648111364277,1.3982986211776733,0.14955367147922516,0.29117265343666077
19.02789306640625,1.403293680669607,1.3982986211776733,0.027695124968886375,0.26254671812057495
19.030958890914917,1.403524966688154,1.3986800909042358,0.16768139600753784,0.26083773374557495
19.03402543067932,1.4037587382708048,1.3986800909042358,-0.030716411769390106,0.3044174909591675
19.037067890167236,1.4039930740387798,1.3990615606307983,0.06495765596628189,0.2369115799665451
19.040136575698853,1.4042318477303237,1.3994430303573608,0.2734264135360718,0.27792781591415405
19.043203353881836,1.4044728955339914,1.3994430303573608,0.12236209958791733,0.24588388204574585
19.046269178390503,1.4047162854402742,1.3994430303573608,0.20292973518371582,0.2860456109046936
19.049340963363647,1.4049625686479648,1.3998245000839233,0.11934080719947815,0.24716563522815704
19.052417278289795,1.4052116391946117,1.4002059698104858,0.04884412884712219,0.2728008031845093
19.05548930168152,1.405462779428779,1.4002059698104858,0.0961776152253151,0.22494849562644958
19.05855631828308,1.405715916178805,1.4005874395370483,0.12236209958791733,0.24588388204574585
19.061622619628906,1.405971393156283,1.4009689092636108,0.27745479345321655,0.26382848620414734
19.064690113067627,1.406229366040545,1.4009689092636108,0.004531929735094309,0.24588388204574585
19.06775665283203,1.4064896508237732,1.4013503789901733,0.11631952226161957,0.22922103106975555
19.07082509994507,1.4067524875928064,1.4013503789901733,-0.009567406959831715,0.23306630551815033
19.073891162872314,1.4070175042852093,1.4017318487167358,0.13646143674850464,0.22922103106975555
19.07695698738098,1.4072848793783164,1.4021133184432983,0.04481574892997742,0.2689555287361145
19.080023288726807,1.4075546715583485,1.4024949073791504,0.2673838436603546,0.24545662105083466
19.083062887191772,1.4078244550548682,1.4024949073791504,0.12437628954648972,0.19504082202911377
19.086129188537598,1.408098965953905,1.402876377105713,0.21702906489372253,0.18008697032928467
19.089195489883423,1.4083758404520936,1.4032578468322754,0.14854657649993896,0.24161134660243988
19.092261791229248,1.4086550744385824,1.4032578468322754,0.2371709793806076,0.1890592873096466
19.095327854156494,1.4089366417812095,1.403639316558838,0.002517738612368703,0.2403295934200287
19.098397493362427,1.4092208924553031,1.4040207862854004,0.18077363073825836,0.20871290564537048
19.101474046707153,1.4095081433867267,1.404402256011963,0.3016250729560852,0.17880521714687347
19.104546070098877,1.4097973245304476,1.404402256011963,0.02668802998960018,0.21170367300510406
19.107613801956177,1.4100884439003765,1.4047837257385254,0.3016250729560852,0.19333180785179138
19.110679864883423,1.4103817392270623,1.405165195465088,0.08308537304401398,0.19803158938884735
19.113755702972412,1.4106783101226241,1.405165195465088,0.31068894267082214,0.16684214770793915
19.11683201789856,1.4109772673279184,1.4055466651916504,0.0015106431674212217,0.19375905394554138
19.11990189552307,1.4112779276773315,1.405928134918213,0.17170977592468262,0.18265049159526825
19.122971057891846,1.4115808389708357,1.405928134918213,0.22005034983158112,0.15445181727409363
19.126039743423462,1.4118860188821651,1.4063096046447754,0.03675898537039757,0.17196917533874512
19.129066467285156,1.4121892895140533,1.406691074371338,0.12034790217876434,0.14077973365783691
19.13213586807251,1.4124991277373438,1.4070725440979004,0.3852140009403229,0.1574425846338272
19.135202407836914,1.4128109768565036,1.4070725440979004,-0.021652551367878914,0.15017929673194885
19.138269186019897,1.4131251444838389,1.4078354835510254,0.16868849098682404,0.15317006409168243
19.141335487365723,1.413441552414863,1.408216953277588,0.16768139600753784,0.17068742215633392
19.144402027130127,1.4137602694902318,1.408216953277588,0.14048981666564941,0.21298542618751526
19.14747142791748,1.4140815670110156,1.4085984230041504,0.12135500460863113,0.2369115799665451
19.15053939819336,1.4144049925712403,1.408979892730713,0.14048981666564941,0.2364843189716339
19.153606414794922,1.4147305889791701,1.4093613624572754,0.11631952226161957,0.16983291506767273
19.156672954559326,1.4150584004315627,1.4093613624572754,0.24422064423561096,0.1886320263147354
19.159738779067993,1.415388395254543,1.409742832183838,0.11229114234447479,0.22964827716350555
19.162805318832397,1.4157207225229547,1.409742832183838,-0.08912795037031174,0.20914015173912048
19.16587233543396,1.4160553527782151,1.4105058908462524,0.17070268094539642,0.1766689568758011
19.168939352035522,1.4163922295490838,1.4105058908462524,0.1606317162513733,0.21298542618751526
19.17200803756714,1.4167315329734298,1.410887360572815,0.06898603588342667,0.20187686383724213
19.175065279006958,1.4170717974323115,1.4112688302993774,0.2371709793806076,0.21725794672966003
19.178134202957153,1.4174155920641123,1.41165030002594,0.2552987039089203,0.1587243527173996
19.18120002746582,1.4177612651886997,1.41165030002594,0.10624857246875763,0.16256961226463318
19.184266328811646,1.4181092120436463,1.4120317697525024,0.35802242159843445,0.24118410050868988
19.18733239173889,1.418459346559536,1.412413239479065,0.11631952226161957,0.17880521714687347
19.190399646759033,1.4188118279279958,1.4127947092056274,0.008560311049222946,0.17196917533874512
19.193467617034912,1.4191665981762138,1.41317617893219,0.2855115532875061,0.18777751922607422
19.19654107093811,1.4195242101055676,1.4135576486587524,0.13243305683135986,0.21127641201019287
19.199610710144043,1.4198835782877042,1.4135576486587524,0.11531242728233337,0.25912871956825256
19.202687740325928,1.420246013064928,1.413939118385315,0.17976653575897217,0.1595788449048996
19.205758333206177,1.4206098812723609,1.4143205881118774,0.14653238654136658,0.15359731018543243
19.20882487297058,1.4209754488074693,1.4143205881118774,0.09013504534959793,0.20102235674858093
19.21189045906067,1.4213430743958915,1.4150835275650024,0.304646372795105,0.221530482172966
19.214959383010864,1.4217132697462718,1.4150835275650024,0.24422064423561096,0.30954450368881226
19.21803641319275,1.4220866166708086,1.415464997291565,0.003524834057316184,0.2736552953720093
19.221065044403076,1.422456211284976,1.4158464670181274,0.17070268094539642,0.22494849562644958
19.22413396835327,1.4228328629122016,1.41622793674469,0.10725566744804382,0.2501564025878906
19.22720170021057,1.4232115154922933,1.4166094064712524,-0.014602883718907833,0.22452124953269958
19.230268001556396,1.4235921312209785,1.4166094064712524,0.10222018510103226,0.22836652398109436
19.2333345413208,1.423974910359683,1.416990876197815,0.08308537304401398,0.29288166761398315
19.236401319503784,1.424359847721326,1.41775381565094,0.24119935929775238,0.2360570728778839
19.23946762084961,1.4247468475645924,1.41775381565094,-0.07804989814758301,0.29245442152023315
19.242533922195435,1.4251359638301357,1.418135404586792,0.02568093314766884,0.17196917533874512
19.24560046195984,1.4255272212421577,1.4185168743133545,0.19890135526657104,0.22623026371002197
19.248669147491455,1.4259208598028124,1.418898344039917,0.25932708382606506,0.24374762177467346
19.25174570083618,1.4263176179582264,1.4192798137664795,0.035751886665821075,0.21725794672966003
19.25481939315796,1.4267161113343936,1.419661283493042,0.29558250308036804,0.27536430954933167
19.257890224456787,1.4271163281214494,1.4200427532196045,0.09718471020460129,0.22836652398109436
19.26095700263977,1.4275180999395458,1.420424222946167,0.06697184592485428,0.19974060356616974
19.264025926589966,1.427922230969717,1.4208056926727295,0.24925611913204193,0.23263904452323914
19.2670636177063,1.428324290408376,1.421187162399292,0.2885328531265259,0.2659647464752197
19.270129919052124,1.4287321902710648,1.4215686321258545,0.2220645397901535,0.24246585369110107
19.273196697235107,1.429142211295916,1.421950101852417,0.10121309012174606,0.24203860759735107
19.276262760162354,1.4295541877762696,1.4223315715789795,0.23213550448417664,0.27621880173683167
19.279329299926758,1.429968273532338,1.422713041305542,0.16365301609039307,0.2240939885377884
19.282395839691162,1.4303843985034392,1.4230945110321045,0.22609293460845947,0.23050278425216675
19.28546166419983,1.4308024587403438,1.423475980758667,0.2653696537017822,0.2377660721540451
19.288527488708496,1.4312225448595337,1.4238574504852295,0.2855115532875061,0.2236667424440384
19.291592836380005,1.4316445848176578,1.424238920211792,0.24824902415275574,0.29288166761398315
19.29465913772583,1.432068769773893,1.4246203899383545,0.2683909237384796,0.24759289622306824
19.297725915908813,1.4324950288738447,1.425001859664917,0.18077363073825836,0.18564125895500183
19.300795078277588,1.4329236236961074,1.4253833293914795,0.16969558596611023,0.2582741975784302
19.303871393203735,1.4333552230719948,1.425764799118042,0.07603570818901062,0.2685282528400421
19.306941509246826,1.433787948338606,1.426146388053894,0.3942778706550598,0.2540016770362854
19.31001043319702,1.4342224915472293,1.4265278577804565,0.2563057839870453,0.30740824341773987
19.31306219100952,1.4346565666754185,1.4272907972335815,0.19688716530799866,0.23562981188297272
19.316130876541138,1.4350950164649923,1.4272907972335815,0.05085831880569458,0.251438170671463
19.319207906723022,1.4355366323800471,1.427672266960144,0.06797894090414047,0.19589532911777496
19.32227635383606,1.4359789781589147,1.4280537366867065,0.34392309188842773,0.2719462811946869
19.325345039367676,1.4364233109200564,1.428435206413269,0.1576104313135147,0.2646830081939697
19.32841396331787,1.4368696245104104,1.4288166761398315,0.10222018510103226,0.2646830081939697
19.331480503082275,1.437317528855594,1.4295796155929565,0.1757381558418274,0.251865416765213
19.3345468044281,1.4377673282331354,1.429961085319519,0.3801785409450531,0.29672694206237793
19.33761978149414,1.4382200362625985,1.4303425550460815,0.3630579113960266,0.31296253204345703
19.340686082839966,1.4386736793035204,1.430724024772644,0.2401922643184662,0.2992904484272003
19.34375262260437,1.4391292674855376,1.4311054944992065,0.2855115532875061,0.31168079376220703
19.346818923950195,1.4395867232019521,1.4311054944992065,0.13948272168636322,0.32791638374328613
19.34988808631897,1.4400465044909128,1.4318684339523315,0.23012131452560425,0.3364614248275757
19.352965116500854,1.4405093645002807,1.4318684339523315,0.14753948152065277,0.3612420856952667
19.356036901474,1.440973326249268,1.4326313734054565,0.29759669303894043,0.4287480115890503
19.359062671661377,1.4414321781031654,1.433012843132019,0.1757381558418274,0.33902496099472046
19.362128734588623,1.4418989963604956,1.4333943128585815,0.11531242728233337,0.3014267086982727
19.365195512771606,1.4423677856376291,1.4337759017944336,0.21098649501800537,0.31338977813720703
19.368269443511963,1.4428395301237995,1.434157371520996,0.22810712456703186,0.3351796865463257
19.371335744857788,1.443311953854278,1.4345388412475586,0.37413597106933594,0.33774319291114807
19.374401807785034,1.4437861814169057,1.434920310974121,0.2069581151008606,0.2369115799665451
19.37746810913086,1.4442622795229125,1.4353017807006836,0.21199358999729156,0.3296253979206085
19.380534887313843,1.4447402787620505,1.4360647201538086,0.29356831312179565,0.2228122353553772
19.383604288101196,1.4452205092421204,1.436446189880371,0.19588007032871246,0.26254671812057495
19.38667321205139,1.4457024808033037,1.4368276596069336,0.29759669303894043,0.31253528594970703
19.389739274978638,1.446185808893946,1.437209129333496,0.2653696537017822,0.28006407618522644
19.392805337905884,1.4466709348155569,1.4375905990600586,0.1284046620130539,0.2992904484272003
19.39587163925171,1.4471578892987347,1.437972068786621,0.2361638844013214,0.2561379373073578
19.398943662643433,1.4476475411601493,1.438735008239746,0.1727168709039688,0.3176623284816742
19.402026653289795,1.4481407336943772,1.4391164779663086,0.44966810941696167,0.2997176945209503
19.405065774917603,1.4486286588479378,1.4398794174194336,0.24724192917346954,0.2228122353553772
19.408134698867798,1.4491231249701888,1.440260887145996,0.29457542300224304,0.19546806812286377
19.411200046539307,1.4496187693148666,1.4406423568725586,0.21199358999729156,0.20102235674858093
19.41426944732666,1.4501168185337194,1.4414052963256836,0.2834973633289337,0.21341268718242645
19.417346000671387,1.4506177777025135,1.4417868852615356,0.32277408242225647,0.18777751922607422
19.420413970947266,1.4511190759056813,1.4425498247146606,0.3137102425098419,0.21426717936992645
19.42348003387451,1.4516217875875406,1.4429312944412231,0.3620508015155792,0.18735027313232422
19.426546573638916,1.452126294985486,1.4433127641677856,0.24925611913204193,0.1907682865858078
19.429614782333374,1.4526327885269976,1.4436942338943481,0.27946898341178894,0.2052948772907257
19.43268370628357,1.4531411052455203,1.4444571733474731,0.05387960746884346,0.18051423132419586
19.435750007629395,1.4536506831426457,1.4448386430740356,0.4748454988002777,0.14505226910114288
19.43881630897522,1.454161948316773,1.4456015825271606,0.3157244324684143,0.19717708230018616
19.441884517669678,1.4546752127680973,1.4459830522537231,0.3952849507331848,0.2561379373073578
19.444950342178345,1.455189750578935,1.4467459917068481,0.27946898341178894,0.2740825414657593
19.448018312454224,1.4557063141680011,1.4471274614334106,0.2855115532875061,0.18307773768901825
19.45106816291809,1.4562214707793595,1.4475089311599731,0.2653696537017822,0.16470588743686676
19.45414638519287,1.4567430740047453,1.4478904008865356,0.270405113697052,0.23306630551815033
19.457213640213013,1.457264464164137,1.4486533403396606,0.23213550448417664,0.32321658730506897
19.46027946472168,1.457787244652827,1.4490348100662231,0.19789426028728485,0.16940565407276154
19.463345289230347,1.4583116504959235,1.4494163990020752,0.2532845139503479,0.23007553815841675
19.466411113739014,1.4588376739098108,1.4497978687286377,0.19990845024585724,0.2070038914680481
19.46947741508484,1.4593653892760847,1.4505608081817627,0.38823530077934265,0.2548561692237854
19.47254467010498,1.4598948719468485,1.4509422779083252,0.23414969444274902,0.2894636392593384
19.475613832473755,1.4604262809186315,1.4513237476348877,0.12336919456720352,0.21255818009376526
19.478683710098267,1.4609594039278555,1.4517052173614502,0.4325474798679352,0.2548561692237854
19.48175072669983,1.4614936103219982,1.4520866870880127,0.2079652100801468,0.3142443001270294
19.484816789627075,1.462029221438341,1.4528496265411377,0.26134127378463745,0.42447546124458313
19.48788285255432,1.4625663951895884,1.4532310962677002,0.2512703239917755,0.286900132894516
19.490948915481567,1.4631051236013752,1.4536125659942627,0.1928587704896927,0.24545662105083466
19.494017839431763,1.4636459035407547,1.4539940357208252,0.2724193036556244,0.1907682865858078
19.497062921524048,1.4641840058803317,1.4547569751739502,0.37413597106933594,0.25912871956825256
19.500131607055664,1.4647278065786327,1.4551384449005127,0.3962920606136322,0.32791638374328613
19.503207683563232,1.4652744477173714,1.4555199146270752,0.1576104313135147,0.26083773374557495
19.506275177001953,1.4658210815836694,1.4562828540802002,0.29558250308036804,0.30612650513648987
19.5093412399292,1.4663689672270357,1.4566643238067627,0.22911421954631805,0.2736552953720093
19.512406826019287,1.4669182655248287,1.4574273824691772,0.4285190999507904,0.32578012347221375
19.51547598838806,1.4674696968257872,1.4578088521957397,0.2734264135360718,0.2676737606525421
19.518552780151367,1.4680239892901668,1.4581903219223022,0.2542915940284729,0.24716563522815704
19.521623611450195,1.468578687630051,1.4589532613754272,0.1445181965827942,0.24502937495708466
19.52468967437744,1.469133991188715,1.4597162008285522,0.4758526086807251,0.2715190351009369
19.527755975723267,1.4696907952621414,1.4600976705551147,0.22710002958774567,0.28177309036254883
19.530822038650513,1.4702490049966686,1.4604791402816772,0.2371709793806076,0.2582741975784302
19.533888339996338,1.470808698917589,1.4612420797348022,0.41945526003837585,0.2886091470718384
19.536959648132324,1.4713707427630704,1.4616235494613647,0.29256123304367065,0.2689555287361145
19.540031909942627,1.4719343906297824,1.4623864889144897,0.21199358999729156,0.2369115799665451
19.543062686920166,1.4724918202449446,1.4627679586410522,0.08107118308544159,0.287754625082016
19.546128749847412,1.4730571389452645,1.4635308980941772,0.29558250308036804,0.2211032211780548
19.549197912216187,1.4736244301627661,1.4639123678207397,0.24724192917346954,0.2646830081939697
19.552281379699707,1.4741957685376248,1.4642938375473022,0.42449072003364563,0.21811245381832123
19.555358171463013,1.4747672631894082,1.4650568962097168,0.1596246212720871,0.2582741975784302
19.558433055877686,1.4753397854467107,1.4654383659362793,0.2542915940284729,0.31125351786613464
19.561500072479248,1.475912210419106,1.4658198356628418,0.17170977592468262,0.29459068179130554
19.56456685066223,1.4764859481206551,1.4665827751159668,0.22911421954631805,0.28049135208129883
19.56763243675232,1.4770608106716911,1.4669642448425293,0.4808880686759949,0.29117265343666077
19.570698261260986,1.4776370571610589,1.4673457145690918,0.26033416390419006,0.286472886800766
19.573765516281128,1.4782149041858113,1.4681086540222168,0.32378119230270386,0.30612650513648987
19.576831340789795,1.4787938041752837,1.4684901237487793,0.2573128938674927,0.26425573229789734
19.57989740371704,1.4793740628965395,1.4688715934753418,0.40837720036506653,0.37491416931152344
19.582964181900024,1.4799557625875521,1.4696345329284668,0.13746853172779083,0.3676508665084839
19.58603286743164,1.480539122388469,1.4700160026550293,0.13646143674850464,0.29758143424987793
19.58906579017639,1.4811169512802342,1.4707789421081543,0.32881665229797363,0.29587242007255554
19.592134475708008,1.4817028676217894,1.4711604118347168,0.5231860876083374,0.2826276123523712
19.595200777053833,1.482289600014045,1.4715418815612793,0.4113985002040863,0.35526055097579956
19.59826898574829,1.4828779606158164,1.4723048210144043,0.5443350672721863,0.3009994626045227
19.601346015930176,1.483469273126499,1.4726864099502563,0.3670862913131714,0.2561379373073578
19.604480266571045,1.4840728700793528,1.4734493494033813,0.43355458974838257,0.30569925904273987
19.6075541973114,1.4846661045550154,1.4738308191299438,0.34291601181030273,0.37149614095687866
19.61062264442444,1.4852595103523698,1.4745937585830688,0.32176700234413147,0.31082627177238464
19.61369299888611,1.485854505821783,1.4749752283096313,0.1586175262928009,0.34287023544311523
19.616770267486572,1.4864520575887565,1.4757381677627563,0.4728313088417053,0.26425573229789734
19.619843006134033,1.4870499359193747,1.4765011072158813,0.5121080279350281,0.27707332372665405
19.62290906906128,1.4876477078259573,1.4768825769424438,0.2049439251422882,0.3163805603981018
19.625977516174316,1.4882471282675718,1.4776455163955688,0.27544060349464417,0.221957728266716
19.629049062728882,1.4888483312173715,1.4784084558486938,0.3962920606136322,0.16855116188526154
19.63213086128235,1.4894527153423163,1.4787899255752563,0.5080796480178833,0.18735027313232422
19.635200023651123,1.4900557815987432,1.4795528650283813,0.330830842256546,0.19845883548259735
19.638266563415527,1.4906594799632584,1.4803158044815063,0.460746169090271,0.19418631494045258
19.641332387924194,1.4912641750921034,1.481078863143921,0.461753249168396,0.2360570728778839
19.6443989276886,1.491870140155719,1.4814603328704834,0.43959715962409973,0.25955596566200256
19.647464990615845,1.4924771307265567,1.4822232723236084,0.304646372795105,0.10019073635339737
19.650533199310303,1.4930856578949947,1.4829862117767334,0.580590546131134,0.21127641201019287
19.65361261367798,1.4936975167016608,1.483367681503296,0.4325474798679352,0.27579155564308167
19.656691312789917,1.4943103350621147,1.4837491512298584,0.18178072571754456,0.18136873841285706
19.659757375717163,1.4949217238420243,1.4845120906829834,0.4325474798679352,0.191195547580719
19.66282343864441,1.4955341869663843,1.484893560409546,0.1445181965827942,0.22708477079868317
19.665889739990234,1.4961477630926128,1.485656499862671,0.45268940925598145,0.24716563522815704
19.66895580291748,1.4967623476957164,1.4860379695892334,0.3620508015155792,0.2386205792427063
19.672024250030518,1.497378458442383,1.4868009090423584,0.32680246233940125,0.3616693317890167
19.675068378448486,1.4979907134479542,1.4875638484954834,0.40233463048934937,0.29074540734291077
19.67813801765442,1.4986091262262147,1.487945318222046,0.2663767337799072,0.32236209511756897
19.681204557418823,1.4992279350282005,1.488326907157898,0.40636301040649414,0.2728008031845093
19.68427038192749,1.4998476098759999,1.489089846611023,0.4164339601993561,0.27750056982040405
19.687336206436157,1.5004682857875788,1.4894713163375854,0.19789426028728485,0.35739681124687195
19.690401792526245,1.5010899051671343,1.4902342557907104,0.24321354925632477,0.26041045784950256
19.693467617034912,1.5017125554779214,1.490615725517273,0.330830842256546,0.32877087593078613
19.696533679962158,1.502336227706276,1.491378664970398,0.27443352341651917,0.34671550989151
19.699608087539673,1.5029625655394012,1.4917601346969604,0.4637674391269684,0.3326161503791809
19.702686548233032,1.5035906911775914,1.4925230741500854,0.3348592221736908,0.34714275598526
19.70575737953186,1.5042182099058343,1.492904543876648,0.30666056275367737,0.3296253979206085
19.70881962776184,1.5048449100266559,1.493667483329773,0.41744107007980347,0.3655146062374115
19.711876153945923,1.5054713612547237,1.4940489530563354,0.23213550448417664,0.3676508665084839
19.71493625640869,1.5060994590922268,1.4948118925094604,0.18480201065540314,0.3625238537788391
19.71800422668457,1.5067300801955847,1.495193362236023,0.19789426028728485,0.3138170540332794
19.721062421798706,1.5073595878952224,1.495956301689148,0.3509727716445923,0.32834362983703613
19.72412896156311,1.507991702042972,1.4967193603515625,0.26134127378463745,0.3774776756763458
19.7271945476532,1.5086244997914422,1.4974822998046875,0.35802242159843445,0.2992904484272003
19.730260610580444,1.509258266826563,1.49786376953125,0.34190890192985535,0.31039902567863464
19.73332667350769,1.5098928953796065,1.498626708984375,0.37312886118888855,0.3155260682106018
19.736393213272095,1.5105284749258512,1.4990081787109375,0.2563057839870453,0.35568779706954956
19.73945951461792,1.511164847882501,1.4997711181640625,0.27644771337509155,0.3142443001270294
19.742526054382324,1.5118021037611737,1.5005340576171875,0.4275120198726654,0.29459068179130554
19.7455952167511,1.5124407297072509,1.5012969970703125,0.36003661155700684,0.32834362983703613
19.748674869537354,1.513082358579439,1.501678466796875,0.3701075613498688,0.3005722165107727
19.75175189971924,1.5137242519110063,1.50244140625,0.32881665229797363,0.32620736956596375
19.754821300506592,1.5143653516402367,1.5028228759765625,0.24119935929775238,0.3655146062374115
19.757887363433838,1.5150065403313486,1.5035858154296875,0.06697184592485428,0.3018539845943451
19.76095414161682,1.5156486550553832,1.504348874092102,0.400320440530777,0.29074540734291077
19.764020442962646,1.5162914367721012,1.5047303438186646,0.42449072003364563,0.40183109045028687
19.767062664031982,1.5169299189517667,1.505111813545227,0.269398033618927,0.32193484902381897
19.770129442214966,1.5175742999843111,1.505874752998352,0.4889448285102844,0.3176623284816742
19.773195028305054,1.518219168519578,1.506637692451477,0.48189517855644226,0.2668192684650421
19.7762610912323,1.5188648657968922,1.5070191621780396,0.40334174036979675,0.3347524106502533
19.779326915740967,1.519511231688456,1.5077821016311646,0.3620508015155792,0.4261844754219055
19.78239417076111,1.5201586088707835,1.5085450410842896,0.3952849507331848,0.32236209511756897
19.785460233688354,1.5208064342882734,1.508926510810852,0.3640649914741516,0.34671550989151
19.78852868080139,1.5214554543455985,1.509689450263977,0.23918516933918,0.23050278425216675
19.791597366333008,1.5221052064198766,1.510452389717102,0.38722819089889526,0.3462882339954376
19.794665813446045,1.5227555798869015,1.5108338594436646,0.3197528123855591,0.32706186175346375
19.7977352142334,1.5234068179763591,1.5115967988967896,0.41945526003837585,0.3638055920600891
19.800804615020752,1.524058708967196,1.512359857559204,0.426504909992218,0.29715418815612793
19.803881883621216,1.524712916623876,1.513122797012329,0.36003661155700684,0.23263904452323914
19.806950092315674,1.525365832124583,1.5135042667388916,0.2824902832508087,0.2710917890071869
19.81001877784729,1.5260194725131166,1.5142672061920166,0.4134126901626587,0.22964827716350555
19.81306767463684,1.5266695056752686,1.5150301456451416,0.31169605255126953,0.2078583985567093
19.816139936447144,1.5273251234852137,1.5157930850982666,0.3036392629146576,0.2557106912136078
19.81921648979187,1.5279822540650934,1.516174554824829,0.24623483419418335,0.26169222593307495
19.822284936904907,1.528638238457927,1.5173189640045166,0.4154268801212311,0.2065766453742981
19.825350522994995,1.529294185124046,1.517700433731079,0.3630579113960266,0.16855116188526154
19.828416109085083,1.5299506956986755,1.518463373184204,0.41945526003837585,0.19632257521152496
19.83148455619812,1.5306083739142633,1.519226312637329,0.5272144675254822,0.26126497983932495
19.83455228805542,1.531266444056997,1.5196079015731812,0.4577248692512512,0.23093003034591675
19.837618589401245,1.5319247423507514,1.5203708410263062,0.33888763189315796,0.32278934121131897
19.840684413909912,1.532583463266168,1.5211337804794312,0.4154268801212311,0.24417486786842346
19.843751192092896,1.5332429045011344,1.5218967199325562,0.3620508015155792,0.3514152765274048
19.846817016601562,1.5339026461360972,1.5226596593856812,0.4627603590488434,0.3138170540332794
19.849886894226074,1.5345637565431065,1.5230411291122437,0.43556877970695496,0.35739681124687195
19.852965831756592,1.5352273072523057,1.5238040685653687,0.2663767337799072,0.32492560148239136
19.856036901474,1.5358896405289748,1.5241855382919312,0.3167315125465393,0.3031357228755951
19.859063148498535,1.5365427645141707,1.5249484777450562,0.16768139600753784,0.3159533143043518
19.862131595611572,1.5372054501134695,1.5257114171981812,0.43758296966552734,0.28220033645629883
19.86520028114319,1.5378686345911836,1.5260928869247437,0.45571067929267883,0.32663461565971375
19.868266105651855,1.5385316376979459,1.5268558263778687,0.32579538226127625,0.3804684579372406
19.871334552764893,1.5391956353910983,1.5276188850402832,0.22710002958774567,0.2728008031845093
19.874401330947876,1.5398596893420449,1.5280003547668457,0.2371709793806076,0.2706645429134369
19.877469301223755,1.5405244090835757,1.5287632942199707,0.34291601181030273,0.26382848620414734
19.880535364151,1.5411891130671742,1.5291447639465332,0.2532845139503479,0.32535287737846375
19.883602619171143,1.5418544632173692,1.5299077033996582,0.3620508015155792,0.3462882339954376
19.88666868209839,1.5425199324791443,1.5306706428527832,0.2834973633289337,0.4253299832344055
19.889734745025635,1.5431857694881457,1.5314335823059082,0.44866102933883667,0.39029526710510254
19.8928005695343,1.543851912542696,1.5318150520324707,0.17976653575897217,0.4137941598892212
19.895867586135864,1.544518662736949,1.5325779914855957,0.2230716347694397,0.32663461565971375
19.89893627166748,1.5451861143068542,1.5333409309387207,0.1102769523859024,0.3791866898536682
19.90201449394226,1.5458559704101145,1.5337224006652832,0.35600823163986206,0.38986802101135254
19.905062437057495,1.5465195534924858,1.5344853401184082,0.46779584884643555,0.32663461565971375
19.9081289768219,1.5471874928585343,1.5352483987808228,0.4909590184688568,0.2710917890071869
19.911194562911987,1.5478555229114244,1.5360113382339478,0.34090182185173035,0.31296253204345703
19.914265871047974,1.548525089122983,1.5367742776870728,0.5111009478569031,0.29031816124916077
19.91734290122986,1.5491961831097383,1.5371557474136353,0.3993133306503296,0.43430227041244507
19.92041301727295,1.5498660387964973,1.5379186868667603,0.4295262098312378,0.2531471848487854
19.923481941223145,1.5505358936141667,1.5386816263198853,0.23213550448417664,0.3202258348464966
19.92654848098755,1.5512054769616535,1.5390630960464478,0.3993133306503296,0.382177472114563
19.929614782333374,1.551875247106774,1.5398260354995728,0.45470359921455383,0.34158846735954285
19.93268084526062,1.5525451940506638,1.5405889749526978,0.4436255395412445,0.3505607545375824
19.935747385025024,1.5532154641577616,1.5409704446792603,0.46779584884643555,0.29459068179130554
19.93881320953369,1.55388578689186,1.5417333841323853,0.35500115156173706,0.3159533143043518
19.941879749298096,1.5545564650706085,1.5424963235855103,0.2079652100801468,0.3035629689693451
19.944945335388184,1.5552271237087874,1.5432593822479248,0.37111467123031616,0.34030669927597046
19.948013305664062,1.555898483194712,1.5440223217010498,0.3620508015155792,0.20315861701965332
19.951068878173828,1.5565672980363023,1.5444037914276123,0.3207598924636841,0.3608148396015167
19.954142808914185,1.557240290728187,1.5451667308807373,0.4164339601993561,0.24118410050868988
19.9572114944458,1.557912284669237,1.5459296703338623,0.23012131452560425,0.3642328381538391
19.960282564163208,1.5585849403550291,1.5466926097869873,0.37514305114746094,0.2984359562397003
19.963351249694824,1.559257203368849,1.5470740795135498,0.2996108829975128,0.2663919925689697
19.96641707420349,1.5599289589347092,1.5478370189666748,0.27745479345321655,0.2548561692237854
19.969483375549316,1.5606009282983355,1.5485999584197998,0.3479514718055725,0.28177309036254883
19.972549200057983,1.5612728924916885,1.5493628978729248,0.581597626209259,0.31296253204345703
19.97561502456665,1.5619449460299646,1.5501258373260498,0.35701534152030945,0.21683070063591003
19.97868061065674,1.562617026665772,1.5505073070526123,0.38924238085746765,0.2843366265296936
19.981747150421143,1.5632893857942498,1.5512703657150269,0.16768139600753784,0.34201571345329285
19.984814167022705,1.5639619089281596,1.5520333051681519,0.26134127378463745,0.252292662858963
19.987879753112793,1.5646341678232092,1.5527962446212769,0.5644770264625549,0.24460211396217346
19.99094796180725,1.5653070413308232,1.5535591840744019,0.5131151080131531,0.24802014231681824
19.994016647338867,1.5659800489305629,1.5539406538009644,0.3852140009403229,0.2689555287361145
19.99706220626831,1.5666480038474029,1.5547035932540894,0.32176700234413147,0.25998321175575256
