time,command(rad),position(rad),velocity(rad/s),torque
1.1920928955078125e-06,1.5672924633768452,1.566147804260254,0.06596475094556808,0.19546806812286377
0.0030977725982666016,1.5676320412132865,1.566147804260254,0.14753948152065277,0.16855116188526154
0.006175041198730469,1.567969499992396,1.5657663345336914,-0.02366674318909645,0.22452124953269958
0.009252548217773438,1.568306982385037,1.566147804260254,0.16365301609039307,0.21426717936992645
0.012320756912231445,1.5686434413390684,1.566147804260254,0.014602883718907833,0.23392081260681152
0.015389680862426758,1.5689799737046608,1.5657663345336914,-0.05085831880569458,0.24716563522815704
0.018456459045410156,1.5693162645013974,1.5657663345336914,0.14955367147922516,0.23007553815841675
0.021524429321289062,1.5696526784989453,1.566147804260254,-0.043808650225400925,0.22708477079868317
0.02460455894470215,1.5699904169881336,1.566147804260254,-0.11531242728233337,0.30569925904273987
0.027677297592163086,1.5703273349833085,1.566147804260254,0.02870221994817257,0.3052719831466675
0.03074789047241211,1.5706640063998991,1.566147804260254,0.19688716530799866,0.29117265343666077
0.0338139533996582,1.571000168613513,1.566147804260254,0.07100022584199905,0.3185168206691742
0.0368804931640625,1.5713363693433795,1.566147804260254,-0.024673838168382645,0.42362096905708313
0.03994631767272949,1.5716724766482304,1.566529393196106,0.032730601727962494,0.34030669927597046
0.04301261901855469,1.5720086199716936,1.566529393196106,0.2824902832508087,0.45310139656066895
0.04607868194580078,1.5723447196544864,1.566529393196106,-0.13344015181064606,0.45053789019584656
0.049166202545166016,1.5726831525613778,1.5669108629226685,0.06999313086271286,0.3501335084438324
0.052233219146728516,1.5730193178768375,1.5669108629226685,0.3006179928779602,0.46420997381210327
0.05529975891113281,1.573355409665241,1.567292332649231,0.0639505609869957,0.3817501962184906
0.05836606025695801,1.5736914528170278,1.567292332649231,-0.032730601727962494,0.43900206685066223
0.0614321231842041,1.574027446090255,1.5676738023757935,0.15660333633422852,0.3937132954597473
0.06450057029724121,1.5743636756082602,1.5676738023757935,0.10222018510103226,0.4590829312801361
0.06757593154907227,1.5747006363787033,1.568055272102356,0.1102769523859024,0.3633783459663391
0.07060098648071289,1.575032058213513,1.568055272102356,0.1425040066242218,0.37405967712402344
0.0736691951751709,1.5753681793612542,1.5684367418289185,0.20192264020442963,0.42191195487976074
0.07674312591552734,1.5757048972586964,1.568818211555481,0.2361638844013214,0.539406418800354
0.07981252670288086,1.5760410876340603,1.568818211555481,0.1888303905725479,0.4445563554763794
0.08288025856018066,1.5763770626992069,1.5691996812820435,0.15660333633422852,0.5197528004646301
0.08595108985900879,1.5767133434081042,1.5691996812820435,0.09819180518388748,0.3796139359474182
0.08901786804199219,1.577049145265511,1.569581151008606,0.16969558596611023,0.4612191915512085
0.09208416938781738,1.5773848586923784,1.5699626207351685,0.3922636806964874,0.4919813871383667
0.09515023231506348,1.5777205085585901,1.570344090461731,0.42348363995552063,0.3855954706668854
0.09821677207946777,1.5780561719146062,1.570344090461731,0.19688716530799866,0.44882887601852417
0.10128355026245117,1.5783918214033563,1.5707255601882935,0.015609979629516602,0.3967040479183197
0.10434937477111816,1.5787273253223777,1.571107029914856,0.2049439251422882,0.5556420087814331
0.10741615295410156,1.5790628911537266,1.571107029914856,0.018631266430020332,0.4253299832344055
0.11048769950866699,1.5793989349320292,1.5714884996414185,0.057907987385988235,0.41849392652511597
0.11355733871459961,1.5797347249866986,1.571869969367981,0.20292973518371582,0.43387502431869507
0.11660337448120117,1.580067887294923,1.5722514390945435,0.270405113697052,0.47019150853157043
0.11967229843139648,1.58040350568643,1.572632908821106,0.26234835386276245,0.3774776756763458
0.12273907661437988,1.5807388407177712,1.572632908821106,-0.004531929735094309,0.3979858160018921
0.1258068084716797,1.581074230077828,1.5730143785476685,0.20393683016300201,0.46420997381210327
0.12887835502624512,1.5814099851915617,1.573395848274231,0.07704280316829681,0.4449836015701294
0.13194513320922852,1.581745166608954,1.5737773180007935,0.2834973633289337,0.3958495557308197
0.1350109577178955,1.5820801901570276,1.574158787727356,0.16466011106967926,0.4103761315345764
0.1380770206451416,1.5824151848791985,1.574540376663208,0.24119935929775238,0.4253299832344055
0.141143798828125,1.582750201604819,1.5749218463897705,0.08107118308544159,0.4407110810279846
0.1442098617553711,1.583085082820653,1.575303316116333,0.057907987385988235,0.3531242907047272
0.1472768783569336,1.5834200095600808,1.5756847858428955,0.2724193036556244,0.40823987126350403
0.1503441333770752,1.5837549024371735,1.576066255569458,0.10020599514245987,0.3531242907047272
0.1534111499786377,1.5840897081456673,1.5764477252960205,0.5211718678474426,0.2740825414657593
0.1564781665802002,1.584424451475897,1.576829195022583,0.2663767337799072,0.29031816124916077
0.1595473289489746,1.584759365313123,1.576829195022583,0.3207598924636841,0.4407110810279846
0.16260600090026855,1.5850930697907983,1.5772106647491455,0.2895399332046509,0.35611504316329956
0.1656794548034668,1.5854283207712356,1.577592134475708,0.20192264020442963,0.33774319291114807
0.16875505447387695,1.585763738107556,1.5779736042022705,0.016617074608802795,0.3155260682106018
0.17182612419128418,1.5860985925919182,1.578355073928833,0.2683909237384796,0.34201571345329285
0.1748950481414795,1.586433143162827,1.5787365436553955,0.015609979629516602,0.32748913764953613
0.177964448928833,1.5867676745290007,1.579118013381958,0.3187457025051117,0.3039902448654175
0.1810319423675537,1.587101925647068,1.5794994831085205,0.2381780743598938,0.32321658730506897
0.184098482131958,1.5874359992947011,1.579880952835083,0.29558250308036804,0.3052719831466675
0.1871647834777832,1.5877699721956946,1.5802624225616455,0.15156786143779755,0.27621880173683167
0.1902306079864502,1.5881038171689967,1.580643892288208,-0.021652551367878914,0.2984359562397003
0.1932964324951172,1.5884375849174182,1.5810253620147705,0.23314259946346283,0.2698100209236145
0.19636273384094238,1.5887713260960101,1.581406831741333,0.2059510201215744,0.2698100209236145
0.19942975044250488,1.5891050653696033,1.5817883014678955,0.2673838436603546,0.3180895745754242
0.20249605178833008,1.5894386458374843,1.5821698904037476,0.20897230505943298,0.3163805603981018
0.2055668830871582,1.5897726367288858,1.5821698904037476,0.23515678942203522,0.32321658730506897
0.20860075950622559,1.590102526139484,1.5829328298568726,0.34392309188842773,0.3368886709213257
0.21166634559631348,1.590435779315278,1.5829328298568726,0.2220645397901535,0.2663919925689697
0.21474027633666992,1.590769853403059,1.583314299583435,0.18782329559326172,0.3180895745754242
0.21780705451965332,1.5911030628799434,1.5836957693099976,0.13041886687278748,0.37363240122795105
0.22087311744689941,1.5914361062652598,1.58407723903656,0.269398033618927,0.41763943433761597
0.2239396572113037,1.5917691118209534,1.5844587087631226,0.11329823732376099,0.2698100209236145
0.2270057201385498,1.5921019747485805,1.584840178489685,0.16969558596611023,0.251865416765213
0.2300724983215332,1.592434823219544,1.5852216482162476,0.35802242159843445,0.30954450368881226
0.2331390380859375,1.5927675524710645,1.58560311794281,0.3016250729560852,0.2706645429134369
0.23621249198913574,1.593100937032807,1.58560311794281,-0.05992217734456062,0.3629510998725891
0.23927927017211914,1.5934335015333243,1.5859845876693726,0.2240787297487259,0.24374762177467346
0.24234557151794434,1.59376591728582,1.586366057395935,0.2542915940284729,0.32321658730506897
0.24541211128234863,1.594098260607912,1.5867475271224976,0.21501487493515015,0.3330434262752533
0.24847888946533203,1.594430530242735,1.58712899684906,-0.04280155524611473,0.37320515513420105
0.25154757499694824,1.594762905670704,1.5875104665756226,0.1757381558418274,0.3039902448654175
0.25460004806518555,1.5950934237795944,1.5875104665756226,0.016617074608802795,0.382604718208313
0.25766658782958984,1.595425362038993,1.5882734060287476,0.14753948152065277,0.5214617848396301
0.26073217391967773,1.5957570926750044,1.5882734060287476,-0.010574501939117908,0.4261844754219055
0.2637977600097656,1.5960887177036611,1.58865487575531,-0.011581597849726677,0.31125351786613464
0.26686716079711914,1.5964206483560015,1.5890363454818726,0.1918516755104065,0.4146486520767212
0.2699432373046875,1.5967531922400815,1.589417815208435,0.08409246802330017,0.41721218824386597
0.27301669120788574,1.5970853426922809,1.589417815208435,0.08207827806472778,0.40354010462760925
0.27608776092529297,1.597417124509902,1.5897992849349976,0.26436254382133484,0.4625009596347809
0.2791576385498047,1.5977486654392345,1.5901808738708496,0.04481574892997742,0.46720072627067566
0.2822296619415283,1.5980803246753188,1.590562343597412,0.05589379742741585,0.38986802101135254
0.28530097007751465,1.5984117920246892,1.5909438133239746,0.15156786143779755,0.287327378988266
0.28836727142333984,1.5987426034179735,1.591325283050537,0.19688716530799866,0.4419928193092346
0.29143333435058594,1.5990732723644672,1.5917067527770996,0.143511101603508,0.35483330488204956
0.29450035095214844,1.5994039261603,1.592088222503662,0.2079652100801468,0.38858625292778015
0.29756689071655273,1.5997344093276709,1.592088222503662,0.3207598924636841,0.37534141540527344
0.30060338973999023,1.6000615363124757,1.5924696922302246,0.17976653575897217,0.3309071362018585
0.3036789894104004,1.6003927540734624,1.592851161956787,0.14653238654136658,0.42020294070243835
0.3067455291748047,1.6007228730913257,1.5932326316833496,-0.03675898537039757,0.3979858160018921
0.3098142147064209,1.6010530988665341,1.593614101409912,0.05992217734456062,0.3351796865463257
0.312882661819458,1.6013831734903066,1.5939955711364746,0.1898374855518341,0.3847409784793854
0.3159492015838623,1.6017129163409505,1.5939955711364746,0.16667430102825165,0.30783551931381226
0.3190152645111084,1.602042480163924,1.594377040863037,0.173723965883255,0.30569925904273987
0.3220813274383545,1.6023719150199611,1.5947585105895996,0.11531242728233337,0.37534141540527344
0.3251478672027588,1.6027012708900434,1.595139980316162,0.13142596185207367,0.37106889486312866
0.3282175064086914,1.6030308279972134,1.5955214500427246,0.16566720604896545,0.3531242907047272
0.3312833309173584,1.603359842861362,1.595902919769287,0.21702906489372253,0.505226194858551
0.3343513011932373,1.6036889540266295,1.5962843894958496,0.3701075613498688,0.3945677876472473
0.3374214172363281,1.6040181599875842,1.596665859222412,0.1898374855518341,0.34201571345329285
0.34049296379089355,1.6043473825855643,1.5970473289489746,0.24724192917346954,0.34329748153686523
0.343564510345459,1.604676467170159,1.597428798675537,0.22609293460845947,0.3351796865463257
0.3466002941131592,1.6050015833283529,1.597428798675537,0.2714122235774994,0.4133669137954712
0.3496673107147217,1.6053299050284136,1.5978103876113892,-0.13847562670707703,0.31039902567863464
0.3527333736419678,1.6056579834491305,1.5981918573379517,0.27644771337509155,0.34329748153686523
0.3558015823364258,1.6059861489389091,1.5985733270645142,0.3318379521369934,0.3796139359474182
0.3588674068450928,1.606313915787924,1.5985733270645142,0.143511101603508,0.3514152765274048
0.36194586753845215,1.6066428878746488,1.5993362665176392,0.1596246212720871,0.3326161503791809
0.36501502990722656,1.6069707197628142,1.5993362665176392,0.13646143674850464,0.3544060289859772
0.36809229850769043,1.607299269375323,1.6000992059707642,0.2240787297487259,0.46976426243782043
0.3711667060852051,1.6076273641714036,1.6000992059707642,0.2824902832508087,0.34714275598526
0.3742365837097168,1.6079548253629614,1.6004806756973267,0.08409246802330017,0.35611504316329956
0.3773043155670166,1.608281906541299,1.6008621454238892,0.13646143674850464,0.4471198618412018
0.38037109375,1.6086087338213932,1.6008621454238892,-0.17875944077968597,0.34329748153686523
0.3834376335144043,1.6089353823035033,1.6016250848770142,0.3167315125465393,0.37021440267562866
0.3865046501159668,1.609261926945904,1.6016250848770142,0.18278782069683075,0.4270389974117279
0.3895707130432129,1.6095882142664915,1.6020065546035767,0.3147173225879669,0.3616693317890167
0.39260315895080566,1.609910769703172,1.6023880243301392,0.25932708382606506,0.3343251645565033
0.3956723213195801,1.6102370730542024,1.6027694940567017,0.2230716347694397,0.39157700538635254
0.3987390995025635,1.6105629634110992,1.6027694940567017,0.030716411769390106,0.4599374234676361
0.40180468559265137,1.6108885665207644,1.6031509637832642,0.1908445805311203,0.39157700538635254
0.4048736095428467,1.6112143621409318,1.6035324335098267,0.02568093314766884,0.3843137323856354
0.4079442024230957,1.6115401714899666,1.6039139032363892,0.018631266430020332,0.3518425226211548
0.4110114574432373,1.6118654622388386,1.6042953729629517,0.12336919456720352,0.3817501962184906
0.4140784740447998,1.61219056217084,1.6046768426895142,0.24623483419418335,0.40653085708618164
0.417144775390625,1.6125154196122296,1.6046768426895142,0.29457542300224304,0.47830930352211
0.4204277992248535,1.6128630514786346,1.6050583124160767,0.13746853172779083,0.40695810317993164
0.42349791526794434,1.6131879636039752,1.6054397821426392,0.3207598924636841,0.42319372296333313
0.42656469345092773,1.6135123519791492,1.6058213710784912,0.29155412316322327,0.3761959373950958
0.42960357666015625,1.613833620487554,1.6058213710784912,0.08711375296115875,0.5171892642974854
0.43267369270324707,1.6141580186012077,1.6062028408050537,0.15660333633422852,0.5090714693069458
0.43573951721191406,1.6144817892328505,1.6065843105316162,0.08509956300258636,0.3924315273761749
0.43880677223205566,1.6148055357076234,1.6069657802581787,0.11229114234447479,0.5650416016578674
0.44188666343688965,1.6151304383574374,1.6073472499847412,0.08509956300258636,0.4881361126899719
0.44495344161987305,1.6154537796929398,1.6073472499847412,0.24321354925632477,0.45224690437316895
0.44802069664001465,1.6157769924381107,1.6077287197113037,0.2532845139503479,0.48429083824157715
0.45108699798583984,1.6160999246944474,1.6081101894378662,0.4315403997898102,0.5770046710968018
0.45415353775024414,1.6164227008730614,1.6084916591644287,0.08107118308544159,0.46634623408317566
0.457226037979126,1.6167459215096758,1.6084916591644287,0.0961776152253151,0.3680781126022339
0.46029210090637207,1.617068281228436,1.6092545986175537,0.1263904720544815,0.42020294070243835
0.46335840225219727,1.6173904812608342,1.6092545986175537,0.0639505609869957,0.43643853068351746
0.4664280414581299,1.6177128457675434,1.6096360683441162,0.07502861320972443,0.5415427088737488
0.46950411796569824,1.618035698148978,1.6100175380706787,0.2532845139503479,0.4804455637931824
0.4725804328918457,1.6183583859777004,1.6103990077972412,0.10423437505960464,0.4142214059829712
0.4756648540496826,1.618681732558834,1.6103990077972412,0.02366674318909645,0.4133669137954712
0.4787313938140869,1.6190030132617812,1.6111619472503662,-0.11833371222019196,0.35996031761169434
0.48180317878723145,1.6193246510389692,1.6111619472503662,0.05589379742741585,0.34201571345329285
0.48486948013305664,1.619645521333662,1.6115434169769287,0.19890135526657104,0.4471198618412018
0.48793649673461914,1.6199662720808745,1.6119248867034912,-0.052872512489557266,0.32663461565971375
0.49100255966186523,1.6202867275750372,1.6123063564300537,0.2401922643184662,0.3509880304336548
0.49406862258911133,1.6206069863930639,1.6126878261566162,0.20192264020442963,0.35611504316329956
0.4971349239349365,1.6209270722267637,1.6130692958831787,0.34090182185173035,0.4116578996181488
0.5002017021179199,1.6212470087065758,1.6134508848190308,0.18580910563468933,0.3843137323856354
0.5032680034637451,1.6215666951545074,1.6138323545455933,0.16969558596611023,0.37149614095687866
0.5063333511352539,1.6218860808106,1.6142138242721558,0.1112840473651886,0.30655375123023987
0.5094001293182373,1.6222054128557812,1.6145952939987183,0.269398033618927,0.3052719831466675
0.5124666690826416,1.6225245162071646,1.6149767637252808,0.18379491567611694,0.3984130620956421
0.5155394077301025,1.622844058944874,1.6153582334518433,0.18580910563468933,0.3317616581916809
0.5186026096343994,1.623162403828235,1.6157397031784058,0.35500115156173706,0.3497062623500824
0.5216720104217529,1.623481185342612,1.6161211729049683,0.5413138270378113,0.27493706345558167
0.5247383117675781,1.623799436286454,1.6165026426315308,0.17070268094539642,0.2988632023334503
0.5278043746948242,1.6241174527640232,1.6168841123580933,0.26134127378463745,0.2663919925689697
0.5308716297149658,1.6244353818710626,1.6172655820846558,0.32378119230270386,0.3027084767818451
0.5339391231536865,1.6247531234282175,1.6172655820846558,0.03373769670724869,0.27963683009147644
0.5370054244995117,1.625070528177697,1.6180285215377808,0.22005034983158112,0.3330434262752533
0.5400712490081787,1.6253876691545686,1.6184099912643433,0.18379491567611694,0.24161134660243988
0.543137788772583,1.6257046684712348,1.6187914609909058,0.21400777995586395,0.2894636392593384
0.5462038516998291,1.626021401695182,1.6191729307174683,0.2049439251422882,0.26041045784950256
0.5492703914642334,1.6263379661678656,1.6195544004440308,0.19588007032871246,0.2211032211780548
0.5523366928100586,1.6266542868517204,1.6195544004440308,0.1918516755104065,0.3044174909591675
0.5554029941558838,1.626970387193488,1.6199358701705933,0.27544060349464417,0.2048676311969757
0.5584716796875,1.6272865115432125,1.6203173398971558,0.25932708382606506,0.3309071362018585
0.5615406036376953,1.6276024373926516,1.6206988096237183,0.3368734121322632,0.2988632023334503
0.5646030902862549,1.6279174770248779,1.6210802793502808,0.3791714310646057,0.3612420856952667
0.5676796436309814,1.6282337376836051,1.6214618682861328,0.27745479345321655,0.32236209511756897
0.5707528591156006,1.6285494278711004,1.6218433380126953,0.3801785409450531,0.19461356103420258
0.5738201141357422,1.6288642780429623,1.6218433380126953,0.1888303905725479,0.2839093506336212
0.5768859386444092,1.6291787528472133,1.6222248077392578,-0.07200732082128525,0.24631112813949585
0.5799515247344971,1.6294929735816,1.6226062774658203,0.27544060349464417,0.2826276123523712
0.5830178260803223,1.6298070367772688,1.6229877471923828,0.330830842256546,0.2830548584461212
0.5860846042633057,1.6301209167137787,1.6229877471923828,0.32680246233940125,0.3202258348464966
0.5891509056091309,1.6304345146190173,1.6233692169189453,0.2230716347694397,0.2552834451198578
0.5922167301177979,1.6307478294380293,1.6237506866455078,0.4426184594631195,0.3022812306880951
0.595282793045044,1.631060933131542,1.6241321563720703,0.2371709793806076,0.2681010067462921
0.5983781814575195,1.6313767914462618,1.6241321563720703,0.1102769523859024,0.31338977813720703
0.6014485359191895,1.631689855787513,1.6245136260986328,0.02366674318909645,0.4582284390926361
0.6045184135437012,1.6320026318989753,1.6248950958251953,0.23414969444274902,0.4911268651485443
0.6075870990753174,1.632315045938886,1.6248950958251953,-0.02366674318909645,0.35483330488204956
0.6106598377227783,1.6326276304058231,1.6252765655517578,0.04280155524611473,0.3924315273761749
0.6137261390686035,1.632939317249097,1.6256580352783203,0.12437628954648972,0.3360341787338257
0.6167929172515869,1.6332508088344315,1.6260395050048828,0.19990845024585724,0.38602274656295776
0.6198611259460449,1.6335622006412802,1.6264209747314453,0.16566720604896545,0.4266117215156555
0.6229300498962402,1.6338734186637787,1.6264209747314453,0.2371709793806076,0.47104600071907043
0.6259982585906982,1.6341843166778989,1.6268024444580078,0.03474479168653488,0.37021440267562866
0.6290645599365234,1.6344947730532644,1.6271839141845703,-0.1263904720544815,0.37277790904045105
0.6321382522583008,1.6348057274006897,1.6275653839111328,0.2683909237384796,0.3843137323856354
0.6352047920227051,1.6351157072204188,1.6275653839111328,0.1263904720544815,0.4757457971572876
0.6382708549499512,1.635425387109381,1.6279468536376953,0.20192264020442963,0.40823987126350403
0.6413369178771973,1.6357348141386596,1.6283283233642578,0.31068894267082214,0.4877088665962219
0.6444032192230225,1.6360440111914318,1.6283283233642578,-0.1898374855518341,0.35867857933044434
0.6474695205688477,1.6363529530489604,1.6290913820266724,0.13847562670707703,0.38858625292778015
0.6505355834960938,1.6366616145728248,1.6290913820266724,0.047837033867836,0.38986802101135254
0.6536028385162354,1.6369701385070967,1.6294728517532349,0.0317235067486763,0.3202258348464966
0.6566729545593262,1.6372786910648323,1.6298543214797974,0.19588007032871246,0.43985655903816223
0.6597392559051514,1.6375866002988728,1.6298543214797974,-0.04582284390926361,0.4296025037765503
0.6628050804138184,1.6378942007901178,1.6302357912063599,0.23918516933918,0.4304569959640503
0.6658740043640137,1.6382018498755675,1.6306172609329224,0.0317235067486763,0.37106889486312866
0.6689515113830566,1.6385100946207887,1.6309987306594849,0.3539940416812897,0.5235980749130249
0.6720263957977295,1.6388178107405864,1.6313802003860474,0.14753948152065277,0.3761959373950958
0.6751034259796143,1.639125474336665,1.6313802003860474,0.1888303905725479,0.32407110929489136
0.6781806945800781,1.6394328932380315,1.6317616701126099,-0.06797894090414047,0.4009765684604645
0.6812481880187988,1.6397390671932193,1.6321431398391724,0.13545434176921844,0.4142214059829712
0.6843142509460449,1.6400448294341594,1.6325246095657349,0.3489585816860199,0.251438170671463
0.6873807907104492,1.6403503691608503,1.6329060792922974,0.4285190999507904,0.3531242907047272
0.6904480457305908,1.6406557088363056,1.6332875490188599,0.06697184592485428,0.4129396378993988
0.6935172080993652,1.6409609656478663,1.6336690187454224,0.3771572411060333,0.3317616581916809
0.6965863704681396,1.6412659485027166,1.6340504884719849,0.035751886665821075,0.40183109045028687
0.699662446975708,1.6415713423939664,1.6344319581985474,0.04582284390926361,0.442420095205307
0.7027430534362793,1.6418769079341424,1.6344319581985474,0.2210574448108673,0.30783551931381226
0.7058167457580566,1.6421815091662044,1.6348134279251099,0.20292973518371582,0.34671550989151
0.7088863849639893,1.6424854299711036,1.6351948976516724,0.047837033867836,0.40268558263778687
0.7119534015655518,1.6427888117614582,1.6355763673782349,0.3620508015155792,0.31125351786613464
0.7150242328643799,1.6430922900069853,1.6355763673782349,0.05891508236527443,0.3817501962184906
0.7181046009063721,1.6433964272251949,1.6363393068313599,0.3942778706550598,0.29544517397880554
0.7211785316467285,1.6436996446723449,1.6363393068313599,0.04179446026682854,0.38644999265670776
0.7242486476898193,1.6440022013376465,1.636720895767212,0.17775234580039978,0.5475242137908936
0.7273168563842773,1.6443042848582787,1.636720895767212,-0.10926985740661621,0.43430227041244507
0.7303829193115234,1.6446058712039204,1.6371023654937744,0.32478827238082886,0.40354010462760925
0.7334530353546143,1.6449075687245638,1.637483835220337,0.26033416390419006,0.442847341299057
0.7365338802337646,1.645210030228576,1.6378653049468994,0.13847562670707703,0.44968336820602417
0.7396030426025391,1.6455110544957576,1.638246774673462,0.16365301609039307,0.4599374234676361
0.7426722049713135,1.6458117878854943,1.6386282444000244,0.2079652100801468,0.34030669927597046
0.7457404136657715,1.646112135969378,1.6386282444000244,0.23314259946346283,0.4595101773738861
0.7488107681274414,1.6464124008649816,1.639009714126587,0.029709314927458763,0.40567636489868164
0.7518887519836426,1.6467131163188637,1.6393911838531494,0.0941634252667427,0.3368886709213257
0.7549667358398438,1.6470135347248742,1.6393911838531494,-0.035751886665821075,0.3603875935077667
0.7580347061157227,1.6473126790652834,1.639772653579712,0.009567406959831715,0.4300297498703003
0.7611050605773926,1.6476117581840615,1.6401541233062744,0.3539940416812897,0.43857482075691223
0.7641768455505371,1.6479106775163845,1.640535593032837,0.08509956300258636,0.4095216393470764
0.767256498336792,1.648210061006277,1.640535593032837,0.13142596185207367,0.4411383271217346
0.7703328132629395,1.6485088175292633,1.6409170627593994,-0.038773175328969955,0.40268558263778687
0.7734034061431885,1.6488067157673625,1.641298532485962,0.3459372818470001,0.4582284390926361
0.7764706611633301,1.649103987256954,1.641298532485962,0.27544060349464417,0.5257343649864197
0.7795395851135254,1.6494011163865518,1.6416800022125244,0.14854657649993896,0.5146257877349854
0.7826037406921387,1.6496974792642483,1.642061471939087,0.29054704308509827,0.43942931294441223
0.785682201385498,1.6499949181313187,1.6424429416656494,0.16163882613182068,0.46720072627067566
0.7887599468231201,1.6502919785805181,1.642824411392212,0.10020599514245987,0.42063018679618835
0.7918269634246826,1.6505876947318139,1.642824411392212,0.13746853172779083,0.4966811537742615
0.7948930263519287,1.650883009752613,1.6432058811187744,0.1414969116449356,0.5889677405357361
0.7979593276977539,1.6511780374740548,1.643587350845337,0.06495765596628189,0.5210345387458801
0.8010251522064209,1.651472708018413,1.643587350845337,0.032730601727962494,0.43686580657958984
0.8040914535522461,1.65176711195393,1.6439688205718994,0.10826276242733002,0.5005264282226562
0.8071579933166504,1.6520612251871827,1.644350290298462,0.21199358999729156,0.5180438160896301
0.8102240562438965,1.652354978062705,1.644350290298462,-0.02568093314766884,0.5641870498657227
0.8132898807525635,1.6526483924428597,1.644731879234314,0.15156786143779755,0.41721218824386597
0.8163561820983887,1.6529415356551844,1.6451133489608765,0.329823762178421,0.5564965009689331
0.8194236755371094,1.6532344747317433,1.6451133489608765,0.07804989814758301,0.505226194858551
0.8224906921386719,1.6535270490942802,1.6458762884140015,0.3197528123855591,0.5077897310256958
0.8255608081817627,1.6538195983995163,1.6458762884140015,-0.0005035477224737406,0.4445563554763794
0.8286001682281494,1.6541088998370517,1.646257758140564,0.24522773921489716,0.4458380937576294
0.831671953201294,1.6544009659409447,1.6466392278671265,0.34190890192985535,0.4296025037765503
0.8347444534301758,1.6546927754472813,1.647020697593689,0.0317235067486763,0.3808957040309906
0.837810754776001,1.6549836714734565,1.6474021673202515,0.2552987039089203,0.3202258348464966
0.8408772945404053,1.6552742645838652,1.6474021673202515,0.29054704308509827,0.49710842967033386
0.8439443111419678,1.6555645761786741,1.647783637046814,0.09819180518388748,0.48429083824157715
0.8470132350921631,1.6558547402041068,1.6481651067733765,0.28148317337036133,0.4599374234676361
0.8500800132751465,1.6561443724026215,1.648546576499939,0.27846190333366394,0.5667505860328674
0.8531463146209717,1.6564336297375937,1.648546576499939,0.15458914637565613,0.42362096905708313
0.856212854385376,1.6567225786467425,1.6489280462265015,0.37212178111076355,0.4167849123477936
0.8592894077301025,1.6570121374676674,1.649309515953064,0.13948272168636322,0.4150759279727936
0.8623561859130859,1.6573004426117037,1.6496909856796265,0.09114214032888412,0.4133669137954712
0.865424633026123,1.657588570177713,1.650072455406189,0.0961776152253151,0.4462653398513794
0.8685028553009033,1.6578772783914768,1.6504539251327515,0.30565345287323,0.35483330488204956
0.8715801239013672,1.6581655584608395,1.650835394859314,0.07603570818901062,0.3770504295825958
0.8746702671051025,1.6584547027689294,1.6512168645858765,0.2532845139503479,0.32449835538864136
0.8777379989624023,1.6587414101196554,1.651598334312439,0.2512703239917755,0.35867857933044434
0.8808050155639648,1.6590277109809934,1.651598334312439,0.0317235067486763,0.39072251319885254
0.88387131690979,1.6593136045277113,1.6519798040390015,-0.05690089240670204,0.287327378988266
0.8869376182556152,1.6595991565061738,1.6523613929748535,0.3529869616031647,0.2723735272884369
0.8900036811828613,1.6598843436935085,1.652742862701416,0.23414969444274902,0.4266117215156555
0.8930697441101074,1.6601691872475395,1.6531243324279785,-0.04884412884712219,0.35568779706954956
0.8961365222930908,1.6604537524391607,1.653505802154541,0.24824902415275574,0.29501792788505554
0.8992033004760742,1.6607379717229218,1.6538872718811035,0.08812084794044495,0.32449835538864136
0.9022691249847412,1.661021755821939,1.6538872718811035,0.24321354925632477,0.34415197372436523
0.9053349494934082,1.6613051921205135,1.654268741607666,0.22710002958774567,0.3368886709213257
0.9084014892578125,1.6615883455703158,1.6546502113342285,0.18480201065540314,0.26297399401664734
0.9114718437194824,1.661871500535709,1.655031681060791,0.30666056275367737,0.2860456109046936
0.9145386219024658,1.6621539743123714,1.6554131507873535,0.07804989814758301,0.29544517397880554
0.9176030158996582,1.662435876677375,1.6554131507873535,-0.046829938888549805,0.2728008031845093
0.9206690788269043,1.6627175795652236,1.6561760902404785,0.22005034983158112,0.24075685441493988
0.9237363338470459,1.6629990376249664,1.6561760902404785,0.37413597106933594,0.23392081260681152
0.9268093109130859,1.6632806642872324,1.656557559967041,0.06495765596628189,0.3022812306880951
0.9298751354217529,1.663561278847598,1.6569390296936035,0.366079181432724,0.2681010067462921
0.932941198348999,1.6638415579648753,1.657320499420166,0.2845044732093811,0.2886091470718384
0.936007022857666,1.6641214570097635,1.657320499420166,0.13746853172779083,0.2369115799665451
0.9390742778778076,1.6644011271012056,1.6577019691467285,0.3137102425098419,0.35782405734062195
0.9421403408050537,1.6646803280322793,1.658083438873291,0.2049439251422882,0.34329748153686523
0.9452064037322998,1.6649591675308901,1.6584649085998535,0.39024949073791504,0.39072251319885254
0.9482738971710205,1.6652377744045097,1.6584649085998535,0.2371709793806076,0.34073394536972046
0.9513401985168457,1.6655159093772358,1.658846378326416,0.018631266430020332,0.3693598806858063
0.9544060230255127,1.6657936365923725,1.6592278480529785,0.07502861320972443,0.3544060289859772
0.957474946975708,1.6660712785178264,1.6592278480529785,-0.049851223826408386,0.3031357228755951
0.9605438709259033,1.6663485531641575,1.659609317779541,0.047837033867836,0.3608148396015167
0.9636008739471436,1.6666243845992432,1.6599907875061035,0.43859007954597473,0.3680781126022339
0.9666693210601807,1.666900880093774,1.6599907875061035,0.11631952226161957,0.3650873601436615
0.9697470664978027,1.6671778415190905,1.6603723764419556,-0.22005034983158112,0.4163576662540436
0.9728231430053711,1.6674542795322853,1.660753846168518,0.018631266430020332,0.37534141540527344
0.9758954048156738,1.6677300012665472,1.6611353158950806,0.04179446026682854,0.3847409784793854
0.9789643287658691,1.66800504979353,1.6611353158950806,0.015609979629516602,0.37320515513420105
0.982032299041748,1.668279638554009,1.661516785621643,0.002517738612368703,0.4475471079349518
0.9850983619689941,1.6685536816966007,1.661516785621643,-0.09013504534959793,0.43387502431869507
0.9881687164306641,1.6688277318169928,1.6618982553482056,0.20091554522514343,0.42404821515083313
0.9912352561950684,1.6691010642737643,1.662279725074768,0.23414969444274902,0.3945677876472473
0.9943013191223145,1.669373976359904,1.6626611948013306,0.08207827806472778,0.34799724817276
0.9973678588867188,1.669646551949341,1.6626611948013306,0.10926985740661621,0.4155031740665436
1.000434160232544,1.6699187264092117,1.663042664527893,0.15358205139636993,0.34757000207901
1.0035006999969482,1.6701905410546292,1.663042664527893,0.11732661724090576,0.4911268651485443
1.0065696239471436,1.6704621845846215,1.6634241342544556,0.2240787297487259,0.4616464376449585
1.0096015930175781,1.6707301803804744,1.663805603981018,0.19990845024585724,0.4142214059829712
1.0126688480377197,1.6710009131243775,1.663805603981018,0.24724192917346954,0.40653085708618164
1.0157356262207031,1.6712712186807224,1.6641870737075806,0.06697184592485428,0.4595101773738861
1.0188019275665283,1.6715410962257171,1.664568543434143,0.3972991406917572,0.4458380937576294
1.0218682289123535,1.6718105868159614,1.664568543434143,0.03978027030825615,0.42020294070243835
1.0249345302581787,1.6720796894511496,1.6649500131607056,0.270405113697052,0.5453879833221436
1.028003215789795,1.6723486119176734,1.6649500131607056,0.19990845024585724,0.44968336820602417
1.0310702323913574,1.6726169978884562,1.665331482887268,0.07100022584199905,0.4407110810279846
1.0341365337371826,1.6728849302753823,1.6657129526138306,-0.03675898537039757,0.4748912751674652
1.037203073501587,1.6731524915066567,1.666094422340393,0.17875944077968597,0.4941176474094391
1.0402710437774658,1.6734197842803964,1.666094422340393,0.15358205139636993,0.48429083824157715
1.0433392524719238,1.6736867034229648,1.6664758920669556,0.11631952226161957,0.43900206685066223
1.0464060306549072,1.6739531029843169,1.666857361793518,0.054886702448129654,0.4257572293281555
1.0494725704193115,1.674219085850467,1.666857361793518,0.270405113697052,0.38602274656295776
1.0525429248809814,1.6744850018943538,1.6672388315200806,0.11732661724090576,0.3937132954597473
1.0556004047393799,1.6747494064721662,1.667620301246643,0.10926985740661621,0.32706186175346375
1.058666467666626,1.6750141550519626,1.6680018901824951,0.35600823163986206,0.43942931294441223
1.061732292175293,1.6752784833074208,1.6680018901824951,0.12135500460863113,0.4808728098869324
1.0647990703582764,1.6755424928966915,1.6683833599090576,0.04884412884712219,0.4278934895992279
1.0678818225860596,1.6758074725630263,1.6687648296356201,0.34291601181030273,0.4155031740665436
1.070962905883789,1.6760719019818477,1.6687648296356201,0.038773175328969955,0.3924315273761749
1.074038028717041,1.676335413360731,1.6691462993621826,0.23213550448417664,0.3971312940120697
1.0771067142486572,1.676597967313984,1.6695277690887451,0.26033416390419006,0.502235472202301
1.0801730155944824,1.6768599113959313,1.6699092388153076,0.2079652100801468,0.3958495557308197
1.0832397937774658,1.6771214894202502,1.6699092388153076,0.1727168709039688,0.4415655732154846
1.086306095123291,1.6773826190732568,1.6702907085418701,0.3177386224269867,0.43857482075691223
1.089372158050537,1.6776433198324048,1.6706721782684326,0.21602196991443634,0.3693598806858063
1.0924394130706787,1.6779037121721199,1.6710536479949951,0.2049439251422882,0.4001220762729645
1.095508337020874,1.67816383503168,1.6710536479949951,0.40636301040649414,0.4253299832344055
1.0985753536224365,1.6784233843666931,1.6714351177215576,0.20192264020442963,0.3172350525856018
1.1016035079956055,1.6786792400684727,1.6718165874481201,0.3680933713912964,0.3655146062374115
1.1046724319458008,1.6789381290740186,1.6721980571746826,0.2855115532875061,0.4578011631965637
1.107741355895996,1.6791966029590162,1.6721980571746826,-0.06193637102842331,0.4458380937576294
1.1108076572418213,1.6794544404123612,1.6725795269012451,0.038773175328969955,0.3608148396015167
1.1138746738433838,1.6797119215361596,1.6729609966278076,0.06193637102842331,0.37448692321777344
1.1169404983520508,1.6799688853470314,1.6733424663543701,0.28047609329223633,0.4620737135410309
1.1200098991394043,1.6802257300661938,1.6733424663543701,-0.13646143674850464,0.4902723729610443
1.1230766773223877,1.680481935828031,1.6737239360809326,-0.00553902518004179,0.29245442152023315
1.1261436939239502,1.680737741186474,1.6741054058074951,0.20997940003871918,0.35953307151794434
1.1292097568511963,1.680993045912324,1.6741054058074951,0.0790569931268692,0.4159304201602936
1.1322762966156006,1.6812479682716777,1.6744868755340576,0.08107118308544159,0.4133669137954712
1.1353425979614258,1.6815024478096963,1.6748683452606201,0.03776608034968376,0.40396735072135925
1.13840913772583,1.681756523155467,1.6748683452606201,0.1576104313135147,0.43772029876708984
1.1414780616760254,1.682010370605965,1.6752498149871826,-0.09013504534959793,0.4941176474094391
1.1445543766021729,1.6822644013178096,1.6752498149871826,0.0317235067486763,0.3996948301792145
1.1476006507873535,1.6825155281010313,1.6756312847137451,0.004531929735094309,0.3949950337409973
1.1506671905517578,1.68276789917976,1.6760128736495972,0.21904325485229492,0.45011061429977417
1.153733253479004,1.683019802422118,1.6760128736495972,0.21904325485229492,0.4125123918056488
1.156799554824829,1.6832712957074003,1.6763943433761597,-0.12236209958791733,0.40610361099243164
1.1598660945892334,1.6835223780017938,1.6767758131027222,0.08610665798187256,0.442420095205307
1.1629319190979004,1.6837729703890227,1.6767758131027222,0.09013504534959793,0.42319372296333313
1.1660006046295166,1.6840233638001467,1.6771572828292847,0.18178072571754456,0.502662718296051
1.1690785884857178,1.6842740799839049,1.6775387525558472,0.06898603588342667,0.40567636489868164
1.172154426574707,1.684524184309962,1.6775387525558472,0.08409246802330017,0.4586556851863861
1.1752214431762695,1.6847731353640054,1.6779202222824097,0.07704280316829681,0.4099488854408264
1.1782875061035156,1.6850215729380285,1.6779202222824097,0.24724192917346954,0.4616464376449585
1.1813552379608154,1.6852697084613113,1.6783016920089722,0.13344015181064606,0.3967040479183197
1.1844213008880615,1.6855172710280153,1.6786831617355347,-0.010574501939117908,0.3608148396015167
1.1874902248382568,1.6857646252233323,1.6786831617355347,0.1414969116449356,0.46720072627067566
1.1905591487884521,1.6860115389158752,1.6790646314620972,0.29457542300224304,0.4270389974117279
1.1936028003692627,1.6862559833110833,1.6794461011886597,0.11631952226161957,0.45181962847709656
1.196671724319458,1.6865020168918552,1.6794461011886597,0.11833371222019196,0.45395588874816895
1.1997382640838623,1.6867474166061327,1.6798275709152222,0.18681620061397552,0.39029526710510254
1.2028040885925293,1.6869923157701776,1.6802090406417847,0.3016250729560852,0.3996948301792145
1.2058730125427246,1.6872370176756024,1.6802090406417847,0.2049439251422882,0.3937132954597473
1.2089412212371826,1.6874812167283766,1.6802090406417847,-0.14552529156208038,0.42191195487976074
1.2120091915130615,1.6877249501803675,1.6805905103683472,-0.010574501939117908,0.4945448935031891
1.2150757312774658,1.6879681227857573,1.6809719800949097,0.1606317162513733,0.42020294070243835
1.2181429862976074,1.6882109039542645,1.6813534498214722,0.13243305683135986,0.4578011631965637
1.2212090492248535,1.6884531419177944,1.6813534498214722,0.06697184592485428,0.3920042812824249
1.2242796421051025,1.688695287118587,1.6817349195480347,0.10624857246875763,0.44925612211227417
1.2273461818695068,1.6889366616970805,1.6821163892745972,0.14753948152065277,0.4766002893447876
1.2304129600524902,1.6891776033948438,1.6821163892745972,0.18480201065540314,0.5120622515678406
1.2334823608398438,1.6894182979974424,1.6824978590011597,-0.006546120624989271,0.40354010462760925
1.2365515232086182,1.6896585197278562,1.6828793287277222,0.20897230505943298,0.41892117261886597
1.2396025657653809,1.689896872201991,1.6828793287277222,0.16163882613182068,0.45352864265441895
1.242671251296997,1.6901361484865365,1.6832607984542847,-0.02568093314766884,0.46591898798942566
1.245737075805664,1.6903747456397618,1.6836423873901367,0.23515678942203522,0.3928587734699249
1.2488045692443848,1.6906130155837924,1.6836423873901367,0.18278782069683075,0.4159304201602936
1.25187087059021,1.690850735095546,1.6840238571166992,-0.011581597849726677,0.3351796865463257
1.2549371719360352,1.6910879959782557,1.6844053268432617,0.3801785409450531,0.44840162992477417
1.2580039501190186,1.6913248341401887,1.6844053268432617,-0.009567406959831715,0.5099260210990906
1.2610697746276855,1.6915611383355513,1.6847867965698242,-0.06596475094556808,0.4466926157474518
1.2641403675079346,1.6917973478628239,1.6851682662963867,0.23112840950489044,0.43515679240226746
1.2672090530395508,1.6920329476593763,1.6851682662963867,-0.11531242728233337,0.4727550148963928
1.2702879905700684,1.692268868493019,1.6855497360229492,0.425497829914093,0.4146486520767212
1.2733643054962158,1.6925041212454341,1.6859312057495117,0.08912795037031174,0.3625238537788391
1.2764363288879395,1.6927385789867049,1.6859312057495117,0.07402151823043823,0.4095216393470764
1.279505729675293,1.6929723697927137,1.6863126754760742,0.2724193036556244,0.43430227041244507
1.2825782299041748,1.693205928521332,1.6866941452026367,0.21199358999729156,0.43772029876708984
1.2856061458587646,1.693435639044261,1.6866941452026367,0.30565345287323,0.3142443001270294
1.2886748313903809,1.693667976679063,1.6870756149291992,0.16768139600753784,0.4108033776283264
1.2917430400848389,1.6938998085049617,1.6874570846557617,0.1606317162513733,0.31296253204345703
1.2948129177093506,1.6941312955184298,1.6874570846557617,0.24119935929775238,0.2544289231300354
1.2978792190551758,1.694362041779055,1.6878385543823242,0.35500115156173706,0.40823987126350403
1.3009488582611084,1.6945925667881705,1.6882200241088867,0.04582284390926361,0.40396735072135925
1.3040149211883545,1.6948223505046136,1.6886014938354492,0.22810712456703186,0.2826276123523712
1.307081699371338,1.6950517143622135,1.6886014938354492,0.1284046620130539,0.3189440667629242
1.3101475238800049,1.695280532746088,1.6889829635620117,-0.02064545638859272,0.4133669137954712
1.313213586807251,1.6955088939449539,1.6893644332885742,0.1586175262928009,0.26211947202682495
1.3162801265716553,1.6957368147023466,1.6897459030151367,0.2049439251422882,0.42447546124458313
1.3193466663360596,1.695964258620205,1.6897459030151367,0.19487297534942627,0.30997177958488464
1.3224129676818848,1.6961912072264889,1.6901273727416992,0.04078736528754234,0.40781262516975403
1.3254790306091309,1.6964176597903085,1.6901273727416992,0.051865413784980774,0.252292662858963
1.328547477722168,1.6966438086673954,1.6905088424682617,0.18077363073825836,0.2997176945209503
1.3316011428833008,1.6968683907596687,1.6908903121948242,0.09718471020460129,0.2381933331489563
1.3346672058105469,1.6970934047271187,1.6912717819213867,0.052872512489557266,0.3197985887527466
1.337733507156372,1.6973179544096402,1.6912717819213867,0.08107118308544159,0.27664607763290405
1.3408045768737793,1.697542369525756,1.6916533708572388,0.18278782069683075,0.3988403081893921
1.3438706398010254,1.6977659349896959,1.6920348405838013,0.21400777995586395,0.2736552953720093
1.3469367027282715,1.6979890162317846,1.6920348405838013,-0.08308537304401398,0.3338979184627533
1.350003957748413,1.6982116988756244,1.6924163103103638,0.24422064423561096,0.3642328381538391
1.353071689605713,1.6984339297703008,1.6924163103103638,-0.13444724678993225,0.3992675542831421
1.3561384677886963,1.6986556045757595,1.6927977800369263,0.006546120624989271,0.35739681124687195
1.3592045307159424,1.6988767401001992,1.6931792497634888,0.024673838168382645,0.2723735272884369
1.3622703552246094,1.69909737014167,1.6931792497634888,0.08610665798187256,0.34842449426651
1.3653392791748047,1.6993177334031233,1.6931792497634888,0.08409246802330017,0.3001449704170227
1.368417501449585,1.6995382711983618,1.6935607194900513,0.01258869282901287,0.42105746269226074
1.3714938163757324,1.6997581781023832,1.6939421892166138,0.16868849098682404,0.3650873601436615
1.3745653629302979,1.6999772503865331,1.6939421892166138,0.11430533230304718,0.3928587734699249
1.3776006698608398,1.7001932524708405,1.6943236589431763,0.14854657649993896,0.3800412118434906
1.3806755542755127,1.7004115781311726,1.6943236589431763,-0.06999313086271286,0.3663691282272339
1.383741855621338,1.7006287995606988,1.6947051286697388,0.3177386224269867,0.442420095205307
1.3868076801300049,1.7008454924021852,1.6950865983963013,0.1273975670337677,0.5090714693069458
1.38987398147583,1.7010617232570966,1.6950865983963013,0.030716411769390106,0.4313115179538727
1.3929402828216553,1.701277457581408,1.6954680681228638,0.29558250308036804,0.5094987154006958
1.3960092067718506,1.701492878453232,1.6954680681228638,-0.018631266430020332,0.3971312940120697
1.399076223373413,1.7017076669219178,1.6958495378494263,0.07502861320972443,0.3488517701625824
1.402146816253662,1.7019222058088301,1.6958495378494263,-0.10322728008031845,0.4471198618412018
1.4052128791809082,1.7021359281774222,1.6962310075759888,0.2230716347694397,0.37235066294670105
1.4082796573638916,1.7023491997882523,1.6966124773025513,0.26033416390419006,0.33817043900489807
1.4113454818725586,1.7025619038466602,1.6966124773025513,0.13444724678993225,0.4757457971572876
1.4144117832183838,1.7027741389275564,1.6966124773025513,-0.09819180518388748,0.39072251319885254
1.4174787998199463,1.7029859204522735,1.6969939470291138,0.05690089240670204,0.4419928193092346
1.4205448627471924,1.7031971324516983,1.6973754167556763,0.16264592111110687,0.4155031740665436
1.423600435256958,1.7034071200053649,1.6973754167556763,0.11833371222019196,0.42447546124458313
1.4266667366027832,1.70361734052153,1.6977568864822388,0.13545434176921844,0.43344777822494507
1.4297327995300293,1.7038270387345078,1.6977568864822388,0.07200732082128525,0.5338521599769592
1.4327991008758545,1.7040362464783962,1.6981383562088013,0.11631952226161957,0.42020294070243835
1.4358651638031006,1.704244930443114,1.6981383562088013,-0.2714122235774994,0.3633783459663391
1.4389317035675049,1.7044531384768469,1.6981383562088013,0.046829938888549805,0.3783321976661682
1.44199800491333,1.7046608211839727,1.6985198259353638,0.2583199739456177,0.382177472114563
1.445063829421997,1.7048679618236842,1.6989012956619263,0.12336919456720352,0.42105746269226074
1.4481303691864014,1.705074640110571,1.6989012956619263,0.18580910563468933,0.42063018679618835
1.4511966705322266,1.7052807908827812,1.6989012956619263,0.05085831880569458,0.5347066521644592
1.4542627334594727,1.7054864134945023,1.6992828845977783,0.1102769523859024,0.5646143555641174
1.4573326110839844,1.7056917781028453,1.6996643543243408,0.060929276049137115,0.5355611443519592
1.4604039192199707,1.7058967231319286,1.6996643543243408,0.054886702448129654,0.5304341316223145
1.4634735584259033,1.7061010410570745,1.6996643543243408,-0.11430533230304718,0.3800412118434906
1.4665446281433105,1.7063049374791326,1.7000458240509033,-0.051865413784980774,0.504371702671051
1.4696109294891357,1.7065080009230307,1.7004272937774658,0.17976653575897217,0.3945677876472473
1.4726951122283936,1.7067117272716819,1.7004272937774658,-0.08509956300258636,0.4466926157474518
1.4757626056671143,1.7069138318925412,1.7004272937774658,-0.04481574892997742,0.4313115179538727
1.4788293838500977,1.7071153709138334,1.7008087635040283,0.1263904720544815,0.38901349902153015
1.4818949699401855,1.7073163127350888,1.7008087635040283,0.24119935929775238,0.3697871267795563
1.484961748123169,1.7075168128878273,1.7011902332305908,-0.0317235067486763,0.4415655732154846
1.4880280494689941,1.7077167613345619,1.7011902332305908,0.27644771337509155,0.5923857688903809
1.4910943508148193,1.7079161885482588,1.7015717029571533,0.04481574892997742,0.3988403081893921
1.4941670894622803,1.7081155108148314,1.7015717029571533,0.04884412884712219,0.40225833654403687
1.4972341060638428,1.7083139384596053,1.7019531726837158,0.3529869616031647,0.4407110810279846
1.5003008842468262,1.7085118270465316,1.7019531726837158,0.09718471020460129,0.4898451268672943
1.5033698081970215,1.7087093291945414,1.7023346424102783,-0.021652551367878914,0.60904860496521
1.5064384937286377,1.7089062902446979,1.7023346424102783,-0.06596475094556808,0.4966811537742615
1.5095055103302002,1.7091026181393676,1.7027161121368408,0.18278782069683075,0.443701833486557
1.5125715732574463,1.709298358609768,1.7030975818634033,0.1606317162513733,0.47104600071907043
1.5156030654907227,1.7094913739140318,1.7030975818634033,-0.024673838168382645,0.3975585699081421
1.5186736583709717,1.7096863528273376,1.7034790515899658,0.05589379742741585,0.47061875462532043
1.5217399597167969,1.7098805303200475,1.7034790515899658,0.10826276242733002,0.4906996190547943
1.5248064994812012,1.7100741935845702,1.7038605213165283,0.13847562670707703,0.43985655903816223
1.5278747081756592,1.7102674317493616,1.7038605213165283,0.32680246233940125,0.48728159070014954
1.5309422016143799,1.7104600936914844,1.7038605213165283,0.1747310608625412,0.5650416016578674
1.534008264541626,1.7106521343295438,1.7042419910430908,-0.015609979629516602,0.45267415046691895
1.5370781421661377,1.7108438808588478,1.7042419910430908,0.1586175262928009,0.48215457797050476
1.5401442050933838,1.7110348560310362,1.7046234607696533,0.05891508236527443,0.4586556851863861
1.5432119369506836,1.711225401253414,1.7046234607696533,0.07402151823043823,0.5018081665039062
1.5462779998779297,1.7114153084952548,1.7050049304962158,0.26134127378463745,0.49710842967033386
1.5493457317352295,1.711604783792874,1.7050049304962158,0.07402151823043823,0.539406418800354
1.5524120330810547,1.7117936349468281,1.7053864002227783,0.15458914637565613,0.6026397943496704
1.5554804801940918,1.7119820813278923,1.7053864002227783,0.02064545638859272,0.5206072926521301
1.5585498809814453,1.7121700482101685,1.7053864002227783,-0.11329823732376099,0.38986802101135254
1.5616028308868408,1.7123564731326406,1.7057678699493408,0.08812084794044495,0.5018081665039062
1.5646722316741943,1.7125433645101904,1.7061493396759033,0.2824902832508087,0.4612191915512085
1.5677411556243896,1.7127296867406157,1.7061493396759033,0.003524834057316184,0.4633554518222809
1.5708198547363281,1.712916059094928,1.7065308094024658,0.016617074608802795,0.47104600071907043
1.5738961696624756,1.7131017428411643,1.7065308094024658,-0.05589379742741585,0.41721218824386597
1.5769643783569336,1.7132863946921726,1.7069122791290283,0.03675898537039757,0.4445563554763794
1.5800304412841797,1.7134703753941836,1.7072938680648804,0.0941634252667427,0.42362096905708313
1.583096981048584,1.7136538420772987,1.7072938680648804,0.14753948152065277,0.46463721990585327
1.5861632823944092,1.7138367512045354,1.7072938680648804,-0.049851223826408386,0.442847341299057
1.5892298221588135,1.7140191305408479,1.7076753377914429,0.1576104313135147,0.538551926612854
1.5922958850860596,1.7142009369337121,1.7076753377914429,0.21702906489372253,0.48429083824157715
1.5953617095947266,1.7143821840363653,1.7080568075180054,-0.1253833770751953,0.4155031740665436
1.598428726196289,1.7145629554911277,1.7084382772445679,0.021652551367878914,0.35910582542419434
1.6014950275421143,1.7147431380796476,1.7084382772445679,0.13948272168636322,0.5163347721099854
1.6045639514923096,1.7149229267617576,1.7088197469711304,0.4154268801212311,0.41977569460868835
1.6076035499572754,1.7151004563766918,1.7088197469711304,0.10725566744804382,0.5445334315299988
1.610675573348999,1.7152793320036013,1.7092012166976929,0.11833371222019196,0.4454108476638794
1.6137492656707764,1.7154577530021746,1.7092012166976929,0.21501487493515015,0.4936904013156891
1.6168172359466553,1.715635290770505,1.7095826864242554,0.143511101603508,0.5458152294158936
1.6198837757110596,1.7158121949184488,1.7095826864242554,0.04179446026682854,0.4928358793258667
1.622950553894043,1.7159885613883612,1.7099641561508179,0.17976653575897217,0.43686580657958984
1.6260178089141846,1.7161644030434453,1.7099641561508179,0.14753948152065277,0.5137712955474854
1.6290833950042725,1.7163395965391917,1.7099641561508179,-0.10524147748947144,0.4266117215156555
1.6321499347686768,1.7165142912962597,1.7103456258773804,0.0629434660077095,0.5453879833221436
1.635216236114502,1.7166884185615088,1.7103456258773804,0.24925611913204193,0.5193255543708801
1.638282299041748,1.7168619778178835,1.7107270956039429,0.1273975670337677,0.6133211255073547
1.6413486003875732,1.7170349954132595,1.7107270956039429,0.13243305683135986,0.44925612211227417
1.644418716430664,1.7172076713960962,1.7107270956039429,-0.06999313086271286,0.45352864265441895
1.6474854946136475,1.7173796027063712,1.7111085653305054,0.054886702448129654,0.37021440267562866
1.65055513381958,1.7175511363592897,1.7111085653305054,-0.1414969116449356,0.4129396378993988
1.6536056995391846,1.7177210504206073,1.7114900350570679,0.1727168709039688,0.4898451268672943
1.6566805839538574,1.717891759734775,1.7118715047836304,0.0629434660077095,0.5005264282226562
1.6597483158111572,1.7180615117837013,1.7118715047836304,0.08711375296115875,0.4321660101413727
1.6628170013427734,1.7182307561892356,1.7122529745101929,0.26134127378463745,0.3774776756763458
1.6658883094787598,1.7183995833862447,1.7122529745101929,0.05992217734456062,0.4766002893447876
1.6689660549163818,1.718568199946292,1.7126344442367554,0.0317235067486763,0.4770275354385376
1.6720421314239502,1.7187361598219157,1.7126344442367554,0.4144197702407837,0.4612191915512085
1.6751089096069336,1.7189030488286314,1.7126344442367554,0.20091554522514343,0.4137941598892212
1.678175449371338,1.7190693619968718,1.7130159139633179,-0.046829938888549805,0.4274662435054779
1.681241750717163,1.7192350988405647,1.7130159139633179,0.11430533230304718,0.4253299832344055
1.6843082904815674,1.7194002845179726,1.7133973836898804,0.3801785409450531,0.48343634605407715
1.6873743534088135,1.7195648799530574,1.7133973836898804,0.07200732082128525,0.47916379570961
1.6904406547546387,1.7197289229977624,1.7137788534164429,0.26033416390419006,0.4479743540287018
1.6935138702392578,1.719892768203756,1.7137788534164429,0.011581597849726677,0.4603646993637085
1.6965835094451904,1.720055854751539,1.7141603231430054,0.04179446026682854,0.45267415046691895
1.6996607780456543,1.720218776250836,1.7141603231430054,0.16667430102825165,0.4449836015701294
1.7027277946472168,1.7203805861211485,1.7145417928695679,0.13243305683135986,0.44028380513191223
1.705794095993042,1.7205417899505904,1.7145417928695679,0.006546120624989271,0.5261616110801697
1.708860158920288,1.7207024124745804,1.71492338180542,0.37514305114746094,0.4266117215156555
1.7119266986846924,1.720862490500739,1.71492338180542,0.1425040066242218,0.5509422421455383
1.7149927616119385,1.721021973651744,1.71492338180542,0.2059510201215744,0.5270161032676697
1.718059778213501,1.7211809356113017,1.7153048515319824,-0.07301442325115204,0.5364156365394592
1.7211253643035889,1.7213392523515871,1.7153048515319824,0.02870221994817257,0.45224690437316895
1.7241978645324707,1.7214973526940052,1.715686321258545,0.04481574892997742,0.4471198618412018
1.7272639274597168,1.7216545488991706,1.715686321258545,0.11329823732376099,0.4966811537742615
1.7303307056427002,1.7218112086959976,1.7160677909851074,0.1284046620130539,0.49710842967033386
1.7333970069885254,1.7219672705406797,1.7160677909851074,-0.10322728008031845,0.4565194249153137
1.7364659309387207,1.7221228909992932,1.71644926071167,0.1918516755104065,0.4757457971572876
1.739537000656128,1.7222780439726408,1.71644926071167,0.00553902518004179,0.3505607545375824
1.7426056861877441,1.7224325000941243,1.7168307304382324,0.1586175262928009,0.40183109045028687
1.7456812858581543,1.7225867255223943,1.7168307304382324,0.17070268094539642,0.5235980749130249
1.7487478256225586,1.722739919274509,1.7168307304382324,0.006546120624989271,0.48386359214782715
1.7518141269683838,1.7228925240970367,1.717212200164795,0.21098649501800537,0.4719005227088928
1.754880666732788,1.7230445631548466,1.717212200164795,0.16969558596611023,0.43515679240226746
1.7579469680786133,1.7231960122420118,1.717212200164795,0.009567406959831715,0.4321660101413727
1.7610135078430176,1.7233468943479646,1.7175936698913574,-0.0317235067486763,0.3996948301792145
1.7640795707702637,1.7234971737877052,1.71797513961792,0.05690089240670204,0.6124666333198547
1.7671482563018799,1.7236470013098688,1.71797513961792,0.13243305683135986,0.5432516932487488
1.7702298164367676,1.723796872499793,1.71797513961792,-0.13344015181064606,0.3616693317890167
1.7733070850372314,1.7239459494810743,1.7183566093444824,0.18178072571754456,0.4270389974117279
1.7763793468475342,1.7240941996991725,1.7183566093444824,0.06596475094556808,0.3685053884983063
1.7794466018676758,1.7242416254569126,1.718738079071045,0.16566720604896545,0.5184710621833801
1.7825133800506592,1.7243884454985903,1.718738079071045,-0.054886702448129654,0.35910582542419434
1.7855794429779053,1.7245346482049064,1.7191195487976074,0.08912795037031174,0.4313115179538727
1.7886004447937012,1.7246781314457182,1.7191195487976074,0.049851223826408386,0.5150530338287354
1.7916667461395264,1.724823186320753,1.71950101852417,0.11329823732376099,0.35654231905937195
1.7947330474853516,1.7249676564664342,1.71950101852417,0.06898603588342667,0.4902723729610443
1.7977995872497559,1.7251115525114327,1.71950101852417,0.329823762178421,0.5180438160896301
1.8008742332458496,1.7252552407213304,1.7198824882507324,0.05992217734456062,0.45011061429977417
1.8039400577545166,1.725397929680924,1.7198824882507324,0.06697184592485428,0.4155031740665436
1.8070082664489746,1.725540142239917,1.720263957977295,0.21501487493515015,0.43900206685066223
1.8100745677947998,1.7256816788194667,1.720263957977295,0.21400777995586395,0.4744640290737152
1.8131434917449951,1.7258227477845356,1.720263957977295,0.2552987039089203,0.3193713426589966
1.8162126541137695,1.7259632381936865,1.7206454277038574,-0.052872512489557266,0.4616464376449585
1.819279670715332,1.7261030409388485,1.7206454277038574,0.0317235067486763,0.3633783459663391
1.8223462104797363,1.7262422323310556,1.72102689743042,0.03776608034968376,0.41892117261886597
1.8254122734069824,1.7263808121287205,1.72102689743042,0.01258869282901287,0.37235066294670105
1.8284790515899658,1.7265188336286454,1.72102689743042,0.1908445805311203,0.4261844754219055
1.8315460681915283,1.7266562745825715,1.7214083671569824,0.11732661724090576,0.3843137323856354
1.8346002101898193,1.7267925505046176,1.7214083671569824,0.17875944077968597,0.4740367829799652
1.8376657962799072,1.7269287464032097,1.7214083671569824,0.13948272168636322,0.40268558263778687
1.8407394886016846,1.727064707820138,1.7214083671569824,-0.07402151823043823,0.5658960938453674
1.8438057899475098,1.7271997485414734,1.721789836883545,-0.21400777995586395,0.37021440267562866
1.846872329711914,1.7273342061428116,1.721789836883545,-0.11934080719947815,0.4736095070838928
1.849947214126587,1.7274684330593377,1.7221713066101074,0.19588007032871246,0.27792781591415405
1.8530187606811523,1.7276019173614907,1.7221713066101074,-0.04179446026682854,0.3967040479183197
1.8560848236083984,1.7277345678715592,1.72255277633667,0.2573128938674927,0.4462653398513794
1.8591506481170654,1.7278666126927928,1.72255277633667,0.01762416958808899,0.4129396378993988
1.8622174263000488,1.7279981024699005,1.72255277633667,0.05992217734456062,0.48258182406425476
1.8652839660644531,1.7281289853946005,1.722934365272522,0.05387960746884346,0.3146715462207794
1.868351936340332,1.7282593318641921,1.722934365272522,0.15257495641708374,0.34457921981811523
1.8714282512664795,1.7283894322891316,1.7233158349990845,0.21400777995586395,0.38815900683403015
1.8745009899139404,1.7285187806403965,1.7233158349990845,0.07100022584199905,0.3689326345920563
1.8775732517242432,1.7286475080967187,1.7233158349990845,0.13041886687278748,0.37106889486312866
1.880600929260254,1.728773779248122,1.723697304725647,0.18681620061397552,0.4966811537742615
1.8836677074432373,1.7289010853565072,1.723697304725647,0.03978027030825615,0.49924468994140625
1.8867418766021729,1.7290280960505258,1.7240787744522095,0.2512703239917755,0.3646601140499115
1.8898086547851562,1.7291542001357245,1.7240787744522095,-0.01258869282901287,0.4159304201602936
1.8928747177124023,1.7292796740280458,1.7240787744522095,-0.02668802998960018,0.40396735072135925
1.8959407806396484,1.7294045467427428,1.724460244178772,0.15156786143779755,0.3518425226211548
1.8990073204040527,1.7295288370963258,1.724460244178772,-0.02064545638859272,0.5368428826332092
1.9020881652832031,1.7296531007411862,1.7248417139053345,0.060929276049137115,0.4253299832344055
1.9051542282104492,1.7297761641514366,1.7248417139053345,0.010574501939117908,0.45053789019584656
1.9082212448120117,1.7298986625379218,1.7248417139053345,0.16466011106967926,0.4291752576828003
1.9112880229949951,1.7300205476219315,1.7248417139053345,0.06697184592485428,0.5124894976615906
1.9143548011779785,1.7301418284969368,1.725223183631897,0.2824902832508087,0.49967193603515625
1.917421579360962,1.7302625047126228,1.725223183631897,0.15660333633422852,0.4270389974117279
1.920487880706787,1.7303825571987548,1.725223183631897,0.11531242728233337,0.38687723875045776
1.9235539436340332,1.730501995056036,1.7256046533584595,0.13041886687278748,0.41763943433761597
1.9266023635864258,1.730620145139824,1.7256046533584595,0.06999313086271286,0.3360341787338257
1.9296684265136719,1.7307383746173703,1.7256046533584595,-0.029709314927458763,0.34116122126579285
1.932734727859497,1.7308560066264873,1.725986123085022,0.054886702448129654,0.4261844754219055
1.9358010292053223,1.7309730315133858,1.725986123085022,-0.18178072571754456,0.3343251645565033
1.9388678073883057,1.7310894669003496,1.725986123085022,-0.003524834057316184,0.37277790904045105
1.9419372081756592,1.7312053929005145,1.7263675928115845,0.3701075613498688,0.40610361099243164
1.9450054168701172,1.7313206645828543,1.7263675928115845,0.05992217734456062,0.3650873601436615
1.9480719566345215,1.7314352644567246,1.7263675928115845,-0.043808650225400925,0.3185168206691742
1.9511377811431885,1.7315492284468548,1.726749062538147,0.007553216069936752,0.43430227041244507
1.9542040824890137,1.7316626005141942,1.726749062538147,0.1727168709039688,0.4761730432510376
1.9572699069976807,1.7317753449773337,1.7271305322647095,0.11329823732376099,0.4150759279727936
1.9603362083435059,1.7318874964887623,1.7271305322647095,0.15156786143779755,0.3992675542831421
1.963402509689331,1.731999037049247,1.7271305322647095,0.15660333633422852,0.43772029876708984
1.966470718383789,1.7321100350563279,1.7271305322647095,-0.07804989814758301,0.38815900683403015
1.9695491790771484,1.732220788335788,1.727512001991272,0.21904325485229492,0.4095216393470764
1.9726014137268066,1.7323299888961778,1.727512001991272,0.13545434176921844,0.5073624849319458
1.9756724834442139,1.7324392507068762,1.727512001991272,0.002517738612368703,0.43814754486083984
1.978738784790039,1.7325477293941574,1.7278934717178345,0.024673838168382645,0.3800412118434906
1.9818053245544434,1.732655603042962,1.7278934717178345,-0.00553902518004179,0.45310139656066895
1.9848713874816895,1.732762846163472,1.7278934717178345,0.08610665798187256,0.3638055920600891
1.9879379272460938,1.7328694917146594,1.728274941444397,0.03675898537039757,0.3843137323856354
1.9910037517547607,1.7329754979148244,1.728274941444397,0.09315633028745651,0.43729305267333984
1.994070291519165,1.733080913832828,1.7286564111709595,0.12236209958791733,0.38901349902153015
1.9971377849578857,1.7331857467709066,1.7286564111709595,0.13041886687278748,0.45523765683174133
2.0002050399780273,1.7332899553840568,1.7286564111709595,-0.018631266430020332,0.3347524106502533
2.0032708644866943,1.7333934992875508,1.7286564111709595,-0.0800640881061554,0.2988632023334503
2.0063416957855225,1.7334965944282148,1.729037880897522,0.1928587704896927,0.43729305267333984
2.0094079971313477,1.733598920108366,1.729037880897522,-0.0317235067486763,0.3620965778827667
2.012474298477173,1.7337006284850422,1.729037880897522,0.22911421954631805,0.3612420856952667
2.015540838241577,1.7338017270169446,1.7294193506240845,0.20393683016300201,0.43900206685066223
2.018604278564453,1.7339021061502087,1.7294193506240845,-0.032730601727962494,0.3450064957141876
2.0216729640960693,1.7340020382903751,1.7294193506240845,0.04179446026682854,0.45352864265441895
2.0247457027435303,1.7341014814297582,1.7294193506240845,0.015609979629516602,0.4103761315345764
2.0278124809265137,1.734200111707304,1.7294193506240845,-0.06495765596628189,0.3941405415534973
2.030878782272339,1.734298107066194,1.729800820350647,0.07301442325115204,0.4411383271217346
2.0339455604553223,1.7343954976208633,1.729800820350647,0.11631952226161957,0.26041045784950256
2.0370118618011475,1.7344922527243365,1.729800820350647,-0.027695124968886375,0.4163576662540436
2.040079355239868,1.7345884244621144,1.7301822900772095,0.1414969116449356,0.38901349902153015
2.0431482791900635,1.734684019155008,1.7301822900772095,0.0790569931268692,0.43900206685066223
2.0462191104888916,1.7347790502854732,1.7301822900772095,0.19688716530799866,0.382604718208313
2.0492873191833496,1.734873377532295,1.7305638790130615,-0.014602883718907833,0.3454337418079376
2.052353620529175,1.7349670239132369,1.7305638790130615,-0.01258869282901287,0.3945677876472473
2.055419921875,1.735060047912521,1.7305638790130615,0.13948272168636322,0.3954222798347473
2.058486223220825,1.7351524491848573,1.7305638790130615,0.16868849098682404,0.35953307151794434
2.0615525245666504,1.735244227387267,1.7305638790130615,0.011581597849726677,0.3462882339954376
2.0646002292633057,1.7353348312188577,1.730945348739624,0.13142596185207367,0.42233920097351074
2.0676701068878174,1.7354254712736756,1.730945348739624,0.22005034983158112,0.5317158699035645
2.070747137069702,1.7355156947841288,1.7313268184661865,0.2552987039089203,0.48514533042907715
2.073824167251587,1.7356052894990857,1.7313268184661865,0.18681620061397552,0.5359883904457092
2.076892375946045,1.73569400092923,1.7313268184661865,0.10926985740661621,0.4129396378993988
2.0799591541290283,1.7357820455785646,1.7313268184661865,0.19588007032871246,0.4966811537742615
2.0830299854278564,1.7358695797471653,1.7313268184661865,0.1727168709039688,0.5641870498657227
2.0860965251922607,1.735956365318531,1.731708288192749,0.06193637102842331,0.40781262516975403
2.089162826538086,1.7360425180641912,1.731708288192749,0.22609293460845947,0.4804455637931824
2.0922293663024902,1.7361280510618256,1.731708288192749,0.30666056275367737,0.4590829312801361
2.0952956676483154,1.736212950693845,1.731708288192749,-0.04179446026682854,0.4445563554763794
2.0983619689941406,1.7362972233195257,1.7320897579193115,0.09315633028745651,0.3920042812824249
2.1014280319213867,1.736380862146661,1.731708288192749,-0.057907987385988235,0.38901349902153015
2.104494094848633,1.736463873441795,1.7320897579193115,0.03776608034968376,0.45438316464424133
2.1075594425201416,1.7365462377515544,1.7320897579193115,0.1918516755104065,0.41763943433761597
2.110602855682373,1.736627391563323,1.7320897579193115,-0.0790569931268692,0.4607919454574585
2.113668918609619,1.7367085232135717,1.7320897579193115,-0.11732661724090576,0.3847409784793854
2.1167354583740234,1.7367890385867597,1.732471227645874,0.046829938888549805,0.43643853068351746
2.1198012828826904,1.7368689061577534,1.732471227645874,0.06596475094556808,0.5210345387458801
2.1228675842285156,1.7369481567585827,1.732471227645874,-0.009567406959831715,0.44028380513191223
2.125934362411499,1.7370267898013632,1.732471227645874,-0.11329823732376099,0.4565194249153137
2.129000425338745,1.7371047745021269,1.7328526973724365,0.13142596185207367,0.5889677405357361
2.1320669651031494,1.737182140965478,1.7328526973724365,0.00553902518004179,0.5146257877349854
2.1351330280303955,1.7372588648438194,1.7328526973724365,0.07301442325115204,0.46506446599960327
2.138202428817749,1.7373350404263395,1.7328526973724365,-0.13545434176921844,0.43857482075691223
2.141268491744995,1.737410501754111,1.7328526973724365,0.02064545638859272,0.4894178807735443
2.144334554672241,1.7374853317286179,1.7328526973724365,0.011581597849726677,0.4620737135410309
2.1474008560180664,1.73755953581728,1.733234167098999,0.09718471020460129,0.4163576662540436
2.1504693031311035,1.7376331591649536,1.733234167098999,-0.043808650225400925,0.6167391538619995
2.15354061126709,1.7377062171100441,1.733234167098999,-0.03978027030825615,0.34799724817276
2.1566002368927,1.7377783661605934,1.733234167098999,0.03675898537039757,0.3855954706668854
2.1596667766571045,1.7378500460514859,1.7336156368255615,-0.00553902518004179,0.37277790904045105
2.162740468978882,1.7379212577336407,1.7336156368255615,0.08610665798187256,0.38986802101135254
2.1658084392547607,1.7379917022187004,1.7336156368255615,0.14955367147922516,0.44925612211227417
2.168886184692383,1.7380617338201705,1.7336156368255615,0.15056076645851135,0.42276644706726074
2.171962261199951,1.738131089356858,1.7336156368255615,-0.12034790217876434,0.37448692321777344
2.1750309467315674,1.7381996423737363,1.733997106552124,0.06596475094556808,0.42191195487976074
2.178098440170288,1.7382675337625042,1.733997106552124,-0.006546120624989271,0.45352864265441895
2.181164503097534,1.7383347588085136,1.733997106552124,0.051865413784980774,0.4625009596347809
2.1842308044433594,1.7384013542245005,1.733997106552124,0.10725566744804382,0.41892117261886597
2.18729829788208,1.738467340031134,1.7343785762786865,0.0961776152253151,0.505226194858551
2.1903650760650635,1.7385326748056813,1.733997106552124,0.11531242728233337,0.48258182406425476
2.193431854248047,1.7385973737657414,1.7343785762786865,-0.0317235067486763,0.37021440267562866
2.1964988708496094,1.7386614416267565,1.7343785762786865,0.10222018510103226,0.4411383271217346
2.1995656490325928,1.7387248681900467,1.7343785762786865,0.011581597849726677,0.47916379570961
2.2026000022888184,1.7387869976788566,1.7343785762786865,-0.05589379742741585,0.42319372296333313
2.2056660652160645,1.738849143263328,1.734760046005249,0.01258869282901287,0.46890974044799805
2.2087349891662598,1.7389107092534972,1.734760046005249,0.09214923530817032,0.32748913764953613
2.211805582046509,1.7389716700934434,1.7343785762786865,-0.07402151823043823,0.46549171209335327
2.2148730754852295,1.7390319313358504,1.734760046005249,-0.021652551367878914,0.4308842718601227
2.2179417610168457,1.7390915776593827,1.734760046005249,0.14552529156208038,0.44925612211227417
2.221008539199829,1.7391505488215948,1.7351415157318115,-0.0015106431674212217,0.49839016795158386
2.2240757942199707,1.7392088908954282,1.7351415157318115,-0.04582284390926361,0.42447546124458313
2.227142333984375,1.739266581063982,1.7351415157318115,-0.02366674318909645,0.45481041073799133
2.2302088737487793,1.7393236327923378,1.7351415157318115,0.046829938888549805,0.3522697687149048
2.233276128768921,1.7393800589522608,1.7351415157318115,0.06193637102842331,0.35996031761169434
2.236342191696167,1.7394358243951398,1.7351415157318115,0.18782329559326172,0.40268558263778687
2.239413261413574,1.7394910404657231,1.735522985458374,0.05387960746884346,0.3843137323856354
2.242486000061035,1.7395456448563573,1.735522985458374,0.20897230505943298,0.3804684579372406
2.2455577850341797,1.7395995905343742,1.735522985458374,-0.029709314927458763,0.383459210395813
2.248600482940674,1.739652392616961,1.735522985458374,0.04078736528754234,0.4736095070838928
2.25166654586792,1.7397049629325467,1.735522985458374,-0.23112840950489044,0.4163576662540436
2.254732370376587,1.739756889366263,1.735522985458374,0.043808650225400925,0.3996948301792145
2.257798671722412,1.7398081837651505,1.735522985458374,-0.1576104313135147,0.48685434460639954
2.2608649730682373,1.7398588378127688,1.735522985458374,-0.2059510201215744,0.4125123918056488
2.2639315128326416,1.7399088551849617,1.7359044551849365,0.010574501939117908,0.3851682245731354
2.2669999599456787,1.7399582622446954,1.7359044551849365,0.10725566744804382,0.383459210395813
2.270078420639038,1.7400071855886137,1.7359044551849365,-0.057907987385988235,0.44840162992477417
2.2731542587280273,1.74005542189482,1.7359044551849365,0.04481574892997742,0.4928358793258667
2.276221752166748,1.7401028846970283,1.7359044551849365,0.032730601727962494,0.3838864862918854
2.2792906761169434,1.7401497272401467,1.7359044551849365,-0.07200732082128525,0.42105746269226074
2.282360076904297,1.7401959341946163,1.736285924911499,-0.10121309012174606,0.38858625292778015
2.285426139831543,1.7402414488607656,1.736285924911499,0.09718471020460129,0.4774547815322876
2.288494825363159,1.740286359775116,1.736285924911499,0.011581597849726677,0.40183109045028687
2.2915639877319336,1.7403306343930363,1.736285924911499,0.10423437505960464,0.43857482075691223
2.2946033477783203,1.740373844946697,1.736285924911499,0.09718471020460129,0.5334249138832092
2.297673225402832,1.7404168486183083,1.736285924911499,-0.046829938888549805,0.40653085708618164
2.3007400035858154,1.7404591657369193,1.736285924911499,0.14955367147922516,0.4300297498703003
2.3038065433502197,1.74050083667314,1.7366673946380615,0.1727168709039688,0.6150301098823547
2.3068737983703613,1.7405418740816352,1.7366673946380615,0.19688716530799866,0.6167391538619995
2.3099398612976074,1.7405822524412988,1.7366673946380615,-0.10222018510103226,0.4137941598892212
2.313006639480591,1.7406219968709487,1.7366673946380615,0.2714122235774994,0.4748912751674652
2.316072702407837,1.7406610886841332,1.7366673946380615,0.035751886665821075,0.5291523337364197
2.3191466331481934,1.7406996349147856,1.7366673946380615,0.07704280316829681,0.3685053884983063
2.322213649749756,1.7407374497578103,1.7366673946380615,-0.047837033867836,0.4813000559806824
2.325279951095581,1.7407746119064424,1.737048864364624,0.06495765596628189,0.4770275354385376
2.3283462524414062,1.740811130116578,1.7366673946380615,-0.2069581151008606,0.4313115179538727
2.3314132690429688,1.740847012545642,1.737048864364624,-0.046829938888549805,0.3967040479183197
2.334479808807373,1.7408822450384631,1.7366673946380615,-0.027695124968886375,0.4116578996181488
2.3375465869903564,1.740916835757176,1.737048864364624,0.035751886665821075,0.46805524826049805
2.340601921081543,1.740950656333303,1.7366673946380615,-0.14653238654136658,0.42362096905708313
2.343668222427368,1.7409839548705226,1.737048864364624,0.16163882613182068,0.40524908900260925
2.3467342853546143,1.7410166061782844,1.737048864364624,0.038773175328969955,0.5073624849319458
2.3498013019561768,1.741048622604654,1.737048864364624,0.02668802998960018,0.3539787828922272
2.3528685569763184,1.7410799961881138,1.737048864364624,-0.015609979629516602,0.41892117261886597
2.3559341430664062,1.7411107077542185,1.7374303340911865,0.006546120624989271,0.5201800465583801
2.3590011596679688,1.741140788314886,1.737048864364624,-0.1112840473651886,0.3766231834888458
2.362067461013794,1.7411702164875593,1.7374303340911865,-0.04481574892997742,0.3996948301792145
2.3651340007781982,1.741199001466207,1.7374303340911865,0.1284046620130539,0.39029526710510254
2.3682026863098145,1.7412271602947602,1.7374303340911865,-0.0015106431674212217,0.34757000207901
2.3712804317474365,1.7412547527694993,1.7374303340911865,0.10624857246875763,0.4949721395969391
2.374357223510742,1.741281686447116,1.7374303340911865,-0.18278782069683075,0.5116350054740906
2.3774263858795166,1.741307905507873,1.7374303340911865,-0.19386588037014008,0.5244525671005249
2.3804931640625,1.741333457831114,1.7374303340911865,-0.05690089240670204,0.5261616110801697
2.3835597038269043,1.7413583620294348,1.7374303340911865,-0.06193637102842331,0.4719005227088928
2.3866000175476074,1.7413824152996682,1.7374303340911865,-0.047837033867836,0.5304341316223145
2.3896663188934326,1.7414060307130381,1.737811803817749,0.010574501939117908,0.4253299832344055
2.3927323818206787,1.74142899808336,1.737811803817749,-0.2573128938674927,0.3791866898536682
2.395801305770874,1.7414513397132905,1.737811803817749,-0.06596475094556808,0.43686580657958984
2.3988685607910156,1.7414730221649397,1.737811803817749,0.019638361409306526,0.5073624849319458
2.401935577392578,1.7414940560735248,1.737811803817749,0.17775234580039978,0.4761730432510376
2.405001640319824,1.741514436832769,1.7374303340911865,-0.11430533230304718,0.4462653398513794
2.4080679416656494,1.7415341725173628,1.737811803817749,-0.2079652100801468,0.3291981518268585
2.411134719848633,1.741553264362291,1.737811803817749,-0.032730601727962494,0.5287250876426697
2.414201259613037,1.7415717077685058,1.737811803817749,-0.11531242728233337,0.5120622515678406
2.4172680377960205,1.7415895055354171,1.737811803817749,0.07804989814758301,0.3813229501247406
2.420334815979004,1.7416066561378447,1.737811803817749,0.1102769523859024,0.4249027371406555
2.4234049320220947,1.7416231771216413,1.737811803817749,-0.03776608034968376,0.46805524826049805
2.42647123336792,1.741639030086974,1.737811803817749,0.07704280316829681,0.5428244471549988
2.4295382499694824,1.7416542393766885,1.737811803817749,0.21098649501800537,0.5411154627799988
2.432600498199463,1.7416687790239003,1.737811803817749,-0.03675898537039757,0.5449607372283936
2.435666561126709,1.7416826900291225,1.737811803817749,0.10826276242733002,0.5889677405357361
2.4387407302856445,1.7416959880355776,1.737811803817749,-0.05387960746884346,0.40354010462760925
2.441809892654419,1.741708615287957,1.737811803817749,0.06495765596628189,0.4270389974117279
2.444878339767456,1.74172059121027,1.737811803817749,0.17976653575897217,0.5650416016578674
2.4479458332061768,1.7417319153564048,1.7381932735443115,0.24824902415275574,0.5099260210990906
2.451012372970581,1.7417425882886548,1.737811803817749,-0.02366674318909645,0.44840162992477417
2.4540786743164062,1.7417526128344583,1.7381932735443115,0.01762416958808899,0.5094987154006958
2.4571516513824463,1.741762009519951,1.7381932735443115,-0.07100022584199905,0.4573739171028137
2.460218906402588,1.7417707400974494,1.7381932735443115,0.03474479168653488,0.5244525671005249
2.463285207748413,1.7417788202237525,1.7381932735443115,-0.0629434660077095,0.4159304201602936
2.4663538932800293,1.7417862582111696,1.7381932735443115,-0.06898603588342667,0.4932631552219391
2.469430923461914,1.741793065075031,1.7381932735443115,-0.07603570818901062,0.4800183176994324
2.4725098609924316,1.7417992232922077,1.7381932735443115,0.15660333633422852,0.4727550148963928
2.4755892753601074,1.7418047292200287,1.7381932735443115,0.011581597849726677,0.47061875462532043
2.4786744117736816,1.7418095902423885,1.7381932735443115,0.06797894090414047,0.39029526710510254
2.4817404747009277,1.741813771518102,1.7381932735443115,0.09013504534959793,0.3928587734699249
2.484806537628174,1.741817305098859,1.7381932735443115,0.09819180518388748,0.3838864862918854
2.487872838973999,1.7418201911707671,1.7381932735443115,-0.143511101603508,0.3932860195636749
2.490938425064087,1.741822428976593,1.7381932735443115,0.10725566744804382,0.3360341787338257
2.494004726409912,1.7418240195522696,1.7381932735443115,0.18278782069683075,0.4458380937576294
2.497070789337158,1.7418249622460986,1.7381932735443115,-0.05992217734456062,0.3954222798347473
2.5001368522644043,1.741825257203439,1.7381932735443115,0.11934080719947815,0.5923857688903809
2.5032033920288086,1.741824904317956,1.7381932735443115,-0.032730601727962494,0.47873654961586
2.506270170211792,1.741823903391708,1.7381932735443115,0.0005035477224737406,0.45395588874816895
2.509335994720459,1.7418222550441627,1.7381932735443115,-0.10926985740661621,0.3689326345920563
2.5124049186706543,1.7418199564220669,1.7381932735443115,-0.05085831880569458,0.502662718296051
2.5154740810394287,1.7418170086184943,1.7381932735443115,-0.01762416958808899,0.4924086332321167
2.5185399055480957,1.7418134160620173,1.7381932735443115,-0.2502632141113281,0.40396735072135925
2.5216004848480225,1.7418091837199634,1.7381932735443115,0.10121309012174606,0.5257343649864197
2.5246670246124268,1.741804295885697,1.7381932735443115,0.1747310608625412,0.4753185212612152
2.527733325958252,1.7417987606457497,1.7381932735443115,0.011581597849726677,0.5103532671928406
2.530799627304077,1.7417925776658298,1.7385748624801636,-0.03373769670724869,0.43814754486083984
2.5338659286499023,1.7417857469688875,1.7385748624801636,0.07301442325115204,0.46634623408317566
2.5369319915771484,1.7417782691869332,1.7381932735443115,0.07603570818901062,0.3172350525856018
2.5399978160858154,1.7417701444987863,1.7381932735443115,0.12336919456720352,0.4573739171028137
2.5430636405944824,1.7417613723782954,1.7381932735443115,-0.16768139600753784,0.46976426243782043
2.5461301803588867,1.7417519505849062,1.7381932735443115,-0.15156786143779755,0.43814754486083984
2.54919695854187,1.7417418803165265,1.7381932735443115,-0.10926985740661621,0.4458380937576294
2.55226731300354,1.741731149441163,1.7381932735443115,-0.05085831880569458,0.46549171209335327
2.5553336143493652,1.741719784814459,1.7381932735443115,0.006546120624989271,0.45053789019584656
2.5584003925323486,1.7417077708225963,1.7385748624801636,0.18379491567611694,0.5547875165939331
2.5614664554595947,1.7416951122556568,1.7381932735443115,-0.06193637102842331,0.49924468994140625
2.5645334720611572,1.741681802194779,1.7385748624801636,-0.07502861320972443,0.42148470878601074
2.5676066875457764,1.7416678156598344,1.7385748624801636,0.09013504534959793,0.4278934895992279
2.5724995136260986,1.7416442063205748,1.7385748624801636,0.09013504534959793,0.4278934895992279
2.5755765438079834,1.7416285147292545,1.7381932735443115,-0.03675898537039757,0.4001220762729645
2.5786046981811523,1.7416124361837806,1.7385748624801636,0.1102769523859024,0.4924086332321167
2.581683397293091,1.7415954423252487,1.7385748624801636,0.03978027030825615,0.4249027371406555
2.5847506523132324,1.7415778630404237,1.7381932735443115,-0.024673838168382645,0.48471808433532715
2.587817668914795,1.741559637875007,1.7381932735443115,0.022659648209810257,0.38730448484420776
2.5908844470977783,1.7415407670476084,1.7385748624801636,-0.0629434660077095,0.4633554518222809
2.5939512252807617,1.741521249236692,1.7381932735443115,-0.06697184592485428,0.4257572293281555
2.597017765045166,1.7415010861075224,1.7385748624801636,0.038773175328969955,0.45096513628959656
2.6000843048095703,1.7414802762427393,1.7381932735443115,-0.1888303905725479,0.3949950337409973
2.6031501293182373,1.7414588247996199,1.7381932735443115,-0.06999313086271286,0.31039902567863464
2.6062169075012207,1.7414367201049725,1.7385748624801636,0.04179446026682854,0.4454108476638794
2.609283924102783,1.7414139670192597,1.7381932735443115,-0.08409246802330017,0.538124680519104
2.612351179122925,1.7413905654761712,1.7381932735443115,-0.04884412884712219,0.40354010462760925
2.6154181957244873,1.741366519200626,1.7381932735443115,-0.03373769670724869,0.35568779706954956
2.618488073348999,1.7413418031520351,1.7381932735443115,-0.04582284390926361,0.42148470878601074
2.6215569972991943,1.7413164475316465,1.7381932735443115,0.1586175262928009,0.382604718208313
2.624603033065796,1.7412906411799893,1.7381932735443115,-0.2875257432460785,0.4266117215156555
2.627669334411621,1.7412640194166695,1.7381932735443115,-0.17875944077968597,0.43686580657958984
2.6307358741760254,1.7412367497529757,1.7381932735443115,0.007553216069936752,0.3843137323856354
2.6338133811950684,1.7412087333387964,1.7381932735443115,-0.0317235067486763,0.3800412118434906
2.636885166168213,1.7411801205515083,1.7385748624801636,0.13444724678993225,0.4005493223667145
2.639951229095459,1.7411509151178561,1.7381932735443115,-0.14854657649993896,0.35867857933044434
2.6430182456970215,1.7411210550641032,1.7381932735443115,0.047837033867836,0.4595101773738861
2.6460843086242676,1.7410905590707473,1.7381932735443115,0.07402151823043823,0.4283207356929779
2.6491506099700928,1.7410594156198493,1.7381932735443115,0.06898603588342667,0.40354010462760925
2.6522164344787598,1.7410276321668332,1.7381932735443115,-0.1273975670337677,0.3659418523311615
2.655282735824585,1.7409951989429198,1.7385748624801636,0.15056076645851135,0.43387502431869507
2.658350706100464,1.7409621027824664,1.7381932735443115,0.027695124968886375,0.43302053213119507
2.6614174842834473,1.7409283745215984,1.7381932735443115,-0.0951705202460289,0.28049135208129883
2.664484739303589,1.7408939961564285,1.7381932735443115,-0.19688716530799866,0.4291752576828003
2.6675572395324707,1.740858912564661,1.7381932735443115,-0.0790569931268692,0.3655146062374115
2.6706044673919678,1.7408234786472996,1.7381932735443115,-0.006546120624989271,0.29672694206237793
2.6736791133880615,1.740787081162624,1.7381932735443115,0.07502861320972443,0.38944074511528015
2.6767470836639404,1.7407501173172597,1.7381932735443115,0.22710002958774567,0.3629510998725891
2.679814577102661,1.7407125148185931,1.7381932735443115,-0.022659648209810257,0.3804684579372406
2.6828815937042236,1.7406742741067638,1.7381932735443115,0.03373769670724869,0.32321658730506897
2.685948133468628,1.7406353956241252,1.7381932735443115,-0.002517738612368703,0.3847409784793854
2.6890177726745605,1.7405958333481373,1.7381932735443115,0.022659648209810257,0.40653085708618164
2.692084312438965,1.7405556673183993,1.7381932735443115,0.032730601727962494,0.30826276540756226
2.695152759552002,1.7405148324798678,1.7381932735443115,-0.03675898537039757,0.32321658730506897
2.6982221603393555,1.740473340775221,1.7381932735443115,-0.13142596185207367,0.3138170540332794
2.701288938522339,1.7404312412273928,1.7381932735443115,-0.10624857246875763,0.29074540734291077
2.704355478286743,1.740388502163589,1.7381932735443115,-0.08711375296115875,0.3676508665084839
2.7074217796325684,1.7403451238923777,1.7381932735443115,0.09919890016317368,0.3855954706668854
2.71049165725708,1.740301051559917,1.7381932735443115,0.1757381558418274,0.2843366265296936
2.713557720184326,1.7402563915123521,1.7381932735443115,-0.13041886687278748,0.34799724817276
2.7166028022766113,1.7402114017284367,1.7381932735443115,-0.024673838168382645,0.2886091470718384
2.7196710109710693,1.7401654300345708,1.7381932735443115,-0.13948272168636322,0.4125123918056488
2.7227373123168945,1.7401188450420397,1.7381932735443115,-0.09919890016317368,0.29159989953041077
2.7258033752441406,1.7400716222421184,1.7381932735443115,-0.05387960746884346,0.30612650513648987
2.7288691997528076,1.74002376195967,1.7381932735443115,-0.04078736528754234,0.24887464940547943
2.731935739517212,1.7399752493350633,1.737811803817749,-0.08610665798187256,0.2531471848487854
2.735002040863037,1.7399260994859223,1.737811803817749,-0.14955367147922516,0.37277790904045105
2.7380716800689697,1.7398762542985329,1.7381932735443115,0.011581597849726677,0.24460211396217346
2.741140604019165,1.7398257789505427,1.7381932735443115,0.04582284390926361,0.4005493223667145
2.744206666946411,1.7397747100427017,1.7381932735443115,0.21098649501800537,0.3620965778827667
2.7472729682922363,1.739722996961592,1.737811803817749,-0.1112840473651886,0.2544289231300354
2.7503392696380615,1.7396706438454126,1.7381932735443115,-0.01762416958808899,0.2856183648109436
2.7534053325653076,1.7396176550337965,1.737811803817749,0.0629434660077095,0.2561379373073578
2.7564752101898193,1.7395639595566443,1.737811803817749,-0.1757381558418274,0.3356069326400757
2.7595443725585938,1.7395096358768463,1.737811803817749,-0.12236209958791733,0.2578469514846802
2.7626001834869385,1.739454912251513,1.737811803817749,0.02668802998960018,0.37106889486312866
2.7656664848327637,1.7393993628166144,1.737811803817749,-0.0629434660077095,0.19674982130527496
2.76873517036438,1.7393431306105442,1.737811803817749,-0.10725566744804382,0.3655146062374115
2.7718119621276855,1.739286107706587,1.737811803817749,-0.05589379742741585,0.2535744309425354
2.7748847007751465,1.7392285184003107,1.737811803817749,0.07502861320972443,0.22793926298618317
2.7779557704925537,1.739170320013052,1.737811803817749,0.09013504534959793,0.26126497983932495
2.7810261249542236,1.7391114954343998,1.737811803817749,-0.0790569931268692,0.2988632023334503
2.784092903137207,1.7390521010375657,1.737811803817749,-0.01762416958808899,0.24502937495708466
2.787158966064453,1.7389920829730734,1.737811803817749,0.07301442325115204,0.3039902448654175
2.790228843688965,1.7389313518234812,1.737811803817749,0.018631266430020332,0.21127641201019287
2.7932956218719482,1.7388700443730087,1.737811803817749,0.018631266430020332,0.27450981736183167
2.7963614463806152,1.7388081192172495,1.7374303340911865,-0.12437628954648972,0.22494849562644958
2.7994282245635986,1.7387455380605,1.737811803817749,-0.10020599514245987,0.26126497983932495
2.802495002746582,1.738682320298903,1.7374303340911865,-0.15156786143779755,0.1770962029695511
2.805561065673828,1.7386184811338723,1.7374303340911865,-0.054886702448129654,0.2048676311969757
2.808605909347534,1.7385544545280172,1.7374303340911865,-0.08610665798187256,0.26340124011039734
2.811678171157837,1.7384892160538135,1.7374303340911865,-0.13545434176921844,0.2569924592971802
2.814744710922241,1.7384234629379764,1.7374303340911865,-0.07603570818901062,0.21426717936992645
2.8178107738494873,1.73835708488451,1.7374303340911865,-0.019638361409306526,0.30612650513648987
2.8208770751953125,1.738290066729123,1.7374303340911865,0.10826276242733002,0.2403295934200287
2.8239433765411377,1.7382224138574747,1.737048864364624,-0.15458914637565613,0.34757000207901
2.8270106315612793,1.7381541051834342,1.7374303340911865,-0.08207827806472778,0.22452124953269958
2.830082893371582,1.738085048846001,1.7374303340911865,0.05589379742741585,0.2587014436721802
2.8331496715545654,1.7380154810464745,1.7374303340911865,0.08610665798187256,0.1753872036933899
2.8362159729003906,1.7379452903173487,1.737048864364624,0.09114214032888412,0.20059509575366974
2.8392817974090576,1.7378744772147356,1.737048864364624,-0.07603570818901062,0.20401312410831451
2.842348098754883,1.737803019973928,1.737048864364624,-0.11531242728233337,0.21127641201019287
2.845414400100708,1.7377309298246988,1.737048864364624,-0.10222018510103226,0.24118410050868988
2.8484816551208496,1.7376581843181682,1.737048864364624,-0.13142596185207367,0.24972915649414062
2.8515501022338867,1.7375847774058633,1.737048864364624,0.02870221994817257,0.19931334257125854
2.854600191116333,1.7375111823656395,1.7366673946380615,-0.021652551367878914,0.20956741273403168
2.8576695919036865,1.7374364902410928,1.7366673946380615,-0.11531242728233337,0.24203860759735107
2.8607397079467773,1.737361147664696,1.7366673946380615,0.13948272168636322,0.27493706345558167
2.8638083934783936,1.7372852077962173,1.7366673946380615,-0.047837033867836,0.21426717936992645
2.8668859004974365,1.7372084149295515,1.7366673946380615,-0.08207827806472778,0.16726939380168915
2.869961738586426,1.7371310289047526,1.7366673946380615,-0.10322728008031845,0.252292662858963
2.873030662536621,1.7370531846305295,1.7366673946380615,0.0015106431674212217,0.18265049159526825
2.8760972023010254,1.7369747703637541,1.7366673946380615,0.1767452508211136,0.20144960284233093
2.8791632652282715,1.7368957385050128,1.7366673946380615,-0.07200732082128525,0.22537575662136078
2.8822367191314697,1.7368158844136021,1.736285924911499,0.032730601727962494,0.1574425846338272
2.885303020477295,1.7367355861805733,1.736285924911499,-0.0317235067486763,0.2587014436721802
2.888369083404541,1.7366546653181567,1.736285924911499,-0.13847562670707703,0.2065766453742981
2.8914356231689453,1.7365731031760698,1.736285924911499,-0.10926985740661621,0.1894865334033966
2.8945014476776123,1.736490931836909,1.7359044551849365,-0.1586175262928009,0.29202717542648315
2.897568464279175,1.7364081003378018,1.7359044551849365,-0.008560311049222946,0.2211032211780548
2.9006030559539795,1.7363255264444106,1.7359044551849365,-0.06898603588342667,0.13095292448997498
2.9036715030670166,1.7362414064795955,1.7359044551849365,-0.1253833770751953,0.23178453743457794
2.906738519668579,1.7361566981806213,1.7359044551849365,0.03373769670724869,0.20230410993099213
2.9098048210144043,1.7360713827657137,1.7359044551849365,-0.05589379742741585,0.20187686383724213
2.912872076034546,1.7359854140430646,1.735522985458374,-0.18580910563468933,0.16256961226463318
2.91593861579895,1.7358988390353356,1.735522985458374,-0.16667430102825165,0.2070038914680481
2.9190051555633545,1.7358116380898725,1.735522985458374,-0.029709314927458763,0.24075685441493988
2.9220712184906006,1.735723825235768,1.735522985458374,0.10020599514245987,0.18606851994991302
2.925139904022217,1.7356353113738552,1.735522985458374,-0.09315633028745651,0.21213091909885406
2.928209066390991,1.7355461577777542,1.735522985458374,0.06697184592485428,0.17026016116142273
2.9312760829925537,1.735456441470943,1.735522985458374,0.00553902518004179,0.21469444036483765
2.934342622756958,1.7353661147686377,1.7351415157318115,0.016617074608802795,0.18008697032928467
2.937408447265625,1.735275185392825,1.7351415157318115,0.04884412884712219,0.21213091909885406
2.940477132797241,1.7351835469575563,1.7351415157318115,-0.0317235067486763,0.19931334257125854
2.9435460567474365,1.735091277174953,1.7351415157318115,-0.04481574892997742,0.16641488671302795
2.9466028213500977,1.734998752767239,1.7351415157318115,-0.0629434660077095,0.2232394963502884
2.949671983718872,1.734905230693259,1.734760046005249,-0.19386588037014008,0.18564125895500183
2.952740430831909,1.7348111073182282,1.734760046005249,-0.049851223826408386,0.17111466825008392
2.9558091163635254,1.734716353883751,1.734760046005249,-0.052872512489557266,0.11941710859537125
2.9588775634765625,1.734620985465579,1.734760046005249,0.002517738612368703,0.13607995212078094
2.9619457721710205,1.7345250025632222,1.7343785762786865,-0.11531242728233337,0.16983291506767273
2.9650120735168457,1.734428458394453,1.7343785762786865,-0.010574501939117908,0.17795071005821228
2.968081474304199,1.734331195314663,1.7343785762786865,0.002517738612368703,0.2232394963502884
2.971158266067505,1.7342330745086942,1.7343785762786865,-0.2834973633289337,0.1595788449048996
2.9742319583892822,1.734134429583608,1.7343785762786865,-0.008560311049222946,0.15017929673194885
2.977299213409424,1.7340353709257639,1.7343785762786865,0.1767452508211136,0.17154192924499512
2.980365514755249,1.7339357240475497,1.733997106552124,-0.2563057839870453,0.18222324550151825
2.9834320545196533,1.7338354507955749,1.733997106552124,-0.23918516933918,0.15573357045650482
2.9865036010742188,1.7337343940334002,1.733997106552124,0.10423437505960464,0.22708477079868317
2.989572763442993,1.7336327965129041,1.7336156368255615,-0.24724192917346954,0.19546806812286377
2.992600440979004,1.7335319661534496,1.733997106552124,-0.06697184592485428,0.1903410404920578
2.995666742324829,1.7334292363430863,1.7336156368255615,0.035751886665821075,0.1770962029695511
2.998739004135132,1.7333256883675778,1.7336156368255615,-0.07704280316829681,0.15573357045650482
3.0018057823181152,1.7332217081807113,1.7336156368255615,-0.09819180518388748,0.15530632436275482
3.0048720836639404,1.7331171282099413,1.733234167098999,0.05085831880569458,0.2364843189716339
3.0079405307769775,1.7330118588938501,1.733234167098999,-0.10423437505960464,0.13180743157863617
3.0110092163085938,1.7329059653409256,1.733234167098999,-0.08912795037031174,0.17965972423553467
3.0140762329101562,1.7327995141935237,1.733234167098999,0.02064545638859272,0.15060654282569885
3.0171425342559814,1.7326924734635931,1.7328526973724365,-0.07100022584199905,0.14932478964328766
3.0202088356018066,1.7325848187947726,1.7328526973724365,-0.16566720604896545,0.20999465882778168
3.0232789516448975,1.7324764155113457,1.7328526973724365,-0.1263904720544815,0.1437705010175705
3.0263495445251465,1.7323673805845645,1.7328526973724365,-0.03373769670724869,0.13907071948051453
3.0294153690338135,1.7322579019616184,1.732471227645874,0.1112840473651886,0.21683070063591003
3.032482147216797,1.7321477768625657,1.732471227645874,0.07704280316829681,0.1587243527173996
3.035551071166992,1.732036961961176,1.732471227645874,0.0629434660077095,0.16214236617088318
3.0386080741882324,1.7319259685209367,1.7320897579193115,-0.18077363073825836,0.1907682865858078
3.0416743755340576,1.7318140273110334,1.7320897579193115,-0.024673838168382645,0.14761577546596527
3.0447404384613037,1.731701484198031,1.7320897579193115,0.01258869282901287,0.20059509575366974
3.047806739807129,1.73158832209686,1.7320897579193115,0.1112840473651886,0.08267337828874588
3.050872802734375,1.7314745590252036,1.731708288192749,-0.06495765596628189,0.221957728266716
3.053938627243042,1.7313601955474598,1.731708288192749,-0.12941177189350128,0.20358586311340332
3.0570056438446045,1.7312451784420837,1.731708288192749,-0.2583199739456177,0.2377660721540451
3.060072898864746,1.7311295434740082,1.731708288192749,-0.038773175328969955,0.1886320263147354
3.0631394386291504,1.7310133271678616,1.7313268184661865,-0.09718471020460129,0.13009841740131378
3.0662078857421875,1.7308964302088858,1.7313268184661865,-0.04280155524611473,0.15573357045650482
3.069283962249756,1.73077863220496,1.7313268184661865,-0.20192264020442963,0.13052567839622498
3.0723581314086914,1.7306602971002605,1.7313268184661865,-0.29558250308036804,0.18008697032928467
3.075425148010254,1.7305416299350724,1.730945348739624,-0.3348592221736908,0.14761577546596527
3.078491449356079,1.73042238441812,1.730945348739624,0.1414969116449356,0.11898985505104065
3.0815587043762207,1.730302496018535,1.730945348739624,-0.21803615987300873,0.15231555700302124
3.0846025943756104,1.7301829223320924,1.7305638790130615,-0.2401922643184662,0.19632257521152496
3.0876717567443848,1.7300617526090927,1.7305638790130615,-0.26234835386276245,0.13351644575595856
3.090737819671631,1.7299401008656257,1.7305638790130615,-0.15156786143779755,0.10104524344205856
3.093803644180298,1.729817855023611,1.7305638790130615,-0.0005035477224737406,0.14804303646087646
3.0968751907348633,1.7296947762520114,1.7305638790130615,0.015609979629516602,0.10873579233884811
3.0999417304992676,1.7295712947074937,1.7301822900772095,-0.10624857246875763,0.15445181727409363
3.103013038635254,1.7294470173001937,1.7301822900772095,-0.01359578873962164,0.15017929673194885
3.1060791015625,1.729322349821311,1.7301822900772095,0.006546120624989271,0.2501564025878906
3.109145164489746,1.729197081006423,1.729800820350647,0.15156786143779755,0.18478675186634064
3.112213373184204,1.7290711230209337,1.729800820350647,-0.09315633028745651,0.17154192924499512
3.115280866622925,1.7289445933644416,1.729800820350647,0.1273975670337677,0.2078583985567093
3.118346929550171,1.728817522640395,1.729800820350647,0.02668802998960018,0.16556039452552795
3.121413469314575,1.7286898325518976,1.7294193506240845,-0.07603570818901062,0.1253986358642578
3.1244826316833496,1.728561433315064,1.7294193506240845,0.06596475094556808,0.18265049159526825
3.127549648284912,1.7284325247529455,1.7294193506240845,0.052872512489557266,0.12967117130756378
3.1306004524230957,1.7283037039403708,1.729037880897522,0.02568093314766884,0.23135729134082794
3.1336679458618164,1.7281735819334358,1.729037880897522,-0.1747310608625412,0.11258106678724289
3.1367344856262207,1.728042903029758,1.729037880897522,-0.22710002958774567,0.18649576604366302
3.139800786972046,1.727911637582519,1.729037880897522,-0.18178072571754456,0.12368962913751602
3.142867088317871,1.7277797759420888,1.7286564111709595,-0.04582284390926361,0.13138018548488617
3.145932912826538,1.7276473392424991,1.7286564111709595,0.17875944077968597,0.16726939380168915
3.1490001678466797,1.727514245304545,1.728274941444397,-0.10121309012174606,0.1595788449048996
3.152066230773926,1.7273806083524188,1.728274941444397,-0.13948272168636322,0.18008697032928467
3.1551320552825928,1.7272463877315614,1.728274941444397,0.04884412884712219,0.18350499868392944
3.1581976413726807,1.7271115840785538,1.728274941444397,0.09718471020460129,0.24972915649414062
3.161263942718506,1.7269761558191645,1.7278934717178345,-0.05589379742741585,0.1886320263147354
3.16433048248291,1.726840124239674,1.7278934717178345,-0.09819180518388748,0.17965972423553467
3.1673996448516846,1.7267033832536436,1.7278934717178345,-0.10423437505960464,0.12112611532211304
3.1704792976379395,1.7265655790307222,1.727512001991272,-0.12941177189350128,0.1424887478351593
3.1735587120056152,1.7264271891889962,1.727512001991272,0.05891508236527443,0.10617227107286453
3.176603078842163,1.7262897887781457,1.727512001991272,-0.07200732082128525,0.14035248756408691
3.1796772480010986,1.7261504529802278,1.7271305322647095,0.014602883718907833,0.15146104991436005
3.1827468872070312,1.7260107311243786,1.7271305322647095,-0.06697184592485428,0.11856260150671005
3.185816764831543,1.7258704079269178,1.726749062538147,-0.06697184592485428,0.18307773768901825
3.1888840198516846,1.725729615373308,1.726749062538147,0.11934080719947815,0.15658807754516602
3.19195294380188,1.7255881572727705,1.726749062538147,-0.04280155524611473,0.15487907826900482
3.195021629333496,1.7254461216560757,1.726749062538147,0.17976653575897217,0.12326237559318542
3.1980886459350586,1.7253035758112447,1.7263675928115845,0.006546120624989271,0.17111466825008392
3.2011547088623047,1.7251604877778366,1.7263675928115845,-0.11430533230304718,0.17965972423553467
3.204220771789551,1.7250168138541875,1.725986123085022,-0.18077363073825836,0.19290456175804138
3.2072906494140625,1.7248723747263617,1.725986123085022,-0.173723965883255,0.1894865334033966
3.2103569507598877,1.7247275186108244,1.725986123085022,-0.060929276049137115,0.1441977620124817
3.213423013687134,1.7245820894523853,1.7256046533584595,-0.030716411769390106,0.11599908769130707
3.216489791870117,1.7244360424201235,1.7256046533584595,-0.173723965883255,0.12283512949943542
3.2195560932159424,1.7242894347582254,1.725223183631897,-0.15156786143779755,0.13864347338676453
3.222606658935547,1.7241430011856789,1.725223183631897,-0.06193637102842331,0.13138018548488617
3.2256765365600586,1.7239950588742703,1.725223183631897,-0.01762416958808899,0.10019073635339737
3.228748083114624,1.723846452645981,1.7248417139053345,-0.15559624135494232,0.15487907826900482
3.2318153381347656,1.7236974721764096,1.7248417139053345,-0.10222018510103226,0.14035248756408691
3.234881639480591,1.7235479573867896,1.7248417139053345,-0.05589379742741585,0.1574425846338272
3.2379472255706787,1.7233978976804618,1.724460244178772,-0.16768139600753784,0.13522544503211975
3.241013526916504,1.723247223591251,1.724460244178772,-0.3207598924636841,0.16598764061927795
3.244079351425171,1.723095994188566,1.7240787744522095,-0.21400777995586395,0.18692301213741302
3.247145414352417,1.722944174819427,1.7240787744522095,0.06697184592485428,0.1570153385400772
3.250213146209717,1.7227916946748814,1.7240787744522095,-0.17775234580039978,0.14035248756408691
3.253279209136963,1.7226387202275117,1.723697304725647,0.054886702448129654,0.12198062241077423
3.256345272064209,1.722485169248844,1.723697304725647,-0.05992217734456062,0.16214236617088318
3.2594261169433594,1.7223302978453496,1.723697304725647,-0.014602883718907833,0.16385138034820557
3.2624924182891846,1.7221755806908727,1.7233158349990845,-0.08308537304401398,0.09848172962665558
3.265558958053589,1.7220202765375452,1.7233158349990845,-0.10725566744804382,0.13223467767238617
3.2686028480529785,1.7218655514082375,1.722934365272522,0.030716411769390106,0.1283894032239914
3.2716803550720215,1.7217085426859209,1.722934365272522,-0.14552529156208038,0.18094147741794586
3.2747490406036377,1.7215514091339483,1.722934365272522,-0.038773175328969955,0.18692301213741302
3.277815103530884,1.7213938371327084,1.722934365272522,-0.06697184592485428,0.19717708230018616
3.2808821201324463,1.7212356439419503,1.72255277633667,-0.009567406959831715,0.23562981188297272
3.2839481830596924,1.72107692852759,1.7221713066101074,0.07402151823043823,0.1279621571302414
3.2870140075683594,1.7209176547864948,1.7221713066101074,0.04884412884712219,0.20016784965991974
3.2900800704956055,1.7207577985374416,1.721789836883545,-0.09718471020460129,0.2232394963502884
3.2931461334228516,1.720597372737685,1.721789836883545,-0.08711375296115875,0.22665750980377197
3.2962191104888916,1.7204360142881627,1.721789836883545,-0.08207827806472778,0.16812390089035034
3.2992851734161377,1.720274449894257,1.7214083671569824,0.003524834057316184,0.125825896859169
3.302351713180542,1.7201122924844037,1.7214083671569824,0.043808650225400925,0.10788128525018692
3.305417776107788,1.7199495930903166,1.72102689743042,-0.23515678942203522,0.24631112813949585
3.3084864616394043,1.7197861872505977,1.72102689743042,-0.12236209958791733,0.20358586311340332
3.311555862426758,1.7196221762123334,1.72102689743042,-0.12941177189350128,0.13522544503211975
3.314601182937622,1.7194588919654865,1.7206454277038574,0.05589379742741585,0.18136873841285706
3.317667007446289,1.7192939455807936,1.7206454277038574,-0.11329823732376099,0.16812390089035034
3.3207333087921143,1.7191284093796855,1.720263957977295,-0.06999313086271286,0.18350499868392944
3.3238065242767334,1.7189619344159934,1.7198824882507324,-0.2875257432460785,0.21469444036483765
3.326873302459717,1.7187952444186865,1.7198824882507324,-0.07804989814758301,0.15231555700302124
3.329939365386963,1.7186280309652213,1.7198824882507324,-0.27846190333366394,0.191195547580719
3.333005666732788,1.7184602427970828,1.7198824882507324,0.02668802998960018,0.18606851994991302
3.336076021194458,1.7182916706183602,1.71950101852417,-0.046829938888549805,0.21597619354724884
3.339142322540283,1.7181227601124083,1.71950101852417,0.05387960746884346,0.21426717936992645
3.3422083854675293,1.717953302946837,1.7191195487976074,0.11934080719947815,0.11984435468912125
3.345275402069092,1.7177832336696521,1.7191195487976074,-0.0941634252667427,0.18136873841285706
3.3483424186706543,1.7176126055336614,1.718738079071045,-0.16969558596611023,0.1907682865858078
3.3514089584350586,1.7174414458306546,1.718738079071045,-0.14552529156208038,0.19290456175804138
3.3544766902923584,1.7172696618494956,1.7183566093444824,-0.16365301609039307,0.20144960284233093
3.3575429916381836,1.7170974011509479,1.7183566093444824,-0.016617074608802795,0.2373388260602951
3.360600233078003,1.7169250958346702,1.7183566093444824,-0.008560311049222946,0.1424887478351593
3.3636670112609863,1.7167516983089333,1.71797513961792,0.010574501939117908,0.2399023473262787
3.3667354583740234,1.7165776510260664,1.71797513961792,-0.13142596185207367,0.18521401286125183
3.3698127269744873,1.7164025460805201,1.7175936698913574,-0.0639505609869957,0.1741054356098175
3.3728859424591064,1.716227115429243,1.7175936698913574,-0.2583199739456177,0.2228122353553772
3.3759541511535645,1.716051416622255,1.717212200164795,-0.057907987385988235,0.17154192924499512
3.379021167755127,1.7158752335446037,1.717212200164795,0.04582284390926361,0.16855116188526154
3.3820877075195312,1.7156985262139282,1.717212200164795,-0.10926985740661621,0.2240939885377884
3.3851537704467773,1.7155212955434036,1.7168307304382324,-0.1263904720544815,0.24930189549922943
3.3882200717926025,1.7153435009105198,1.7168307304382324,0.13746853172779083,0.251438170671463
3.3912861347198486,1.715165170623759,1.71644926071167,-0.3348592221736908,0.13223467767238617
3.3943536281585693,1.714986207955669,1.71644926071167,0.03675898537039757,0.1736781895160675
3.3974201679229736,1.7148067525398787,1.7160677909851074,-0.08711375296115875,0.18478675186634064
3.4004862308502197,1.7146267775214212,1.7160677909851074,-0.37514305114746094,0.16299687325954437
3.403553009033203,1.7144462135299516,1.715686321258545,-0.027695124968886375,0.15017929673194885
3.406599760055542,1.714266287643478,1.715686321258545,0.018631266430020332,0.17795071005821228
3.4096686840057373,1.7140845078330404,1.715686321258545,0.18178072571754456,0.20358586311340332
3.412738561630249,1.7139021254782445,1.7153048515319824,-0.08912795037031174,0.22623026371002197
3.415813446044922,1.7137188988714944,1.7153048515319824,0.08409246802330017,0.15146104991436005
3.41888427734375,1.7135353683031889,1.71492338180542,0.0015106431674212217,0.2082856446504593
3.4219508171081543,1.7133515509262922,1.7145417928695679,-0.3519798517227173,0.2232394963502884
3.425020217895508,1.713167019059648,1.7145417928695679,-0.07100022584199905,0.21084916591644287
3.4280872344970703,1.7129820886029652,1.7141603231430054,-0.07200732082128525,0.14847028255462646
3.43115496635437,1.712796573800216,1.7141603231430054,-0.27745479345321655,0.24289311468601227
3.4342288970947266,1.7126101419009896,1.7137788534164429,-0.2240787297487259,0.1600061058998108
3.4372949600219727,1.7124236471743464,1.7137788534164429,-0.04280155524611473,0.19589532911777496
3.440361499786377,1.712236584697761,1.7137788534164429,-0.0800640881061554,0.21298542618751526
3.443427562713623,1.7120490133406912,1.7133973836898804,-0.23314259946346283,0.19931334257125854
3.44649338722229,1.7118609194017957,1.7130159139633179,-0.07502861320972443,0.22537575662136078
3.4495596885681152,1.7116722596343386,1.7130159139633179,-0.2834973633289337,0.19546806812286377
3.4526002407073975,1.711484654948104,1.7126344442367554,-0.2210574448108673,0.1753872036933899
3.4556663036346436,1.7112949433168518,1.7126344442367554,-0.23112840950489044,0.22922103106975555
3.458733558654785,1.711104623182055,1.7126344442367554,-0.16768139600753784,0.2860456109046936
3.4618003368377686,1.710913798618706,1.7122529745101929,-0.00553902518004179,0.19974060356616974
3.4648690223693848,1.7107223216109495,1.7118715047836304,-0.3529869616031647,0.24161134660243988
3.4679431915283203,1.7105299677937595,1.7118715047836304,-0.18782329559326172,0.2561379373073578
3.471019983291626,1.7103369147866,1.7118715047836304,0.07502861320972443,0.20871290564537048
3.4740936756134033,1.7101435224630224,1.7114900350570679,-0.173723965883255,0.2728008031845093
3.477163791656494,1.7099498232829826,1.7114900350570679,-0.10222018510103226,0.27536430954933167
3.480233669281006,1.7097556083668666,1.7111085653305054,0.002517738612368703,0.2202487289905548
3.483299970626831,1.7095610905934153,1.7111085653305054,-0.024673838168382645,0.21127641201019287
3.4863662719726562,1.7093660447410708,1.7107270956039429,0.03474479168653488,0.2587014436721802
3.489433526992798,1.7091704106251036,1.7103456258773804,-0.3207598924636841,0.21426717936992645
3.492504119873047,1.7089740357988212,1.7103456258773804,-0.21803615987300873,0.1762416958808899
3.495573043823242,1.708777240763074,1.7099641561508179,-0.143511101603508,0.252292662858963
3.4986002445220947,1.7085826058429083,1.7099641561508179,0.02366674318909645,0.17923247814178467
3.5016677379608154,1.708384858882543,1.7095826864242554,-0.0639505609869957,0.25955596566200256
3.5047361850738525,1.7081865260786846,1.7095826864242554,0.011581597849726677,0.2061493843793869
3.5078024864196777,1.7079878088092066,1.7092012166976929,-0.0961776152253151,0.23477530479431152
3.510868549346924,1.707788584812647,1.7092012166976929,-0.05891508236527443,0.23050278425216675
3.5139358043670654,1.7075887616347247,1.7088197469711304,-0.10624857246875763,0.221530482172966
3.5170040130615234,1.7073883550026847,1.7084382772445679,-0.3499656617641449,0.31039902567863464
3.5200705528259277,1.7071875371438119,1.7084382772445679,-0.18178072571754456,0.21896696090698242
3.523139238357544,1.706986058871063,1.7080568075180054,-0.13746853172779083,0.2202487289905548
3.5262062549591064,1.706784171269944,1.7080568075180054,-0.2059510201215744,0.23434805870056152
3.52927303314209,1.7065817814102107,1.7076753377914429,-0.14753948152065277,0.21469444036483765
3.5323402881622314,1.7063788427803692,1.7076753377914429,-0.12941177189350128,0.2501564025878906
3.535407066345215,1.7061754192318133,1.7076753377914429,-0.06193637102842331,0.23392081260681152
3.538473129272461,1.705971527635301,1.7072938680648804,-0.09214923530817032,0.20999465882778168
3.541539430618286,1.705767105449099,1.7072938680648804,0.046829938888549805,0.2561379373073578
3.5446064472198486,1.705562121402666,1.7069122791290283,-0.16868849098682404,0.23263904452323914
3.547675609588623,1.7053564799302536,1.7065308094024658,-0.2986038029193878,0.20401312410831451
3.550741672515869,1.70515053347649,1.7065308094024658,-0.057907987385988235,0.21768520772457123
3.5538079738616943,1.7049440593205312,1.7061493396759033,-0.3187457025051117,0.1574425846338272
3.5568740367889404,1.7047370903372165,1.7061493396759033,-0.18077363073825836,0.2373388260602951
3.5599403381347656,1.7045295951067694,1.7057678699493408,-0.008560311049222946,0.21469444036483765
3.563007116317749,1.7043215580873894,1.7057678699493408,-0.10725566744804382,0.2065766453742981
3.5660741329193115,1.7041129960466155,1.7053864002227783,-0.13344015181064606,0.22922103106975555
3.569143295288086,1.7039037794636847,1.7050049304962158,-0.04582284390926361,0.30954450368881226
3.5722250938415527,1.7036931903386465,1.7050049304962158,-0.05690089240670204,0.21640345454216003
3.5752997398376465,1.7034825803203277,1.7046234607696533,-0.10423437505960464,0.28049135208129883
3.5783679485321045,1.7032719045733646,1.7046234607696533,-0.10423437505960464,0.24502937495708466
3.581435203552246,1.7030607891825296,1.7042419910430908,-0.2049439251422882,0.2505836486816406
3.5845041275024414,1.7028490542454577,1.7042419910430908,0.02870221994817257,0.20102235674858093
3.587576150894165,1.702636600678427,1.7038605213165283,-0.19789426028728485,0.2232394963502884
3.5906009674072266,1.7024269191293262,1.7038605213165283,-0.07301442325115204,0.23562981188297272
3.593667507171631,1.7022138470474026,1.7038605213165283,0.06999313086271286,0.2582741975784302
3.596733570098877,1.702000307329308,1.7034790515899658,-0.11934080719947815,0.2052948772907257
3.599799156188965,1.7017863010009813,1.7030975818634033,-0.11430533230304718,0.30826276540756226
3.60286545753479,1.701571745579343,1.7030975818634033,-0.14048981666564941,0.24374762177467346
3.6059341430664062,1.701356524326329,1.7027161121368408,-0.021652551367878914,0.27536430954933167
3.609004020690918,1.701140720776911,1.7027161121368408,-0.1112840473651886,0.286900132894516
3.612074375152588,1.7009243856078151,1.7023346424102783,-0.0800640881061554,0.16855116188526154
3.615140914916992,1.700707822812933,1.7023346424102783,0.16667430102825165,0.286900132894516
3.6182072162628174,1.7004907816192114,1.7019531726837158,-0.13847562670707703,0.2369115799665451
3.6212732791900635,1.7002732629476944,1.7015717029571533,-0.21702906489372253,0.2587014436721802
3.6243395805358887,1.7000552337770667,1.7019531726837158,-0.04582284390926361,0.2202487289905548
3.627406358718872,1.699836677791375,1.7011902332305908,0.04078736528754234,0.20956741273403168
3.6304728984832764,1.6996176467176545,1.7011902332305908,-0.038773175328969955,0.21683070063591003
3.633540153503418,1.699398073137359,1.7008087635040283,-0.09919890016317368,0.24502937495708466
3.636603355407715,1.6991783000161171,1.7008087635040283,-0.11229114234447479,0.24203860759735107
3.639672040939331,1.6989576436027634,1.7004272937774658,-0.09114214032888412,0.27963683009147644
3.6427390575408936,1.6987366181134276,1.7000458240509033,-0.19386588037014008,0.15317006409168243
3.6458051204681396,1.6985151734506596,1.7000458240509033,-0.17875944077968597,0.2074311375617981
3.6488757133483887,1.6982929135327156,1.7000458240509033,-0.16163882613182068,0.2698100209236145
3.6519417762756348,1.6980704949709557,1.6996643543243408,0.0629434660077095,0.18564125895500183
3.655007839202881,1.6978475910570427,1.6996643543243408,-0.08610665798187256,0.27835509181022644
3.6580746173858643,1.6976241504493785,1.6992828845977783,-0.08308537304401398,0.26211947202682495
3.6611409187316895,1.6974002607747782,1.6992828845977783,-0.12135500460863113,0.12112611532211304
3.664207696914673,1.6971758532308887,1.6989012956619263,-0.06495765596628189,0.16513313353061676
3.66727614402771,1.6969508409147813,1.6989012956619263,0.0800640881061554,0.2557106912136078
3.6703526973724365,1.696724750304319,1.6985198259353638,-0.1606317162513733,0.13479819893836975
3.673426389694214,1.6964983869692754,1.6985198259353638,0.011581597849726677,0.19333180785179138
3.6764931678771973,1.6962720525460018,1.6981383562088013,-0.13041886687278748,0.1894865334033966
3.6795592308044434,1.6960452921764868,1.6977568864822388,-0.13344015181064606,0.2988632023334503
3.682603597640991,1.6958196636317733,1.6977568864822388,0.09819180518388748,0.191195547580719
3.6856725215911865,1.695591739099431,1.6973754167556763,-0.043808650225400925,0.16855116188526154
3.688739061355591,1.6953635151507798,1.6973754167556763,0.009567406959831715,0.18051423132419586
3.691805839538574,1.6951347979489613,1.6969939470291138,-0.3821927309036255,0.23263904452323914
3.694871664047241,1.6949056774141098,1.6969939470291138,-0.21904325485229492,0.19931334257125854
3.6979384422302246,1.694676011853694,1.6966124773025513,-0.20091554522514343,0.17837797105312347
3.701005220413208,1.6944458733183492,1.6966124773025513,-0.004531929735094309,0.17837797105312347
3.7040717601776123,1.6942152806091237,1.6962310075759888,-0.02568093314766884,0.12027160823345184
3.7071382999420166,1.6939842167089332,1.6958495378494263,-0.19487297534942627,0.11001754552125931
3.710207223892212,1.69375250227865,1.6958495378494263,-0.006546120624989271,0.12411688268184662
3.7132766246795654,1.6935202815327168,1.6958495378494263,-0.05891508236527443,0.13223467767238617
3.716343402862549,1.69328779032003,1.6954680681228638,0.09214923530817032,0.1753872036933899
3.719409227371216,1.693054903802642,1.6950865983963013,-0.1263904720544815,0.21298542618751526
3.722475290298462,1.6928215324546678,1.6950865983963013,0.019638361409306526,0.2236667424440384
3.72554349899292,1.692587531422203,1.6947051286697388,-0.08409246802330017,0.1600061058998108
3.728602170944214,1.6923537942355713,1.6947051286697388,-0.23314259946346283,0.1736781895160675
3.731672763824463,1.692118681473262,1.6943236589431763,0.06797894090414047,0.16855116188526154
3.734739065170288,1.6918834336500985,1.6943236589431763,-0.0317235067486763,0.1253986358642578
3.737812042236328,1.6916472096901303,1.6943236589431763,0.014602883718907833,0.12326237559318542
3.7408788204193115,1.691411000050561,1.6935607194900513,-0.10423437505960464,0.19632257521152496
3.7439448833465576,1.6911743848106642,1.6935607194900513,-0.20997940003871918,0.09976348280906677
3.747011661529541,1.6909372544531118,1.6935607194900513,-0.05085831880569458,0.15616083145141602
3.750077486038208,1.6906997389569454,1.6931792497634888,-0.2401922643184662,0.15317006409168243
3.7531440258026123,1.6904617099621917,1.6927977800369263,0.07100022584199905,0.17923247814178467
3.7562098503112793,1.6902232793903171,1.6927977800369263,-0.1263904720544815,0.15573357045650482
3.7592756748199463,1.6899843926603204,1.6924163103103638,-0.2371709793806076,0.16427862644195557
3.7623419761657715,1.6897450133976697,1.6924163103103638,-0.16163882613182068,0.09121843427419662
3.765408754348755,1.6895051422786476,1.6920348405838013,-0.032730601727962494,0.12283512949943542
3.76847767829895,1.6892646490746317,1.6920348405838013,0.027695124968886375,0.14932478964328766
3.7715542316436768,1.6890231027922575,1.6916533708572388,-0.047837033867836,0.08908216655254364
3.774600028991699,1.6887835231475714,1.6912717819213867,-0.23515678942203522,0.17154192924499512
3.7776684761047363,1.6885417119746478,1.6912717819213867,0.019638361409306526,0.08865492045879364
3.7807376384735107,1.6882993935895259,1.6908903121948242,-0.14552529156208038,0.11514458060264587
3.7838034629821777,1.6880568894732337,1.6908903121948242,0.04884412884712219,0.11984435468912125
3.786869764328003,1.6878138994156926,1.6905088424682617,-0.06697184592485428,0.11557183414697647
3.789936065673828,1.6875704620013565,1.6901273727416992,-0.09919890016317368,0.16299687325954437
3.793001890182495,1.6873266160946,1.6901273727416992,-0.3791714310646057,0.13821622729301453
3.7960684299468994,1.6870822677333555,1.6897459030151367,-0.08107118308544159,0.10916304588317871
3.7991347312927246,1.6868374937114015,1.6897459030151367,-0.08509956300258636,0.16171512007713318
3.8022005558013916,1.686592314124908,1.6893644332885742,-0.17775234580039978,0.15487907826900482
3.805270195007324,1.686346385959165,1.6893644332885742,-0.2049439251422882,0.21341268718242645
3.808340311050415,1.6860999766156015,1.6889829635620117,-0.18278782069683075,0.11300831288099289
3.8114068508148193,1.685853412985183,1.6886014938354492,-0.1898374855518341,0.14633402228355408
3.8144729137420654,1.6856064476490107,1.6882200241088867,-0.29054704308509827,0.19760432839393616
3.817539930343628,1.6853589661966615,1.6882200241088867,-0.06797894090414047,0.11215381324291229
3.8206000328063965,1.6851116056867976,1.6878385543823242,-0.27846190333366394,0.2360570728778839
3.8236658573150635,1.6848633458589755,1.6878385543823242,-0.1596246212720871,0.09378194808959961
3.826732873916626,1.6846145529761485,1.6874570846557617,-0.43456166982650757,0.14975203573703766
3.829799175262451,1.6843653825818545,1.6870756149291992,-0.14048981666564941,0.21255818009376526
3.8328654766082764,1.6841157776311089,1.6866941452026367,-0.22710002958774567,0.1770962029695511
3.835933208465576,1.6838656222996764,1.6866941452026367,-0.23918516933918,0.1104447990655899
3.838999032974243,1.6836151897996043,1.6863126754760742,-0.10322728008031845,0.20871290564537048
3.8420655727386475,1.6833642670851534,1.6859312057495117,-0.1767452508211136,0.12497138977050781
3.8451313972473145,1.683112972140429,1.6859312057495117,-0.3368734121322632,0.16470588743686676
3.848198652267456,1.6828611298669613,1.6855497360229492,0.09819180518388748,0.2655375003814697
3.851264715194702,1.6826089564826403,1.6851682662963867,-0.21904325485229492,0.19845883548259735
3.8543310165405273,1.6823563354689777,1.6847867965698242,-0.17976653575897217,0.13180743157863617
3.8573975563049316,1.6821032676639265,1.6847867965698242,-0.2069581151008606,0.21298542618751526
3.8604674339294434,1.6818494974782825,1.6844053268432617,-0.11229114234447479,0.1604333519935608
3.8635361194610596,1.6815953998742732,1.6840238571166992,-0.21904325485229492,0.21042190492153168
3.866607666015625,1.6813406398389101,1.6836423873901367,-0.3539940416812897,0.20059509575366974
3.8696835041046143,1.6810850981865126,1.6836423873901367,-0.04884412884712219,0.21127641201019287
3.8727569580078125,1.6808293300948494,1.6832607984542847,-0.13545434176921844,0.26083773374557495
3.875833511352539,1.6805728800325093,1.6828793287277222,-0.2220645397901535,0.22836652398109436
3.8789048194885254,1.6803164449769634,1.6828793287277222,-0.10423437505960464,0.16513313353061676
3.8819711208343506,1.6800600080866677,1.6824978590011597,-0.1908445805311203,0.24588388204574585
3.885045051574707,1.6798025130065548,1.6821163892745972,-0.1284046620130539,0.2052948772907257
3.8881115913391113,1.679545218860152,1.6817349195480347,-0.20897230505943298,0.21512168645858765
3.8911776542663574,1.6792875480897425,1.6813534498214722,-0.1414969116449356,0.1894865334033966
3.89424467086792,1.6790293813353612,1.6813534498214722,-0.08711375296115875,0.29416343569755554
3.8973119258880615,1.6787707795201037,1.6809719800949097,-0.035751886665821075,0.3193713426589966
3.9003779888153076,1.6785118644044115,1.6805905103683472,-0.09819180518388748,0.24460211396217346
3.903444290161133,1.6782525163422979,1.6805905103683472,-0.010574501939117908,0.19931334257125854
3.9065139293670654,1.6779924734247798,1.6802090406417847,-0.2059510201215744,0.23007553815841675
3.9095852375030518,1.6777318769926841,1.6802090406417847,0.007553216069936752,0.21042190492153168
3.912665605545044,1.6774700987451774,1.6798275709152222,-0.18077363073825836,0.24802014231681824
3.915733814239502,1.6772089435490087,1.6794461011886597,-0.15056076645851135,0.2061493843793869
3.918799877166748,1.6769475629206234,1.6794461011886597,-0.10020599514245987,0.21213091909885406
3.921865701675415,1.6766857957053698,1.6790646314620972,-0.21904325485229492,0.2377660721540451
3.9249324798583984,1.6764235409490926,1.6786831617355347,-0.21702906489372253,0.18521401286125183
3.927999258041382,1.6761608809892146,1.6783016920089722,-0.2532845139503479,0.20016784965991974
3.9310662746429443,1.6758977963340704,1.6783016920089722,-0.12941177189350128,0.2505836486816406
3.9341325759887695,1.6756343698594058,1.6779202222824097,-0.21602196991443634,0.15658807754516602
3.9371981620788574,1.6753706028247792,1.6779202222824097,-0.1596246212720871,0.2065766453742981
3.9402644634246826,1.6751063731262124,1.6775387525558472,0.01258869282901287,0.221957728266716
3.9433302879333496,1.6748417844225214,1.6771572828292847,-0.08207827806472778,0.18692301213741302
3.9463961124420166,1.6745767966366036,1.6771572828292847,-0.054886702448129654,0.24460211396217346
3.949462652206421,1.6743113487909431,1.6767758131027222,-0.27544060349464417,0.1903410404920578
3.952531576156616,1.674045296801347,1.6763943433761597,-0.24724192917346954,0.21512168645858765
3.955599784851074,1.6737789100295162,1.6760128736495972,-0.26033416390419006,0.18435950577259064
3.958665609359741,1.6735123349643652,1.6760128736495972,-0.19890135526657104,0.21982146799564362
3.961735486984253,1.6732450125480633,1.6756312847137451,-0.1253833770751953,0.19418631494045258
3.9648029804229736,1.672977504006218,1.6756312847137451,-0.27946898341178894,0.17965972423553467
3.967876672744751,1.672709061093344,1.6752498149871826,-0.2210574448108673,0.2505836486816406
3.9709551334381104,1.672439807638111,1.6752498149871826,-0.05085831880569458,0.19845883548259735
3.974032402038574,1.6721702652838992,1.6744868755340576,-0.23112840950489044,0.2065766453742981
3.977099895477295,1.6719011889353803,1.6744868755340576,-0.2885328531265259,0.14975203573703766
3.9801666736602783,1.6716317868706174,1.6741054058074951,-0.21400777995586395,0.20144960284233093
3.9832327365875244,1.6713620603613135,1.6737239360809326,-0.008560311049222946,0.251865416765213
3.9862992763519287,1.671091905583693,1.6737239360809326,-0.09013504534959793,0.26041045784950256
3.9893691539764404,1.6708210707722546,1.6733424663543701,-0.10322728008031845,0.19931334257125854
3.992435932159424,1.670550124807608,1.6729609966278076,-0.1908445805311203,0.191622793674469
3.995502233505249,1.6702788376646436,1.6725795269012451,-0.23213550448417664,0.191622793674469
3.998568296432495,1.6700071893905715,1.6725795269012451,-0.38823530077934265,0.16855116188526154
4.001602649688721,1.6697379752306718,1.6725795269012451,-0.18178072571754456,0.18307773768901825
4.004673480987549,1.6694651455456107,1.6721980571746826,-0.24925611913204193,0.1894865334033966
4.007739782333374,1.6691923387969094,1.6718165874481201,-0.19588007032871246,0.14804303646087646
4.010808944702148,1.6689188987391796,1.6718165874481201,-0.032730601727962494,0.14718852937221527
4.013880968093872,1.6686448253309734,1.6714351177215576,-0.04280155524611473,0.17837797105312347
4.016959190368652,1.668369820131023,1.6710536479949951,-0.18782329559326172,0.20871290564537048
4.020028829574585,1.6680952052062132,1.6706721782684326,-0.14854657649993896,0.13522544503211975
4.023096561431885,1.6678203862859324,1.6706721782684326,-0.28148317337036133,0.10745403170585632
4.026163339614868,1.667545279481097,1.6702907085418701,-0.2230716347694397,0.17837797105312347
4.029229640960693,1.6672698432992628,1.6699092388153076,-0.13041886687278748,0.2710917890071869
4.032296657562256,1.6669939716379423,1.6695277690887451,-0.3368734121322632,0.13138018548488617
4.035363435745239,1.6667177512157927,1.6695277690887451,-0.19588007032871246,0.15530632436275482
4.038429498672485,1.666441226178732,1.6691462993621826,-0.08509956300258636,0.2681010067462921
4.04150390625,1.6661635790760674,1.6687648296356201,-0.16969558596611023,0.14889752864837646
4.0445756912231445,1.665885800352957,1.6687648296356201,-0.14552529156208038,0.16128785908222198
4.047600507736206,1.665611910047171,1.6683833599090576,-0.24220645427703857,0.1749599426984787
4.050666809082031,1.665333900910233,1.6680018901824951,-0.3197528123855591,0.17196917533874512
4.0537331104278564,1.6650555278586618,1.667620301246643,-0.3197528123855591,0.2236667424440384
4.056798696517944,1.6647768569868457,1.667620301246643,-0.26335546374320984,0.14590676128864288
4.059864521026611,1.6644978027217223,1.6672388315200806,-0.22911421954631805,0.21725794672966003
4.062930345535278,1.6642183877576384,1.666857361793518,-0.07100022584199905,0.13266193866729736
4.0659966468811035,1.6639385695892832,1.6664758920669556,-0.28148317337036133,0.13522544503211975
4.069065809249878,1.663658131098332,1.6664758920669556,-0.02366674318909645,0.27878233790397644
4.072147846221924,1.6633761555977649,1.666094422340393,-0.2230716347694397,0.2061493843793869
4.075230360031128,1.6630937760701334,1.6657129526138306,-0.173723965883255,0.2065766453742981
4.078303575515747,1.6628118905866078,1.665331482887268,-0.3771572411060333,0.2202487289905548
4.081374406814575,1.6625298680484737,1.665331482887268,-0.3026321828365326,0.3009994626045227
4.084441184997559,1.662247863894455,1.6649500131607056,-0.21602196991443634,0.2655375003814697
4.0875067710876465,1.6619656169948036,1.664568543434143,-0.30666056275367737,0.2240939885377884
4.090575456619263,1.661682732950506,1.664568543434143,-0.09819180518388748,0.2211032211780548
4.093603849411011,1.6614032192259358,1.6641870737075806,-0.2653696537017822,0.24118410050868988
4.096673250198364,1.6611195728690016,1.663805603981018,-0.2885328531265259,0.32278934121131897
4.0997395515441895,1.6608358644864252,1.6634241342544556,-0.12135500460863113,0.22580300271511078
4.1028056144714355,1.6605518309852658,1.663042664527893,-0.24623483419418335,0.13565270602703094
4.1058714389801025,1.660267473500511,1.663042664527893,-0.25932708382606506,0.20059509575366974
4.1089372634887695,1.659982771014218,1.6626611948013306,-0.17976653575897217,0.19589532911777496
4.112006902694702,1.6596973696958055,1.662279725074768,-0.1414969116449356,0.16342411935329437
4.115074157714844,1.6594118467085408,1.662279725074768,-0.17875944077968597,0.21469444036483765
4.118144512176514,1.659125692538066,1.6618982553482056,-0.09214923530817032,0.22879377007484436
4.121210813522339,1.6588395750176956,1.661516785621643,-0.12236209958791733,0.1578698456287384
4.124277353286743,1.658553095402075,1.661516785621643,-0.09214923530817032,0.1424887478351593
4.1273438930511475,1.658266276988408,1.6611353158950806,-0.16566720604896545,0.11642633378505707
4.130410671234131,1.6579790985024483,1.660753846168518,-0.21602196991443634,0.1582970917224884
4.133477210998535,1.6576916056621767,1.660753846168518,-0.26134127378463745,0.18051423132419586
4.136545658111572,1.657403598092235,1.6603723764419556,-0.09214923530817032,0.13607995212078094
4.1396026611328125,1.6571163315996658,1.6599907875061035,-0.37312886118888855,0.08822766691446304
4.142671346664429,1.6568276340078878,1.6599907875061035,0.10926985740661621,0.15573357045650482
4.145737648010254,1.6565388282467222,1.659609317779541,0.12336919456720352,0.16256961226463318
4.148804187774658,1.6562496687222845,1.6592278480529785,-0.06898603588342667,0.14975203573703766
4.151870965957642,1.6559601564309019,1.658846378326416,-0.03675898537039757,0.08480964601039886
4.154939651489258,1.6556701345504274,1.658846378326416,-0.17875944077968597,0.095490962266922
4.158008575439453,1.6553797615441046,1.6584649085998535,-0.13746853172779083,0.053192950785160065
4.161075115203857,1.655089286978066,1.6584649085998535,-0.02366674318909645,0.09762722253799438
4.164141893386841,1.654798463851164,1.658083438873291,0.021652551367878914,0.12069886177778244
4.167210340499878,1.6545071572844468,1.6577019691467285,-0.08509956300258636,0.12112611532211304
4.1702868938446045,1.6542147556777345,1.6577019691467285,-0.04884412884712219,0.1271076500415802
4.1733622550964355,1.6539221427552426,1.657320499420166,-0.04582284390926361,0.08395513892173767
4.176439046859741,1.6536290700386136,1.6569390296936035,-0.0639505609869957,0.0788281038403511
4.179510831832886,1.6533361523541414,1.656557559967041,-0.16566720604896545,0.05661097168922424
4.182581186294556,1.6530430507790785,1.656557559967041,0.018631266430020332,0.0318303182721138
4.1855998039245605,1.6527545769753766,1.6561760902404785,-0.1606317162513733,0.07241931557655334
4.188666343688965,1.6524612087122617,1.6561760902404785,-0.24623483419418335,0.08310063183307648
4.191732406616211,1.6521675699582439,1.655794620513916,-0.1928587704896927,0.063019759953022
4.194799184799194,1.6518735475992652,1.6554131507873535,-0.1898374855518341,0.10873579233884811
4.197871923446655,1.6515786388254219,1.6554131507873535,-0.17775234580039978,0.05703822523355484
4.200942754745483,1.6512835992309824,1.655031681060791,-0.16163882613182068,0.010467689484357834
4.20400857925415,1.6509887287590717,1.6546502113342285,-0.22609293460845947,0.13223467767238617
4.2070746421813965,1.6506935247488714,1.654268741607666,-0.29155412316322327,0.022858014330267906
4.210141181945801,1.6503979652323393,1.654268741607666,-0.08509956300258636,0.0963454619050026
4.213207483291626,1.6501021202082404,1.654268741607666,0.1425040066242218,0.042084380984306335
4.216274261474609,1.6498059217292627,1.6538872718811035,-0.07603570818901062,0.10617227107286453
4.219340801239014,1.6495094399406307,1.653505802154541,-0.17170977592468262,0.018158236518502235
4.222407817840576,1.6492126067546646,1.6531243324279785,-0.14854657649993896,0.09933622926473618
4.225473880767822,1.6489155617924967,1.6531243324279785,-0.014602883718907833,0.018158236518502235
4.228540420532227,1.6486181676377178,1.652742862701416,-0.11833371222019196,0.025848783552646637
4.231600761413574,1.6483210736515563,1.6523613929748535,-0.06697184592485428,0.11215381324291229
4.234667539596558,1.6480230541976129,1.6519798040390015,-0.11531242728233337,0.0476386658847332
4.237739324569702,1.6477242477136103,1.651598334312439,-0.21501487493515015,0.005340657662600279
4.2408058643341064,1.647425652602053,1.6512168645858765,-0.03474479168653488,-0.02713054046034813
4.243871688842773,1.6471268297520307,1.6512168645858765,-0.09114214032888412,0.05062943324446678
4.2469377517700195,1.6468276873883223,1.650835394859314,-0.12135500460863113,0.08566414564847946
4.250007390975952,1.6465279004098972,1.6504539251327515,-0.06193637102842331,0.1441977620124817
4.2530739307403564,1.6462281218244696,1.650072455406189,-0.29558250308036804,0.11642633378505707
4.256140232086182,1.6459280735378952,1.6496909856796265,-0.3610437214374542,0.032684825360774994
4.259206295013428,1.6456277567321203,1.649309515953064,-0.11531242728233337,0.1271076500415802
4.262272596359253,1.6453271258163191,1.6489280462265015,-0.2401922643184662,0.095918208360672
4.265339374542236,1.6450261584295416,1.6489280462265015,-0.143511101603508,0.12411688268184662
4.2684080600738525,1.6447247149650703,1.648546576499939,-0.26134127378463745,0.15359731018543243
4.271486520767212,1.6444220220263137,1.647783637046814,-0.3036392629146576,0.1723964363336563
4.274569034576416,1.6441186414228024,1.647783637046814,-0.28148317337036133,0.11343556642532349
4.277602910995483,1.6438197662934388,1.6474021673202515,-0.28047609329223633,0.1741054356098175
4.280670881271362,1.6435172497060486,1.647020697593689,-0.12941177189350128,0.18606851994991302
4.283737421035767,1.6432145911290634,1.6466392278671265,-0.32680246233940125,0.1924773007631302
4.2868101596832275,1.6429110380307372,1.646257758140564,-0.27644771337509155,0.20059509575366974
4.289876937866211,1.6426077927159248,1.6458762884140015,-0.2401922643184662,0.23434805870056152
4.292943239212036,1.6423043149703798,1.645494818687439,-0.21803615987300873,0.2659647464752197
4.29600977897644,1.6420005351631526,1.6451133489608765,-0.09214923530817032,0.2676737606525421
4.299076080322266,1.6416965016586027,1.644731879234314,-0.2381780743598938,0.20401312410831451
4.302141904830933,1.641392239321945,1.644731879234314,-0.10624857246875763,0.2065766453742981
4.305208444595337,1.641087630943379,1.644350290298462,-0.16365301609039307,0.2360570728778839
4.308274745941162,1.640782772320597,1.6439688205718994,-0.04078736528754234,0.19931334257125854
4.311346054077148,1.6404771424587647,1.643587350845337,-0.10322728008031845,0.21939422190189362
4.314414024353027,1.6401715726572739,1.6432058811187744,-0.1445181965827942,0.19504082202911377
4.317480564117432,1.6398658747132642,1.6432058811187744,-0.0629434660077095,0.19974060356616974
4.320549488067627,1.6395596693566972,1.642824411392212,-0.051865413784980774,0.21982146799564362
4.3236000537872314,1.6392550294134929,1.642061471939087,-0.2663767337799072,0.24118410050868988
4.326665878295898,1.6389485993107757,1.642061471939087,-0.12437628954648972,0.21084916591644287
4.329732418060303,1.6386418317311662,1.6416800022125244,-0.15056076645851135,0.18265049159526825
4.332806587219238,1.6383340350619604,1.641298532485962,-0.07100022584199905,0.21512168645858765
4.3358728885650635,1.6380267621112499,1.641298532485962,-0.35500115156173706,0.27920958399772644
4.338939189910889,1.6377192266056413,1.6409170627593994,-0.31169605255126953,0.23050278425216675
4.342010021209717,1.6374109747748071,1.640535593032837,-0.2875257432460785,0.16385138034820557
4.345078945159912,1.6371026536088824,1.640535593032837,0.03978027030825615,0.19418631494045258
4.3481481075286865,1.63679404889168,1.639772653579712,-0.42449072003364563,0.11685358732938766
4.351214647293091,1.6364854497476804,1.639772653579712,-0.2734264135360718,0.19888609647750854
4.354285717010498,1.6361761372923036,1.6393911838531494,-0.14753948152065277,0.24246585369110107
4.357351779937744,1.6358670732562908,1.639009714126587,-0.26335546374320984,0.23263904452323914
4.360418319702148,1.6355577065961215,1.639009714126587,-0.14048981666564941,0.15530632436275482
4.363485097885132,1.6352480624240964,1.6386282444000244,-0.10926985740661621,0.13308918476104736
4.366551876068115,1.6349381659328048,1.638246774673462,-0.08107118308544159,0.14505226910114288
4.369606971740723,1.6346292002169809,1.6378653049468994,-0.07704280316829681,0.24332036077976227
4.372690916061401,1.6343170653585806,1.637483835220337,-0.2986038029193878,0.15231555700302124
4.375769853591919,1.6340051862074023,1.637483835220337,-0.12941177189350128,0.16726939380168915
4.378838777542114,1.633694072918739,1.6371023654937744,-0.19990845024585724,0.09805447608232498
4.381905794143677,1.6333829063236793,1.636720895767212,-0.0629434660077095,0.12967117130756378
4.384972333908081,1.6330715427315765,1.6363393068313599,-0.1284046620130539,0.1736781895160675
4.388040542602539,1.6327597652842456,1.6363393068313599,-0.09214923530817032,0.15188831090927124
4.391106843948364,1.632447938572563,1.6359578371047974,-0.1284046620130539,0.1591515988111496
4.394177436828613,1.6321354330797933,1.6355763673782349,-0.015609979629516602,0.13351644575595856
4.3972437381744385,1.631823123496015,1.6355763673782349,-0.21904325485229492,0.16855116188526154
4.400311231613159,1.6315104528274016,1.6351948976516724,-0.10423437505960464,0.10531777143478394
4.403377532958984,1.6311976652553446,1.6348134279251099,-0.173723965883255,0.18265049159526825
4.406444311141968,1.6308845917803798,1.6344319581985474,-0.23314259946346283,0.1886320263147354
4.409513235092163,1.6305710628884527,1.6340504884719849,-0.08207827806472778,0.1604333519935608
4.412582874298096,1.630257225559562,1.6340504884719849,-0.13142596185207367,0.12326237559318542
4.41560173034668,1.6299483518072888,1.6336690187454224,-0.27745479345321655,0.13437095284461975
4.4186692237854,1.6296342708298976,1.6332875490188599,-0.0951705202460289,0.08737315982580185
4.421735048294067,1.6293201293399087,1.6329060792922974,-0.24824902415275574,0.11300831288099289
4.424801349639893,1.6290057087712169,1.6329060792922974,0.003524834057316184,0.06942854821681976
4.427867650985718,1.6286910591323356,1.6321431398391724,-0.15358205139636993,0.09335469454526901
4.430938005447388,1.6283757652276687,1.6321431398391724,-0.24824902415275574,0.10916304588317871
4.434004306793213,1.6280606606541133,1.6317616701126099,-0.3348592221736908,0.08609139919281006
4.437070608139038,1.6277453305182357,1.6313802003860474,-0.2683909237384796,0.08950942009687424
4.440136909484863,1.627429775990491,1.6309987306594849,-0.1898374855518341,0.13607995212078094
4.443203926086426,1.627113924556841,1.6306172609329224,-0.2059510201215744,0.1446250081062317
4.446269750595093,1.6267979738663874,1.6306172609329224,-0.06898603588342667,0.18606851994991302
4.449336290359497,1.6264817285808275,1.6302357912063599,-0.11329823732376099,0.1758144497871399
4.452402830123901,1.626165263559522,1.6298543214797974,-0.143511101603508,0.3189440667629242
4.455470085144043,1.6258485060869867,1.6294728517532349,-0.11531242728233337,0.17196917533874512
4.458539724349976,1.6255312846582752,1.6290913820266724,-0.01762416958808899,0.1753872036933899
4.4616029262542725,1.6252145125062274,1.6287097930908203,-0.21803615987300873,0.17196917533874512
4.46467399597168,1.624896711337269,1.6283283233642578,-0.23213550448417664,0.13052567839622498
4.467742919921875,1.6245789179577905,1.6279468536376953,-0.20292973518371582,0.16940565407276154
4.470783233642578,1.6242638771895204,1.6275653839111328,-0.06193637102842331,0.21725794672966003
4.473851203918457,1.6239457598757236,1.6275653839111328,-0.1928587704896927,0.16855116188526154
4.476918458938599,1.623627506282751,1.6271839141845703,-0.22005034983158112,0.1907682865858078
4.479984283447266,1.6233091920263325,1.6268024444580078,-0.08912795037031174,0.16427862644195557
4.483050584793091,1.6229906203521127,1.6264209747314453,-0.20393683016300201,0.19717708230018616
4.486119270324707,1.6226715939902088,1.6260395050048828,-0.05085831880569458,0.10446326434612274
4.489188194274902,1.6223523369391402,1.6260395050048828,0.05690089240670204,0.20444037020206451
4.492261648178101,1.6220324034650417,1.6256580352783203,-0.1445181965827942,0.13522544503211975
4.495328187942505,1.6217129862753896,1.6252765655517578,-0.3036392629146576,0.1416342407464981
4.498394250869751,1.621393416768968,1.6248950958251953,-0.0790569931268692,0.15530632436275482
4.501459836959839,1.6210736962257384,1.6248950958251953,-0.20091554522514343,0.10403601080179214
4.504528999328613,1.6207534028165318,1.6241321563720703,-0.28047609329223633,0.14505226910114288
4.507605314254761,1.6204321634726184,1.6241321563720703,-0.0951705202460289,0.13778896629810333
4.510686635971069,1.6201102022812728,1.6237506866455078,0.19890135526657104,0.15188831090927124
4.513756990432739,1.6197891901139778,1.6233692169189453,-0.2522774040699005,0.1429159939289093
4.516824007034302,1.6194683318697625,1.6233692169189453,-0.13243305683135986,0.21298542618751526
4.519890069961548,1.6191473797258082,1.6226062774658203,-0.2240787297487259,0.12454413622617722
4.5229573249816895,1.6188261102350487,1.6226062774658203,-0.18178072571754456,0.13052567839622498
4.526023864746094,1.618504724324089,1.6222248077392578,-0.22810712456703186,0.1433432549238205
4.529090642929077,1.6181831232819692,1.6218433380126953,-0.15156786143779755,0.10189975053071976
4.5321574211120605,1.6178613332826122,1.6218433380126953,-0.19386588037014008,0.12411688268184662
4.535223484039307,1.6175394306365547,1.6214618682861328,-0.13646143674850464,0.05831998214125633
4.538289308547974,1.6172173665633323,1.6210802793502808,-0.16868849098682404,0.12454413622617722
4.54135537147522,1.6168950921666039,1.6210802793502808,-0.21602196991443634,0.1253986358642578
4.544421434402466,1.61657263368099,1.6206988096237183,0.09013504534959793,0.11300831288099289
4.54748797416687,1.6162499421115488,1.6203173398971558,0.015609979629516602,0.11258106678724289
4.5505571365356445,1.615926792581834,1.6203173398971558,-0.1263904720544815,0.1433432549238205
4.553602695465088,1.6156059494560282,1.6199358701705933,-0.04280155524611473,0.11001754552125931
4.556671380996704,1.6152824910605001,1.6195544004440308,-0.16768139600753784,0.06601052731275558
4.55973744392395,1.6149591309230469,1.6191729307174683,-0.17070268094539642,0.05191119387745857
4.562803268432617,1.6146356190468174,1.6187914609909058,-0.2532845139503479,0.04251163452863693
4.5658698081970215,1.6143118559579341,1.6187914609909058,-0.37212178111076355,0.014312963001430035
4.568938732147217,1.613987666388999,1.6184099912643433,-0.14552529156208038,0.08181887865066528
4.5720155239105225,1.613662471404472,1.6180285215377808,-0.30867475271224976,0.05703822523355484
4.575085401535034,1.6133378344797362,1.6176470518112183,-0.18580910563468933,0.12497138977050781
4.578152894973755,1.6130132785673548,1.6176470518112183,0.11430533230304718,0.12198062241077423
4.581222772598267,1.612688300357799,1.6172655820846558,-0.060929276049137115,0.08053711801767349
4.584289789199829,1.6123634563568294,1.6168841123580933,-0.10624857246875763,0.1266804039478302
4.58735990524292,1.6120381164493023,1.6165026426315308,-0.13243305683135986,0.09677271544933319
4.590430021286011,1.6117126100390657,1.6161211729049683,-0.24925611913204193,0.14035248756408691
4.593496322631836,1.6113873430947894,1.6157397031784058,-0.27644771337509155,-0.022858014330267906
4.596563100814819,1.6110618618568568,1.6153582334518433,-0.18379491567611694,0.08096437156200409
4.599600076675415,1.610739383420327,1.6149767637252808,-0.2230716347694397,0.12967117130756378
4.602666139602661,1.6104136559260878,1.6149767637252808,0.057907987385988235,0.10830853879451752
4.6057398319244385,1.6100869572810332,1.6142138242721558,-0.10826276242733002,0.12198062241077423
4.608806133270264,1.6097608851737035,1.6142138242721558,-0.09718471020460129,0.11258106678724289
4.611874580383301,1.6094344270826486,1.6138323545455933,-0.26234835386276245,0.17837797105312347
4.614946126937866,1.6091074823552116,1.6134508848190308,-0.0941634252667427,0.13394369184970856
4.618024826049805,1.6087796200017894,1.6130692958831787,-0.3781643509864807,0.12454413622617722
4.6210997104644775,1.608452008935898,1.6126878261566162,-0.12236209958791733,0.16855116188526154
4.624173879623413,1.6081243204952176,1.6123063564300537,-0.1425040066242218,0.17026016116142273
4.62724494934082,1.6077968103261713,1.6119248867034912,-0.11732661724090576,0.15616083145141602
4.630311727523804,1.6074696073234325,1.6115434169769287,-0.3701075613498688,0.1416342407464981
4.633379220962524,1.607142178777984,1.6111619472503662,0.010574501939117908,0.19418631494045258
4.63644552230835,1.6068147295330302,1.6107804775238037,-0.2381780743598938,0.1886320263147354
4.639512300491333,1.6064870826318234,1.6103990077972412,0.051865413784980774,0.16385138034820557
4.642578363418579,1.6061593666676623,1.6100175380706787,-0.16264592111110687,0.16641488671302795
4.645602703094482,1.6058359689706998,1.6096360683441162,-0.14854657649993896,0.24545662105083466
4.648669242858887,1.6055079166477764,1.6092545986175537,-0.13545434176921844,0.19803158938884735
4.651735544204712,1.6051797479747116,1.6088731288909912,0.002517738612368703,0.16256961226463318
4.654802083969116,1.6048514131366696,1.6084916591644287,-0.34190890192985535,0.20444037020206451
4.657868146896362,1.6045229899511209,1.6081101894378662,-0.14653238654136658,0.24802014231681824
4.660935163497925,1.6041943263750638,1.6077287197113037,-0.3489585816860199,0.21725794672966003
4.664001941680908,1.6038655513258375,1.6073472499847412,-0.14653238654136658,0.3168078064918518
4.667083978652954,1.6035350036433942,1.6069657802581787,-0.15257495641708374,0.19717708230018616
4.670163631439209,1.6032045759103428,1.6065843105316162,-0.35902953147888184,0.22708477079868317
4.67324423789978,1.6028739113277048,1.6062028408050537,-0.22508582472801208,0.2501564025878906
4.676316261291504,1.6025440352773257,1.6062028408050537,-0.0639505609869957,0.2881819009780884
4.679384469985962,1.602214437758371,1.6058213710784912,-0.04280155524611473,0.251010924577713
4.682451248168945,1.6018848642138497,1.6054397821426392,-0.10826276242733002,0.22836652398109436
4.685519695281982,1.6015549827700175,1.6050583124160767,-0.11732661724090576,0.251438170671463
4.688588380813599,1.6012249483240208,1.6046768426895142,-0.1908445805311203,0.2386205792427063
4.691661357879639,1.6008943259146824,1.6042953729629517,-0.022659648209810257,0.21383993327617645
4.694728136062622,1.6005642455538567,1.6039139032363892,-0.1606317162513733,0.25912871956825256
4.697795867919922,1.6002339389521825,1.6035324335098267,-0.26335546374320984,0.13821622729301453
4.700860977172852,1.5999037924981232,1.6035324335098267,-0.12135500460863113,0.15530632436275482
4.703927755355835,1.5995733452286736,1.6031509637832642,0.04078736528754234,0.18393224477767944
4.7069971561431885,1.5992424953592885,1.6027694940567017,-0.10524147748947144,0.16812390089035034
4.7100653648376465,1.5989116552205604,1.6023880243301392,-0.10020599514245987,0.23050278425216675
4.713134050369263,1.598580646125967,1.6020065546035767,-0.24623483419418335,0.14718852937221527
4.716210842132568,1.5982486458605052,1.6020065546035767,-0.002517738612368703,0.15317006409168243
4.719341993331909,1.597910661187862,1.6016250848770142,-0.043808650225400925,0.14590676128864288
4.7224133014678955,1.5975790209917091,1.6012436151504517,-0.3006179928779602,0.10275425016880035
4.725480318069458,1.5972477316448614,1.6008621454238892,-0.11732661724090576,0.11215381324291229
4.728546380996704,1.5969164341210897,1.6008621454238892,-0.2049439251422882,0.09890898317098618
4.731600284576416,1.5965863411608971,1.6004806756973267,-0.12336919456720352,0.15616083145141602
4.734666347503662,1.5962548254101052,1.6000992059707642,-0.06193637102842331,0.0634470134973526
4.737732887268066,1.5959231505892142,1.5997177362442017,-0.24623483419418335,0.16598764061927795
4.740798711776733,1.5955914468774302,1.5997177362442017,-0.26234835386276245,0.14761577546596527
4.743867635726929,1.5952593026567745,1.5993362665176392,-0.1425040066242218,0.07113756239414215
4.746935129165649,1.5949272093437792,1.5989547967910767,-0.10222018510103226,0.1886320263147354
4.750001430511475,1.5945951424929312,1.5985733270645142,0.08610665798187256,0.18222324550151825
4.7530677318573,1.5942629742984167,1.5981918573379517,-0.12336919456720352,0.08566414564847946
4.756136417388916,1.5939304476011618,1.5978103876113892,-0.16768139600753784,0.012603952549397945
4.7592058181762695,1.5935977443331015,1.597428798675537,-0.3771572411060333,0.11557183414697647
4.762273073196411,1.593265175915688,1.597428798675537,-0.1596246212720871,0.12069886177778244
4.765339612960815,1.592932588616802,1.5970473289489746,-0.19487297534942627,0.18094147741794586
4.768412113189697,1.5925992594003704,1.596665859222412,-0.13344015181064606,0.17111466825008392
4.771494388580322,1.592264774932087,1.5962843894958496,-0.13444724678993225,0.1890592873096466
4.774572134017944,1.591930688592091,1.5962843894958496,-0.13948272168636322,0.053192950785160065
4.777601003646851,1.5916018177137778,1.595902919769287,-0.1425040066242218,0.12967117130756378
4.780669450759888,1.5912685597904792,1.5955214500427246,-0.13948272168636322,0.11471732705831528
4.783735275268555,1.5909354976963606,1.595139980316162,-0.060929276049137115,0.12454413622617722
4.7868053913116455,1.590601881466576,1.5947585105895996,-0.23414969444274902,0.05661097168922424
4.789871692657471,1.5902685931877891,1.594377040863037,-0.11732661724090576,0.06686503440141678
4.792938709259033,1.5899351418511067,1.5939955711364746,-0.22810712456703186,0.10745403170585632
4.7960052490234375,1.5896016582908234,1.593614101409912,-0.15458914637565613,0.10446326434612274
4.799077033996582,1.589267521285166,1.593614101409912,-0.035751886665821075,0.1108720526099205
4.802143335342407,1.5889338991254245,1.5932326316833496,-0.24119935929775238,0.11642633378505707
4.805210590362549,1.5886000928358632,1.592851161956787,-0.1445181965827942,0.08651865273714066
4.808276891708374,1.5882663112302937,1.5924696922302246,-0.32277408242225647,0.13138018548488617
4.81134295463562,1.5879324777347208,1.592088222503662,-0.18580910563468933,0.08096437156200409
4.814411878585815,1.5875982560225714,1.5917067527770996,-0.14653238654136658,0.08566414564847946
4.817487955093384,1.587263179595366,1.591325283050537,-0.13243305683135986,0.16385138034820557
4.8205554485321045,1.5869289638290223,1.5909438133239746,-0.08610665798187256,0.08651865273714066
4.8236024379730225,1.5865969098381165,1.5909438133239746,-0.08912795037031174,0.12027160823345184
4.826669216156006,1.586262627871154,1.590562343597412,-0.1888303905725479,0.0314030684530735
4.82973575592041,1.5859283014636363,1.5901808738708496,-0.27644771337509155,0.07241931557655334
4.8328022956848145,1.585593905871623,1.5897992849349976,-0.28148317337036133,0.11770809441804886
4.8358683586120605,1.585259494349761,1.589417815208435,-0.23012131452560425,0.11001754552125931
4.838934898376465,1.5849249641235326,1.5890363454818726,-0.04179446026682854,0.13650721311569214
4.842001676559448,1.5845903424208212,1.58865487575531,-0.32881665229797363,0.19546806812286377
4.845067739486694,1.5842557345559065,1.5882734060287476,-0.22005034983158112,0.1578698456287384
4.84813666343689,1.583920751416298,1.5882734060287476,-0.2522774040699005,0.07626459002494812
4.851205348968506,1.5835857324803742,1.587891936302185,-0.13041886687278748,0.12027160823345184
4.854271173477173,1.5832509654038642,1.5875104665756226,-0.19588007032871246,0.1112993061542511
4.85733699798584,1.5829161391098816,1.58712899684906,-0.3529869616031647,0.053192950785160065
4.860403299331665,1.5825812027508321,1.5867475271224976,-0.531242847442627,0.08908216655254364
4.863471031188965,1.5822460533456575,1.586366057395935,-0.24321354925632477,0.08651865273714066
4.866538047790527,1.5819109265438105,1.586366057395935,-0.10725566744804382,0.1279621571302414
4.869602680206299,1.581576006032962,1.5859845876693726,-0.27846190333366394,0.10019073635339737
4.872678279876709,1.5812398337138127,1.58560311794281,-0.37514305114746094,0.095918208360672
4.875747203826904,1.5809043391542135,1.5852216482162476,-0.17875944077968597,0.09762722253799438
4.8788135051727295,1.5805690807499926,1.584840178489685,-0.18480201065540314,0.08053711801767349
4.881880283355713,1.5802337209175061,1.584840178489685,-0.14048981666564941,0.05276569724082947
4.884946346282959,1.579898391265422,1.5844587087631226,-0.1606317162513733,0.05532921478152275
4.888012647628784,1.5795629887481135,1.58407723903656,-0.35802242159843445,0.08950942009687424
4.8910791873931885,1.5792275145997718,1.5836957693099976,-0.14854657649993896,0.010040436871349812
4.894145250320435,1.578892048318483,1.583314299583435,-0.22810712456703186,0.05062943324446678
4.89721155166626,1.5785565128965844,1.583314299583435,-0.2885328531265259,0.06643778085708618
4.900282621383667,1.5782204137794626,1.5829328298568726,-0.25932708382606506,0.18094147741794586
4.903348445892334,1.577884848114041,1.58255136013031,-0.13948272168636322,0.053192950785160065
4.906415224075317,1.5775491387417804,1.5821698904037476,-0.3852140009403229,0.10403601080179214
4.909483909606934,1.5772131824600597,1.5821698904037476,0.01258869282901287,0.04251163452863693
4.912555456161499,1.576876876023623,1.5817883014678955,-0.04179446026682854,0.06857404112815857
4.915602922439575,1.5765431708759985,1.5810253620147705,-0.1898374855518341,0.054901961237192154
4.918678522109985,1.576206350667461,1.5810253620147705,-0.17170977592468262,0.022858014330267906
4.921747207641602,1.5758702544744838,1.580643892288208,-0.31270313262939453,0.016449226066470146
4.924813508987427,1.5755343875556436,1.5802624225616455,-0.16566720604896545,0.012176699936389923
4.927879571914673,1.5751985161622963,1.5802624225616455,-0.16969558596611023,0.06686503440141678
4.930945873260498,1.5748625893061061,1.5794994831085205,-0.07200732082128525,0.004058899823576212
4.934014558792114,1.5745263731197907,1.5794994831085205,-0.40535593032836914,0.024994278326630592
4.937080383300781,1.5741904435412402,1.5787365436553955,-0.18178072571754456,0.07498283684253693
4.9401469230651855,1.5738544099848581,1.578355073928833,-0.24422064423561096,0.0946364551782608
4.9432127475738525,1.5735184304539518,1.5779736042022705,-0.17775234580039978,0.04122987762093544
4.946278810501099,1.5731824016893226,1.577592134475708,-0.23515678942203522,0.07498283684253693
4.949345588684082,1.5728462726682533,1.577592134475708,-0.17170977592468262,0.08438239246606827
4.952411890029907,1.5725101752931068,1.5772106647491455,-0.046829938888549805,0.11898985505104065
4.955480575561523,1.5721737971972207,1.576829195022583,-0.1918516755104065,0.11599908769130707
4.958549737930298,1.571837348680618,1.5764477252960205,-0.2824902832508087,0.1275349110364914
4.961599826812744,1.571502974295494,1.576066255569458,-0.1767452508211136,0.15445181727409363
4.964666128158569,1.5711668069887514,1.5756847858428955,-0.1757381558418274,0.13907071948051453
4.967734336853027,1.5708304161793802,1.575303316116333,-0.2502632141113281,0.1424887478351593
4.9708099365234375,1.5704932018460072,1.5749218463897705,-0.19789426028728485,0.1275349110364914
4.973878383636475,1.570156759819425,1.574540376663208,-0.14552529156208038,0.18051423132419586
4.976945161819458,1.5698204901451205,1.574158787727356,-0.0800640881061554,0.16726939380168915
4.980017900466919,1.5694835574972408,1.5737773180007935,-0.03776608034968376,0.11941710859537125
4.983088254928589,1.5691468781221685,1.573395848274231,-0.13847562670707703,0.18564125895500183
4.986161231994629,1.5688099042552321,1.5730143785476685,-0.20292973518371582,0.13180743157863617
4.989227533340454,1.5684736567886397,1.572632908821106,-0.24220645427703857,0.16556039452552795
4.992293357849121,1.5681374572275937,1.5722514390945435,-0.38924238085746765,0.14077973365783691
4.995359182357788,1.5678012545305557,1.571869969367981,-0.270405113697052,0.08566414564847946
4.998425722122192,1.5674649715085383,1.5714884996414185,-0.20292973518371582,0.16940565407276154
5.001492023468018,1.567128713991125,1.571107029914856,-0.29054704308509827,0.20401312410831451
5.004558324813843,1.5667924570810376,1.5707255601882935,-0.3449302017688751,0.24545662105083466
5.007605314254761,1.5664583197895197,1.570344090461731,-0.32378119230270386,0.20273137092590332
5.0106823444366455,1.5661208912929678,1.570344090461731,0.007553216069936752,0.19333180785179138
5.013754844665527,1.5657839639214768,1.569581151008606,-0.1112840473651886,0.17880521714687347
5.016831398010254,1.56544659772243,1.5691996812820435,-0.08912795037031174,0.13907071948051453
5.019906997680664,1.5651093429942555,1.568818211555481,-0.12135500460863113,0.21383993327617645
5.022976398468018,1.564772776130946,1.568818211555481,-0.32378119230270386,0.20315861701965332
5.026045083999634,1.5644362970648096,1.5684367418289185,-0.27946898341178894,0.20956741273403168
5.029111623764038,1.5641000638866527,1.568055272102356,-0.3469443917274475,0.21597619354724884
5.032182216644287,1.563763398176494,1.5676738023757935,-0.2563057839870453,0.1903410404920578
5.035248756408691,1.5634271899667387,1.567292332649231,-0.2220645397901535,0.1578698456287384
5.038316011428833,1.563090917692167,1.5669108629226685,-0.16566720604896545,0.15060654282569885
5.041382551193237,1.5627547394323336,1.566529393196106,-0.3207598924636841,0.15573357045650482
5.044449806213379,1.5624184996119599,1.566147804260254,-0.26033416390419006,0.16470588743686676
5.047516584396362,1.5620823301614726,1.5657663345336914,-0.24422064423561096,0.18393224477767944
5.050585985183716,1.5617458926001972,1.5657663345336914,-0.13948272168636322,0.14505226910114288
5.053662300109863,1.5614087178787892,1.565384864807129,-0.19386588037014008,0.1441977620124817
5.056732892990112,1.5610721922331765,1.5650033950805664,-0.19789426028728485,0.13266193866729736
5.059798955917358,1.5607361861547073,1.564621925354004,-0.10423437505960464,0.18777751922607422
5.0628650188446045,1.560400204407822,1.564621925354004,-0.22911421954631805,0.1446250081062317
5.065931797027588,1.5600641698701618,1.5642404556274414,-0.14048981666564941,0.08950942009687424
5.069000244140625,1.55972797932394,1.563858985900879,-0.365072101354599,0.09762722253799438
5.072076082229614,1.5593910072143977,1.5634775161743164,-0.0800640881061554,0.13821622729301453
5.075145483016968,1.5590547697583674,1.563096046447754,-0.29658961296081543,0.08651865273714066
5.078212022781372,1.5587188763081963,1.563096046447754,-0.16466011106967926,0.15445181727409363
5.0812788009643555,1.558382988574838,1.562333106994629,-0.21803615987300873,0.10745403170585632
5.08434534072876,1.5580471600306431,1.562333106994629,-0.3640649914741516,0.1570153385400772
5.087411642074585,1.5577113919144876,1.5619516372680664,-0.12941177189350128,0.07455558329820633
5.09048056602478,1.5573753722251242,1.561570167541504,0.09315633028745651,0.06216525658965111
5.093552112579346,1.557039102304871,1.561570167541504,-0.21803615987300873,0.08908216655254364
5.09660005569458,1.5567054542125605,1.560807228088379,-0.24623483419418335,0.12027160823345184
5.099666118621826,1.5563698617823445,1.560807228088379,-0.2522774040699005,0.05917448550462723
5.102732181549072,1.5560343098882903,1.5604257583618164,0.060929276049137115,0.06942854821681976
5.105799436569214,1.5556986693368398,1.560044288635254,-0.17775234580039978,0.05404745414853096
5.10886812210083,1.555362915339714,1.5596628189086914,-0.19588007032871246,0.04122987762093544
5.111944198608398,1.555026397184294,1.559281349182129,-0.29054704308509827,0.08139162510633469
5.115015506744385,1.5546904463943803,1.559281349182129,0.0005035477224737406,0.08822766691446304
5.118091344833374,1.5543540471353883,1.5588998794555664,-0.17070268094539642,0.03311207890510559
5.121164083480835,1.554018035107729,1.5585182905197144,-0.21803615987300873,0.1446250081062317
5.124230861663818,1.5536827242069742,1.5581368207931519,-0.2734264135360718,0.14077973365783691
5.1272971630096436,1.553347515962497,1.5577553510665894,-0.05992217734456062,0.0796826109290123
5.1303629875183105,1.5530124115946795,1.5573738813400269,-0.3016250729560852,0.08181887865066528
5.133429765701294,1.5526772560003832,1.5573738813400269,-0.2986038029193878,0.07241931557655334
5.136500597000122,1.5523417118315768,1.5569924116134644,-0.23213550448417664,0.051483940333127975
5.139566421508789,1.552006770267334,1.5566109418869019,-0.16466011106967926,0.043793391436338425
5.142602443695068,1.5516751405006977,1.5562294721603394,-0.06596475094556808,0.08780041337013245
5.145668268203735,1.5513403130495225,1.5558480024337769,0.06797894090414047,0.1582970917224884
5.1487345695495605,1.5510054927284072,1.5554665327072144,-0.29256123304367065,0.07626459002494812
5.151810169219971,1.550669717820917,1.5554665327072144,-0.021652551367878914,0.07241931557655334
5.154876470565796,1.5503350198396508,1.5547035932540894,-0.27745479345321655,0.03653009980916977
5.157942771911621,1.55000038480122,1.5547035932540894,-0.270405113697052,0.027985045686364174
5.161009788513184,1.5496657359122008,1.5543221235275269,-0.27544060349464417,0.07412832975387573
5.164076566696167,1.549331178487527,1.5539406538009644,-0.00553902518004179,0.06643778085708618
5.1671507358551025,1.548995881706988,1.5535591840744019,0.0005035477224737406,0.1600061058998108
5.170219421386719,1.5486612510997844,1.5531777143478394,-0.23012131452560425,0.06472877413034439
5.173296213150024,1.5483258060722138,1.5527962446212769,-0.27644771337509155,0.046784162521362305
5.17637300491333,1.547990431927892,1.5527962446212769,-0.15559624135494232,0.06771954149007797
5.179440021514893,1.5476561950803125,1.5524147748947144,-0.04078736528754234,0.07113756239414215
5.182506561279297,1.5473220831005596,1.5520333051681519,-0.14552529156208038,0.029694056138396263
5.185575008392334,1.5469878375147592,1.5516518354415894,-0.051865413784980774,0.011322194710373878
5.1885998249053955,1.5466584184698182,1.5512703657150269,-0.2845044732093811,0.15188831090927124
5.191666126251221,1.5463245575771705,1.5508888959884644,-0.19990845024585724,0.06771954149007797
5.194732904434204,1.5459907226134317,1.5505073070526123,-0.3670862913131714,0.11728084087371826
5.197807312011719,1.5456561365390868,1.5505073070526123,-0.10020599514245987,0.0643015205860138
5.200873851776123,1.5453224871390587,1.5501258373260498,-0.15660333633422852,0.008758679032325745
5.203940153121948,1.5449889452314338,1.5497443675994873,-0.1596246212720871,0.07156481593847275
5.207009553909302,1.5446551490896157,1.5493628978729248,-0.30666056275367737,0.08352788537740707
5.210085868835449,1.5443206855190912,1.5489814281463623,-0.14955367147922516,0.07071030884981155
5.213160753250122,1.543986463241704,1.5485999584197998,-0.00553902518004179,0.10531777143478394
5.2162439823150635,1.543651421296968,1.5482184886932373,-0.26436254382133484,0.10318150371313095
5.219322204589844,1.5433170119258843,1.5478370189666748,-0.14854657649993896,0.13266193866729736
5.222389459609985,1.542983883212005,1.5474555492401123,-0.06495765596628189,0.17965972423553467
5.2254555225372314,1.5426509742014864,1.5470740795135498,0.030716411769390106,0.16513313353061676
5.228521347045898,1.5423181825180012,1.5466926097869873,-0.2885328531265259,0.09805447608232498
5.231605052947998,1.5419835433160416,1.5463111400604248,-0.2361638844013214,0.09079118072986603
5.234697580337524,1.5416480422402599,1.5459296703338623,-0.42146944999694824,0.04592965543270111
5.237767696380615,1.5413150682888852,1.5459296703338623,-0.014602883718907833,0.13052567839622498
5.240834474563599,1.540982552855525,1.5455482006072998,-0.2069581151008606,0.1595788449048996
5.243900775909424,1.5406501867884626,1.5451667308807373,-0.14653238654136658,0.16556039452552795
5.246985912322998,1.5403158789360212,1.5447852611541748,-0.11732661724090576,0.02200350910425186
5.250089168548584,1.5399797098697017,1.5444037914276123,0.004531929735094309,0.1108720526099205
5.253161191940308,1.5396470264609146,1.5440223217010498,0.10222018510103226,0.09292744100093842
5.256228685379028,1.5393149363913574,1.5436408519744873,-0.3811856210231781,0.11343556642532349
5.259296178817749,1.538982950250186,1.5432593822479248,-0.13545434176921844,0.12967117130756378
5.262362957000732,1.5386511466438697,1.5428777933120728,-0.20393683016300201,0.10531777143478394
5.265429973602295,1.5383194235993636,1.5424963235855103,-0.32176700234413147,0.14077973365783691
5.268498420715332,1.537987653501752,1.5424963235855103,-0.018631266430020332,0.15402457118034363
5.271568298339844,1.5376558377357195,1.5421148538589478,-0.13142596185207367,0.17752346396446228
5.274606943130493,1.5373275064339214,1.5417333841323853,-0.10926985740661621,0.11770809441804886
5.27768874168396,1.5369946238575667,1.5413519144058228,-0.054886702448129654,0.11599908769130707
5.280759811401367,1.5366630131696775,1.5409704446792603,-0.021652551367878914,0.13138018548488617
5.283826589584351,1.5363319796823958,1.5405889749526978,-0.09718471020460129,0.12155336886644363
5.286893129348755,1.53600108687263,1.5402075052261353,-0.3680933713912964,0.1591515988111496
5.2899603843688965,1.535670233090606,1.5398260354995728,-0.19890135526657104,0.1770962029695511
5.293053150177002,1.5353367464734908,1.5394445657730103,-0.08107118308544159,0.16086061298847198
5.296130895614624,1.5350049992628758,1.5390630960464478,-0.32780957221984863,0.10189975053071976
5.299204587936401,1.534673809436427,1.5386816263198853,-0.2049439251422882,0.13778896629810333
5.302275657653809,1.5343430236982634,1.5383001565933228,-0.3147173225879669,0.09848172962665558
5.305344581604004,1.5340125916356706,1.5383001565933228,-0.2220645397901535,0.2070038914680481
5.308412551879883,1.5336823859381878,1.5379186868667603,-0.425497829914093,0.20187686383724213
5.311482191085815,1.5333521256064726,1.5375372171401978,-0.21501487493515015,0.10019073635339737
5.314554691314697,1.5330216838913007,1.5371557474136353,-0.06495765596628189,0.13394369184970856
5.317601919174194,1.532694086319869,1.5367742776870728,-0.08912795037031174,0.16171512007713318
5.3206799030303955,1.5323633110322963,1.5363928079605103,-0.11229114234447479,0.07754635065793991
5.323759078979492,1.532032538353381,1.5360113382339478,-0.14955367147922516,0.16940565407276154
5.3268373012542725,1.531702000039158,1.5360113382339478,-0.2240787297487259,0.15573357045650482
5.329914569854736,1.5313716972029248,1.5352483987808228,-0.27846190333366394,0.0942092016339302
5.332983016967773,1.5310424749421994,1.5352483987808228,-0.3489585816860199,0.21127641201019287
5.336049318313599,1.5307136175073046,1.5348668098449707,-0.1586175262928009,0.1429159939289093
5.339115381240845,1.5303849214010175,1.5344853401184082,-0.08812084794044495,0.16598764061927795
5.342182397842407,1.5300562600935879,1.5341038703918457,-0.35902953147888184,0.1758144497871399
5.345248699188232,1.5297278136632946,1.5337224006652832,-0.32881665229797363,0.16385138034820557
5.348316431045532,1.5293993535352393,1.5333409309387207,-0.11631952226161957,0.16897840797901154
5.351383924484253,1.5290710597020183,1.5329594612121582,-0.14955367147922516,0.21512168645858765
5.354450225830078,1.5287430353494085,1.5325779914855957,-0.3348592221736908,0.16855116188526154
5.357520818710327,1.5284146952903706,1.5321965217590332,-0.15156786143779755,0.18179598450660706
5.3606016635894775,1.528085404418585,1.5318150520324707,-0.32277408242225647,0.1741054356098175
5.363672494888306,1.5277573300281333,1.5318150520324707,-0.09718471020460129,0.12027160823345184
5.366739988327026,1.5274297591814778,1.5314335823059082,-0.1284046620130539,0.17196917533874512
5.369811534881592,1.5271019038842626,1.5310521125793457,-0.02668802998960018,0.15573357045650482
5.37288236618042,1.5267742745719595,1.5306706428527832,-0.13142596185207367,0.16427862644195557
5.3759520053863525,1.5264469231982238,1.5302891731262207,-0.06596475094556808,0.18649576604366302
5.3790295124053955,1.5261188853155552,1.5299077033996582,-0.29356831312179565,0.07199206203222275
5.382100343704224,1.5257917124586833,1.5295262336730957,-0.22609293460845947,0.07284656912088394
5.3851683139801025,1.5254649987041717,1.5291447639465332,-0.13444724678993225,0.08694590628147125
5.388234615325928,1.525138617975479,1.5291447639465332,-0.16566720604896545,0.15573357045650482
5.391300916671753,1.5248123937146378,1.5287632942199707,-0.366079181432724,0.15317006409168243
5.3943703174591064,1.5244859976220553,1.5283818244934082,0.018631266430020332,0.1117265596985817
5.397447347640991,1.5241589500363335,1.5280003547668457,-0.13344015181064606,0.13479819893836975
5.40052342414856,1.523832164965074,1.5280003547668457,-0.03776608034968376,0.09762722253799438
5.403605222702026,1.5235049348172383,1.5276188850402832,-0.04481574892997742,0.11813534796237946
5.406676292419434,1.5231790071949372,1.5272372961044312,-0.10926985740661621,0.1412069946527481
5.409743309020996,1.5228536736489375,1.5268558263778687,-0.1284046620130539,0.08480964601039886
5.412809610366821,1.5225285809419788,1.5264743566513062,-0.17775234580039978,0.12411688268184662
5.415879726409912,1.5222032502631258,1.5264743566513062,-0.06898603588342667,0.16598764061927795
5.418957710266113,1.521877254283207,1.5260928869247437,-0.007553216069936752,0.1412069946527481
5.422033786773682,1.5215516300171126,1.5257114171981812,-0.24623483419418335,0.11300831288099289
5.425111532211304,1.521226000088783,1.5253299474716187,-0.2502632141113281,0.1288166642189026
5.428187847137451,1.5209006936599616,1.5249484777450562,-0.3781643509864807,0.10360875725746155
5.431257247924805,1.5205762911102108,1.5249484777450562,-0.054886702448129654,0.10702677816152573
5.434324502944946,1.5202522889156755,1.5245670080184937,-0.06495765596628189,0.08395513892173767
5.437391042709351,1.5199285369280313,1.5241855382919312,-0.22609293460845947,0.01345845777541399
5.440457344055176,1.5196049859252323,1.5238040685653687,-0.12236209958791733,0.07241931557655334
5.443528413772583,1.519281109193361,1.5238040685653687,-0.14552529156208038,0.11770809441804886
5.446605920791626,1.5189567329080425,1.5230411291122437,-0.4325474798679352,0.11215381324291229
5.44968318939209,1.5186325624592951,1.5230411291122437,-0.18379491567611694,0.06985580176115036
5.4527506828308105,1.5183096028054355,1.5226596593856812,-0.29054704308509827,0.08438239246606827
5.455816984176636,1.5179869505117876,1.5222781896591187,-0.30666056275367737,0.005767910275608301
5.458884954452515,1.5176643057679344,1.5222781896591187,0.003524834057316184,-0.030548561364412308
5.461952209472656,1.5173419205916425,1.5218967199325562,-0.12437628954648972,0.04892042279243469
5.465019702911377,1.51701969590122,1.5215152502059937,-0.09919890016317368,0.0032043945975601673
5.468087196350098,1.5166976579599118,1.5211337804794312,-0.032730601727962494,0.05874723568558693
5.471153497695923,1.5163759330050635,1.5211337804794312,-0.13041886687278748,-0.002777141984552145
5.474225282669067,1.5160538221941602,1.5207523107528687,-0.009567406959831715,0.05703822523355484
5.477301836013794,1.5157314026817827,1.5203708410263062,-0.2502632141113281,0.05575646460056305
5.48037314414978,1.5154097250364178,1.5199893712997437,-0.27544060349464417,0.06045624613761902
5.483441352844238,1.5150885649318817,1.5196079015731812,-0.29558250308036804,0.04251163452863693
5.486507892608643,1.5147677733747738,1.5196079015731812,-0.07100022584199905,0.0963454619050026
5.489577293395996,1.5144468777917106,1.519226312637329,-0.21602196991443634,-0.04635690897703171
5.492607355117798,1.5141302877594647,1.5188448429107666,-0.05085831880569458,0.05233844369649887
5.495690822601318,1.5138083155548523,1.518463373184204,-0.057907987385988235,0.014312963001430035
5.4987664222717285,1.5134873648828433,1.5180819034576416,-0.26335546374320984,0.063019759953022
5.50183892250061,1.5131669382739885,1.5180819034576416,-0.20292973518371582,0.02542153000831604
5.504906415939331,1.512847235040541,1.517700433731079,-0.14048981666564941,0.014312963001430035
5.507973909378052,1.5125277340557606,1.5173189640045166,-0.2381780743598938,-0.04422064498066902
5.511040210723877,1.5122085605526259,1.516937494277954,-0.057907987385988235,0.00021362630650401115
5.514109373092651,1.5118892939923416,1.516937494277954,-0.1425040066242218,0.06771954149007797
5.517176151275635,1.5115704812354565,1.5165560245513916,-0.19588007032871246,-0.03311207890510559
5.520242691040039,1.5112519001346119,1.516174554824829,-0.0015106431674212217,0.06002899259328842
5.523311614990234,1.5109332796305153,1.5157930850982666,-0.14753948152065277,-0.00021362630650401115
5.526394605636597,1.510613409698519,1.515411615371704,-0.10423437505960464,-0.03353932872414589
5.529471397399902,1.5102943949577203,1.515411615371704,-0.28148317337036133,0.09036392718553543
5.532543182373047,1.50997611183905,1.5150301456451416,-0.20091554522514343,0.021149003878235817
5.5356011390686035,1.5096594736068234,1.514648675918579,0.057907987385988235,0.07498283684253693
5.538667917251587,1.5093421356314674,1.5142672061920166,-0.31169605255126953,0.010467689484357834
5.541734218597412,1.5090250621158532,1.513885736465454,-0.531242847442627,0.0049134050495922565
5.544800758361816,1.508708180250414,1.5135042667388916,-0.2986038029193878,-0.02243076264858246
5.547868013381958,1.5083914420388138,1.513122797012329,-0.26134127378463745,0.07327382266521454
5.550937175750732,1.5080747258370784,1.5127413272857666,-0.3610437214374542,0.06472877413034439
5.55404257774353,1.5077544940953915,1.5127413272857666,-0.2855115532875061,0.045075152069330215
5.557109594345093,1.5074384431651828,1.5119783878326416,-0.2361638844013214,0.05831998214125633
5.5601770877838135,1.5071225654213338,1.5115967988967896,-0.3197528123855591,0.09677271544933319
5.563243389129639,1.5068070338180863,1.5115967988967896,-0.14653238654136658,0.11557183414697647
5.56631064414978,1.506491628695528,1.511215329170227,-0.1747310608625412,0.059601739048957825
5.5693817138671875,1.5061760575533747,1.510452389717102,-0.35600823163986206,0.03695734962821007
5.572448253631592,1.5058611789476495,1.510452389717102,-0.3318379521369934,0.0638742670416832
5.575520753860474,1.5055459170333754,1.5100709199905396,-0.25932708382606506,0.0950637087225914
5.578604221343994,1.5052297611507142,1.509689450263977,-0.269398033618927,0.1112993061542511
5.581685304641724,1.5049140824072538,1.5093079805374146,-0.18077363073825836,0.08993667364120483
5.584758043289185,1.5045994914580834,1.508926510810852,-0.2069581151008606,0.10617227107286453
5.5878283977508545,1.5042853780166248,1.5085450410842896,-0.05891508236527443,0.1112993061542511
5.590894937515259,1.5039718888919207,1.508163571357727,-0.17070268094539642,0.12027160823345184
5.593964099884033,1.5036583670350379,1.5077821016311646,-0.2724193036556244,0.07541008293628693
5.597042083740234,1.5033441817057482,1.5077821016311646,-0.1596246212720871,0.11642633378505707
5.6001129150390625,1.5030309648175635,1.507400631904602,-0.04582284390926361,0.08352788537740707
5.603179693222046,1.5027184000960412,1.5070191621780396,-0.12236209958791733,0.08053711801767349
5.606250286102295,1.5024056867928954,1.506637692451477,-0.16365301609039307,0.17026016116142273
5.609318733215332,1.5020934332876896,1.5062562227249146,-0.18278782069683075,0.10531777143478394
5.6123857498168945,1.501781567532309,1.505874752998352,-0.027695124968886375,0.1117265596985817
5.615452766418457,1.5014699450558757,1.505874752998352,-0.05891508236527443,0.12326237559318542
5.618520975112915,1.501158446036382,1.505111813545227,-0.24724192917346954,0.08865492045879364
5.621607065200806,1.5008453795524546,1.505111813545227,-0.13344015181064606,0.12967117130756378
5.624691963195801,1.5005326836889459,1.5047303438186646,-0.2845044732093811,0.1104447990655899
5.627770185470581,1.5002209145009904,1.504348874092102,-0.1445181965827942,0.14505226910114288
5.630853891372681,1.4999088414885187,1.5039674043655396,-0.19688716530799866,0.18564125895500183
5.633925199508667,1.4995982745770442,1.5035858154296875,-0.23515678942203522,0.11770809441804886
5.636995077133179,1.4992881042316228,1.5035858154296875,-0.22911421954631805,0.08908216655254364
5.640060663223267,1.4989786199678794,1.503204345703125,-0.13646143674850464,0.13907071948051453
5.643127918243408,1.4986692208768986,1.5028228759765625,-0.35902953147888184,0.0942092016339302
5.646194696426392,1.4983601247022726,1.50244140625,-0.032730601727962494,0.11984435468912125
5.649261236190796,1.498051308472562,1.5020599365234375,-0.4426184594631195,0.1104447990655899
5.652327537536621,1.4977427732743995,1.5020599365234375,-0.1253833770751953,0.15188831090927124
5.655394554138184,1.4974344243535553,1.501678466796875,-0.05690089240670204,0.05575646460056305
5.658461332321167,1.497126358794719,1.5012969970703125,-0.27745479345321655,0.0480659194290638
5.66153359413147,1.4968180036175174,1.50091552734375,0.06999313086271286,0.08352788537740707
5.6646037101745605,1.4965101261376634,1.5005340576171875,-0.12236209958791733,0.17795071005821228
5.667670249938965,1.4962028702201884,1.5005340576171875,-0.29356831312179565,0.08352788537740707
5.670736789703369,1.495895878216473,1.500152587890625,-0.1767452508211136,0.05233844369649887
5.673805475234985,1.495588936731481,1.4997711181640625,-0.20897230505943298,0.06942854821681976
5.676882743835449,1.495281404421692,1.4993896484375,-0.15559624135494232,0.01516746822744608
5.6799516677856445,1.4949749741628333,1.4993896484375,-0.021652551367878914,0.04251163452863693
5.68302321434021,1.4946685512734146,1.4990081787109375,-0.2220645397901535,0.05746547505259514
5.686089754104614,1.4943628976994652,1.498626708984375,-0.2240787297487259,0.056183718144893646
5.6891560554504395,1.494057538602496,1.4982452392578125,-0.13344015181064606,0.05062943324446678
5.692225217819214,1.4937521668059568,1.49786376953125,-0.32176700234413147,0.09036392718553543
5.695301532745361,1.4934463577895307,1.49786376953125,-0.0951705202460289,0.10788128525018692
5.6983747482299805,1.4931411323615387,1.4974822998046875,-0.15559624135494232,0.013885710388422012
5.7014479637146,1.492836183413605,1.497100830078125,-0.029709314927458763,0.048493172973394394
5.70451545715332,1.4925320790942185,1.4967193603515625,-0.14048981666564941,0.0792553573846817
5.707586288452148,1.4922279220347605,1.4967193603515625,0.016617074608802795,0.059601739048957825
5.7106592655181885,1.4919238321873856,1.496337890625,-0.10725566744804382,0.045075152069330215
5.713727235794067,1.491620518080826,1.495956301689148,-0.16667430102825165,0.05062943324446678
5.71679425239563,1.4913175793153464,1.4955748319625854,-0.18681620061397552,0.09976348280906677
5.719860792160034,1.491014969720425,1.495193362236023,-0.21702906489372253,0.12198062241077423
5.722929000854492,1.4907124788384365,1.4948118925094604,-0.10222018510103226,0.08224612474441528
5.726006984710693,1.4904093102040732,1.494430422782898,-0.2724193036556244,0.13180743157863617
5.729083776473999,1.4901065463749257,1.494430422782898,-0.24422064423561096,0.07071030884981155
5.732157230377197,1.48980439899473,1.4940489530563354,-0.2371709793806076,0.02883955091238022
5.73522424697876,1.489503172515772,1.493667483329773,-0.06898603588342667,0.10745403170585632
5.738290548324585,1.4892023050600465,1.4932860136032104,-0.08610665798187256,0.08224612474441528
5.74135684967041,1.4889017274620235,1.492904543876648,-0.024673838168382645,0.07113756239414215
5.7444236278533936,1.4886013941628418,1.4925230741500854,-0.20393683016300201,0.12155336886644363
5.747489929199219,1.4883013996717414,1.4925230741500854,-0.02870221994817257,0.095918208360672
5.7505574226379395,1.4880015819239745,1.492141604423523,-0.2230716347694397,0.10446326434612274
5.753600120544434,1.4877044786779268,1.4917601346969604,-0.11329823732376099,0.10019073635339737
5.756667375564575,1.4874052719813313,1.491378664970398,-0.21803615987300873,0.10873579233884811
5.7597339153289795,1.4871064316656109,1.4909971952438354,-0.1757381558418274,0.1283894032239914
5.762807607650757,1.4868071930458535,1.490615725517273,-0.3620508015155792,0.12198062241077423
5.765879154205322,1.486508463202152,1.490615725517273,-0.1414969116449356,0.07797360420227051
5.768946647644043,1.4862104278406976,1.4902342557907104,-0.0317235067486763,0.09805447608232498
5.772012948989868,1.4859128093235274,1.489852786064148,-0.06697184592485428,0.12240787595510483
5.7750818729400635,1.4856152387092956,1.4894713163375854,-0.07704280316829681,0.08139162510633469
5.77815842628479,1.4853172331551852,1.489089846611023,-0.08107118308544159,0.16086061298847198
5.7812275886535645,1.4850202487291817,1.4887083768844604,-0.2049439251422882,0.08908216655254364
5.784295082092285,1.484723731496785,1.4887083768844604,-0.143511101603508,0.11386281996965408
5.78736138343811,1.4844276360381476,1.488326907157898,-0.2230716347694397,0.10403601080179214
5.790428638458252,1.484131756212685,1.487945318222046,-0.1425040066242218,0.08096437156200409
5.793497323989868,1.48383604748139,1.4875638484954834,-0.20292973518371582,0.0625925064086914
5.796574115753174,1.4835398690964128,1.4875638484954834,-0.23012131452560425,0.08609139919281006
5.799600839614868,1.4832488157538495,1.487182378768921,-0.0629434660077095,0.05874723568558693
5.802671432495117,1.4829538545150833,1.487182378768921,-0.032730601727962494,0.09292744100093842
5.805740118026733,1.4826593901314575,1.4868009090423584,-0.022659648209810257,0.05703822523355484
5.808809280395508,1.4823651946976408,1.486419439315796,-0.20997940003871918,0.0318303182721138
5.811875820159912,1.482071566073811,1.4860379695892334,-0.15056076645851135,0.018158236518502235
5.814943552017212,1.481778139863901,1.4860379695892334,-0.21702906489372253,0.056183718144893646
5.818015098571777,1.4814846670856663,1.485656499862671,-0.12336919456720352,0.0472114123404026
5.8210837841033936,1.4811917868138085,1.4852750301361084,-0.21904325485229492,0.04122987762093544
5.824162483215332,1.4808982724880662,1.4852750301361084,-0.09819180518388748,0.05233844369649887
5.8272411823272705,1.4806050814416847,1.484893560409546,-0.11531242728233337,0.045075152069330215
5.830317497253418,1.4803124414458424,1.4845120906829834,-0.13444724678993225,0.009185931645333767
5.833386182785034,1.4800208509686776,1.4845120906829834,-0.17775234580039978,0.022858014330267906
5.8364551067352295,1.4797295623162512,1.484130620956421,-0.13646143674850464,0.014312963001430035
5.8395326137542725,1.479437785940339,1.4837491512298584,-0.18178072571754456,0.02200350910425186
5.842603445053101,1.4791469699059752,1.483367681503296,-0.13545434176921844,-0.05575646460056305
5.845670461654663,1.478856842671041,1.483367681503296,-0.1606317162513733,-0.010467689484357834
5.8487372398376465,1.4785670663627735,1.4829862117767334,-0.15458914637565613,0.02371251955628395
5.851803779602051,1.478277641980403,1.4829862117767334,-0.20393683016300201,-0.0010681315325200558
5.854870080947876,1.4779885705214406,1.482604742050171,-0.19789426028728485,-0.0314030684530735
5.857936382293701,1.4776998305437714,1.4822232723236084,-0.10121309012174606,-0.04464789852499962
5.8610029220581055,1.4774114007071486,1.481841802597046,0.038773175328969955,-0.011322194710373878
5.864069938659668,1.4771232597740322,1.481841802597046,-0.05085831880569458,-0.019439993426203728
5.867136478424072,1.4768354984101553,1.4814603328704834,-0.08711375296115875,-0.02243076264858246
5.8702027797698975,1.476548095193604,1.481078863143921,-0.04582284390926361,-0.027557794004678726
5.873269319534302,1.4762610064975945,1.4806973934173584,-0.08610665798187256,0.032684825360774994
5.876338243484497,1.475974032935482,1.4806973934173584,-0.3449302017688751,-0.07327382266521454
5.879415512084961,1.4756866199953274,1.4803158044815063,-0.2220645397901535,0.03610284626483917
5.88248872756958,1.4753999273966854,1.4799343347549438,-0.15358205139636993,0.00021362630650401115
5.885558366775513,1.475113910451786,1.4799343347549438,-0.11531242728233337,-0.018158236518502235
5.888603448867798,1.4748305204327394,1.4795528650283813,-0.10222018510103226,0.027557794004678726
5.8916730880737305,1.4745451875884041,1.4791713953018188,-0.15257495641708374,0.008758679032325745
5.894742250442505,1.4742602439996664,1.4787899255752563,-0.1576104313135147,0.007049668114632368
5.89781928062439,1.4739749172539307,1.4787899255752563,-0.27443352341651917,0.0061951628886163235
5.900890350341797,1.4736904910038995,1.4784084558486938,-0.3348592221736908,-0.05661097168922424
5.903959274291992,1.4734066116345659,1.4780269861221313,-0.23112840950489044,0.0023498893715441227
5.9070258140563965,1.4731233014836589,1.4776455163955688,-0.1747310608625412,-0.0049134050495922565
5.9100940227508545,1.4728401870247534,1.4772640466690063,-0.2542915940284729,0.02243076264858246
5.913160562515259,1.472557577304941,1.4772640466690063,-0.17875944077968597,0.07412832975387573
5.9162278175354,1.4722752534858579,1.4765011072158813,-0.28047609329223633,0.07498283684253693
5.9192986488342285,1.4719929540156402,1.4765011072158813,-0.1112840473651886,0.061310749500989914
5.922368049621582,1.471711140585364,1.4761196374893188,-0.24220645427703857,0.049774929881095886
5.925446033477783,1.471428896103916,1.4757381677627563,-0.04280155524611473,0.063019759953022
5.928526163101196,1.4711468137818275,1.4753566980361938,-0.143511101603508,0.09976348280906677
5.9316020011901855,1.4708654838342856,1.4753566980361938,-0.07603570818901062,0.12027160823345184
5.934674263000488,1.4705848405118593,1.4749752283096313,-0.08610665798187256,0.10531777143478394
5.937744379043579,1.470304753181798,1.4742122888565063,-0.2563057839870453,0.1283894032239914
5.940809965133667,1.4700254392201118,1.4742122888565063,-0.3036392629146576,0.095490962266922
5.943876504898071,1.4697463994058106,1.4738308191299438,-0.054886702448129654,0.13821622729301453
5.946943998336792,1.469467635112185,1.4734493494033813,-0.12034790217876434,0.11728084087371826
5.950010538101196,1.4691893207080013,1.4730678796768188,-0.26134127378463745,0.1108720526099205
5.953077077865601,1.4689113705031496,1.4726864099502563,-0.2361638844013214,0.1112993061542511
5.956143856048584,1.4686337639619336,1.4723048210144043,-0.08308537304401398,0.14077973365783691
5.959216594696045,1.4683559852640629,1.4719233512878418,-0.3348592221736908,0.11984435468912125
5.962285995483398,1.4680788764905421,1.4715418815612793,0.002517738612368703,0.1266804039478302
5.965353012084961,1.4678023515431118,1.4715418815612793,-0.16566720604896545,0.16470588743686676
5.968419790267944,1.4675262175118209,1.4711604118347168,-0.21300068497657776,0.1424887478351593
5.971486330032349,1.4672504753356783,1.4707789421081543,-0.2240787297487259,0.1574425846338272
5.974554777145386,1.466974933395344,1.4703974723815918,-0.16768139600753784,0.14035248756408691
5.977604866027832,1.466701409538281,1.4703974723815918,-0.0005035477224737406,0.1766689568758011
5.980684280395508,1.4664256306376435,1.4700160026550293,-0.15559624135494232,0.126253142952919
5.98375129699707,1.4661513373582502,1.4696345329284668,-0.04481574892997742,0.16385138034820557
5.986818075180054,1.46587744095196,1.4692530632019043,-0.024673838168382645,0.1420614868402481
5.989884614944458,1.4656039423480447,1.4688715934753418,-0.21300068497657776,0.11258106678724289
5.9929540157318115,1.4653305666137106,1.4688715934753418,-0.25932708382606506,0.20187686383724213
5.996033430099487,1.4650566801115104,1.4684901237487793,-0.07704280316829681,0.13095292448997498
5.999105215072632,1.4647838534890725,1.4681086540222168,-0.2371709793806076,0.0963454619050026
6.002173900604248,1.4645116834287664,1.4681086540222168,-0.173723965883255,0.1266804039478302
6.005240440368652,1.4642400853803224,1.4677271842956543,-0.22508582472801208,0.1766689568758011
6.008307218551636,1.4639688488331661,1.4673457145690918,0.0790569931268692,0.19375905394554138
6.011372804641724,1.4636981011346204,1.4669642448425293,0.022659648209810257,0.10574502497911453
6.014439582824707,1.4634276327225295,1.4665827751159668,-0.29759669303894043,0.15274280309677124
6.0175087451934814,1.463157340141086,1.4665827751159668,-0.20393683016300201,0.15402457118034363
6.020580768585205,1.462887183393386,1.4662013053894043,-0.19386588037014008,0.08950942009687424
6.023661136627197,1.462616683379168,1.4662013053894043,-0.14955367147922516,0.12155336886644363
6.026739120483398,1.462346784387219,1.4658198356628418,-0.09718471020460129,0.08395513892173767
6.029815673828125,1.4620774030737334,1.4658198356628418,0.1112840473651886,0.16342411935329437
6.032886028289795,1.4618089564997783,1.4654383659362793,-0.10322728008031845,0.11728084087371826
6.035952806472778,1.4615412144934516,1.4650568962097168,-0.1908445805311203,0.1271076500415802
6.039021015167236,1.461273740526023,1.4650568962097168,-0.006546120624989271,0.05575646460056305
6.0420873165130615,1.4610068264797567,1.4646753072738647,0.06999313086271286,0.0643015205860138
6.045153856277466,1.4607402862405883,1.4642938375473022,-0.2885328531265259,0.03439383581280708
6.048220872879028,1.4604741002132569,1.4639123678207397,-0.2824902832508087,0.04592965543270111
6.051286935806274,1.4602083934473158,1.4639123678207397,-0.1263904720544815,0.03781185671687126
6.0543532371521,1.459943063482926,1.4635308980941772,-0.11531242728233337,0.03781185671687126
6.057420015335083,1.459678090813699,1.4635308980941772,-0.014602883718907833,0.10702677816152573
6.060486793518066,1.4594135177155843,1.4631494283676147,-0.143511101603508,0.06857404112815857
6.063555955886841,1.4591491399530407,1.4627679586410522,-0.07402151823043823,0.05874723568558693
6.066606521606445,1.4588867626165043,1.4627679586410522,0.0015106431674212217,0.08480964601039886
6.069676399230957,1.4586231263313132,1.4623864889144897,0.05992217734456062,0.07498283684253693
6.0727434158325195,1.4583601394851424,1.4620050191879272,-0.21400777995586395,0.10189975053071976
6.075820446014404,1.4580967005184453,1.4616235494613647,-0.23012131452560425,0.009185931645333767
6.078897476196289,1.4578336697098118,1.4616235494613647,-0.1747310608625412,0.04165713116526604
6.081973314285278,1.457571149707085,1.4612420797348022,-0.13243305683135986,0.01602197252213955
6.085046768188477,1.457309242520636,1.4608606100082397,-0.21199358999729156,0.06472877413034439
6.08811354637146,1.4570483130221856,1.4608606100082397,-0.12034790217876434,0.053192950785160065
6.091179609298706,1.4567878535717589,1.4604791402816772,0.12336919456720352,0.02371251955628395
6.094248533248901,1.456527561765545,1.4604791402816772,-0.10926985740661621,0.07241931557655334
6.097325801849365,1.4562669757319275,1.4600976705551147,-0.08812084794044495,0.05703822523355484
6.1003992557525635,1.4560071270202664,1.4597162008285522,-0.2240787297487259,0.05703822523355484
6.103466033935547,1.4557482563654927,1.4597162008285522,-0.06697184592485428,0.05276569724082947
6.106534957885742,1.4554896191813393,1.4593347311019897,-0.11329823732376099,-0.011322194710373878
6.1096031665802,1.4552314578348107,1.4589532613754272,-0.3338521420955658,0.08267337828874588
6.112673044204712,1.4549735728730069,1.4585717916488647,-0.1414969116449356,0.045075152069330215
6.115739583969116,1.4547163855087322,1.4585717916488647,-0.3670862913131714,0.013885710388422012
6.118805646896362,1.4544596559676577,1.4581903219223022,-0.20997940003871918,0.013031205162405968
6.121874094009399,1.4542031460329599,1.4578088521957397,-0.11631952226161957,0.06216525658965111
6.124953031539917,1.4539461816571364,1.4578088521957397,-0.18681620061397552,0.07455558329820633
6.128031492233276,1.4536896811765012,1.4574273824691772,-0.1253833770751953,0.016449226066470146
6.13110876083374,1.4534337048010912,1.4570459127426147,-0.01762416958808899,0.010467689484357834
6.134177207946777,1.4531788860474804,1.4566643238067627,-0.20393683016300201,0.02713054046034813
6.1372435092926025,1.4529246692076643,1.4566643238067627,-0.1576104313135147,0.08438239246606827
6.140310287475586,1.4526708374484332,1.4562828540802002,-0.21904325485229492,0.13522544503211975
6.143377065658569,1.4524174312782094,1.4562828540802002,-0.015609979629516602,0.08438239246606827
6.1464433670043945,1.4521644909391553,1.4559013843536377,-0.27443352341651917,0.10189975053071976
6.149510860443115,1.4519118798494228,1.4555199146270752,-0.15056076645851135,0.0788281038403511
6.152583599090576,1.451659266518976,1.4551384449005127,-0.0639505609869957,0.07199206203222275
6.155673265457153,1.4514056961270143,1.4551384449005127,-0.2986038029193878,0.08950942009687424
6.158740043640137,1.451154436069003,1.4547569751739502,0.01762416958808899,0.10702677816152573
6.161806344985962,1.450903646196875,1.4543755054473877,-0.10826276242733002,0.09164568781852722
6.1648736000061035,1.4506532105424994,1.4543755054473877,0.18178072571754456,0.08780041337013245
6.167940616607666,1.4504032275191532,1.4539940357208252,-0.24321354925632477,0.04422064498066902
6.17100977897644,1.4501535041329428,1.4536125659942627,-0.004531929735094309,0.04080262407660484
6.174081563949585,1.4499040035288264,1.4532310962677002,-0.2563057839870453,0.08480964601039886
6.177157878875732,1.4496545732416506,1.4528496265411377,-0.2502632141113281,0.01345845777541399
6.18022894859314,1.449406006625764,1.4528496265411377,-0.10322728008031845,0.10659952461719513
6.183297157287598,1.4491581098994293,1.4524681568145752,-0.2875257432460785,0.06857404112815857
6.186363697052002,1.4489107866974593,1.4520866870880127,-0.022659648209810257,0.10104524344205856
6.189435243606567,1.448663500245934,1.4520866870880127,-0.13545434176921844,0.07370107620954514
6.192504405975342,1.4484168470667533,1.4517052173614502,-0.16768139600753784,0.08737315982580185
6.195584535598755,1.4481697569483936,1.4517052173614502,-0.011581597849726677,0.063019759953022
6.198678255081177,1.447922025761727,1.4513237476348877,0.07704280316829681,0.005767910275608301
6.201748609542847,1.4476766114848452,1.4513237476348877,0.0629434660077095,0.04464789852499962
6.2048163414001465,1.4474318514319633,1.4509422779083252,0.04179446026682854,0.08267337828874588
6.207882404327393,1.4471876694899157,1.4505608081817627,-0.019638361409306526,0.09036392718553543
6.210950613021851,1.4469437628667183,1.4505608081817627,0.019638361409306526,0.006622415501624346
6.214018106460571,1.4467003602167468,1.4501793384552002,-0.04078736528754234,0.039093613624572754
6.217085361480713,1.4464574243990513,1.4501793384552002,-0.02668802998960018,0.057892728596925735
6.220151901245117,1.446214993873626,1.4497978687286377,-0.024673838168382645,0.040375370532274246
6.223222017288208,1.4459727308959853,1.4494163990020752,0.03373769670724869,0.020294498652219772
6.226299524307251,1.4457303377684934,1.4494163990020752,-0.05387960746884346,0.002777141984552145
6.229376792907715,1.4454884178893237,1.4490348100662231,-0.21702906489372253,0.07412832975387573
6.232450723648071,1.4452472150321594,1.4486533403396606,-0.15056076645851135,0.019439993426203728
6.235522747039795,1.445006616684634,1.4486533403396606,-0.15257495641708374,0.01516746822744608
6.238607883453369,1.444765449859249,1.4482718706130981,-0.3449302017688751,-0.033966582268476486
6.241677522659302,1.4445259513991224,1.4482718706130981,-0.20192264020442963,0.004058899823576212
6.244743824005127,1.4442871693013948,1.4478904008865356,-0.006546120624989271,-0.029694056138396263
6.247811555862427,1.4440487327006437,1.4478904008865356,0.007553216069936752,0.026276035234332085
6.250886917114258,1.4438101627100814,1.4475089311599731,-0.09919890016317368,0.006622415501624346
6.253953695297241,1.4435727176772644,1.4475089311599731,-0.2069581151008606,-0.07370107620954514
6.257020473480225,1.443335732014725,1.4471274614334106,-0.05387960746884346,-0.009185931645333767
6.260087490081787,1.4430991882322608,1.4471274614334106,0.11229114234447479,0.0117494473233819
6.2631542682647705,1.4428631239842316,1.4467459917068481,-0.11934080719947815,-0.05575646460056305
6.266221046447754,1.4426275217411977,1.4463645219802856,-0.1284046620130539,-0.07455558329820633
6.269294738769531,1.442391852773178,1.4463645219802856,-0.11531242728233337,0.005767910275608301
6.2723610401153564,1.4421572146615325,1.4459830522537231,-0.2563057839870453,-0.0318303182721138
6.275429725646973,1.4419228591319688,1.4459830522537231,-0.24522773921489716,-0.011322194710373878
6.278509616851807,1.4416881164575466,1.4456015825271606,-0.17775234580039978,-0.095490962266922
6.281585216522217,1.4414541702561092,1.4452201128005981,-0.11833371222019196,-0.01901274174451828
6.284659385681152,1.4412208024671966,1.4452201128005981,0.0790569931268692,-0.005340657662600279
6.287725448608398,1.4409885185447449,1.4448386430740356,-0.21501487493515015,-0.11984435468912125
6.290791749954224,1.4407566853611486,1.4448386430740356,-0.04179446026682854,-0.019439993426203728
6.293860912322998,1.4405251062027364,1.4448386430740356,0.06697184592485428,-0.0634470134973526
6.296938180923462,1.440293388688698,1.4444571733474731,-0.16667430102825165,-0.024994278326630592
6.300013303756714,1.4400623070316174,1.4440757036209106,-0.16163882613182068,-0.05233844369649887
6.303086042404175,1.4398318789616344,1.4436942338943481,-0.2573128938674927,-0.02243076264858246
6.30615496635437,1.4396022111766953,1.4436942338943481,-0.2240787297487259,-0.013885710388422012
6.309226036071777,1.439372858084558,1.4433127641677856,-0.23213550448417664,-0.06216525658965111
6.312292575836182,1.439144318538407,1.4433127641677856,-0.21300068497657776,0.02713054046034813
6.315359592437744,1.4389162193050207,1.4429312944412231,-0.07402151823043823,-0.01901274174451828
6.3184263706207275,1.4386886144815672,1.4425498247146606,-0.03776608034968376,0.0010681315325200558
6.3214943408966064,1.4384613989689217,1.4425498247146606,-0.17775234580039978,-0.0476386658847332
6.324576139450073,1.4382336412899488,1.4421683549880981,-0.23515678942203522,-0.01345845777541399
6.327667713165283,1.4380056473913936,1.4421683549880981,-0.13746853172779083,-0.014312963001430035
6.330744504928589,1.4377792279556465,1.4417868852615356,-0.19990845024585724,0.016449226066470146
6.333813428878784,1.4375538696791967,1.4414052963256836,-0.24422064423561096,-0.09378194808959961
6.336884498596191,1.4373288367328363,1.4414052963256836,-0.19487297534942627,0.032684825360774994
6.339951753616333,1.4371045663124722,1.441023826599121,-0.15660333633422852,0.016449226066470146
6.3430187702178955,1.4368807968051314,1.4406423568725586,-0.07301442325115204,0.020294498652219772
6.3460853099823,1.4366575462674835,1.4406423568725586,-0.27946898341178894,0.04251163452863693
6.349152565002441,1.4364347287983272,1.440260887145996,-0.3187457025051117,0.019439993426203728
6.352223634719849,1.4362121211466647,1.4398794174194336,-0.25932708382606506,0.035675592720508575
6.355290174484253,1.4359903288338431,1.4398794174194336,-0.15559624135494232,-0.011322194710373878
6.3583574295043945,1.435768972407493,1.439497947692871,-0.09919890016317368,0.03823911026120186
6.361424922943115,1.435548087329441,1.4391164779663086,-0.1425040066242218,0.0318303182721138
6.364492893218994,1.4353276574231917,1.4391164779663086,-0.15559624135494232,0.02713054046034813
6.3675620555877686,1.4351076325176184,1.438735008239746,-0.1757381558418274,0.08480964601039886
6.3706066608428955,1.4348898537631647,1.4383535385131836,-0.14653238654136658,0.08224612474441528
6.373678684234619,1.4346706048999984,1.4383535385131836,-0.26335546374320984,0.08480964601039886
6.376745939254761,1.4344521893126436,1.437972068786621,-0.17875944077968597,0.06686503440141678
6.379812955856323,1.4342342840333906,1.4375905990600586,-0.43859007954597473,0.04934767633676529
6.382880687713623,1.4340168222302534,1.4375905990600586,-0.1606317162513733,0.05191119387745857
6.385947227478027,1.433799939801203,1.437209129333496,-0.15257495641708374,0.029694056138396263
6.3890180587768555,1.433583250472087,1.4368276596069336,-0.32378119230270386,0.08780041337013245
6.392085075378418,1.4333673271690328,1.4368276596069336,-0.0941634252667427,0.07541008293628693
6.395153999328613,1.4331517673896756,1.436446189880371,0.05387960746884346,0.05917448550462723
6.398231506347656,1.4329361055950884,1.4360647201538086,-0.143511101603508,0.08865492045879364
6.401300430297852,1.4327215455344948,1.435683250427246,-0.0941634252667427,0.061310749500989914
6.404367685317993,1.4325076021069503,1.4353017807006836,-0.0790569931268692,0.08694590628147125
6.407434463500977,1.432294192433028,1.4353017807006836,-0.10624857246875763,0.15402457118034363
6.410503625869751,1.4320811186816464,1.434920310974121,-0.269398033618927,0.0784008577466011
6.4135730266571045,1.4318685312563093,1.434920310974121,-0.24119935929775238,0.08651865273714066
6.4166035652160645,1.4316591295975176,1.4345388412475586,-0.21300068497657776,0.019867246970534325
6.419683456420898,1.4314468216661778,1.434157371520996,-0.09919890016317368,0.1604333519935608
6.422723054885864,1.4312377900311977,1.434157371520996,-0.05387960746884346,0.09719996899366379
6.425800561904907,1.431026657024956,1.4337759017944336,-0.15056076645851135,0.17154192924499512
6.428876876831055,1.4308161150063825,1.4333943128585815,-0.2502632141113281,0.06558327376842499
6.43194580078125,1.4306065868791116,1.4333943128585815,-0.14653238654136658,0.14975203573703766
6.43501353263855,1.4303976480686642,1.433012843132019,-0.08409246802330017,0.10745403170585632
6.438080072402954,1.4301892987588463,1.4326313734054565,-0.2734264135360718,0.05276569724082947
6.4411468505859375,1.4299814422932757,1.4326313734054565,-0.035751886665821075,0.0792553573846817
6.4442138671875,1.4297740795625395,1.432249903678894,-0.3761501610279083,0.09036392718553543
6.447281122207642,1.4295672114557003,1.432249903678894,-0.17775234580039978,0.06173800304532051
6.450348854064941,1.4293608228400436,1.4318684339523315,-0.12336919456720352,0.08694590628147125
6.453415632247925,1.4291550106035078,1.4318684339523315,-0.07502861320972443,0.11215381324291229
6.456485033035278,1.4289495359248283,1.431486964225769,-0.3771572411060333,0.1570153385400772
6.459557771682739,1.428744353184911,1.4311054944992065,-0.08207827806472778,0.14804303646087646
6.46260666847229,1.4285412729223514,1.4311054944992065,-0.04078736528754234,0.10617227107286453
6.465681791305542,1.4283369615838133,1.430724024772644,-0.270405113697052,0.06771954149007797
6.46875,1.428133626624356,1.430724024772644,-0.08812084794044495,0.01730373129248619
6.4718177318573,1.4279308403227258,1.430724024772644,-0.04582284390926361,0.09976348280906677
6.4748852252960205,1.4277285874912597,1.4303425550460815,-0.1284046620130539,0.07498283684253693
6.47795295715332,1.4275268374415053,1.429961085319519,-0.018631266430020332,0.0318303182721138
6.481019735336304,1.4273256691395066,1.429961085319519,-0.30565345287323,0.07797360420227051
6.484086513519287,1.4271250205329915,1.429961085319519,-0.1253833770751953,0.07626459002494812
6.487153053283691,1.4269249079051556,1.4295796155929565,-0.04179446026682854,0.0476386658847332
6.490220308303833,1.4267252698868695,1.429198145866394,-0.12336919456720352,0.0946364551782608
6.4932897090911865,1.4265260148425545,1.429198145866394,-0.002517738612368703,0.06686503440141678
6.496366739273071,1.426326790037134,1.4288166761398315,-0.22710002958774567,0.0643015205860138
6.499435663223267,1.4261286149048136,1.4288166761398315,-0.12034790217876434,0.05404745414853096
6.502502202987671,1.42593111799298,1.4288166761398315,-0.20091554522514343,0.030548561364412308
6.505571603775024,1.4257339623470302,1.428435206413269,-0.10725566744804382,0.0476386658847332
6.508602857589722,1.4255397737082656,1.4280537366867065,-0.16365301609039307,0.013885710388422012
6.511669635772705,1.4253438325829868,1.4280537366867065,-0.17775234580039978,0.004486152436584234
6.514736175537109,1.425148433683187,1.4280537366867065,-0.11833371222019196,-0.0019226367585361004
6.517805576324463,1.4249533809163923,1.427672266960144,-0.02064545638859272,0.0792553573846817
6.520889043807983,1.4247579673002044,1.427672266960144,-0.13746853172779083,0.05703822523355484
6.523963212966919,1.424563675548731,1.4272907972335815,-0.032730601727962494,0.01345845777541399
6.527041673660278,1.4243696461904662,1.4272907972335815,-0.22005034983158112,0.05105668678879738
6.530117988586426,1.4241762862385348,1.426909327507019,-0.12034790217876434,-0.023285267874598503
6.533187389373779,1.4239838937680553,1.426909327507019,0.018631266430020332,0.05404745414853096
6.5362548828125,1.423792153368765,1.4265278577804565,-0.19789426028728485,0.06216525658965111
6.539321422576904,1.4236010053963093,1.426146388053894,-0.3791714310646057,0.012176699936389923
6.542387962341309,1.4234103908660423,1.4265278577804565,-0.018631266430020332,-0.0010681315325200558
6.545461416244507,1.4232198825147178,1.426146388053894,-0.24321354925632477,0.02371251955628395
6.548532962799072,1.423030029162094,1.425764799118042,-0.27544060349464417,0.013885710388422012
6.551600217819214,1.4228409772569597,1.425764799118042,-0.046829938888549805,0.03610284626483917
6.554667234420776,1.4226524764982313,1.425764799118042,-0.07100022584199905,0.024567024782299995
6.557733774185181,1.4224645420514488,1.4253833293914795,-0.05387960746884346,0.043793391436338425
6.560800075531006,1.422277159814765,1.425001859664917,-0.15660333633422852,0.05191119387745857
6.563868045806885,1.42209021430227,1.425001859664917,-0.009567406959831715,0.04934767633676529
6.566934585571289,1.4219038951339051,1.425001859664917,0.007553216069936752,0.02713054046034813
6.57000207901001,1.4217180580159194,1.4246203899383545,-0.17976653575897217,0.002777141984552145
6.573068618774414,1.4215328191905638,1.424238920211792,-0.13746853172779083,0.021149003878235817
6.5761353969573975,1.4213481071464704,1.424238920211792,-0.19588007032871246,0.08865492045879364
6.579201936721802,1.421163951289259,1.4238574504852295,-0.24321354925632477,-0.02072175219655037
6.582268953323364,1.4209803094125248,1.4238574504852295,0.07502861320972443,-0.008758679032325745
6.5853354930877686,1.420797239300579,1.423475980758667,-0.07704280316829681,0.06088349595665932
6.588404417037964,1.4206145713400709,1.423475980758667,-0.2724193036556244,0.033966582268476486
6.591473340988159,1.4204324487556954,1.4230945110321045,-0.16667430102825165,-0.009185931645333767
6.59454607963562,1.4202506468636011,1.4230945110321045,-0.18480201065540314,-0.019867246970534325
6.597601890563965,1.4200703900854883,1.422713041305542,-0.16163882613182068,-0.007049668114632368
6.600673198699951,1.4198897660233438,1.422713041305542,-0.07301442325115204,0.0318303182721138
6.6037437915802,1.4197097327566999,1.422713041305542,-0.1263904720544815,0.026276035234332085
6.606812953948975,1.4195303323165551,1.4223315715789795,-0.16163882613182068,0.013885710388422012
6.609882593154907,1.419351453625059,1.4223315715789795,0.004531929735094309,0.06045624613761902
6.61294960975647,1.419173277385777,1.421950101852417,-0.11329823732376099,0.029266804456710815
6.616018295288086,1.4189955546910966,1.421950101852417,-0.13444724678993225,-0.0322575718164444
6.619096040725708,1.4188178610474753,1.4215686321258545,-0.11833371222019196,0.03353932872414589
6.622176647186279,1.4186405582322688,1.4215686321258545,-0.14653238654136658,-0.04635690897703171
6.625254392623901,1.4184639762380005,1.4215686321258545,0.13344015181064606,-0.046784162521362305
6.628339052200317,1.4182875559888966,1.421187162399292,-0.13948272168636322,0.035675592720508575
6.631416320800781,1.4181121161640786,1.4208056926727295,-0.032730601727962494,-0.019439993426203728
6.634485244750977,1.4179377075148945,1.4208056926727295,-0.25932708382606506,-0.001495384145528078
6.637554168701172,1.4177638541949373,1.4208056926727295,-0.21904325485229492,0.02883955091238022
6.640605926513672,1.4175915246481943,1.420424222946167,-0.269398033618927,0.013885710388422012
6.643675804138184,1.4174187272147039,1.420424222946167,-0.12135500460863113,-0.018585488200187683
6.646742343902588,1.4172466743588232,1.4200427532196045,-0.173723965883255,0.014312963001430035
6.649809122085571,1.417075165223206,1.4200427532196045,-0.04582284390926361,-0.037384603172540665
6.652878761291504,1.4169040546217788,1.419661283493042,-0.04179446026682854,0.056183718144893646
6.655947923660278,1.4167335299034836,1.4192798137664795,-0.2653696537017822,0.01773098297417164
6.65901517868042,1.4165636705303855,1.4192798137664795,-0.17875944077968597,0.02841229923069477
6.662081718444824,1.4163944103998576,1.4192798137664795,-0.04280155524611473,0.02883955091238022
6.665148496627808,1.4162256973710514,1.418898344039917,-0.14048981666564941,-0.04934767633676529
6.668215751647949,1.4160575191504252,1.418898344039917,-0.03978027030825615,0.045502401888370514
6.671282529830933,1.4158899286525657,1.4185168743133545,-0.15156786143779755,0.021576257422566414
6.674349546432495,1.4157228873477254,1.4185168743133545,0.1273975670337677,-0.02200350910425186
6.67741584777832,1.4155564476655407,1.418135404586792,-0.22609293460845947,0.043366141617298126
6.680484771728516,1.4153904295699873,1.418135404586792,-0.09718471020460129,0.08609139919281006
6.6835572719573975,1.4152247837985943,1.41775381565094,-0.27644771337509155,0.01602197252213955
6.686602830886841,1.4150611497973389,1.41775381565094,-0.16868849098682404,-0.0079041738063097
6.689671993255615,1.4148968115508467,1.41775381565094,-0.18178072571754456,-0.049774929881095886
6.6927409172058105,1.4147330527283313,1.4173723459243774,-0.27644771337509155,-0.0023498893715441227
6.695817470550537,1.4145694561610145,1.4173723459243774,-0.07100022584199905,0.019439993426203728
6.698888301849365,1.4144067329534915,1.416990876197815,0.13545434176921844,0.01773098297417164
6.7019617557525635,1.4142444406686843,1.416990876197815,0.02064545638859272,0.06002899259328842
6.705029249191284,1.4140830322064792,1.4166094064712524,-0.08308537304401398,0.016876477748155594
6.708096504211426,1.4139222053539622,1.4166094064712524,-0.12941177189350128,0.0634470134973526
6.711162567138672,1.413762010314475,1.41622793674469,-0.07301442325115204,0.08181887865066528
6.714230298995972,1.413602298333887,1.41622793674469,-0.1928587704896927,0.0049134050495922565
6.717299222946167,1.4134430956288682,1.4158464670181274,-0.16264592111110687,0.018585488200187683
6.720376491546631,1.4132840344157798,1.4158464670181274,0.19890135526657104,0.04592965543270111
6.723453521728516,1.4131255612101847,1.4158464670181274,-0.11732661724090576,0.095490962266922
6.726532220840454,1.412967578774291,1.415464997291565,-0.12135500460863113,0.019439993426203728
6.729605197906494,1.4128104658243634,1.4150835275650024,-0.1445181965827942,0.0006408789195120335
6.7326765060424805,1.4126540136445966,1.4150835275650024,-0.0951705202460289,-0.040375370532274246
6.735742568969727,1.412498403049361,1.4150835275650024,-0.10423437505960464,0.05020218342542648
6.73880934715271,1.4123433308351192,1.4150835275650024,0.02366674318909645,0.012603952549397945
6.741880655288696,1.4121886061634141,1.41470205783844,-0.02870221994817257,0.043793391436338425
6.74494743347168,1.4120346860235573,1.41470205783844,-0.18580910563468933,0.01345845777541399
6.748014450073242,1.4118813304556492,1.4143205881118774,-0.03978027030825615,0.004486152436584234
6.751080751419067,1.4117285875796728,1.4143205881118774,0.07402151823043823,-0.0318303182721138
6.754147291183472,1.4115764103223813,1.4143205881118774,0.10322728008031845,0.0061951628886163235
6.757213354110718,1.411424834675816,1.413939118385315,-0.0015106431674212217,-0.0006408789195120335
6.760279893875122,1.411273814056313,1.413939118385315,0.0961776152253151,0.014312963001430035
6.763346910476685,1.4111233492945863,1.4135576486587524,0.02568093314766884,-0.07455558329820633
6.766413688659668,1.4109734761065733,1.4135576486587524,-0.05589379742741585,0.05874723568558693
6.7694807052612305,1.4108241717458545,1.41317617893219,-0.19990845024585724,0.015594720840454102
6.772547245025635,1.4106754715181402,1.41317617893219,-0.054886702448129654,0.05233844369649887
6.775604248046875,1.4105278124557616,1.41317617893219,-0.05387960746884346,0.00961318425834179
6.778682708740234,1.4103797014131167,1.4127947092056274,-0.2583199739456177,0.004486152436584234
6.781753301620483,1.410232553720947,1.4127947092056274,0.002517738612368703,0.03866636008024216
6.784820079803467,1.4100861723597307,1.4127947092056274,-0.14048981666564941,-0.008758679032325745
6.787886142730713,1.4099404086400262,1.412413239479065,-0.2059510201215744,-0.05062943324446678
6.790952444076538,1.409795217628165,1.412413239479065,-0.2653696537017822,-0.037384603172540665
6.794021844863892,1.4096504653470712,1.412413239479065,-0.08812084794044495,-0.0006408789195120335
6.797098636627197,1.4095059529539855,1.4120317697525024,-0.2240787297487259,0.01602197252213955
6.800172567367554,1.4093621638086455,1.4120317697525024,0.038773175328969955,0.0036316472105681896
6.803239822387695,1.4092192741474132,1.4120317697525024,-0.09919890016317368,-0.021149003878235817
6.8063061237335205,1.409077015746712,1.41165030002594,-0.054886702448129654,-0.007049668114632368
6.809373378753662,1.408935300645147,1.41165030002594,-0.003524834057316184,0.0010681315325200558
6.812442064285278,1.4087941080235482,1.4112688302993774,-0.1253833770751953,0.032684825360774994
6.815510034561157,1.4086535373407156,1.4112688302993774,-0.15257495641708374,-0.025848783552646637
6.818582773208618,1.4085133390351752,1.4112688302993774,0.12236209958791733,0.02200350910425186
6.82167387008667,1.4083729002628491,1.410887360572815,-0.03474479168653488,-0.014740215614438057
6.82475209236145,1.40823364214793,1.410887360572815,-0.06495765596628189,0.022858014330267906
6.827830076217651,1.4080949897498658,1.410887360572815,0.06999313086271286,0.061310749500989914
6.830907106399536,1.4079569754611452,1.4105058908462524,-0.2724193036556244,-0.008758679032325745
6.833975553512573,1.407819939232794,1.4105058908462524,-0.10524147748947144,0.01345845777541399
6.837042570114136,1.4076835592410513,1.4101243019104004,-0.1586175262928009,-0.01730373129248619
6.8401103019714355,1.4075477403703514,1.4101243019104004,-0.2079652100801468,-0.04464789852499962
6.843177795410156,1.4074125254858263,1.4101243019104004,-0.1576104313135147,-0.03952086716890335
6.84624457359314,1.4072779358317886,1.409742832183838,-0.27745479345321655,0.0023498893715441227
6.849311590194702,1.4071439299163435,1.409742832183838,-0.13041886687278748,-0.03695734962821007
6.8523783683776855,1.4070105290713009,1.409742832183838,-0.03675898537039757,-0.05532921478152275
6.855445146560669,1.4068777233517498,1.4093613624572754,-0.07804989814758301,-0.011322194710373878
6.858516454696655,1.4067453184034002,1.4093613624572754,-0.04179446026682854,0.024567024782299995
6.861586332321167,1.4066135725796356,1.4093613624572754,-0.00553902518004179,0.01516746822744608
6.864658355712891,1.4064823331017973,1.408979892730713,0.06797894090414047,-0.00747692072764039
6.867725133895874,1.4063519153007928,1.408979892730713,-0.02668802998960018,0.011322194710373878
6.870851278305054,1.406219587929427,1.408979892730713,-0.008560311049222946,-0.030975814908742905
6.87391996383667,1.4060902971591445,1.4085984230041504,-0.00553902518004179,0.00961318425834179
6.876987457275391,1.405961655552302,1.4085984230041504,-0.06495765596628189,-0.01516746822744608
6.880053997039795,1.4058336529596414,1.408216953277588,-0.10121309012174606,-0.04122987762093544
6.88312292098999,1.4057061509483648,1.408216953277588,0.04078736528754234,-0.040375370532274246
6.886189699172974,1.4055793382639041,1.408216953277588,-0.06898603588342667,0.013885710388422012
6.889256000518799,1.405453145596318,1.4078354835510254,-0.0961776152253151,0.02713054046034813
6.892322540283203,1.405327543907966,1.4078354835510254,-0.10020599514245987,-0.0117494473233819
6.8953938484191895,1.4052023495973252,1.407454013824463,-0.08107118308544159,0.0625925064086914
6.898471117019653,1.4050775177001513,1.407454013824463,-0.07704280316829681,-0.07626459002494812
6.90154767036438,1.4049533210368057,1.407454013824463,-0.03474479168653488,0.029694056138396263
6.904602766036987,1.4048305908731615,1.4070725440979004,-0.0005035477224737406,-0.04464789852499962
6.9076690673828125,1.404708012482757,1.4070725440979004,-0.22609293460845947,0.0019226367585361004
6.910735845565796,1.4045860186581374,1.4070725440979004,-0.08812084794044495,-0.0472114123404026
6.913802623748779,1.4044646289612035,1.406691074371338,-0.13344015181064606,-0.03952086716890335
6.916871786117554,1.4043437501767768,1.406691074371338,0.022659648209810257,-0.01345845777541399
6.91994833946228,1.4042231884585061,1.406691074371338,-0.11531242728233337,-0.043793391436338425
6.923019170761108,1.4041034586132435,1.406691074371338,0.17976653575897217,0.0010681315325200558
6.926096439361572,1.4039840872155258,1.4063096046447754,-0.12941177189350128,0.03952086716890335
6.929173469543457,1.403865335513498,1.4063096046447754,0.01258869282901287,0.009185931645333767
6.932241201400757,1.4037475507621102,1.405928134918213,-0.04078736528754234,-0.0117494473233819
6.935319662094116,1.4036299648903248,1.405928134918213,-0.02870221994817257,-0.018585488200187683
6.938390254974365,1.4035132895103477,1.405928134918213,-0.0629434660077095,-0.019439993426203728
6.9414567947387695,1.4033973765571348,1.4055466651916504,-0.12236209958791733,0.006622415501624346
6.944527626037598,1.403281911111613,1.4055466651916504,0.011581597849726677,-0.01730373129248619
6.9475998878479,1.403167002885168,1.4055466651916504,-0.052872512489557266,0.01773098297417164
6.950666189193726,1.4030529273898527,1.405165195465088,-0.2079652100801468,0.029694056138396263
6.95373272895813,1.4029394527261996,1.405165195465088,-0.2663767337799072,-0.019439993426203728
6.956799030303955,1.402826596960352,1.4047837257385254,-0.27946898341178894,0.06472877413034439
6.959866046905518,1.4027143255535668,1.4047837257385254,-0.03978027030825615,0.04892042279243469
6.962932586669922,1.4026026826316573,1.4047837257385254,-0.11833371222019196,0.001495384145528078
6.965999126434326,1.4024916511064764,1.404402256011963,-0.11229114234447479,0.04080262407660484
6.969065189361572,1.4023812485125515,1.404402256011963,0.018631266430020332,-0.014740215614438057
6.972131967544556,1.4022714324063583,1.404402256011963,-0.17976653575897217,0.030548561364412308
6.975199460983276,1.40216220362421,1.4040207862854004,-0.24220645427703857,0.01730373129248619
6.978265762329102,1.4020536303464226,1.4040207862854004,-0.04481574892997742,0.06814679503440857
6.981332540512085,1.4019456536672776,1.4040207862854004,-0.16466011106967926,0.013885710388422012
6.984399318695068,1.4018382909194795,1.403639316558838,-0.0639505609869957,0.01901274174451828
6.987468242645264,1.4017314680269595,1.403639316558838,-0.10423437505960464,0.039093613624572754
6.990540981292725,1.4016251290882737,1.4032578468322754,-0.18178072571754456,0.03866636008024216
6.9936065673828125,1.4015196530397724,1.4032578468322754,-0.12135500460863113,0.059601739048957825
6.996689796447754,1.4014141903135315,1.4032578468322754,-0.05992217734456062,0.05917448550462723
6.999758720397949,1.4013098351015028,1.4032578468322754,-0.06999313086271286,0.07412832975387573
7.00282621383667,1.4012061452557163,1.402876377105713,-0.13746853172779083,-0.019867246970534325
7.005892992019653,1.4011030963365925,1.402876377105713,-0.051865413784980774,0.039093613624572754
7.0089592933654785,1.4010006803558321,1.402876377105713,-0.02568093314766884,0.016876477748155594
7.012025833129883,1.4008988737318138,1.4024949073791504,-0.08812084794044495,0.0942092016339302
7.0150978565216064,1.4007975044359504,1.4024949073791504,-0.24623483419418335,0.0796826109290123
7.018169403076172,1.4006967710409768,1.4024949073791504,-0.004531929735094309,0.04464789852499962
7.02124810218811,1.400596425736004,1.4021133184432983,-0.015609979629516602,0.07583733648061752
7.024328708648682,1.4004966426060579,1.4021133184432983,-0.08207827806472778,0.05575646460056305
7.027406930923462,1.4003975608854222,1.4021133184432983,-0.10222018510103226,0.05276569724082947
7.030483961105347,1.4002991414860382,1.4017318487167358,-0.1908445805311203,0.10617227107286453
7.033552646636963,1.400201610651988,1.4017318487167358,-0.04481574892997742,0.043793391436338425
7.0366034507751465,1.4001052638945903,1.4013503789901733,-0.07200732082128525,0.042084380984306335
7.039673566818237,1.400008927413098,1.4013503789901733,-0.15358205139636993,0.08310063183307648
7.0427398681640625,1.399913331947493,1.4013503789901733,-0.11631952226161957,0.03653009980916977
7.045807123184204,1.3998183283240098,1.4013503789901733,-0.13041886687278748,0.0963454619050026
7.04887318611145,1.399723983284672,1.4009689092636108,0.02366674318909645,0.1104447990655899
7.051940441131592,1.3996302238167417,1.4009689092636108,-0.3177386224269867,0.03610284626483917
7.055008172988892,1.3995370726402796,1.4009689092636108,0.04280155524611473,0.08395513892173767
7.058074235916138,1.3994445948938743,1.4009689092636108,0.046829938888549805,0.08694590628147125
7.061140537261963,1.3993527329561193,1.4005874395370483,-0.20091554522514343,0.05105668678879738
7.064208030700684,1.3992614590335584,1.4005874395370483,-0.08207827806472778,0.030548561364412308
7.067274332046509,1.3991708444069213,1.4005874395370483,0.05589379742741585,0.12240787595510483
7.0703418254852295,1.399080818955933,1.4002059698104858,-0.0800640881061554,0.03823911026120186
7.073407888412476,1.3989914599106452,1.4002059698104858,0.0961776152253151,0.11514458060264587
7.07647705078125,1.3989026360898507,1.4002059698104858,-0.21300068497657776,0.11258106678724289
7.0795488357543945,1.398814363374482,1.3998245000839233,-0.22710002958774567,0.039093613624572754
7.082606077194214,1.398727131742528,1.3998245000839233,-0.13344015181064606,0.08950942009687424
7.085675001144409,1.3986401923412555,1.3998245000839233,-0.0005035477224737406,0.12069886177778244
7.088741064071655,1.39855396019414,1.3998245000839233,-0.1898374855518341,0.054901961237192154
7.091810941696167,1.3984682481615505,1.3994430303573608,-0.13041886687278748,0.10531777143478394
7.094883680343628,1.3983830852372745,1.3994430303573608,-0.0015106431674212217,0.08181887865066528
7.097966194152832,1.3982982839953655,1.3994430303573608,0.13646143674850464,0.06814679503440857
7.101038217544556,1.3982144020461111,1.3994430303573608,-0.027695124968886375,0.0625925064086914
7.104106903076172,1.3981312401458421,1.3990615606307983,0.18278782069683075,0.12497138977050781
7.107172966003418,1.3980487773883115,1.3990615606307983,-0.11631952226161957,0.10446326434612274
7.11024022102356,1.3979669110427992,1.3990615606307983,0.15056076645851135,0.05362020432949066
7.113306522369385,1.3978856987578738,1.3986800909042358,0.02870221994817257,0.11685358732938766
7.116375923156738,1.3978050341471155,1.3986800909042358,-0.19487297534942627,0.1736781895160675
7.119457244873047,1.3977246903111844,1.3986800909042358,-0.21803615987300873,0.08181887865066528
7.1225340366363525,1.3976450987797624,1.3986800909042358,0.05085831880569458,0.13693445920944214
7.125606536865234,1.3975662509567057,1.3986800909042358,0.1112840473651886,0.11728084087371826
7.12869119644165,1.3974877274013942,1.3982986211776733,0.06797894090414047,0.15402457118034363
7.131768465042114,1.3974100275582977,1.3982986211776733,-0.06596475094556808,0.1108720526099205
7.134848356246948,1.3973328974024577,1.3979171514511108,-0.03776608034968376,0.16897840797901154
7.13791561126709,1.3972567162510396,1.3979171514511108,0.014602883718907833,0.12069886177778244
7.140982389450073,1.3971811783332,1.3979171514511108,-0.0015106431674212217,0.08181887865066528
7.144048690795898,1.397106283634853,1.3979171514511108,-0.1888303905725479,0.14847028255462646
7.14711594581604,1.3970319976411034,1.3979171514511108,-0.010574501939117908,0.07455558329820633
7.1501829624176025,1.3969583497202163,1.3975356817245483,-0.10121309012174606,0.07370107620954514
7.153249979019165,1.3968853343468495,1.3975356817245483,0.04179446026682854,0.1117265596985817
7.15631628036499,1.3968129685986177,1.3975356817245483,-0.03675898537039757,0.12967117130756378
7.159383058547974,1.3967412245366513,1.3975356817245483,0.05387960746884346,0.10702677816152573
7.162450075149536,1.3966701082263517,1.3971542119979858,-0.05992217734456062,0.030975814908742905
7.1655192375183105,1.3965995764442576,1.3971542119979858,0.01359578873962164,0.10403601080179214
7.168588876724243,1.3965296686191382,1.3971542119979858,-0.1445181965827942,0.11813534796237946
7.171664476394653,1.396460262126629,1.3971542119979858,-0.03474479168653488,0.05362020432949066
7.1747307777404785,1.3963917005302195,1.3967727422714233,-0.12941177189350128,0.11599908769130707
7.177796840667725,1.396323778546623,1.3967727422714233,-0.04078736528754234,0.059601739048957825
7.180864095687866,1.3962564650341855,1.3967727422714233,-0.2230716347694397,0.08480964601039886
7.183931350708008,1.396189786774521,1.3967727422714233,-0.05387960746884346,0.1275349110364914
7.1869988441467285,1.396123738906467,1.3967727422714233,-0.15660333633422852,0.10147249698638916
7.190065383911133,1.3960583471205497,1.3963912725448608,-0.04280155524611473,0.1104447990655899
7.193134069442749,1.395993545937138,1.3963912725448608,-0.05992217734456062,0.1108720526099205
7.196212291717529,1.3959291831619425,1.3963912725448608,-0.10524147748947144,0.095490962266922
7.1992881298065186,1.3958655105212316,1.3963912725448608,-0.07200732082128525,0.09933622926473618
7.2023606300354,1.3958025462085129,1.3963912725448608,0.024673838168382645,0.07797360420227051
7.205427885055542,1.3957403268682809,1.3960098028182983,-0.0629434660077095,0.12283512949943542
7.2084972858428955,1.3956787018397263,1.3963912725448608,0.13142596185207367,0.06601052731275558
7.21156907081604,1.3956176679780994,1.3960098028182983,-0.05387960746884346,0.14889752864837646
7.214601039886475,1.3955580523550657,1.3960098028182983,0.016617074608802795,0.14505226910114288
7.217670679092407,1.39549833096863,1.3960098028182983,-0.003524834057316184,0.10702677816152573
7.220748662948608,1.3954390889021613,1.3956283330917358,-0.027695124968886375,0.12155336886644363
7.223825216293335,1.3953805166824724,1.3960098028182983,0.06999313086271286,0.09292744100093842
7.226903438568115,1.3953225555953832,1.3956283330917358,-0.19688716530799866,0.08651865273714066
7.229980230331421,1.3952652642928092,1.3956283330917358,0.043808650225400925,0.0784008577466011
7.233048439025879,1.395208773036654,1.3956283330917358,-0.15660333633422852,0.09079118072986603
7.2361228466033936,1.3951528091290477,1.3956283330917358,-0.0941634252667427,0.16470588743686676
7.239189624786377,1.3950976240484676,1.3956283330917358,-0.05992217734456062,0.05874723568558693
7.2422568798065186,1.3950430698946292,1.3952468633651733,-0.05891508236527443,0.095490962266922
7.24532413482666,1.3949891555002945,1.3952468633651733,0.15559624135494232,0.08181887865066528
7.248395204544067,1.3949358152076563,1.3952468633651733,0.06495765596628189,0.1416342407464981
7.251462459564209,1.394883181726966,1.3952468633651733,-0.11329823732376099,0.08310063183307648
7.254534959793091,1.394831100236515,1.3952468633651733,0.21300068497657776,0.1604333519935608
7.2576000690460205,1.3947797844513237,1.3952468633651733,0.04481574892997742,0.09976348280906677
7.260673522949219,1.3947289714174178,1.3952468633651733,-0.057907987385988235,0.12112611532211304
7.263739824295044,1.3946789179103911,1.3948653936386108,0.024673838168382645,0.08053711801767349
7.266806125640869,1.3946295051167745,1.3948653936386108,-0.08409246802330017,0.07327382266521454
7.2698729038238525,1.3945807256853657,1.3948653936386108,-0.15358205139636993,0.04592965543270111
7.272939443588257,1.3945325912486866,1.3948653936386108,-0.10926985740661621,0.08950942009687424
7.276005983352661,1.3944850981682837,1.3948653936386108,-0.06797894090414047,0.11471732705831528
7.279072523117065,1.3944382466204708,1.3948653936386108,-0.010574501939117908,0.11984435468912125
7.282138824462891,1.3943920403469738,1.3948653936386108,-0.022659648209810257,0.06771954149007797
7.285205125808716,1.3943464758517305,1.3944838047027588,-0.18782329559326172,0.04635690897703171
7.288271427154541,1.394301553303869,1.3944838047027588,-0.011581597849726677,0.11386281996965408
7.291337728500366,1.3942572728701343,1.3944838047027588,-0.07502861320972443,0.08780041337013245
7.294406890869141,1.394213594298129,1.3944838047027588,-0.030716411769390106,0.10531777143478394
7.2974865436553955,1.3941704133764041,1.3944838047027588,-0.060929276049137115,0.0625925064086914
7.300563812255859,1.3941279133407891,1.3944838047027588,0.015609979629516602,0.08267337828874588
7.303600788116455,1.3940866044916576,1.3944838047027588,-0.06596475094556808,0.1582970917224884
7.3066675662994385,1.3940455302599215,1.3944838047027588,0.06495765596628189,0.11258106678724289
7.309735059738159,1.394005089938095,1.3944838047027588,-0.022659648209810257,0.1253986358642578
7.312800884246826,1.3939653148081264,1.3941023349761963,-0.19789426028728485,0.05703822523355484
7.315872430801392,1.3939261104058855,1.3941023349761963,-0.1102769523859024,0.08438239246606827
7.318950891494751,1.3938874656465936,1.3941023349761963,-0.1918516755104065,0.10019073635339737
7.322023630142212,1.3938495396759565,1.3941023349761963,-0.21400777995586395,0.03610284626483917
7.32510232925415,1.3938121885172325,1.3941023349761963,-0.1263904720544815,0.06515602022409439
7.328184127807617,1.3937754498845751,1.3941023349761963,0.027695124968886375,0.13138018548488617
7.331265449523926,1.3937393673790448,1.3937208652496338,-0.20997940003871918,0.0788281038403511
7.334335803985596,1.3937040603593396,1.3941023349761963,-0.054886702448129654,0.12411688268184662
7.337402820587158,1.3936694367060802,1.3941023349761963,-0.10121309012174606,0.13522544503211975
7.340471982955933,1.3936354342671446,1.3937208652496338,-0.060929276049137115,0.06942854821681976
7.343543529510498,1.3936020519572483,1.3937208652496338,0.01359578873962164,0.05062943324446678
7.346602439880371,1.393569449911816,1.3937208652496338,-0.03978027030825615,0.11300831288099289
7.34967041015625,1.3935373958860526,1.3937208652496338,-0.009567406959831715,0.10232700407505035
7.352736949920654,1.393506002007507,1.3937208652496338,0.0015106431674212217,0.049774929881095886
7.355804920196533,1.3934752391029557,1.3937208652496338,-0.01359578873962164,0.095490962266922
7.358879089355469,1.3934450618841696,1.3937208652496338,-0.15358205139636993,0.0942092016339302
7.361946105957031,1.3934156012246923,1.3937208652496338,-0.024673838168382645,0.10318150371313095
7.365013837814331,1.3933867796243993,1.3937208652496338,0.11430533230304718,0.07626459002494812
7.3680808544158936,1.393358610630094,1.3937208652496338,-0.09114214032888412,0.0942092016339302
7.371147394180298,1.3933310917800765,1.3933393955230713,-0.006546120624989271,0.10788128525018692
7.374213933944702,1.3933042187468025,1.3937208652496338,0.1112840473651886,0.16641488671302795
7.377281665802002,1.3932779815600627,1.3933393955230713,-0.043808650225400925,0.0318303182721138
7.380352735519409,1.393252363397687,1.3933393955230713,-0.1102769523859024,0.0476386658847332
7.383419990539551,1.3932274238690259,1.3933393955230713,-0.12034790217876434,0.05020218342542648
7.386489152908325,1.3932031159381757,1.3933393955230713,-0.003524834057316184,0.07199206203222275
7.389558792114258,1.3931794517794107,1.3933393955230713,-0.047837033867836,0.08181887865066528
7.392600059509277,1.3931566450766073,1.3929579257965088,-0.10725566744804382,0.1292439103126526
7.395669460296631,1.3931342721025493,1.3933393955230713,-0.15056076645851135,0.0788281038403511
7.398746967315674,1.3931124903646814,1.3929579257965088,-0.0951705202460289,0.06900129467248917
7.4018213748931885,1.3930913808420362,1.3929579257965088,-0.06999313086271286,0.07455558329820633
7.404897451400757,1.393070910418992,1.3929579257965088,-0.04884412884712219,0.09762722253799438
7.407968759536743,1.3930511210273857,1.3929579257965088,-0.021652551367878914,0.08609139919281006
7.411036252975464,1.3930320038759998,1.3929579257965088,0.06697184592485428,0.05233844369649887
7.414103746414185,1.3930135340541396,1.3929579257965088,-0.027695124968886375,0.11300831288099289
7.417170524597168,1.3929957157106525,1.3929579257965088,-0.06797894090414047,0.08566414564847946
7.420240640640259,1.3929785261931809,1.3929579257965088,-0.014602883718907833,0.05276569724082947
7.423312664031982,1.3929619752369844,1.3929579257965088,0.22810712456703186,0.10574502497911453
7.426389694213867,1.3929460483984881,1.3929579257965088,0.0800640881061554,0.1424887478351593
7.429467439651489,1.3929307697671713,1.3929579257965088,-0.11430533230304718,0.11685358732938766
7.432536602020264,1.3929161830613412,1.3929579257965088,0.054886702448129654,0.10531777143478394
7.43560004234314,1.3929022702029303,1.3929579257965088,-0.0961776152253151,0.1253986358642578
7.438666582107544,1.3928889903497068,1.3929579257965088,0.17976653575897217,0.0963454619050026
7.441733360290527,1.3928763569975162,1.3929579257965088,-0.05085831880569458,0.11514458060264587
7.444799423217773,1.3928643739708184,1.3929579257965088,0.21702906489372253,0.095918208360672
7.447867393493652,1.39285303144189,1.3929579257965088,0.08509956300258636,0.11001754552125931
7.450934410095215,1.3928423403323964,1.3925764560699463,-0.019638361409306526,0.09121843427419662
7.454002380371094,1.3928322940333666,1.3925764560699463,0.11329823732376099,0.10617227107286453
7.457069158554077,1.392822899533031,1.3925764560699463,0.06193637102842331,0.08310063183307648
7.460136890411377,1.3928141502175835,1.3925764560699463,0.13041886687278748,0.1275349110364914
7.4632062911987305,1.3928060449109092,1.3925764560699463,-0.1928587704896927,0.059601739048957825
7.46627402305603,1.392798592457341,1.3925764560699463,-0.10322728008031845,0.06601052731275558
7.469341039657593,1.392791789811982,1.3925764560699463,-0.2532845139503479,0.08737315982580185
7.47240948677063,1.3927856324675347,1.3925764560699463,0.07301442325115204,0.07028305530548096
7.475476026535034,1.392780126993683,1.3925764560699463,-0.08812084794044495,0.033966582268476486
7.4785449504852295,1.3927752658573225,1.3925764560699463,-0.01762416958808899,0.12326237559318542
7.481601238250732,1.3927710696223614,1.3925764560699463,0.11833371222019196,0.0963454619050026
7.484677076339722,1.3927674963044152,1.3925764560699463,0.057907987385988235,0.126253142952919
7.487743616104126,1.3927645826800092,1.3925764560699463,-0.04280155524611473,0.14889752864837646
7.490809679031372,1.3927623172774077,1.3925764560699463,-0.18782329559326172,0.10830853879451752
7.493879556655884,1.3927606979923763,1.3925764560699463,-0.1102769523859024,0.07370107620954514
7.496955633163452,1.3927597267512848,1.3925764560699463,0.08308537304401398,0.08694590628147125
7.500025510787964,1.392759407472219,1.3925764560699463,0.01762416958808899,0.035675592720508575
7.503092288970947,1.3927597368828084,1.3925764560699463,-0.16466011106967926,0.053192950785160065
7.50615930557251,1.3927607144331866,1.3925764560699463,0.05085831880569458,0.10403601080179214
7.509225845336914,1.392762339816181,1.3921949863433838,-0.15257495641708374,0.0643015205860138
7.512293577194214,1.3927646141370817,1.3925764560699463,-0.024673838168382645,0.095918208360672
7.515360116958618,1.3927675356198852,1.3925764560699463,0.03776608034968376,0.057892728596925735
7.518427848815918,1.3927711065251425,1.3925764560699463,-0.11934080719947815,0.08993667364120483
7.521496534347534,1.3927753272423502,1.3925764560699463,0.02668802998960018,0.15060654282569885
7.52457332611084,1.3927802104689728,1.3925764560699463,-0.08409246802330017,0.09890898317098618
7.527663230895996,1.3927857708837421,1.3925764560699463,0.01359578873962164,0.16086061298847198
7.530747413635254,1.3927919769265618,1.3925764560699463,-0.04481574892997742,0.06942854821681976
7.533821105957031,1.3927988138147702,1.3925764560699463,0.17875944077968597,0.11770809441804886
7.536891222000122,1.3928062924309705,1.3925764560699463,0.060929276049137115,0.09207294136285782
7.539958953857422,1.3928144137601002,1.3925764560699463,0.038773175328969955,0.11642633378505707
7.543026447296143,1.3928231826210573,1.3925764560699463,0.07804989814758301,0.04165713116526604
7.546093463897705,1.392832598073037,1.3925764560699463,0.03776608034968376,0.09378194808959961
7.549160957336426,1.392842663008753,1.3925764560699463,0.06898603588342667,0.08651865273714066
7.552227735519409,1.392853373403841,1.3925764560699463,-0.13243305683135986,0.08181887865066528
7.555294036865234,1.3928647296735133,1.3925764560699463,0.11531242728233337,0.07113756239414215
7.55836033821106,1.392876733390572,1.3925764560699463,0.02668802998960018,0.07113756239414215
7.56143045425415,1.3928894006525452,1.3925764560699463,0.10725566744804382,0.08438239246606827
7.564497470855713,1.3929027031113843,1.3925764560699463,0.10020599514245987,0.0643015205860138
7.567567586898804,1.3929166676037699,1.3925764560699463,0.07502861320972443,0.10745403170585632
7.570600271224976,1.3929310988849135,1.3921949863433838,-0.11229114234447479,0.14077973365783691
7.57366681098938,1.3929463349982718,1.3921949863433838,-0.11732661724090576,0.07370107620954514
7.576733350753784,1.3929622183567514,1.3925764560699463,0.1284046620130539,0.0472114123404026
7.57979941368103,1.3929787462806331,1.3925764560699463,0.002517738612368703,0.08609139919281006
7.58286714553833,1.3929959306529012,1.3925764560699463,-0.07100022584199905,0.09848172962665558
7.585934162139893,1.3930137583562818,1.3925764560699463,0.03373769670724869,0.06088349595665932
7.589000701904297,1.3930322303330662,1.3925764560699463,-0.04582284390926361,0.07754635065793991
7.592066764831543,1.3930513462128786,1.3925764560699463,0.002517738612368703,0.12112611532211304
7.595135927200317,1.3930711290516455,1.3925764560699463,-0.0317235067486763,0.061310749500989914
7.59821343421936,1.393091616210575,1.3925764560699463,-0.09013504534959793,0.0950637087225914
7.601287364959717,1.3931127297669466,1.3925764560699463,-0.04582284390926361,0.1283894032239914
7.604354619979858,1.3931344451036984,1.3925764560699463,-0.04582284390926361,0.05831998214125633
7.607421398162842,1.3931568037621662,1.3925764560699463,-0.060929276049137115,0.11001754552125931
7.610487937927246,1.3931798071713255,1.3925764560699463,0.016617074608802795,0.05661097168922424
7.6135571002960205,1.3932034774615396,1.3925764560699463,0.16667430102825165,0.09976348280906677
7.616600751876831,1.393227590352323,1.3925764560699463,0.1586175262928009,0.11941710859537125
7.619669198989868,1.3932525440728207,1.3925764560699463,0.09214923530817032,0.10275425016880035
7.622744083404541,1.393278199093214,1.3925764560699463,-0.03776608034968376,0.1736781895160675
7.6258251667022705,1.3933045573325857,1.3925764560699463,-0.02870221994817257,0.16214236617088318
7.628903865814209,1.3933315464754255,1.3925764560699463,0.0941634252667427,0.08908216655254364
7.631980657577515,1.3933591692396254,1.3925764560699463,-0.14653238654136658,0.13907071948051453
7.635048866271973,1.393387362266696,1.3925764560699463,0.015609979629516602,0.14889752864837646
7.638116121292114,1.3934161925401571,1.3925764560699463,0.10725566744804382,0.1749599426984787
7.641190767288208,1.3934457404221372,1.3925764560699463,-0.05589379742741585,0.06472877413034439
7.644257307052612,1.393475856646068,1.3925764560699463,-0.08812084794044495,0.18606851994991302
7.647324085235596,1.3935066205660567,1.3925764560699463,0.014602883718907833,0.1292439103126526
7.650390863418579,1.3935380297514777,1.3925764560699463,0.02568093314766884,0.1283894032239914
7.653457403182983,1.3935700815686567,1.3925764560699463,0.0800640881061554,0.13949798047542572
7.656526565551758,1.3936028065546526,1.3925764560699463,0.024673838168382645,0.12198062241077423
7.65960431098938,1.3936362716810524,1.3925764560699463,0.14955367147922516,0.10489051789045334
7.662674427032471,1.3936703008424296,1.3925764560699463,-0.014602883718907833,0.0796826109290123
7.665741682052612,1.3937049434511952,1.3925764560699463,-0.04179446026682854,0.1266804039478302
7.668808937072754,1.393740230789466,1.3925764560699463,0.1253833770751953,0.1283894032239914
7.671875238418579,1.3937761514540172,1.3925764560699463,-0.006546120624989271,0.1766689568758011
7.6749420166015625,1.3938127219191236,1.3925764560699463,-0.032730601727962494,0.15060654282569885
7.678008794784546,1.3938499365131098,1.3925764560699463,-0.07301442325115204,0.22751201689243317
7.681075811386108,1.3938877980660451,1.3925764560699463,0.03675898537039757,0.11215381324291229
7.684142351150513,1.39392629753262,1.3925764560699463,-0.07200732082128525,0.0792553573846817
7.687208414077759,1.3939654344696393,1.3925764560699463,-0.19487297534942627,0.16470588743686676
7.690274953842163,1.394005220905037,1.3925764560699463,-0.002517738612368703,0.10489051789045334
7.6933434009552,1.3940456760014783,1.3925764560699463,-0.03373769670724869,0.13778896629810333
7.696421146392822,1.3940869005832701,1.3925764560699463,-0.04179446026682854,0.2544289231300354
7.699491024017334,1.3941286650177018,1.3925764560699463,0.02366674318909645,0.17026016116142273
7.702560901641846,1.394171073708182,1.3929579257965088,0.07100022584199905,0.13992522656917572
7.7056005001068115,1.3942136987092353,1.3925764560699463,-0.04078736528754234,0.18222324550151825
7.708666801452637,1.3942573378134613,1.3925764560699463,-0.15458914637565613,0.2890363931655884
7.711733341217041,1.3943016226639773,1.3925764560699463,-0.07502861320972443,0.18735027313232422
7.714800596237183,1.3943465602821454,1.3925764560699463,0.07301442325115204,0.1890592873096466
7.717872381210327,1.394392208037629,1.3929579257965088,-0.060929276049137115,0.19803158938884735
7.720947265625,1.394438546902067,1.3925764560699463,-0.003524834057316184,0.14975203573703766
7.7240190505981445,1.394485483284984,1.3929579257965088,0.008560311049222946,0.19461356103420258
7.727097272872925,1.3945331637813148,1.3929579257965088,0.002517738612368703,0.24802014231681824
7.7301740646362305,1.3945814679193298,1.3929579257965088,0.038773175328969955,0.251865416765213
7.7332446575164795,1.3946303182577762,1.3929579257965088,-0.04179446026682854,0.2078583985567093
7.736311674118042,1.3946797532676165,1.3929579257965088,-0.060929276049137115,0.20187686383724213
7.739377975463867,1.3947298175338205,1.3929579257965088,-0.04582284390926361,0.20016784965991974
7.742444753646851,1.394780530259351,1.3929579257965088,0.04884412884712219,0.2574197053909302
7.745511531829834,1.3948318835202942,1.3929579257965088,-0.007553216069936752,0.19589532911777496
7.748581171035767,1.3948839259301542,1.3929579257965088,-0.018631266430020332,0.2078583985567093
7.751663684844971,1.3949368320016877,1.3929579257965088,0.03776608034968376,0.24631112813949585
7.754729747772217,1.3949900970949725,1.3929579257965088,0.08711375296115875,0.1882047802209854
7.757795810699463,1.3950440016471664,1.3929579257965088,0.060929276049137115,0.21255818009376526
7.760862112045288,1.395098549724421,1.3933393955230713,0.14753948152065277,0.16427862644195557
7.7639288902282715,1.3951537455892797,1.3933393955230713,-0.0639505609869957,0.2578469514846802
7.766995429992676,1.3952095762382213,1.3933393955230713,-0.008560311049222946,0.20144960284233093
7.77006721496582,1.3952661428664483,1.3929579257965088,-0.10222018510103226,0.23178453743457794
7.773133754730225,1.395323252083981,1.3929579257965088,-0.32478827238082886,0.20187686383724213
7.776200771331787,1.395381008751733,1.3933393955230713,-0.11833371222019196,0.19632257521152496
7.779267311096191,1.3954393946961308,1.3933393955230713,-0.09819180518388748,0.21127641201019287
7.782333850860596,1.3954984186303714,1.3933393955230713,0.11631952226161957,0.1899137794971466
7.785400390625,1.3955580803353338,1.3933393955230713,-0.1263904720544815,0.2540016770362854
7.788466930389404,1.3956183795895287,1.3933393955230713,-0.00553902518004179,0.2074311375617981
7.791539669036865,1.3956794399951835,1.3937208652496338,0.1908445805311203,0.29117265343666077
7.794609308242798,1.3957410775193853,1.3937208652496338,0.07502861320972443,0.24972915649414062
7.797698497772217,1.395803751875741,1.3937208652496338,0.00553902518004179,0.2505836486816406
7.80077338218689,1.395866777601924,1.3937208652496338,0.018631266430020332,0.24673838913440704
7.80384635925293,1.395930403509582,1.3937208652496338,-0.07502861320972443,0.1920500546693802
7.806915521621704,1.39599458808578,1.3937208652496338,0.04582284390926361,0.21853971481323242
7.809982776641846,1.3960593691973915,1.3937208652496338,0.05085831880569458,0.35782405734062195
7.813049793243408,1.3961247811842208,1.3937208652496338,0.24321354925632477,0.24417486786842346
7.816116809844971,1.396190828814087,1.3937208652496338,0.18178072571754456,0.2369115799665451
7.819184064865112,1.396257517050103,1.3937208652496338,-0.051865413784980774,0.23221179842948914
7.82225227355957,1.3963248615660375,1.3937208652496338,-0.21602196991443634,0.221530482172966
7.82533073425293,1.3963930696859974,1.3941023349761963,0.0941634252667427,0.24972915649414062
7.828409194946289,1.3964619171976902,1.3937208652496338,-0.02366674318909645,0.2890363931655884
7.831486463546753,1.3965313768120893,1.3941023349761963,0.19890135526657104,0.221957728266716
7.834554195404053,1.3966012565799693,1.3941023349761963,-0.009567406959831715,0.24289311468601227
7.837600469589233,1.3966712750959438,1.3941023349761963,0.06898603588342667,0.25998321175575256
7.840667963027954,1.3967424129536363,1.3941023349761963,0.09819180518388748,0.24460211396217346
7.843736886978149,1.396814217975716,1.3941023349761963,-0.0015106431674212217,0.26254671812057495
7.84680700302124,1.396886685129509,1.3941023349761963,0.11833371222019196,0.24673838913440704
7.849873781204224,1.3969597065559953,1.3941023349761963,-0.02668802998960018,0.21298542618751526
7.852940797805786,1.3970333661772287,1.3944838047027588,0.06797894090414047,0.21469444036483765
7.85600733757019,1.397107646467919,1.3944838047027588,0.02568093314766884,0.1604333519935608
7.859080076217651,1.3971827106265644,1.3944838047027588,-0.04481574892997742,0.23050278425216675
7.862147092819214,1.3972582673047282,1.3944838047027588,0.11229114234447479,0.23392081260681152
7.865213632583618,1.3973344435224173,1.3944838047027588,-0.01258869282901287,0.2552834451198578
7.868280649185181,1.397411262687056,1.3948653936386108,0.02064545638859272,0.22793926298618317
7.871347904205322,1.3974887187624856,1.3948653936386108,0.11430533230304718,0.30612650513648987
7.874418020248413,1.3975668786446898,1.3948653936386108,0.0800640881061554,0.26425573229789734
7.8774847984313965,1.397645584083476,1.3948653936386108,-0.003524834057316184,0.23221179842948914
7.880552291870117,1.397724937996343,1.3948653936386108,0.18480201065540314,0.27835509181022644
7.883604526519775,1.3978045223798425,1.3948653936386108,0.1112840473651886,0.23135729134082794
7.886674165725708,1.3978851892662387,1.3948653936386108,0.03373769670724869,0.30698099732398987
7.889740228652954,1.3979663912530422,1.3952468633651733,-0.047837033867836,0.252292662858963
7.8928070068359375,1.3980482408157549,1.3952468633651733,0.006546120624989271,0.21170367300510406
7.895875692367554,1.3981307702726145,1.3952468633651733,-0.07200732082128525,0.30740824341773987
7.8989527225494385,1.3982141555958212,1.3952468633651733,-0.14048981666564941,0.29501792788505554
7.902024984359741,1.3982980422220925,1.3952468633651733,-0.01762416958808899,0.2501564025878906
7.90509557723999,1.3983825124869216,1.3952468633651733,0.018631266430020332,0.3005722165107727
7.908162832260132,1.398467518626897,1.3952468633651733,-0.3338521420955658,0.2719462811946869
7.911230087280273,1.3985531518074614,1.3956283330917358,0.029709314927458763,0.21597619354724884
7.914297580718994,1.398639418439918,1.3956283330917358,0.07200732082128525,0.26297399401664734
7.9173688888549805,1.3987264200210252,1.3956283330917358,-0.10624857246875763,0.2531471848487854
7.920435428619385,1.398813912801224,1.3956283330917358,-0.08207827806472778,0.3048447370529175
7.923504590988159,1.3989021066728213,1.3956283330917358,0.07301442325115204,0.20187686383724213
7.92658257484436,1.3989911829407398,1.3960098028182983,0.01762416958808899,0.3005722165107727
7.929666519165039,1.3990810630090518,1.3960098028182983,0.10121309012174606,0.30655375123023987
7.9327356815338135,1.3991711393104762,1.3960098028182983,-0.008560311049222946,0.2830548584461212
7.935802221298218,1.3992617630445863,1.3960098028182983,0.19487297534942627,0.23306630551815033
7.938869476318359,1.399353031934103,1.3963912725448608,0.14854657649993896,0.23050278425216675
7.941936016082764,1.399444903074076,1.3963912725448608,0.06898603588342667,0.3044174909591675
7.945002317428589,1.3995373901182793,1.3963912725448608,0.1253833770751953,0.29330891370773315
7.9480695724487305,1.3996305288976285,1.3963912725448608,0.10020599514245987,0.2834821045398712
7.951136350631714,1.3997242757733797,1.3967727422714233,0.1576104313135147,0.2997176945209503
7.954208135604858,1.3998187994028999,1.3963912725448608,-0.01258869282901287,0.21939422190189362
7.957274436950684,1.3999137764836802,1.3963912725448608,-0.07704280316829681,0.3210803270339966
7.960341930389404,1.400009412133673,1.3967727422714233,0.12236209958791733,0.27579155564308167
7.963408470153809,1.40010563917147,1.3967727422714233,0.12437628954648972,0.19931334257125854
7.966477870941162,1.4002025775228122,1.3967727422714233,0.15257495641708374,0.3052719831466675
7.969550132751465,1.4003002285654782,1.3971542119979858,0.1425040066242218,0.32663461565971375
7.9726033210754395,1.4003978898404692,1.3971542119979858,-0.0961776152253151,0.2984359562397003
7.975673675537109,1.4004967195900213,1.3971542119979858,0.06797894090414047,0.34757000207901
7.978740692138672,1.4005960616439648,1.3971542119979858,0.09114214032888412,0.2723735272884369
7.981808185577393,1.400696038325848,1.3971542119979858,0.01359578873962164,0.2881819009780884
7.984874725341797,1.4007966024964837,1.3971542119979858,-0.09114214032888412,0.3296253979206085
7.987941741943359,1.4008978005503365,1.3975356817245483,0.12135500460863113,0.2984359562397003
7.991008520126343,1.4009996085834704,1.3975356817245483,0.16667430102825165,0.3035629689693451
7.994077444076538,1.401102105941868,1.3975356817245483,0.3147173225879669,0.3800412118434906
7.997154474258423,1.4012054944133172,1.3979171514511108,0.21702906489372253,0.32791638374328613
8.000229358673096,1.401309430947135,1.3979171514511108,0.057907987385988235,0.3544060289859772
8.003302574157715,1.4014139301198867,1.3979171514511108,0.07502861320972443,0.2997176945209503
8.006371259689331,1.4015188923870585,1.3979171514511108,-0.10020599514245987,0.2689555287361145
8.009441137313843,1.4016245120698243,1.3979171514511108,0.003524834057316184,0.28134584426879883
8.012513637542725,1.401730839141439,1.3982986211776733,0.01258869282901287,0.32620736956596375
8.015583515167236,1.4018376916904551,1.3982986211776733,0.07301442325115204,0.3176623284816742
8.018659353256226,1.4019453690723203,1.3982986211776733,0.18278782069683075,0.2552834451198578
8.021726369857788,1.4020533525473162,1.3982986211776733,-0.011581597849726677,0.22665750980377197
8.024795293807983,1.4021620173755232,1.3986800909042358,0.0951705202460289,0.3044174909591675
8.027873516082764,1.4022716282190224,1.3986800909042358,0.11229114234447479,0.3014267086982727
8.030953884124756,1.4023819334180039,1.3990615606307983,0.14552529156208038,0.2646830081939697
8.034021615982056,1.4024924000813621,1.3990615606307983,-0.05891508236527443,0.29544517397880554
8.037089586257935,1.4026034876832638,1.3990615606307983,-0.09315633028745651,0.2736552953720093
8.040156841278076,1.402715161136928,1.3990615606307983,-0.0015106431674212217,0.2552834451198578
8.04322361946106,1.4028274283514734,1.3994430303573608,0.1425040066242218,0.22964827716350555
8.046290397644043,1.402940306223341,1.3994430303573608,-0.09214923530817032,0.287754625082016
8.049357175827026,1.403053794333416,1.3994430303573608,-0.007553216069936752,0.2843366265296936
8.052423477172852,1.4031678744724538,1.3994430303573608,0.16566720604896545,0.2565651834011078
8.055490255355835,1.4032825816978187,1.3998245000839233,0.08308537304401398,0.28091859817504883
8.058559656143188,1.4033979967654937,1.3998245000839233,-0.049851223826408386,0.21982146799564362
8.061603546142578,1.4035130545836734,1.4002059698104858,0.1757381558418274,0.24332036077976227
8.06467318534851,1.4036296924017664,1.4002059698104858,0.015609979629516602,0.34030669927597046
8.067740440368652,1.4037468477312445,1.4002059698104858,-0.0317235067486763,0.19461356103420258
8.070807218551636,1.4038645921384445,1.4002059698104858,0.13948272168636322,0.26126497983932495
8.073873281478882,1.4039829156785635,1.4005874395370483,0.3197528123855591,0.3172350525856018
8.076940059661865,1.4041018731176338,1.4005874395370483,0.17775234580039978,0.22623026371002197
8.080007076263428,1.4042214458007014,1.4005874395370483,0.07200732082128525,0.22580300271511078
8.083074569702148,1.4043416427907487,1.4009689092636108,0.0800640881061554,0.2565651834011078
8.086141109466553,1.4044624074470147,1.4009689092636108,0.12236209958791733,0.23007553815841675
8.089207649230957,1.4045837765959341,1.4009689092636108,0.29054704308509827,0.2826276123523712
8.092275381088257,1.404705797320435,1.4013503789901733,-0.008560311049222946,0.21469444036483765
8.095344543457031,1.40482847942529,1.4013503789901733,0.143511101603508,0.1758144497871399
8.098422288894653,1.4049521113189238,1.4013503789901733,-0.03373769670724869,0.22537575662136078
8.101498365402222,1.405076282765904,1.4013503789901733,0.03373769670724869,0.23178453743457794
8.104568719863892,1.40520082750779,1.4017318487167358,0.010574501939117908,0.252292662858963
8.107603549957275,1.4053245240741457,1.4017318487167358,0.0961776152253151,0.24802014231681824
8.110686779022217,1.4054507964145164,1.4021133184432983,0.11934080719947815,0.29373615980148315
8.113759756088257,1.4055772532440698,1.4021133184432983,0.07200732082128525,0.23562981188297272
8.11682677268982,1.405704065917547,1.4021133184432983,0.13948272168636322,0.2390478402376175
8.119894742965698,1.405831518372362,1.4024949073791504,0.16667430102825165,0.23306630551815033
8.122963190078735,1.4059595907455542,1.4024949073791504,0.06797894090414047,0.2702372670173645
8.126040697097778,1.4060886436034543,1.4024949073791504,0.18580910563468933,0.2369115799665451
8.129119157791138,1.4062183394767975,1.402876377105713,0.16466011106967926,0.22580300271511078
8.132197141647339,1.4063486177530442,1.402876377105713,0.0317235067486763,0.15573357045650482
8.135264873504639,1.4064790610593143,1.4032578468322754,0.019638361409306526,0.22793926298618317
8.138331413269043,1.4066100507985904,1.4032578468322754,0.10121309012174606,0.21939422190189362
8.141400337219238,1.4067417395957362,1.4032578468322754,0.01359578873962164,0.19974060356616974
8.144469499588013,1.4068740356510656,1.403639316558838,0.30565345287323,0.29629969596862793
8.147536277770996,1.4070068248001604,1.403639316558838,0.17875944077968597,0.19290456175804138
8.1506028175354,1.407140198695772,1.403639316558838,-0.06797894090414047,0.1424887478351593
8.153672456741333,1.4072743028493913,1.4040207862854004,0.1284046620130539,0.221957728266716
8.156739950180054,1.4074089078915974,1.4040207862854004,0.16365301609039307,0.23178453743457794
8.159815549850464,1.4075444649234723,1.404402256011963,0.06495765596628189,0.24588388204574585
8.162889242172241,1.4076805338944611,1.4040207862854004,-0.14854657649993896,0.18606851994991302
8.165956258773804,1.4078169007140307,1.404402256011963,0.057907987385988235,0.16983291506767273
8.169023513793945,1.407953870426808,1.4047837257385254,0.18580910563468933,0.1894865334033966
8.17209005355835,1.408091399799415,1.4047837257385254,-0.018631266430020332,0.19760432839393616
8.175159454345703,1.4082296493318291,1.4047837257385254,0.26033416390419006,0.23050278425216675
8.178229331970215,1.408368512088865,1.4047837257385254,-0.26335546374320984,0.18521401286125183
8.181296586990356,1.4085078467344048,1.405165195465088,0.03675898537039757,0.2082856446504593
8.184362888336182,1.408647727532207,1.4055466651916504,0.1918516755104065,0.3044174909591675
8.187433242797852,1.4087883832593067,1.4055466651916504,0.03373769670724869,0.18307773768901825
8.190499544143677,1.4089294420398897,1.4055466651916504,-0.09214923530817032,0.2369115799665451
8.193568468093872,1.4090712100398481,1.4055466651916504,-0.09114214032888412,0.13437095284461975
8.19660472869873,1.4092120481062445,1.405928134918213,0.06193637102842331,0.16855116188526154
8.199678897857666,1.4093552307200938,1.405928134918213,0.1445181965827942,0.23050278425216675
8.202749967575073,1.409498857333171,1.4063096046447754,0.15257495641708374,0.1424887478351593
8.205816745758057,1.409642869537933,1.4063096046447754,-0.057907987385988235,0.2386205792427063
8.208883285522461,1.4097874558302272,1.4063096046447754,0.004531929735094309,0.21597619354724884
8.211952447891235,1.4099327512514361,1.406691074371338,0.08409246802330017,0.17752346396446228
8.215022563934326,1.4100786772768124,1.406691074371338,0.22911421954631805,0.15359731018543243
8.21808910369873,1.4102250173009463,1.406691074371338,-0.04481574892997742,0.16427862644195557
8.22116494178772,1.4103723868091897,1.4070725440979004,0.2079652100801468,0.1600061058998108
8.224234819412231,1.4105200551280994,1.4070725440979004,0.02568093314766884,0.17196917533874512
8.227312326431274,1.4106686758863174,1.407454013824463,0.12941177189350128,0.191195547580719
8.230388879776001,1.4108178359358883,1.407454013824463,0.21602196991443634,0.2061493843793869
8.233458757400513,1.4109672551248849,1.4078354835510254,0.18782329559326172,0.1424887478351593
8.236526012420654,1.4111171275277632,1.4078354835510254,0.30867475271224976,0.18265049159526825
8.239602088928223,1.4112680135290019,1.4078354835510254,-0.05690089240670204,0.18136873841285706
8.242676734924316,1.4114194117908925,1.408216953277588,0.03675898537039757,0.19717708230018616
8.245750665664673,1.4115713563587646,1.408216953277588,-0.06697184592485428,0.19845883548259735
8.248821258544922,1.4117237158817277,1.4085984230041504,-0.003524834057316184,0.1758144497871399
8.251892566680908,1.4118766901605504,1.4085984230041504,0.08207827806472778,0.2082856446504593
8.25495982170105,1.4120300401822325,1.4085984230041504,-0.03474479168653488,0.22708477079868317
8.258026838302612,1.412183954884112,1.4085984230041504,0.009567406959831715,0.24502937495708466
8.26109528541565,1.4123385177836663,1.408979892730713,-0.07200732082128525,0.18735027313232422
8.264163255691528,1.412493632498967,1.408979892730713,0.06898603588342667,0.19333180785179138
8.267234563827515,1.4126494921269837,1.4093613624572754,-0.01258869282901287,0.1728236824274063
8.270301103591919,1.4128056843199492,1.4093613624572754,0.022659648209810257,0.16128785908222198
8.273367881774902,1.4129624622424073,1.409742832183838,0.011581597849726677,0.21213091909885406
8.276434898376465,1.4131198254459556,1.409742832183838,0.05891508236527443,0.1882047802209854
8.279504537582397,1.4132778964758148,1.409742832183838,0.13847562670707703,0.18179598450660706
8.282577276229858,1.413436700901457,1.4101243019104004,0.10121309012174606,0.17111466825008392
8.285603761672974,1.413593675488734,1.4101243019104004,0.11430533230304718,0.20016784965991974
8.288672924041748,1.4137534311916198,1.4101243019104004,-0.10524147748947144,0.1582970917224884
8.291741609573364,1.4139137329170814,1.4105058908462524,-0.0005035477224737406,0.13437095284461975
8.294815063476562,1.4140748552642703,1.4105058908462524,0.05387960746884346,0.18136873841285706
8.297892808914185,1.4142367751624223,1.410887360572815,0.23112840950489044,0.1907682865858078
8.300971269607544,1.4143993052559587,1.410887360572815,-0.030716411769390106,0.11856260150671005
8.304048538208008,1.4145623441040776,1.410887360572815,0.06999313086271286,0.23093003034591675
8.30712890625,1.4147261190004115,1.4112688302993774,-0.014602883718907833,0.13565270602703094
8.310195922851562,1.41488975183622,1.4112688302993774,-0.08207827806472778,0.14676126837730408
8.313262224197388,1.4150539122714354,1.41165030002594,0.046829938888549805,0.21255818009376526
8.316329956054688,1.4152187147719724,1.41165030002594,0.046829938888549805,0.22537575662136078
8.31939697265625,1.4153840436502885,1.4120317697525024,0.2371709793806076,0.1288166642189026
8.322465419769287,1.4155500141579733,1.4120317697525024,0.0639505609869957,0.18136873841285706
8.325544118881226,1.4157171060512805,1.4120317697525024,0.1596246212720871,0.19461356103420258
8.328606367111206,1.4158838677420054,1.412413239479065,0.2653696537017822,0.2065766453742981
8.331688642501831,1.4160522860859026,1.412413239479065,0.19386588037014008,0.20444037020206451
8.334757328033447,1.4162205253656084,1.412413239479065,0.09919890016317368,0.13949798047542572
8.33782410621643,1.4163892211791838,1.4127947092056274,-0.002517738612368703,0.1424887478351593
8.340891122817993,1.4165584904753512,1.4127947092056274,-0.0790569931268692,0.17196917533874512
8.3439621925354,1.4167285443346378,1.4127947092056274,0.0961776152253151,0.24631112813949585
8.34703016281128,1.4168989863291077,1.41317617893219,0.1918516755104065,0.21341268718242645
8.350097179412842,1.417069933925345,1.41317617893219,0.08207827806472778,0.23221179842948914
8.353164196014404,1.4172414393832855,1.4135576486587524,0.051865413784980774,0.13778896629810333
8.35623049736023,1.4174134618745626,1.4135576486587524,0.20292973518371582,0.2057221382856369
8.359297752380371,1.4175860944538152,1.413939118385315,0.02568093314766884,0.22879377007484436
8.362364292144775,1.4177592426136478,1.413939118385315,0.24623483419418335,0.20315861701965332
8.365432500839233,1.417933040589835,1.4143205881118774,0.23213550448417664,0.2364843189716339
8.368499517440796,1.4181073258045642,1.4143205881118774,0.08308537304401398,0.28049135208129883
8.371565818786621,1.41828212418996,1.4143205881118774,-0.23112840950489044,0.21042190492153168
8.374603509902954,1.4184558370000917,1.41470205783844,0.0629434660077095,0.26041045784950256
8.377672910690308,1.418631913866275,1.41470205783844,0.015609979629516602,0.1424887478351593
8.380739450454712,1.418808378756419,1.4150835275650024,0.18178072571754456,0.20444037020206451
8.383806228637695,1.418985408665117,1.4150835275650024,0.13344015181064606,0.24631112813949585
8.3868727684021,1.4191629754097226,1.4150835275650024,0.34090182185173035,0.28134584426879883
8.389938831329346,1.419341064333049,1.415464997291565,-0.15156786143779755,0.16385138034820557
8.393006324768066,1.4195197858163728,1.415464997291565,0.16163882613182068,0.23562981188297272
8.396075248718262,1.4196991399642356,1.4158464670181274,0.1928587704896927,0.19461356103420258
8.399152040481567,1.4198795048145507,1.4158464670181274,0.024673838168382645,0.21170367300510406
8.402229309082031,1.4200604486688508,1.4158464670181274,0.02366674318909645,0.2236667424440384
8.405297040939331,1.4202413796234339,1.41622793674469,0.19588007032871246,0.19418631494045258
8.408363580703735,1.4204227862906007,1.41622793674469,0.13444724678993225,0.30740824341773987
8.41142988204956,1.4206047240311845,1.4166094064712524,0.19386588037014008,0.2582741975784302
8.414496660232544,1.4207872346726467,1.4166094064712524,0.2512703239917755,0.24930189549922943
8.417564392089844,1.4209703462956926,1.416990876197815,0.011581597849726677,0.2206759750843048
8.420603275299072,1.4211522719435616,1.416990876197815,0.03776608034968376,0.27579155564308167
8.423685312271118,1.4213373252231027,1.416990876197815,0.038773175328969955,0.2728008031845093
8.426762104034424,1.4215226095073654,1.4173723459243774,0.23918516933918,0.22836652398109436
8.429838180541992,1.4217083953115444,1.4173723459243774,-0.11934080719947815,0.287327378988266
8.432908535003662,1.42189437784044,1.41775381565094,0.02668802998960018,0.18307773768901825
8.435977697372437,1.4220808289666014,1.41775381565094,-0.08812084794044495,0.19632257521152496
8.439045190811157,1.4222677182734684,1.418135404586792,0.09013504534959793,0.24930189549922943
8.442111730575562,1.4224550879527196,1.418135404586792,0.08409246802330017,0.2561379373073578
8.445178031921387,1.4226429806979015,1.418135404586792,0.14753948152065277,0.19589532911777496
8.44824504852295,1.4228314543746774,1.4185168743133545,-0.024673838168382645,0.2223849892616272
8.45131230354309,1.4230204792311223,1.418898344039917,0.26134127378463745,0.221957728266716
8.454378604888916,1.423209980913164,1.418898344039917,-0.035751886665821075,0.2565651834011078
8.45744514465332,1.423400032202828,1.4192798137664795,0.057907987385988235,0.26169222593307495
8.460514068603516,1.4235907660655878,1.4192798137664795,0.018631266430020332,0.20315861701965332
8.463584184646606,1.4237821086383513,1.419661283493042,0.3036392629146576,0.2381933331489563
8.466657161712646,1.4239741642818424,1.419661283493042,0.1284046620130539,0.15573357045650482
8.469724655151367,1.4241664100724432,1.4200427532196045,0.06596475094556808,0.24203860759735107
8.472790956497192,1.424359112516173,1.4200427532196045,-0.16566720604896545,0.21725794672966003
8.475857257843018,1.4245523455051738,1.420424222946167,0.032730601727962494,0.21554894745349884
8.478923797607422,1.424746123408698,1.420424222946167,0.1727168709039688,0.29031816124916077
8.481990575790405,1.4249404456308765,1.420424222946167,0.05690089240670204,0.2048676311969757
8.485056400299072,1.425135235730142,1.4208056926727295,0.2885328531265259,0.21896696090698242
8.488122940063477,1.4253305989587481,1.4208056926727295,0.173723965883255,0.2390478402376175
8.491189002990723,1.425526458707329,1.421187162399292,0.1606317162513733,0.13949798047542572
8.494258165359497,1.4257230433761308,1.421187162399292,0.15458914637565613,0.2548561692237854
8.497334957122803,1.4259206451473334,1.4215686321258545,0.13847562670707703,0.2710917890071869
8.500413179397583,1.4261188675049312,1.421950101852417,-0.13847562670707703,0.27878233790397644
8.503489017486572,1.4263174638152094,1.421950101852417,0.13243305683135986,0.2381933331489563
8.506558656692505,1.426516184830926,1.4223315715789795,0.12437628954648972,0.2236667424440384
8.509600162506104,1.4267136010606414,1.4223315715789795,0.1928587704896927,0.24588388204574585
8.512667655944824,1.4269132240769324,1.4223315715789795,0.0961776152253151,0.2698100209236145
8.515734910964966,1.4271133529869484,1.422713041305542,0.2049439251422882,0.2399023473262787
8.518801927566528,1.4273139869258844,1.422713041305542,0.1576104313135147,0.2236667424440384
8.521868705749512,1.4275151250273581,1.4230945110321045,0.270405113697052,0.19632257521152496
8.52493667602539,1.4277168606081716,1.423475980758667,0.08308537304401398,0.3197985887527466
8.528015375137329,1.4279198230366297,1.423475980758667,0.2683909237384796,0.26340124011039734
8.531092166900635,1.4281231807595376,1.423475980758667,0.143511101603508,0.2394750863313675
8.534165143966675,1.4283268055012663,1.4238574504852295,0.24422064423561096,0.252719908952713
8.53723669052124,1.4285308531576804,1.4238574504852295,0.06999313086271286,0.24203860759735107
8.540308952331543,1.428735465334201,1.424238920211792,0.03978027030825615,0.26340124011039734
8.543378114700317,1.4289403866099446,1.424238920211792,0.2865186631679535,0.2574197053909302
8.54644513130188,1.4291456785773191,1.4246203899383545,0.17775234580039978,0.2723735272884369
8.54951286315918,1.4293515316175887,1.4246203899383545,0.030716411769390106,0.27579155564308167
8.552581548690796,1.4295579613829463,1.425001859664917,0.01762416958808899,0.22922103106975555
8.555658340454102,1.429765450525978,1.4253833293914795,0.18278782069683075,0.21554894745349884
8.558732986450195,1.4299733084045316,1.4253833293914795,0.10524147748947144,0.2578469514846802
8.561803102493286,1.4301813713934985,1.425764799118042,0.42146944999694824,0.2834821045398712
8.564873933792114,1.4303899932349444,1.425764799118042,0.04078736528754234,0.2587014436721802
8.567940711975098,1.4305988483753824,1.426146388053894,-0.07200732082128525,0.20059509575366974
8.571008205413818,1.4308082599461946,1.426146388053894,0.2663767337799072,0.21213091909885406
8.57407546043396,1.4310181621826175,1.4265278577804565,0.02064545638859272,0.2693827748298645
8.577142715454102,1.4312285705616743,1.4265278577804565,0.07704280316829681,0.2992904484272003
8.580214500427246,1.4314397961685017,1.426909327507019,0.21501487493515015,0.16726939380168915
8.58328127861023,1.431651182324606,1.426909327507019,0.16264592111110687,0.3048447370529175
8.58634901046753,1.4318631380850877,1.4272907972335815,0.11229114234447479,0.19845883548259735
8.589415311813354,1.4320754978175654,1.4272907972335815,0.08509956300258636,0.287754625082016
8.59248423576355,1.4322885417282583,1.427672266960144,0.16163882613182068,0.32578012347221375
8.595560073852539,1.4325025692837996,1.427672266960144,0.18278782069683075,0.286900132894516
8.598604917526245,1.4327149359934779,1.4280537366867065,0.14955367147922516,0.27579155564308167
8.601684093475342,1.4329301981759377,1.4280537366867065,0.046829938888549805,0.21939422190189362
8.604751110076904,1.4331451102638975,1.428435206413269,0.1596246212720871,0.29715418815612793
8.607818126678467,1.4333605205172344,1.428435206413269,0.21300068497657776,0.2890363931655884
8.610884428024292,1.433576377726498,1.428435206413269,-0.060929276049137115,0.2369115799665451
8.613951683044434,1.4337927986349452,1.4288166761398315,0.1273975670337677,0.27750056982040405
8.617018461227417,1.4340096816201218,1.429198145866394,0.0941634252667427,0.21469444036483765
8.62008547782898,1.4342270764017644,1.429198145866394,0.1425040066242218,0.2399023473262787
8.623155117034912,1.4344451518587622,1.429198145866394,-0.024673838168382645,0.35782405734062195
8.626233577728271,1.4346643503312069,1.4295796155929565,0.008560311049222946,0.3005722165107727
8.629311323165894,1.4348839939077564,1.429961085319519,-0.03675898537039757,0.30997177958488464
8.632388591766357,1.4351040984938006,1.429961085319519,0.12034790217876434,0.35739681124687195
8.635456562042236,1.435324029949305,1.4303425550460815,-0.007553216069936752,0.3356069326400757
8.638526439666748,1.4355445889714342,1.4303425550460815,0.1253833770751953,0.33987945318222046
8.641602993011475,1.435766119386036,1.430724024772644,0.04481574892997742,0.2715190351009369
8.64467191696167,1.4359875900864965,1.430724024772644,0.1757381558418274,0.2834821045398712
8.647738933563232,1.4362094109034358,1.4311054944992065,0.2230716347694397,0.45352864265441895
8.650805473327637,1.4364316839057099,1.4311054944992065,0.1767452508211136,0.31296253204345703
8.653871774673462,1.4366544253793325,1.431486964225769,0.1273975670337677,0.3689326345920563
8.656941652297974,1.4368779123954463,1.431486964225769,0.0961776152253151,0.3347524106502533
8.660008430480957,1.4371016582453193,1.4318684339523315,0.16566720604896545,0.3296253979206085
8.663074731826782,1.4373258525907258,1.4318684339523315,0.1586175262928009,0.46976426243782043
8.666141748428345,1.4375505818160041,1.432249903678894,0.1284046620130539,0.3646601140499115
8.669208526611328,1.4377757753208433,1.432249903678894,0.11732661724090576,0.2992904484272003
8.672275066375732,1.4380014321568466,1.432249903678894,0.1445181965827942,0.31082627177238464
8.675341844558716,1.4382275865750587,1.4326313734054565,-0.016617074608802795,0.3159533143043518
8.67840838432312,1.4384542025723537,1.433012843132019,0.27443352341651917,0.34073394536972046
8.681475639343262,1.4386813498949567,1.433012843132019,0.021652551367878914,0.32492560148239136
8.684548616409302,1.4389093999843396,1.4333943128585815,0.1576104313135147,0.29544517397880554
8.687600374221802,1.4391363490322822,1.4333943128585815,0.13746853172779083,0.3351796865463257
8.690669536590576,1.4393650676287557,1.4333943128585815,-0.057907987385988235,0.3629510998725891
8.69373869895935,1.4395942619573183,1.4337759017944336,0.13142596185207367,0.35867857933044434
8.696815490722656,1.4398245026736496,1.434157371520996,0.2532845139503479,0.38602274656295776
8.699888229370117,1.440054915532171,1.4345388412475586,0.32780957221984863,0.3949950337409973
8.702956199645996,1.440285443995914,1.4345388412475586,0.08207827806472778,0.2702372670173645
8.706023216247559,1.440516372522854,1.4345388412475586,0.0317235067486763,0.3309071362018585
8.709089756011963,1.4407477358286478,1.434920310974121,0.07704280316829681,0.3783321976661682
8.712156534194946,1.4409795869637045,1.4353017807006836,0.10322728008031845,0.32620736956596375
8.715223789215088,1.4412119432559736,1.4353017807006836,0.29356831312179565,0.40268558263778687
8.718290567398071,1.4414447315982648,1.435683250427246,0.054886702448129654,0.3838864862918854
8.721357583999634,1.44167800536402,1.4360647201538086,0.10826276242733002,0.2693827748298645
8.724426507949829,1.4419118911134388,1.4360647201538086,0.3167315125465393,0.2719462811946869
8.727503538131714,1.442146862683382,1.436446189880371,0.09718471020460129,0.34287023544311523
8.730581521987915,1.4423823750725908,1.4368276596069336,0.13948272168636322,0.3197985887527466
8.733656883239746,1.44261815338164,1.4368276596069336,0.19990845024585724,0.29672694206237793
8.736727952957153,1.4428540672079961,1.437209129333496,0.0951705202460289,0.3851682245731354
8.739795207977295,1.4430901504665317,1.4375905990600586,0.19890135526657104,0.3210803270339966
8.7428617477417,1.4433266398168052,1.4375905990600586,0.0800640881061554,0.27963683009147644
8.745928764343262,1.4435636262601204,1.4375905990600586,-0.02568093314766884,0.2240939885377884
8.748995065689087,1.4438010167508926,1.4383535385131836,0.17976653575897217,0.29587242007255554
8.752061605453491,1.4440388841333016,1.4383535385131836,0.11229114234447479,0.2552834451198578
8.755128383636475,1.4442772276311129,1.438735008239746,0.3197528123855591,0.30698099732398987
8.758195400238037,1.444516046465989,1.4391164779663086,0.2361638844013214,0.31210803985595703
8.761261940002441,1.4447552840033802,1.439497947692871,0.07100022584199905,0.20102235674858093
8.764329433441162,1.4449950510629361,1.439497947692871,0.3469443917274475,0.2740825414657593
8.767396211624146,1.4452352163575426,1.4398794174194336,0.14048981666564941,0.3027084767818451
8.77046513557434,1.4454760033642762,1.440260887145996,0.23414969444274902,0.16598764061927795
8.773536920547485,1.445717468415999,1.4406423568725586,0.2653696537017822,0.1907682865858078
8.776602745056152,1.4459589164963023,1.4406423568725586,-0.02568093314766884,0.16812390089035034
8.779671907424927,1.4462010784141657,1.441023826599121,0.14955367147922516,0.22708477079868317
8.78273892402649,1.4464435208661084,1.4414052963256836,0.3610437214374542,0.20871290564537048
8.785805225372314,1.446686355402164,1.4414052963256836,0.13948272168636322,0.15359731018543243
8.788871765136719,1.4469296565419898,1.4417868852615356,0.1888303905725479,0.19974060356616974
8.791938304901123,1.4471734045183127,1.4421683549880981,-0.09718471020460129,0.21341268718242645
8.795007944107056,1.4474178454654518,1.4425498247146606,0.23414969444274902,0.2587014436721802
8.79808497428894,1.4476633225047042,1.4425498247146606,0.15156786143779755,0.2074311375617981
8.801159858703613,1.4479090750496884,1.4429312944412231,0.052872512489557266,0.19674982130527496
8.804236650466919,1.4481554260651586,1.4429312944412231,-0.01762416958808899,0.18692301213741302
8.80730390548706,1.4484014566785968,1.4433127641677856,0.1757381558418274,0.20059509575366974
8.810370445251465,1.4486478713440585,1.4436942338943481,0.329823762178421,0.1723964363336563
8.813441038131714,1.4488950530324196,1.4440757036209106,0.2240787297487259,0.2240939885377884
8.816510200500488,1.449142559960106,1.4440757036209106,0.10524147748947144,0.20059509575366974
8.819580793380737,1.4493906219276758,1.4444571733474731,-0.010574501939117908,0.13266193866729736
8.82260537147522,1.4496353955761179,1.4448386430740356,0.28148317337036133,0.20315861701965332
8.825675964355469,1.4498843277791722,1.4448386430740356,0.0941634252667427,0.22580300271511078
8.828754186630249,1.450134317145178,1.4452201128005981,-0.09919890016317368,0.20144960284233093
8.831830501556396,1.4503845894637695,1.4456015825271606,0.18480201065540314,0.2061493843793869
8.834897994995117,1.4506345790196045,1.4459830522537231,0.32680246233940125,0.1749599426984787
8.837968111038208,1.4508852162154915,1.4459830522537231,0.30666056275367737,0.2386205792427063
8.841038942337036,1.451136345114889,1.4463645219802856,0.24119935929775238,0.22964827716350555
8.84410548210144,1.451387554579438,1.4463645219802856,0.05891508236527443,0.19760432839393616
8.847172975540161,1.4516392726560963,1.4467459917068481,0.13847562670707703,0.16940565407276154
8.850239753723145,1.4518913615083209,1.4471274614334106,0.17070268094539642,0.17068742215633392
8.853310346603394,1.4521441932108803,1.4475089311599731,0.2834973633289337,0.1732509285211563
8.856376647949219,1.452397099260802,1.4475089311599731,0.20292973518371582,0.2548561692237854
8.859443187713623,1.4526504514977567,1.4478904008865356,0.13444724678993225,0.16598764061927795
8.862510681152344,1.4529043083226207,1.4478904008865356,0.10725566744804382,0.1271076500415802
8.865577697753906,1.4531585505070719,1.4482718706130981,0.11531242728233337,0.2651102542877197
8.868600845336914,1.453409570940989,1.4482718706130981,-0.09718471020460129,0.21853971481323242
8.871667623519897,1.4536646339799084,1.4486533403396606,0.29356831312179565,0.1758144497871399
8.874735116958618,1.4539201785530182,1.4486533403396606,-0.0317235067486763,0.2505836486816406
8.877801895141602,1.4541760845394816,1.4490348100662231,0.18480201065540314,0.2390478402376175
8.880868434906006,1.4544323905822898,1.4494163990020752,0.13041886687278748,0.2851911187171936
8.88393497467041,1.454689115608315,1.4497978687286377,0.015609979629516602,0.2236667424440384
8.887001276016235,1.4549462386557988,1.4497978687286377,0.1273975670337677,0.2685282528400421
8.89006757736206,1.4552037787140295,1.4497978687286377,-0.0005035477224737406,0.23263904452323914
8.89314603805542,1.4554627585730249,1.4501793384552002,0.008560311049222946,0.29159989953041077
8.896219491958618,1.455721734601212,1.4505608081817627,0.16768139600753784,0.29373615980148315
8.899298667907715,1.455981610010216,1.4505608081817627,0.12336919456720352,0.3001449704170227
8.902374029159546,1.4562415793384267,1.4509422779083252,0.09718471020460129,0.29758143424987793
8.905442476272583,1.4565013774397029,1.4509422779083252,0.03474479168653488,0.2826276123523712
8.908512115478516,1.4567616885266155,1.4513237476348877,0.16365301609039307,0.18606851994991302
8.91158127784729,1.45702237024689,1.4517052173614502,0.16365301609039307,0.24374762177467346
8.914602518081665,1.457279382182276,1.4520866870880127,0.1757381558418274,0.24075685441493988
8.917669534683228,1.4575406937253148,1.4520866870880127,0.23314259946346283,0.19461356103420258
8.920736312866211,1.4578023924780783,1.4524681568145752,0.14955367147922516,0.24332036077976227
8.923802852630615,1.458064477373952,1.4524681568145752,0.08509956300258636,0.3163805603981018
8.926872491836548,1.4583272332807518,1.4528496265411377,0.18480201065540314,0.29459068179130554
8.929950952529907,1.4585911513820133,1.4528496265411377,0.11934080719947815,0.3159533143043518
8.933027505874634,1.4588553122753132,1.4532310962677002,0.10624857246875763,0.19632257521152496
8.936100721359253,1.4591195911092816,1.4536125659942627,0.010574501939117908,0.2373388260602951
8.939171075820923,1.4593840266817344,1.4536125659942627,0.22810712456703186,0.3142443001270294
8.942237854003906,1.4596485551426437,1.4539940357208252,-0.02668802998960018,0.32578012347221375
8.94530439376831,1.4599134626726824,1.4543755054473877,0.18480201065540314,0.29629969596862793
8.948375225067139,1.4601791404051463,1.4543755054473877,0.14552529156208038,0.2881819009780884
8.951442003250122,1.4604448654499707,1.4547569751739502,0.19890135526657104,0.3035629689693451
8.954509019851685,1.4607110079232086,1.4551384449005127,0.13444724678993225,0.3168078064918518
8.95757794380188,1.4609777120744503,1.4551384449005127,0.30766767263412476,0.31253528594970703
8.960603475570679,1.4612410321963416,1.4555199146270752,0.14048981666564941,0.24203860759735107
8.963673830032349,1.4615086451581722,1.4559013843536377,0.10826276242733002,0.32535287737846375
8.966740846633911,1.4617763602406435,1.4559013843536377,0.08812084794044495,0.34158846735954285
8.969810485839844,1.46204469658977,1.4562828540802002,0.19789426028728485,0.286900132894516
8.972877502441406,1.4623131946927266,1.4566643238067627,0.029709314927458763,0.18222324550151825
8.975944757461548,1.4625821035607647,1.4566643238067627,0.17875944077968597,0.21939422190189362
8.97901177406311,1.4628513803905632,1.4570459127426147,0.2542915940284729,0.25998321175575256
8.982078313827515,1.4631210031137922,1.4574273824691772,0.06495765596628189,0.251010924577713
8.985144853591919,1.4633910125644813,1.4574273824691772,0.10423437505960464,0.2360570728778839
8.98821210861206,1.4636614708535411,1.4581903219223022,0.0800640881061554,0.18777751922607422
8.991281509399414,1.4639325036520439,1.4581903219223022,0.11934080719947815,0.21939422190189362
8.99435305595398,1.464204110759228,1.4585717916488647,0.16667430102825165,0.29459068179130554
8.997429609298706,1.4644765454969662,1.4585717916488647,0.052872512489557266,0.2723735272884369
9.000506162643433,1.464749364426694,1.4589532613754272,0.02568093314766884,0.2582741975784302
9.003579378128052,1.4650222699152073,1.4593347311019897,0.18782329559326172,0.2544289231300354
9.006602048873901,1.4652910589395525,1.4597162008285522,0.1102769523859024,0.27493706345558167
9.009669542312622,1.4655642099262707,1.4597162008285522,0.01762416958808899,0.2548561692237854
9.012737035751343,1.4658377388051798,1.4600976705551147,0.04179446026682854,0.3005722165107727
9.015804052352905,1.4661116019527294,1.4604791402816772,0.13847562670707703,0.29159989953041077
9.01887059211731,1.466385798176419,1.4608606100082397,0.05992217734456062,0.2082856446504593
9.021997690200806,1.4666657950232111,1.4608606100082397,0.1263904720544815,0.27450981736183167
9.02506685256958,1.466940982116594,1.4612420797348022,0.17775234580039978,0.18051423132419586
9.028145551681519,1.467217399216715,1.4616235494613647,0.16667430102825165,0.24887464940547943
9.031222105026245,1.4674939977427275,1.4620050191879272,-0.13444724678993225,0.24673838913440704
9.03429365158081,1.4677705181390417,1.4623864889144897,0.27745479345321655,0.18735027313232422
9.037361145019531,1.4680470435888253,1.4623864889144897,0.07100022584199905,0.22537575662136078
9.040428638458252,1.4683239377077508,1.4627679586410522,0.05992217734456062,0.2377660721540451
9.043497323989868,1.4686013072883533,1.4627679586410522,0.06697184592485428,0.2582741975784302
9.046569585800171,1.4688793676548353,1.4631494283676147,0.21803615987300873,0.32620736956596375
9.04960012435913,1.4691540110691514,1.4635308980941772,0.21602196991443634,0.29245442152023315
9.052666902542114,1.4694323009397245,1.4635308980941772,0.15257495641708374,0.2211032211780548
9.055733680725098,1.4697109541640794,1.4639123678207397,0.16466011106967926,0.2732280492782593
9.058800458908081,1.4699899697075778,1.4642938375473022,0.12941177189350128,0.21341268718242645
9.061866521835327,1.4702692813339535,1.4642938375473022,0.2069581151008606,0.23562981188297272
9.06493353843689,1.4705490400839418,1.4646753072738647,0.08812084794044495,0.2646830081939697
9.068000793457031,1.4708291798863997,1.4650568962097168,0.2875257432460785,0.35654231905937195
9.071070909500122,1.4711099397726677,1.4654383659362793,0.22609293460845947,0.3018539845943451
9.074137449264526,1.471390729888652,1.4654383659362793,0.29155412316322327,0.27621880173683167
9.077204704284668,1.4716719416488608,1.4658198356628418,0.21702906489372253,0.24374762177467346
9.08027172088623,1.4719534866574435,1.4662013053894043,0.2845044732093811,0.2860456109046936
9.083338499069214,1.4722353637861736,1.4662013053894043,0.2230716347694397,0.2552834451198578
9.086404800415039,1.472517549951082,1.4665827751159668,0.2563057839870453,0.33902496099472046
9.089477777481079,1.4728007034081936,1.4669642448425293,0.1888303905725479,0.34799724817276
9.092549562454224,1.473084099084109,1.4669642448425293,0.1273975670337677,0.3150987923145294
9.095609188079834,1.4733667218253013,1.4673457145690918,0.14653238654136658,0.32193484902381897
9.098692417144775,1.473651876000551,1.4673457145690918,0.015609979629516602,0.2574197053909302
9.101767539978027,1.4739366305092885,1.4677271842956543,0.2401922643184662,0.26340124011039734
9.104835510253906,1.4742210699995077,1.4681086540222168,0.23918516933918,0.2369115799665451
9.107905864715576,1.47450607677857,1.4681086540222168,0.1898374855518341,0.21683070063591003
9.110975980758667,1.4747914067049959,1.4684901237487793,0.27846190333366394,0.3672236204147339
9.114043712615967,1.4750768588532783,1.4688715934753418,0.04179446026682854,0.37576866149902344
9.11711072921753,1.4753625869359053,1.4692530632019043,0.29558250308036804,0.30911725759506226
9.120178699493408,1.4756487454112002,1.4692530632019043,-0.035751886665821075,0.3163805603981018
9.123245239257812,1.4759351107573164,1.4696345329284668,-0.07100022584199905,0.31253528594970703
9.126328468322754,1.476223376542829,1.4700160026550293,0.27946898341178894,0.287754625082016
9.12940764427185,1.4765116044860371,1.4700160026550293,-0.06596475094556808,0.30569925904273987
9.132487773895264,1.4768002616553568,1.4703974723815918,-0.011581597849726677,0.2898908853530884
9.135564088821411,1.4770888996264167,1.4707789421081543,0.004531929735094309,0.3138170540332794
9.138604164123535,1.4773744684662677,1.4707789421081543,0.26134127378463745,0.3356069326400757
9.141674041748047,1.4776631696934883,1.4711604118347168,0.16163882613182068,0.3343251645565033
9.144740581512451,1.4779518899398885,1.4711604118347168,0.0629434660077095,0.4313115179538727
9.147814989089966,1.4782416839007062,1.4715418815612793,0.07704280316829681,0.2740825414657593
9.15088152885437,1.4785310672588872,1.4719233512878418,0.13344015181064606,0.25912871956825256
9.153947830200195,1.478820757598442,1.4723048210144043,0.3368734121322632,0.2232394963502884
9.157013893127441,1.4791107537673591,1.4726864099502563,0.19487297534942627,0.3039902448654175
9.160079956054688,1.4794010772013062,1.4726864099502563,0.21300068497657776,0.3334706723690033
9.163146734237671,1.4796917946639658,1.4730678796768188,0.40636301040649414,0.2386205792427063
9.166213035583496,1.479982792109037,1.4734493494033813,0.2895399332046509,0.3356069326400757
9.1692795753479,1.4802741362972873,1.4738308191299438,0.1747310608625412,0.3031357228755951
9.172346830368042,1.4805658716009942,1.4738308191299438,0.10121309012174606,0.3014267086982727
9.175413131713867,1.4808578381629751,1.4742122888565063,0.16264592111110687,0.3851682245731354
9.178482294082642,1.4811503984252152,1.4745937585830688,0.19487297534942627,0.27750056982040405
9.181552648544312,1.481443392849312,1.4749752283096313,0.16264592111110687,0.3296253979206085
9.184599876403809,1.4817344962758046,1.4749752283096313,0.10222018510103226,0.23263904452323914
9.187666416168213,1.4820277612036394,1.4757381677627563,0.27544060349464417,0.3150987923145294
9.190732717514038,1.4823213198313887,1.4757381677627563,0.07804989814758301,0.22452124953269958
9.193783044815063,1.4826136620916548,1.4761196374893188,0.16365301609039307,0.23434805870056152
9.196849822998047,1.4829078945646945,1.4765011072158813,0.22508582472801208,0.3014267086982727
9.199917316436768,1.4832025090892254,1.4768825769424438,0.21702906489372253,0.2894636392593384
9.20298433303833,1.4834973901143305,1.4772640466690063,0.2683909237384796,0.26211947202682495
9.206058979034424,1.4837933170140463,1.4776455163955688,0.2401922643184662,0.21341268718242645
9.209125995635986,1.4840888200700304,1.4776455163955688,-0.03373769670724869,0.2373388260602951
9.21219253540039,1.4843845860936182,1.4780269861221313,0.14552529156208038,0.21255818009376526
9.21526050567627,1.4846807980926244,1.4784084558486938,0.2371709793806076,0.24289311468601227
9.218327522277832,1.4849772248462378,1.4787899255752563,0.14955367147922516,0.18265049159526825
9.221394777297974,1.4852739803616766,1.4791713953018188,0.329823762178421,0.21853971481323242
9.224461555480957,1.485570994300781,1.4795528650283813,0.05589379742741585,0.221530482172966
9.227530241012573,1.4858684966782079,1.4799343347549438,0.10624857246875763,0.1753872036933899
9.23060131072998,1.4861665332522773,1.4803158044815063,0.270405113697052,0.2061493843793869
9.233676433563232,1.4864652658281048,1.4803158044815063,0.143511101603508,0.20401312410831451
9.236748456954956,1.4867639985991332,1.4806973934173584,0.12336919456720352,0.12497138977050781
9.239818811416626,1.4870628688590881,1.481078863143921,0.2079652100801468,0.20401312410831451
9.24288535118103,1.4873616658249564,1.4814603328704834,0.13344015181064606,0.26211947202682495
9.245951652526855,1.4876607362612615,1.4814603328704834,-0.11833371222019196,0.2651102542877197
9.249019622802734,1.4879602652968902,1.481841802597046,0.13243305683135986,0.2052948772907257
9.25208592414856,1.4882599259414868,1.4822232723236084,0.057907987385988235,0.2399023473262787
9.255152463912964,1.4885599032758823,1.482604742050171,0.2583199739456177,0.20315861701965332
9.258219003677368,1.4888601728979216,1.4829862117767334,0.3489585816860199,0.1903410404920578
9.261285543441772,1.489160733692878,1.483367681503296,0.20897230505943298,0.2681010067462921
9.264352083206177,1.489461584544945,1.4837491512298584,0.35902953147888184,0.21811245381832123
9.267419338226318,1.4897627946102725,1.4837491512298584,0.16667430102825165,0.17196917533874512
9.270488739013672,1.4900645036521427,1.484130620956421,0.09315633028745651,0.18094147741794586
9.273557901382446,1.4903664764622064,1.4845120906829834,0.1425040066242218,0.18136873841285706
9.276602745056152,1.49066633925376,1.484893560409546,0.08912795037031174,0.24844738841056824
9.279672622680664,1.490968951364779,1.484893560409546,0.09214923530817032,0.3343251645565033
9.282742500305176,1.4912718474372126,1.4852750301361084,0.06898603588342667,0.3356069326400757
9.285812854766846,1.4915750734581408,1.485656499862671,0.049851223826408386,0.191622793674469
9.288878917694092,1.4918781568540316,1.4860379695892334,0.15660333633422852,0.32492560148239136
9.291945457458496,1.4921815673328296,1.4860379695892334,0.19386588037014008,0.31338977813720703
9.295011758804321,1.4924852330319718,1.486419439315796,0.02366674318909645,0.29373615980148315
9.298078536987305,1.492789223690548,1.4868009090423584,0.2230716347694397,0.31253528594970703
9.301145792007446,1.4930935383091406,1.4868009090423584,0.060929276049137115,0.27579155564308167
9.304211854934692,1.493398010080355,1.487182378768921,0.1898374855518341,0.27579155564308167
9.307281017303467,1.4937030642948264,1.4875638484954834,0.030716411769390106,0.2552834451198578
9.310354232788086,1.4940087955653103,1.4875638484954834,0.13646143674850464,0.43430227041244507
9.313424587249756,1.4943145150777704,1.487945318222046,0.1596246212720871,0.2847638726234436
9.316492080688477,1.4946202209335866,1.488326907157898,0.27644771337509155,0.21896696090698242
9.319559335708618,1.4949261729542522,1.4887083768844604,0.21803615987300873,0.18521401286125183
9.322604894638062,1.4952302267733508,1.4887083768844604,0.16163882613182068,0.2843366265296936
9.325676918029785,1.4955371899984389,1.489089846611023,0.29658961296081543,0.37491416931152344
9.328755617141724,1.495845088485755,1.4894713163375854,0.0629434660077095,0.29416343569755554
9.331832647323608,1.4961530871970548,1.489852786064148,0.0800640881061554,0.3172350525856018
9.334900856018066,1.49646046767918,1.489852786064148,0.2522774040699005,0.35996031761169434
9.337968111038208,1.496768015741081,1.4902342557907104,0.23012131452560425,0.31168079376220703
9.341034650802612,1.497075753931921,1.490615725517273,0.057907987385988235,0.35739681124687195
9.344101428985596,1.4973837767525375,1.490615725517273,0.18077363073825836,0.35910582542419434
9.347168207168579,1.4976920591432534,1.4909971952438354,0.1757381558418274,0.30783551931381226
9.35023546218872,1.4980006479528356,1.491378664970398,0.15559624135494232,0.34415197372436523
9.353302240371704,1.498309446088752,1.4917601346969604,0.29054704308509827,0.4449836015701294
9.35636854171753,1.498618452284695,1.4917601346969604,0.18782329559326172,0.2886091470718384
9.359435319900513,1.4989277614997254,1.492141604423523,0.1898374855518341,0.37106889486312866
9.362509489059448,1.4992380709087816,1.4925230741500854,0.10624857246875763,0.3813229501247406
9.36557936668396,1.4995482005001215,1.492904543876648,0.046829938888549805,0.3206530809402466
9.368600368499756,1.499853638550268,1.492904543876648,0.17875944077968597,0.31296253204345703
9.37166714668274,1.5001639533399214,1.4932860136032104,0.10725566744804382,0.3360341787338257
9.37473440170288,1.500474565684177,1.493667483329773,0.1888303905725479,0.32791638374328613
9.377801418304443,1.5007854020267162,1.4940489530563354,0.28047609329223633,0.29031816124916077
9.380867958068848,1.5010964369634545,1.494430422782898,0.2210574448108673,0.3514152765274048
9.383935689926147,1.50140783870251,1.494430422782898,0.12941177189350128,0.30997177958488464
9.387002229690552,1.5017193640720972,1.4948118925094604,0.270405113697052,0.3813229501247406
9.390069007873535,1.5020311571248777,1.495193362236023,0.20897230505943298,0.3458609879016876
9.39313530921936,1.5023431439565509,1.4955748319625854,0.24824902415275574,0.383031964302063
9.396201848983765,1.502655396155686,1.4955748319625854,0.04481574892997742,0.29159989953041077
9.399268627166748,1.5029679126191777,1.495956301689148,0.008560311049222946,0.27792781591415405
9.402335166931152,1.5032806435953125,1.496337890625,0.26134127378463745,0.27750056982040405
9.405401945114136,1.5035936365515779,1.4967193603515625,0.2532845139503479,0.3313344120979309
9.408469200134277,1.5039069147414927,1.497100830078125,0.14955367147922516,0.29202717542648315
9.411538124084473,1.5042205990046913,1.4974822998046875,0.15156786143779755,0.3680781126022339
9.41460132598877,1.5045339322578712,1.49786376953125,0.35802242159843445,0.29501792788505554
9.417667865753174,1.5048478397971001,1.49786376953125,0.35600823163986206,0.35611504316329956
9.420734405517578,1.5051619791563526,1.4982452392578125,0.20393683016300201,0.3351796865463257
9.423800945281982,1.5054763491694132,1.498626708984375,0.29356831312179565,0.29758143424987793
9.426870584487915,1.5057912667598319,1.4990081787109375,0.21098649501800537,0.3180895745754242
9.429949283599854,1.506107343607844,1.4993896484375,0.19688716530799866,0.29031816124916077
9.433025598526001,1.5064234043652585,1.4997711181640625,0.17775234580039978,0.2830548584461212
9.436095476150513,1.50673903045529,1.4997711181640625,0.0639505609869957,0.286472886800766
9.43916654586792,1.50705500452891,1.500152587890625,0.12941177189350128,0.287754625082016
9.442233085632324,1.50737073631975,1.5005340576171875,0.19890135526657104,0.29544517397880554
9.44529938697815,1.5076866659910135,1.50091552734375,0.2583199739456177,0.2894636392593384
9.448366403579712,1.5080028906811287,1.50091552734375,0.17070268094539642,0.287327378988266
9.451434135437012,1.508319409370224,1.501678466796875,0.19789426028728485,0.3176623284816742
9.454503059387207,1.5086362702855567,1.501678466796875,0.0951705202460289,0.3031357228755951
9.457575798034668,1.50895374356241,1.5020599365234375,0.047837033867836,0.30740824341773987
9.460601568222046,1.5092665765889024,1.50244140625,0.12236209958791733,0.30698099732398987
9.463670253753662,1.5095840608171882,1.50244140625,0.11229114234447479,0.2565651834011078
9.466742038726807,1.5099020805735583,1.5028228759765625,0.13545434176921844,0.37192338705062866
9.46980905532837,1.5102198199528658,1.503204345703125,0.16768139600753784,0.3022812306880951
9.472875833511353,1.5105377465504901,1.5035858154296875,0.04481574892997742,0.3009994626045227
9.475943326950073,1.5108559581003225,1.5039674043655396,0.5252002477645874,0.3206530809402466
9.479013442993164,1.511174651624711,1.504348874092102,0.20393683016300201,0.37192338705062866
9.482089042663574,1.5114941237548194,1.504348874092102,-0.03373769670724869,0.29416343569755554
9.485155820846558,1.511812887047078,1.5047303438186646,0.10121309012174606,0.32407110929489136
9.48822283744812,1.5121318811396285,1.505111813545227,0.007553216069936752,0.35867857933044434
9.491289615631104,1.51245105525321,1.5054932832717896,0.21098649501800537,0.42020294070243835
9.49435567855835,1.5127703584809782,1.505874752998352,0.11430533230304718,0.3048447370529175
9.497422456741333,1.5130899386123835,1.5062562227249146,0.13847562670707703,0.3052719831466675
9.500492334365845,1.5134100432856739,1.5062562227249146,0.24824902415275574,0.4146486520767212
9.503564357757568,1.513730572383283,1.506637692451477,0.17070268094539642,0.29758143424987793
9.506603002548218,1.5140478151400016,1.5070191621780396,0.09819180518388748,0.24332036077976227
9.509670495986938,1.5143682666288765,1.507400631904602,0.30968186259269714,0.28091859817504883
9.512737274169922,1.5146888399269969,1.507400631904602,0.329823762178421,0.32407110929489136
9.515804052352905,1.5150096085416087,1.5077821016311646,0.051865413784980774,0.32706186175346375
9.518875122070312,1.5153310205603845,1.508163571357727,0.28148317337036133,0.29715418815612793
9.52194094657898,1.5156520766038188,1.5085450410842896,0.2895399332046509,0.33902496099472046
9.5250084400177,1.5159734991962333,1.5085450410842896,0.06193637102842331,0.3018539845943451
9.528078556060791,1.5162953874738807,1.508926510810852,0.21098649501800537,0.31168079376220703
9.531155824661255,1.5166182160924953,1.5093079805374146,0.30766767263412476,0.3330434262752533
9.534231185913086,1.5169410338821931,1.509689450263977,0.05891508236527443,0.2702372670173645
9.53730297088623,1.5172636639479624,1.5100709199905396,0.1767452508211136,0.31039902567863464
9.540369510650635,1.5175859289954452,1.510452389717102,0.3177386224269867,0.4009765684604645
9.54343557357788,1.5179083284196833,1.5108338594436646,0.3469443917274475,0.29074540734291077
9.546502828598022,1.5182310365773934,1.511215329170227,0.28047609329223633,0.29587242007255554
9.549572706222534,1.5185542031156565,1.5115967988967896,0.1576104313135147,0.2702372670173645
9.552599906921387,1.5188730546188458,1.5119783878326416,0.40837720036506653,0.30612650513648987
9.55566668510437,1.519196253387415,1.5119783878326416,0.1253833770751953,0.26169222593307495
9.558732748031616,1.51951955529539,1.512359857559204,0.15358205139636993,0.32193484902381897
9.561798572540283,1.5198430093399395,1.5127413272857666,0.21702906489372253,0.2685282528400421
9.564866065979004,1.5201668156749222,1.513122797012329,0.12135500460863113,0.3351796865463257
9.567932844161987,1.5204907215044006,1.5135042667388916,0.12034790217876434,0.2557106912136078
9.571000337600708,1.5208148767123313,1.513885736465454,0.32680246233940125,0.251438170671463
9.574066877365112,1.5211391037120732,1.513885736465454,0.1576104313135147,0.2659647464752197
9.577133178710938,1.5214634768237838,1.514648675918579,0.35802242159843445,0.22665750980377197
9.5802001953125,1.521788095768675,1.514648675918579,-0.030716411769390106,0.2587014436721802
9.583266735076904,1.5221128331881215,1.515411615371704,0.1928587704896927,0.21255818009376526
9.586334228515625,1.5224378394021219,1.515411615371704,0.18580910563468933,0.2236667424440384
9.58940052986145,1.5227628858370574,1.516174554824829,0.13948272168636322,0.21896696090698242
9.592469453811646,1.5230883757818325,1.516174554824829,0.16365301609039307,0.22793926298618317
9.595543384552002,1.523414561507149,1.516937494277954,0.24321354925632477,0.24203860759735107
9.59860110282898,1.5237391892585552,1.5173189640045166,0.12941177189350128,0.20273137092590332
9.601667165756226,1.5240648643497665,1.5173189640045166,0.304646372795105,0.2070038914680481
9.60473346710205,1.5243907252128202,1.517700433731079,-0.054886702448129654,0.19760432839393616
9.607800245285034,1.5247167960311343,1.5180819034576416,0.3006179928779602,0.20144960284233093
9.610866785049438,1.5250429995642731,1.518463373184204,0.24925611913204193,0.191622793674469
9.613934993743896,1.5253695376050533,1.5188448429107666,0.14854657649993896,0.2399023473262787
9.617002010345459,1.525696104489553,1.5188448429107666,0.2573128938674927,0.22879377007484436
9.620075941085815,1.52602356256358,1.5196079015731812,0.23112840950489044,0.2561379373073578
9.623142957687378,1.526350437520083,1.5196079015731812,0.1918516755104065,0.24332036077976227
9.626212120056152,1.5266776933670765,1.5199893712997437,0.23414969444274902,0.25955596566200256
9.629290103912354,1.527006041510719,1.5203708410263062,0.26134127378463745,0.24460211396217346
9.63236665725708,1.5273343876256564,1.5207523107528687,0.13545434176921844,0.2668192684650421
9.635445356369019,1.5276631122151718,1.5211337804794312,0.13948272168636322,0.21982146799564362
9.638515949249268,1.52799111897619,1.5211337804794312,0.11631952226161957,0.3035629689693451
9.641587972640991,1.5283194249377587,1.5215152502059937,0.27443352341651917,0.2984359562397003
9.644668817520142,1.5286488194747743,1.5218967199325562,0.14753948152065277,0.34415197372436523
9.647736072540283,1.5289769048730628,1.5222781896591187,0.2059510201215744,0.2082856446504593
9.65080213546753,1.5293050049869388,1.5226596593856812,0.11430533230304718,0.26211947202682495
9.653869152069092,1.5296333482003475,1.5230411291122437,0.17070268094539642,0.3458609879016876
9.656935691833496,1.5299617801821743,1.5234225988388062,0.23918516933918,0.3646601140499115
9.66000247001648,1.5302903763017892,1.5234225988388062,0.29256123304367065,0.251865416765213
9.663068771362305,1.5306190586858184,1.5238040685653687,0.270405113697052,0.40695810317993164
9.666135787963867,1.5309479539122735,1.5241855382919312,0.07301442325115204,0.3454337418079376
9.66920280456543,1.531276984106198,1.5245670080184937,0.0005035477224737406,0.2719462811946869
9.672269582748413,1.5316061224525555,1.5249484777450562,0.14955367147922516,0.29373615980148315
9.675347805023193,1.5319366222663298,1.5253299474716187,0.43758296966552734,0.3620965778827667
9.678426265716553,1.5322672799508892,1.5253299474716187,0.30968186259269714,0.3514152765274048
9.681493520736694,1.5325968643606822,1.5257114171981812,0.13243305683135986,0.34671550989151
9.68456244468689,1.532926757070411,1.5260928869247437,0.13344015181064606,0.32492560148239136
9.68760371208191,1.5332538029095704,1.5264743566513062,0.16264592111110687,0.34073394536972046
9.690673351287842,1.5335840257726772,1.5268558263778687,0.26134127378463745,0.2689555287361145
9.693740606307983,1.533914117398672,1.5268558263778687,0.06697184592485428,0.39072251319885254
9.696810722351074,1.5342446410668307,1.5272372961044312,0.19890135526657104,0.3163805603981018
9.69987964630127,1.5345751592979187,1.5276188850402832,0.2502632141113281,0.37491416931152344
9.702949047088623,1.5349058505606445,1.5280003547668457,0.173723965883255,0.3304798901081085
9.70601773262024,1.5352365851776986,1.5280003547668457,0.1586175262928009,0.29074540734291077
9.709084749221802,1.53556725899593,1.5283818244934082,0.1918516755104065,0.34799724817276
9.712151288986206,1.535897999189368,1.5287632942199707,0.0961776152253151,0.3317616581916809
9.715217113494873,1.5362287787474302,1.5291447639465332,0.21400777995586395,0.4813000559806824
9.718284368515015,1.5365598279945785,1.5295262336730957,0.1757381558418274,0.3544060289859772
9.721351623535156,1.5368909913868418,1.5295262336730957,0.15660333633422852,0.383459210395813
9.724417924880981,1.5372221646760138,1.5302891731262207,0.365072101354599,0.3616693317890167
9.727447748184204,1.5375495078215822,1.5302891731262207,0.2210574448108673,0.27536430954933167
9.730525970458984,1.537882190388133,1.5306706428527832,0.12941177189350128,0.3984130620956421
9.733603477478027,1.5382149056305259,1.5310521125793457,0.1284046620130539,0.29117265343666077
9.736672163009644,1.5385467754200606,1.5314335823059082,0.15056076645851135,0.3368886709213257
9.739738941192627,1.5388785457007037,1.5318150520324707,0.19990845024585724,0.2843366265296936
9.742805480957031,1.539210395676712,1.5318150520324707,0.04078736528754234,0.32278934121131897
9.745872020721436,1.539542349904593,1.5321965217590332,0.1284046620130539,0.3693598806858063
9.74893856048584,1.5398744071519936,1.5325779914855957,0.21400777995586395,0.32321658730506897
9.752009391784668,1.540207031103965,1.5329594612121582,0.24925611913204193,0.41806668043136597
9.755075454711914,1.5405392391585986,1.5329594612121582,0.07301442325115204,0.383459210395813
9.75814175605774,1.5408715723452109,1.5333409309387207,0.15156786143779755,0.2715190351009369
9.761208057403564,1.541204003601463,1.5337224006652832,0.32579538226127625,0.4257572293281555
9.764274835586548,1.5415365834119685,1.5341038703918457,0.3006179928779602,0.3185168206691742
9.767342329025269,1.5418693364534173,1.5344853401184082,-0.07502861320972443,0.29672694206237793
9.77041220664978,1.5422024426739185,1.5348668098449707,0.002517738612368703,0.34757000207901
9.773481607437134,1.542535590479125,1.5352483987808228,0.41744107007980347,0.35867857933044434
9.776550531387329,1.5428687785867414,1.5356298685073853,0.1606317162513733,0.3291981518268585
9.779603481292725,1.5432003225239725,1.5360113382339478,0.32579538226127625,0.4945448935031891
9.782673120498657,1.543533768258751,1.5363928079605103,0.29558250308036804,0.30612650513648987
9.785739660263062,1.543866965557157,1.5363928079605103,0.0941634252667427,0.31168079376220703
9.788805961608887,1.5442002239046357,1.5367742776870728,0.24119935929775238,0.30612650513648987
9.791872262954712,1.5445335679663317,1.5371557474136353,0.03474479168653488,0.29416343569755554
9.794938802719116,1.5448670224337304,1.5375372171401978,-0.04078736528754234,0.2505836486816406
9.798006296157837,1.5452006638941673,1.5379186868667603,0.0790569931268692,0.37448692321777344
9.801072359085083,1.5455342317697531,1.5383001565933228,0.4113985002040863,0.29159989953041077
9.804139375686646,1.54586798418654,1.5386816263198853,0.32277408242225647,0.34116122126579285
9.807206392288208,1.5462018161641884,1.5390630960464478,0.34090182185173035,0.2561379373073578
9.810273170471191,1.5465357005030207,1.5390630960464478,0.1606317162513733,0.31296253204345703
9.813339710235596,1.5468696359452065,1.5394445657730103,0.4325474798679352,0.3761959373950958
9.816406488418579,1.5472036731767265,1.5398260354995728,0.27443352341651917,0.39157700538635254
9.819473505020142,1.5475378109748423,1.5402075052261353,0.22911421954631805,0.41721218824386597
9.822540044784546,1.5478719701664707,1.5405889749526978,0.2834973633289337,0.382177472114563
9.825602293014526,1.548205733657692,1.5409704446792603,-0.004531929735094309,0.3659418523311615
9.828680038452148,1.5485412574298283,1.5413519144058228,0.18480201065540314,0.2830548584461212
9.831764459609985,1.5488775793117706,1.5417333841323853,0.1253833770751953,0.2890363931655884
9.834832191467285,1.5492121500155602,1.5417333841323853,0.16667430102825165,0.3027084767818451
9.837898969650269,1.549546683852616,1.5421148538589478,-0.08812084794044495,0.31168079376220703
9.84096646308899,1.54988136162448,1.5424963235855103,0.05992217734456062,0.3150987923145294
9.84403395652771,1.550216104073346,1.5428777933120728,0.2563057839870453,0.24203860759735107
9.847100257873535,1.5505507798309226,1.5432593822479248,0.16566720604896545,0.26041045784950256
9.850169658660889,1.5508858561171899,1.5436408519744873,0.1284046620130539,0.26340124011039734
9.853238582611084,1.5512209413559683,1.5440223217010498,0.19789426028728485,0.27963683009147644
9.856305122375488,1.5515558259609392,1.5444037914276123,0.03474479168653488,0.3168078064918518
9.859371423721313,1.5518907429428668,1.5447852611541748,0.047837033867836,0.23135729134082794
9.862439155578613,1.5522258733805698,1.5451667308807373,0.06495765596628189,0.32748913764953613
9.865505695343018,1.5525609295336302,1.5451667308807373,0.13746853172779083,0.2663919925689697
9.868574857711792,1.5528963269965317,1.5455482006072998,0.043808650225400925,0.30997177958488464
9.871660709381104,1.5532336022335442,1.5459296703338623,0.2522774040699005,0.286472886800766
9.874727725982666,1.5535688712195943,1.5463111400604248,0.0015106431674212217,0.30612650513648987
9.877795696258545,1.5539042954426576,1.5466926097869873,0.2532845139503479,0.29672694206237793
9.880863666534424,1.5542397694140853,1.5470740795135498,-0.032730601727962494,0.2839093506336212
9.883929967880249,1.5545751093551174,1.5474555492401123,0.3972991406917572,0.3351796865463257
9.886995792388916,1.554910444341158,1.5478370189666748,0.08207827806472778,0.2548561692237854
9.8900625705719,1.5552459296051802,1.5478370189666748,0.21199358999729156,0.3138170540332794
9.893129110336304,1.555581433510833,1.5485999584197998,0.24220645427703857,0.3458609879016876
9.89619517326355,1.5559169287123686,1.5485999584197998,0.14552529156208038,0.37277790904045105
9.899262189865112,1.5562525705036852,1.5489814281463623,0.19688716530799866,0.27835509181022644
9.902328729629517,1.556588201099344,1.5493628978729248,0.17976653575897217,0.35996031761169434
9.905395984649658,1.556923949731246,1.5497443675994873,0.0639505609869957,0.2860456109046936
9.908469438552856,1.557260415532528,1.5501258373260498,0.2875257432460785,0.26126497983932495
9.911541223526001,1.5575967360085554,1.5505073070526123,0.2653696537017822,0.29758143424987793
9.91460108757019,1.5579317872069889,1.5508888959884644,0.26335546374320984,0.2843366265296936
9.917667865753174,1.5582676302103162,1.5512703657150269,0.31169605255126953,0.29501792788505554
9.920735120773315,1.5586035589485234,1.5512703657150269,0.27443352341651917,0.30869001150131226
9.92380166053772,1.5589394416114442,1.5516518354415894,0.15257495641708374,0.29245442152023315
9.926870346069336,1.559275590345122,1.5520333051681519,0.16969558596611023,0.27493706345558167
9.92994737625122,1.559612683088868,1.5524147748947144,0.0639505609869957,0.3052719831466675
9.933019161224365,1.5599492298458466,1.5527962446212769,0.13243305683135986,0.31338977813720703
9.936086177825928,1.560285281467924,1.5531777143478394,0.02870221994817257,0.2364843189716339
9.939152717590332,1.5606213068583557,1.5535591840744019,0.24522773921489716,0.22879377007484436
9.942219734191895,1.560957409271009,1.5539406538009644,0.3157244324684143,0.34287023544311523
9.945286273956299,1.5612934829487073,1.5543221235275269,0.21602196991443634,0.2377660721540451
9.94835352897644,1.5616296572919133,1.5547035932540894,0.20192264020442963,0.30740824341773987
9.951420068740845,1.5619657742671094,1.5550850629806519,0.20091554522514343,0.23520256578922272
9.95448899269104,1.562302172365048,1.5554665327072144,0.270405113697052,0.31082627177238464
9.957558870315552,1.5626386935622714,1.5554665327072144,0.20292973518371582,0.29544517397880554
9.96060299873352,1.5629724092214186,1.5558480024337769,0.0790569931268692,0.37064164876937866
9.96367359161377,1.5633090420809348,1.5562294721603394,0.18681620061397552,0.32150760293006897
9.96674108505249,1.5636453499496115,1.5566109418869019,0.19386588037014008,0.27750056982040405
9.969812393188477,1.5639820896189418,1.5569924116134644,0.10121309012174606,0.27536430954933167
9.972880125045776,1.564318449489609,1.5573738813400269,0.17170977592468262,0.2834821045398712
9.97594690322876,1.5646547158390083,1.5577553510665894,0.11631952226161957,0.37363240122795105
9.979013681411743,1.5649909919818652,1.5581368207931519,0.269398033618927,0.32877087593078613
9.982080459594727,1.5653272766695876,1.5585182905197144,0.0800640881061554,0.2587014436721802
9.98514723777771,1.5656635686535525,1.5585182905197144,0.004531929735094309,0.3180895745754242
9.988219261169434,1.5660004418708477,1.5588998794555664,0.20897230505943298,0.29159989953041077
9.991289138793945,1.5663370845951667,1.559281349182129,0.173723965883255,0.3044174909591675
9.99435567855835,1.56667336483847,1.5596628189086914,0.14048981666564941,0.37320515513420105
9.997422218322754,1.5670096473796402,1.560044288635254,0.08107118308544159,0.32535287737846375
10.000492095947266,1.567346297007559,1.5604257583618164,0.17775234580039978,0.3052719831466675
10.00356411933899,1.5676831817438188,1.5604257583618164,0.10322728008031845,0.37192338705062866
10.006603240966797,1.568016456972944,1.560807228088379,0.060929276049137115,0.3172350525856018
10.00967264175415,1.5683530499819471,1.5611886978149414,0.0005035477224737406,0.3450064957141876
10.012739181518555,1.5686893253095517,1.561570167541504,0.2230716347694397,0.29587242007255554
10.015806198120117,1.5690256477394033,1.5619516372680664,0.22911421954631805,0.35526055097579956
10.018879413604736,1.5693626434682482,1.562333106994629,0.12236209958791733,0.31296253204345703
10.02194619178772,1.5696989256157492,1.562333106994629,0.270405113697052,0.2698100209236145
10.025012969970703,1.5700351988275836,1.5627145767211914,0.18782329559326172,0.34671550989151
10.028082609176636,1.57037177555261,1.563096046447754,0.20393683016300201,0.35696956515312195
10.03115963935852,1.5707091511782516,1.5634775161743164,0.2573128938674927,0.3304798901081085
10.034233808517456,1.5710462003586108,1.563858985900879,0.2895399332046509,0.45566490292549133
10.037301778793335,1.5713825559367502,1.5642404556274414,0.15257495641708374,0.3608148396015167
10.04036831855774,1.5717187394934269,1.5642404556274414,0.027695124968886375,0.34415197372436523
10.043434619903564,1.5720548804816465,1.564621925354004,0.11732661724090576,0.46720072627067566
10.04650092124939,1.5723910037920497,1.5650033950805664,0.07704280316829681,0.3779049217700958
10.049568176269531,1.5727272127083753,1.565384864807129,0.12034790217876434,0.3206530809402466
10.052603006362915,1.5730598475908248,1.5657663345336914,0.2240787297487259,0.37363240122795105
10.05567193031311,1.5733961980264095,1.5657663345336914,-0.015609979629516602,0.3838864862918854
10.058738708496094,1.573732290617188,1.566529393196106,0.24321354925632477,0.38773176074028015
10.061805248260498,1.5740683331706256,1.566529393196106,0.15660333633422852,0.3796139359474182
10.064875364303589,1.5744047424258063,1.5669108629226685,0.3469443917274475,0.29672694206237793
10.067947149276733,1.574741308067031,1.567292332649231,0.11229114234447479,0.4253299832344055
10.071014404296875,1.5750773496893904,1.567292332649231,0.1112840473651886,0.34158846735954285
10.07408094406128,1.5754132840454194,1.5676738023757935,0.1928587704896927,0.4274662435054779
10.077147245407104,1.5757491621382742,1.568055272102356,0.2079652100801468,0.37021440267562866
10.080213785171509,1.5760850349530529,1.5684367418289185,0.32780957221984863,0.47019150853157043
10.083280086517334,1.576420849015913,1.568818211555481,0.1898374855518341,0.4313115179538727
10.08634614944458,1.5767566030881253,1.568818211555481,0.0961776152253151,0.4466926157474518
10.089413166046143,1.577092426453037,1.5691996812820435,0.13646143674850464,0.4565194249153137
10.092483282089233,1.5774285527427243,1.569581151008606,0.1445181965827942,0.45523765683174133
10.095552921295166,1.5777645891178789,1.5699626207351685,-0.014602883718907833,0.34757000207901
10.098603248596191,1.5780984728135432,1.570344090461731,0.4285190999507904,0.43729305267333984
10.101672410964966,1.5784343780992505,1.570344090461731,0.07804989814758301,0.4415655732154846
10.10473895072937,1.578769954972074,1.571107029914856,0.2563057839870453,0.40695810317993164
10.107805967330933,1.5791055414063024,1.571107029914856,0.18580910563468933,0.40482184290885925
10.110872507095337,1.5794410318071157,1.5714884996414185,0.17170977592468262,0.40823987126350403
10.1139395236969,1.5797765292639898,1.571869969367981,0.17976653575897217,0.38986802101135254
10.117006540298462,1.5801119803599002,1.5722514390945435,0.15156786143779755,0.3048447370529175
10.120072603225708,1.5804472795645235,1.572632908821106,0.24321354925632477,0.4419928193092346
10.123140811920166,1.5807827645534225,1.5730143785476685,0.4124055802822113,0.4308842718601227
10.126209735870361,1.5811182775957549,1.5730143785476685,0.1908445805311203,0.42148470878601074
10.129287004470825,1.581454651306429,1.573395848274231,0.18077363073825836,0.5124894976615906
10.132360458374023,1.5817905551896172,1.574158787727356,0.29658961296081543,0.3971312940120697
10.135430097579956,1.5821259881916574,1.574158787727356,0.37312886118888855,0.38730448484420776
10.138499736785889,1.582461366013601,1.574540376663208,0.34190890192985535,0.28177309036254883
10.141568899154663,1.5827966353235534,1.5749218463897705,0.12135500460863113,0.4296025037765503
10.144603252410889,1.5831280454788232,1.575303316116333,0.17875944077968597,0.32620736956596375
10.147672891616821,1.5834632509694886,1.5756847858428955,0.13243305683135986,0.38944074511528015
10.150739908218384,1.583798109993806,1.576066255569458,0.3328450322151184,0.37064164876937866
10.153806209564209,1.5841328296521437,1.5764477252960205,0.1273975670337677,0.287754625082016
10.156879663467407,1.5844682673596944,1.576829195022583,0.13243305683135986,0.3492790162563324
10.159949779510498,1.5848032768248181,1.576829195022583,0.06797894090414047,0.32364386320114136
10.163018703460693,1.5851380910878423,1.577592134475708,0.24724192917346954,0.4099488854408264
10.166085481643677,1.585472604967299,1.5779736042022705,0.1727168709039688,0.3347524106502533
10.169151544570923,1.5858069733495135,1.578355073928833,0.16667430102825165,0.3659418523311615
10.172218084335327,1.5861413250042364,1.5787365436553955,0.14955367147922516,0.2997176945209503
10.17528486251831,1.5864756326707465,1.579118013381958,0.5030441880226135,0.32278934121131897
10.178350925445557,1.586809791165175,1.579118013381958,0.15458914637565613,0.2582741975784302
10.181418180465698,1.5871440071044258,1.5794994831085205,0.2512703239917755,0.3048447370529175
10.184487104415894,1.5874783311020573,1.5802624225616455,0.12236209958791733,0.3206530809402466
10.187558650970459,1.58781286565028,1.580643892288208,0.269398033618927,0.221957728266716
10.190600633621216,1.5881441049483758,1.580643892288208,0.1606317162513733,0.3138170540332794
10.19366717338562,1.5884779411490513,1.5810253620147705,0.20292973518371582,0.27450981736183167
10.196734189987183,1.58881175059196,1.581406831741333,0.1908445805311203,0.27835509181022644
10.199800491333008,1.5891454023016567,1.5817883014678955,0.27644771337509155,0.2710917890071869
10.202867269515991,1.5894790247630763,1.5821698904037476,0.31169605255126953,0.2847638726234436
10.205934047698975,1.5898125648454253,1.58255136013031,0.08409246802330017,0.3608148396015167
10.209000587463379,1.5901459953898598,1.5829328298568726,0.047837033867836,0.2710917890071869
10.212066650390625,1.5904792892644237,1.583314299583435,0.24220645427703857,0.252292662858963
10.215133666992188,1.5908126007142023,1.5836957693099976,0.12941177189350128,0.3659418523311615
10.218199729919434,1.5911457212190134,1.58407723903656,0.004531929735094309,0.26254671812057495
10.221271276473999,1.591479348742427,1.5844587087631226,0.3147173225879669,0.35696956515312195
10.224338054656982,1.5918123684558776,1.5844587087631226,0.11531242728233337,0.26211947202682495
10.227410793304443,1.5921459441036454,1.584840178489685,-0.004531929735094309,0.2992904484272003
10.230493545532227,1.5924805137278057,1.58560311794281,0.3811856210231781,0.24802014231681824
10.233564376831055,1.5928136956278984,1.58560311794281,0.365072101354599,0.37491416931152344
10.236603498458862,1.5931433435221718,1.5859845876693726,0.1596246212720871,0.2676737606525421
10.239672899246216,1.593476180062094,1.586366057395935,0.29155412316322327,0.2851911187171936
10.242742776870728,1.5938089708991992,1.5867475271224976,0.3006179928779602,0.2676737606525421
10.245813131332397,1.5941417147496542,1.58712899684906,0.03776608034968376,0.26041045784950256
10.248884439468384,1.594474461981811,1.58712899684906,0.03978027030825615,0.30911725759506226
10.251950740814209,1.5948065657981143,1.5875104665756226,0.22609293460845947,0.3159533143043518
10.255017518997192,1.5951386191071935,1.587891936302185,0.10121309012174606,0.40909436345100403
10.258086681365967,1.5954708270483213,1.5882734060287476,0.15660333633422852,0.38773176074028015
10.261160373687744,1.5958034202921656,1.58865487575531,-0.016617074608802795,0.29459068179130554
10.26423192024231,1.5961356751224458,1.5890363454818726,0.2855115532875061,0.35696956515312195
10.267298221588135,1.5964672554161212,1.589417815208435,0.13243305683135986,0.3544060289859772
10.270364999771118,1.5967987789555076,1.589417815208435,0.16466011106967926,0.30655375123023987
10.273433923721313,1.5971304247831242,1.5897992849349976,0.06697184592485428,0.3761959373950958
10.276506423950195,1.5974623459460322,1.5901808738708496,0.2714122235774994,0.3783321976661682
10.279576063156128,1.59779384575147,1.590562343597412,0.1414969116449356,0.3638055920600891
10.282602548599243,1.5981205741726887,1.590562343597412,0.03675898537039757,0.4005493223667145
10.285672187805176,1.5984518474396354,1.591325283050537,0.2895399332046509,0.3928587734699249
10.288738489151001,1.5987826447654632,1.591325283050537,0.4295262098312378,0.3920042812824249
10.291805028915405,1.5991133509115842,1.5917067527770996,0.11430533230304718,0.30698099732398987
10.294872045516968,1.5994439903209348,1.592088222503662,0.13948272168636322,0.46591898798942566
10.297938585281372,1.5997744589553138,1.5924696922302246,0.143511101603508,0.30783551931381226
10.301009893417358,1.600105320588626,1.592851161956787,0.2532845139503479,0.3501335084438324
10.304076671600342,1.6004355723016008,1.5932326316833496,0.16868849098682404,0.27450981736183167
10.307144165039062,1.6007657779343958,1.593614101409912,0.11329823732376099,0.34201571345329285
10.310211420059204,1.6010958335720324,1.593614101409912,0.11229114234447479,0.3368886709213257
10.313278198242188,1.6014257123771227,1.5939955711364746,0.16969558596611023,0.32877087593078613
10.3163480758667,1.6017557976447925,1.594377040863037,0.18077363073825836,0.32877087593078613
10.319425106048584,1.602086523312581,1.5947585105895996,0.1898374855518341,0.3539787828922272
10.322499752044678,1.6024168628186712,1.595139980316162,0.2220645397901535,0.39114975929260254
10.325571775436401,1.6027467896333407,1.5955214500427246,0.1586175262928009,0.382604718208313
10.328603506088257,1.6030722596190086,1.595902919769287,0.08610665798187256,0.3014267086982727
10.331681251525879,1.603402536691417,1.595902919769287,0.1112840473651886,0.37405967712402344
10.334755897521973,1.6037323463251758,1.5962843894958496,0.24522773921489716,0.29672694206237793
10.33782958984375,1.604061917727355,1.596665859222412,-0.03474479168653488,0.35483330488204956
10.340898513793945,1.6043908410270777,1.5970473289489746,-0.030716411769390106,0.3608148396015167
10.343964338302612,1.6047192944025828,1.597428798675537,0.1576104313135147,0.33731594681739807
10.347032308578491,1.6050478386364275,1.5978103876113892,0.16163882613182068,0.3001449704170227
10.350099563598633,1.6053761660287846,1.5981918573379517,0.09919890016317368,0.25998321175575256
10.353166818618774,1.6057043519720933,1.5985733270645142,0.2653696537017822,0.3847409784793854
10.35623288154602,1.6060322677808212,1.5989547967910767,0.3036392629146576,0.31082627177238464
10.359299421310425,1.6063600907796503,1.5989547967910767,0.05992217734456062,0.30740824341773987
10.362367153167725,1.6066878960964899,1.5997177362442017,0.26033416390419006,0.38944074511528015
10.365434646606445,1.6070155295874788,1.5997177362442017,0.15056076645851135,0.3052719831466675
10.368501663208008,1.6073429646219846,1.6000992059707642,0.010574501939117908,0.40140384435653687
10.37157154083252,1.607670556160156,1.6004806756973267,0.3157244324684143,0.27707332372665405
10.374600172042847,1.6079935990197856,1.6004806756973267,0.09919890016317368,0.37235066294670105
10.377670288085938,1.6083209163407748,1.6012436151504517,0.18580910563468933,0.30869001150131226
10.380738019943237,1.6086478269816091,1.6012436151504517,0.022659648209810257,0.4475471079349518
10.383804559707642,1.6089744570293782,1.6016250848770142,0.26335546374320984,0.40140384435653687
10.386870861053467,1.6093009069588136,1.6020065546035767,0.2855115532875061,0.4095216393470764
10.38993787765503,1.6096272770532831,1.6023880243301392,0.2563057839870453,0.3796139359474182
10.39300537109375,1.6099535406387766,1.6023880243301392,0.365072101354599,0.40268558263778687
10.39607286453247,1.6102796457495343,1.6027694940567017,-0.09919890016317368,0.40567636489868164
10.399139642715454,1.6106055151912964,1.6031509637832642,0.02064545638859272,0.30740824341773987
10.402206182479858,1.6109311984963646,1.6035324335098267,0.16466011106967926,0.3625238537788391
10.405275106430054,1.6112569728200277,1.6039139032363892,0.0317235067486763,0.3526970446109772
10.408345222473145,1.6115827101230713,1.6039139032363892,0.1273975670337677,0.31125351786613464
10.411411762237549,1.611907903465509,1.6042953729629517,0.029709314927458763,0.35996031761169434
10.41447925567627,1.6122330322319811,1.6046768426895142,0.11732661724090576,0.3924315273761749
10.417547464370728,1.6125580698086945,1.6050583124160767,0.13948272168636322,0.3838864862918854
10.420600652694702,1.6128813491757408,1.6050583124160767,0.12236209958791733,0.40225833654403687
10.423667192459106,1.6132058733485881,1.6054397821426392,0.3348592221736908,0.4099488854408264
10.426736116409302,1.6135304791844307,1.6058213710784912,0.33788052201271057,0.538551926612854
10.429812669754028,1.6138557194306657,1.6062028408050537,0.05891508236527443,0.38858625292778015
10.43288278579712,1.6141801057055551,1.6062028408050537,0.173723965883255,0.5094987154006958
10.435951948165894,1.6145042168240813,1.6065843105316162,0.1898374855518341,0.41934844851493835
10.439018487930298,1.614827875644288,1.6069657802581787,0.10725566744804382,0.45523765683174133
10.442084550857544,1.6151513077060222,1.6073472499847412,0.13243305683135986,0.504371702671051
10.44515085220337,1.6154745872800031,1.6077287197113037,0.39125657081604004,0.3954222798347473
10.44821834564209,1.6157978135868203,1.6077287197113037,0.10020599514245987,0.46933698654174805
10.451285600662231,1.6161208346075449,1.6081101894378662,0.2371709793806076,0.5201800465583801
10.454352855682373,1.6164436742719157,1.6084916591644287,0.10725566744804382,0.3967040479183197
10.457425355911255,1.6167668829887902,1.6088731288909912,0.3157244324684143,0.505653440952301
10.460499048233032,1.617090032614376,1.6092545986175537,0.13948272168636322,0.4419928193092346
10.463569164276123,1.6174126208426516,1.6092545986175537,0.04179446026682854,0.34714275598526
10.46660327911377,1.6177312430642699,1.6096360683441162,0.13243305683135986,0.4159304201602936
10.469672441482544,1.6180533592363036,1.6100175380706787,0.09214923530817032,0.3659418523311615
10.47273850440979,1.618374961631957,1.6103990077972412,0.10423437505960464,0.35654231905937195
10.475805759429932,1.6186964993756183,1.6107804775238037,0.2563057839870453,0.29459068179130554
10.478872060775757,1.6190177463128097,1.6111619472503662,0.16163882613182068,0.3360341787338257
10.481939554214478,1.619338926033295,1.6115434169769287,0.1253833770751953,0.30826276540756226
10.485005617141724,1.6196597627696225,1.6119248867034912,0.08409246802330017,0.4249027371406555
10.488072395324707,1.619980479933813,1.6123063564300537,0.27946898341178894,0.3770504295825958
10.491138935089111,1.620300976556724,1.6126878261566162,0.21904325485229492,0.3962768018245697
10.494205236434937,1.6206212514942997,1.6126878261566162,0.15156786143779755,0.3817501962184906
10.49727177619934,1.620941353363135,1.6134508848190308,0.2049439251422882,0.2082856446504593
10.500338077545166,1.6212612312002581,1.6138323545455933,0.4164339601993561,0.3817501962184906
10.503405809402466,1.6215810578046177,1.6138323545455933,0.11732661724090576,0.27536430954933167
10.50647497177124,1.6219008317066295,1.6145952939987183,0.3952849507331848,0.3843137323856354
10.509548425674438,1.6222208492374983,1.6145952939987183,0.3509727716445923,0.30911725759506226
10.512603044509888,1.6225387026461981,1.6149767637252808,0.2653696537017822,0.32620736956596375
10.51567268371582,1.6228579140128412,1.6153582334518433,0.2532845139503479,0.32150760293006897
10.518747806549072,1.6231774883663996,1.6157397031784058,0.3147173225879669,0.23562981188297272
10.521815299987793,1.6234960619991776,1.6161211729049683,0.10322728008031845,0.1749599426984787
10.524882793426514,1.623814426850452,1.6165026426315308,0.21803615987300873,0.35825130343437195
10.527953147888184,1.6241328783793494,1.6168841123580933,0.30968186259269714,0.287754625082016
10.531030178070068,1.6244518100692613,1.6172655820846558,0.11833371222019196,0.29159989953041077
10.534104824066162,1.6247702812346418,1.6176470518112183,0.3519798517227173,0.3625238537788391
10.537172555923462,1.6250878224471914,1.6180285215377808,0.2532845139503479,0.23007553815841675
10.540242433547974,1.6254053708148533,1.6184099912643433,0.20292973518371582,0.3039902448654175
10.543312311172485,1.6257227029727475,1.6187914609909058,0.20897230505943298,0.25955596566200256
10.546379089355469,1.6260394976815822,1.6191729307174683,0.18379491567611694,0.3343251645565033
10.549446105957031,1.626356098865404,1.6195544004440308,0.0941634252667427,0.2685282528400421
10.552515268325806,1.6266727019838578,1.6199358701705933,0.21803615987300873,0.286900132894516
10.55558443069458,1.6269890842803691,1.6199358701705933,0.11329823732376099,0.29587242007255554
10.558664560317993,1.6273063739368385,1.6203173398971558,0.08409246802330017,0.3159533143043518
10.561731576919556,1.6276220894562705,1.6206988096237183,0.10524147748947144,0.19803158938884735
10.56479787826538,1.6279375073875737,1.6210802793502808,0.23314259946346283,0.28006407618522644
10.567865371704102,1.6282528227079804,1.6214618682861328,0.14955367147922516,0.3027084767818451
10.570932626724243,1.6285678870956055,1.6218433380126953,0.24422064423561096,0.30911725759506226
10.573999166488647,1.6288826505062302,1.6218433380126953,0.1757381558418274,0.32748913764953613
10.577065706253052,1.629197185267885,1.6222248077392578,0.1727168709039688,0.24246585369110107
10.580132246017456,1.6295114902128855,1.6226062774658203,0.16163882613182068,0.26254671812057495
10.583202123641968,1.629825905910629,1.6229877471923828,0.24724192917346954,0.26169222593307495
10.586271286010742,1.6301400157771628,1.6229877471923828,0.019638361409306526,0.42404821515083313
10.589337825775146,1.6304536238200185,1.6237506866455078,0.2552987039089203,0.27536430954933167
10.59240436553955,1.6307669973817955,1.6237506866455078,0.17070268094539642,0.34073394536972046
10.595473766326904,1.6310804273404178,1.6241321563720703,0.21098649501800537,0.37277790904045105
10.598546504974365,1.6313939605048755,1.6245136260986328,0.3016250729560852,0.2668192684650421
10.601603031158447,1.6317056023521674,1.6245136260986328,0.13948272168636322,0.2723735272884369
10.6046724319458,1.6320183178128942,1.6248950958251953,0.143511101603508,0.48386359214782715
10.607741355895996,1.6323307440103882,1.6252765655517578,0.17976653575897217,0.45481041073799133
10.610811471939087,1.6326430496003268,1.6252765655517578,0.07704280316829681,0.26169222593307495
10.613882064819336,1.6329551604641588,1.6260395050048828,0.3469443917274475,0.251010924577713
10.616949081420898,1.6332666638312598,1.6260395050048828,0.049851223826408386,0.32706186175346375
10.62001633644104,1.6335779463844537,1.6264209747314453,0.31068894267082214,0.3202258348464966
10.623085737228394,1.6338892002490046,1.6268024444580078,0.27644771337509155,0.3296253979206085
10.626160383224487,1.6342007376732666,1.6268024444580078,0.11934080719947815,0.3334706723690033
10.629238843917847,1.634512411448113,1.6271839141845703,0.19588007032871246,0.33774319291114807
10.632309675216675,1.6348230622393853,1.6275653839111328,0.32478827238082886,0.43601128458976746
10.635377883911133,1.635133196641155,1.6279468536376953,0.15458914637565613,0.5000991821289062
10.638445138931274,1.6354429826354069,1.6283283233642578,0.2361638844013214,0.34457921981811523
10.641514301300049,1.6357527079095762,1.6283283233642578,0.04884412884712219,0.3693598806858063
10.644585847854614,1.6360624188990138,1.6287097930908203,0.13545434176921844,0.38773176074028015
10.647667646408081,1.636372906197982,1.6290913820266724,0.29658961296081543,0.37405967712402344
10.650734424591064,1.6366816230916013,1.6294728517532349,0.08812084794044495,0.42276644706726074
10.653811931610107,1.6369911610053465,1.6298543214797974,0.23414969444274902,0.3612420856952667
10.65687870979309,1.6372993605621664,1.6302357912063599,0.42146944999694824,0.3984130620956421
10.659946203231812,1.637607371972713,1.6302357912063599,0.09919890016317368,0.3526970446109772
10.663012742996216,1.6379150265442057,1.6306172609329224,0.06797894090414047,0.3843137323856354
10.666079998016357,1.6382224906019112,1.6309987306594849,0.06999313086271286,0.29117265343666077
10.669145822525024,1.6385295480032613,1.6309987306594849,0.12034790217876434,0.32278934121131897
10.672212839126587,1.6388364603053085,1.6313802003860474,0.2734264135360718,0.3197985887527466
10.675280094146729,1.6391431307503044,1.6317616701126099,0.08509956300258636,0.3638055920600891
10.678349018096924,1.6394497009756939,1.6321431398391724,0.18480201065540314,0.4936904013156891
10.681418657302856,1.6397560742627042,1.6325246095657349,0.22508582472801208,0.3796139359474182
10.68448519706726,1.6400618690507038,1.6329060792922974,0.10121309012174606,0.24332036077976227
10.687551736831665,1.6403673936878076,1.6332875490188599,0.41945526003837585,0.2992904484272003
10.690600633621216,1.6406708915786918,1.6332875490188599,0.06999313086271286,0.2839093506336212
10.6936674118042,1.6409758977841562,1.6336690187454224,0.2845044732093811,0.25912871956825256
10.69673466682434,1.6412806777628677,1.6340504884719849,0.0951705202460289,0.3014267086982727
10.699801206588745,1.6415851119621157,1.6344319581985474,0.1606317162513733,0.4804455637931824
10.70286750793457,1.6418892467184745,1.6348134279251099,0.1284046620130539,0.27963683009147644
10.705934762954712,1.6421931990450263,1.6348134279251099,0.20292973518371582,0.2715190351009369
10.709001302719116,1.6424968023970603,1.6351948976516724,0.15660333633422852,0.2992904484272003
10.71206784248352,1.6428001265587098,1.6355763673782349,0.19789426028728485,0.37405967712402344
10.715135335922241,1.6431032646048938,1.6359578371047974,0.002517738612368703,0.4103761315345764
10.718202590942383,1.6434060975058604,1.6363393068313599,0.08509956300258636,0.3770504295825958
10.721269607543945,1.643708624202634,1.6363393068313599,0.0317235067486763,0.41721218824386597
10.72433614730835,1.6440108201536134,1.636720895767212,0.19487297534942627,0.37576866149902344
10.727405071258545,1.6443129659135463,1.6371023654937744,0.3368734121322632,0.41849392652511597
10.73048210144043,1.644615622244748,1.637483835220337,0.3026321828365326,0.4466926157474518
10.733556032180786,1.6449176851284806,1.637483835220337,-0.009567406959831715,0.3450064957141876
10.736604690551758,1.6452169785932989,1.6378653049468994,0.27544060349464417,0.3629510998725891
10.7396719455719,1.6455178091832177,1.638246774673462,0.269398033618927,0.43643853068351746
10.742738485336304,1.645818279182798,1.6386282444000244,0.09819180518388748,0.3360341787338257
10.745805263519287,1.6461184809883211,1.639009714126587,0.23414969444274902,0.46591898798942566
10.74887228012085,1.6464184134170083,1.639009714126587,-0.043808650225400925,0.4736095070838928
10.751939296722412,1.6467180520052924,1.6393911838531494,0.22710002958774567,0.38773176074028015
10.755005598068237,1.6470173258652991,1.639772653579712,0.17875944077968597,0.4407110810279846
10.758072137832642,1.6473163270342026,1.6401541233062744,0.3358663320541382,0.3992675542831421
10.761138439178467,1.6476150079084442,1.6401541233062744,0.1767452508211136,0.3009994626045227
10.76420545578003,1.6479134602046404,1.640535593032837,0.08610665798187256,0.3779049217700958
10.767273426055908,1.6482117057710295,1.640535593032837,0.21098649501800537,0.38602274656295776
10.77034854888916,1.6485103449165546,1.641298532485962,0.2502632141113281,0.42319372296333313
10.773417949676514,1.6488081260092893,1.641298532485962,0.06797894090414047,0.46463721990585327
10.776490926742554,1.6491059503422896,1.6416800022125244,0.365072101354599,0.4740367829799652
10.779560327529907,1.6494031236022244,1.6416800022125244,0.11833371222019196,0.4616464376449585
10.782605409622192,1.649697640598809,1.642061471939087,0.0800640881061554,0.47104600071907043
10.785674333572388,1.649994158342256,1.6424429416656494,0.16768139600753784,0.5300068855285645
10.788740873336792,1.650290138584216,1.6424429416656494,0.05589379742741585,0.4612191915512085
10.791807413101196,1.650585810703674,1.642824411392212,0.2069581151008606,0.3531242907047272
10.7948739528656,1.650881173602972,1.6432058811187744,0.1888303905725479,0.4466926157474518
10.797943353652954,1.6511765013187798,1.643587350845337,0.28148317337036133,0.442420095205307
10.801013231277466,1.651471562847131,1.6439688205718994,0.173723965883255,0.4881361126899719
10.804080486297607,1.651766059516064,1.644350290298462,0.1898374855518341,0.4108033776283264
10.80714750289917,1.652060219582253,1.644350290298462,0.13746853172779083,0.3146715462207794
10.810213565826416,1.6523539735360253,1.644731879234314,0.10524147748947144,0.4150759279727936
10.8132803440094,1.6526474802204802,1.6451133489608765,0.3630579113960266,0.5552147626876831
10.816348314285278,1.6529407838862837,1.6451133489608765,0.13746853172779083,0.3172350525856018
10.81941556930542,1.6532337010241551,1.645494818687439,0.2663767337799072,0.5171892642974854
10.822482109069824,1.6535262307690781,1.6458762884140015,0.16466011106967926,0.4099488854408264
10.82554841041565,1.6538184176714152,1.6458762884140015,0.26436254382133484,0.3928587734699249
10.828606605529785,1.654109512235879,1.646257758140564,0.11430533230304718,0.4766002893447876
10.831688642501831,1.6544025518786252,1.6466392278671265,0.13444724678993225,0.5291523337364197
10.834758758544922,1.6546941333089922,1.647020697593689,0.22710002958774567,0.40653085708618164
10.837826251983643,1.6549851408476344,1.6474021673202515,0.09114214032888412,0.503944456577301
10.840892553329468,1.6552757097297628,1.6474021673202515,0.057907987385988235,0.45523765683174133
10.843960523605347,1.6555661099159533,1.647783637046814,0.16969558596611023,0.3945677876472473
10.847032070159912,1.655856520027393,1.6481651067733765,-0.022659648209810257,0.3535515367984772
10.85010290145874,1.6561465327660299,1.648546576499939,0.21098649501800537,0.3843137323856354
10.853169918060303,1.6564358550691631,1.6489280462265015,0.20292973518371582,0.31125351786613464
10.856236219406128,1.656724778974727,1.649309515953064,0.304646372795105,0.43643853068351746
10.859302520751953,1.6570133709213424,1.6496909856796265,0.11430533230304718,0.33987945318222046
10.8623685836792,1.657301607437362,1.6496909856796265,0.18681620061397552,0.3518425226211548
10.865435361862183,1.6575895770285536,1.650072455406189,0.1606317162513733,0.2886091470718384
10.868504524230957,1.657877434829562,1.6504539251327515,0.13041886687278748,0.3838864862918854
10.87157416343689,1.6581650004095576,1.6512168645858765,0.35701534152030945,0.32278934121131897
10.874600410461426,1.6584481700841827,1.6512168645858765,0.37212178111076355,0.34799724817276
10.877666711807251,1.6587347515405817,1.6519798040390015,0.5211718678474426,0.4129396378993988
10.880734205245972,1.659021104794156,1.6519798040390015,0.35500115156173706,0.3368886709213257
10.883800745010376,1.6593070284330456,1.6523613929748535,0.29155412316322327,0.3159533143043518
10.886867046356201,1.6595925882847316,1.652742862701416,0.15559624135494232,0.32492560148239136
10.889934301376343,1.6598778941868575,1.652742862701416,0.057907987385988235,0.32449835538864136
10.893001794815063,1.6601628783491553,1.6531243324279785,0.14048981666564941,0.2659647464752197
10.896068334579468,1.6604474290830147,1.653505802154541,0.3016250729560852,0.3009994626045227
10.899138927459717,1.6607320093970863,1.6538872718811035,0.004531929735094309,0.32449835538864136
10.902215480804443,1.6610167933039501,1.654268741607666,0.1445181965827942,0.2646830081939697
10.905291080474854,1.6613011388756265,1.6546502113342285,0.43556877970695496,0.2839093506336212
10.90836477279663,1.6615849573705122,1.655031681060791,0.2714122235774994,0.35483330488204956
10.911434888839722,1.6618680945646083,1.6554131507873535,0.20292973518371582,0.34073394536972046
10.914504766464233,1.6621508578877826,1.6554131507873535,0.269398033618927,0.21213091909885406
10.917571783065796,1.6624330052570817,1.655794620513916,0.21602196991443634,0.33731594681739807
10.920600652694702,1.6627112965875666,1.6561760902404785,0.10322728008031845,0.287754625082016
10.923667430877686,1.6629927188361469,1.656557559967041,0.270405113697052,0.3176623284816742
10.926741123199463,1.6632744190208162,1.656557559967041,0.08409246802330017,0.3001449704170227
10.929818630218506,1.6635561101609921,1.6569390296936035,0.24321354925632477,0.31125351786613464
10.932892560958862,1.6638371146517774,1.657320499420166,0.28148317337036133,0.3672236204147339
10.935961723327637,1.6641173239339409,1.6577019691467285,0.09214923530817032,0.3159533143043518
10.939028024673462,1.6643969124433555,1.6577019691467285,0.330830842256546,0.4257572293281555
10.942095279693604,1.664676227304815,1.658083438873291,0.10926985740661621,0.287327378988266
10.945162057876587,1.6649551371298879,1.6584649085998535,0.08912795037031174,0.4155031740665436
10.948229789733887,1.6652337708966456,1.658846378326416,0.24422064423561096,0.35526055097579956
10.951296091079712,1.6655119111063177,1.658846378326416,0.06999313086271286,0.38602274656295776
10.954362630844116,1.6657897083247017,1.6592278480529785,0.27544060349464417,0.32364386320114136
10.9574294090271,1.6660671614353295,1.6592278480529785,-0.05992217734456062,0.29031816124916077
10.960498332977295,1.6663444415390374,1.659609317779541,0.15056076645851135,0.3954222798347473
10.963568449020386,1.6666214608398884,1.6599907875061035,0.04179446026682854,0.3300526440143585
10.966602325439453,1.6668948471180245,1.6603723764419556,0.16768139600753784,0.3676508665084839
10.969669580459595,1.667170873252879,1.660753846168518,0.13142596185207367,0.35953307151794434
10.972736120223999,1.6674464641869722,1.660753846168518,0.20997940003871918,0.4449836015701294
10.97580337524414,1.6677217474572135,1.6611353158950806,0.09214923530817032,0.4565194249153137
10.978870153427124,1.6679966150089416,1.661516785621643,0.3358663320541382,0.4633554518222809
10.98193645477295,1.66827106599575,1.661516785621643,0.07704280316829681,0.4936904013156891
10.98500394821167,1.6685452486458299,1.6618982553482056,0.05992217734456062,0.2890363931655884
10.988070487976074,1.668818970101928,1.6618982553482056,0.15660333633422852,0.537697434425354
10.991137504577637,1.6690923571236114,1.662279725074768,0.23414969444274902,0.4120851457118988
10.994204044342041,1.6693653236875774,1.6626611948013306,0.2522774040699005,0.5000991821289062
10.997273921966553,1.6696382078127159,1.6626611948013306,-0.05992217734456062,0.4142214059829712
11.000351428985596,1.6699113879217462,1.663042664527893,0.15358205139636993,0.3838864862918854
11.003431558609009,1.6701844166451587,1.6634241342544556,0.44966810941696167,0.5582055449485779
11.006505012512207,1.6704564695008741,1.6634241342544556,0.046829938888549805,0.4936904013156891
11.009577751159668,1.6707280744613406,1.663805603981018,0.1263904720544815,0.4919813871383667
11.012661218643188,1.6710002401896347,1.663805603981018,0.2724193036556244,0.38901349902153015
11.015735626220703,1.6712712186807224,1.6641870737075806,0.19789426028728485,0.5351338982582092
11.018805980682373,1.671541452700924,1.664568543434143,0.13243305683135986,0.4317387640476227
11.021873474121094,1.6718110474739076,1.664568543434143,-0.002517738612368703,0.42063018679618835
11.024940490722656,1.6720802121708964,1.6649500131607056,-0.035751886665821075,0.4719005227088928
11.028010129928589,1.6723492173935879,1.665331482887268,0.3811856210231781,0.3996948301792145
11.031086683273315,1.6726184364050176,1.665331482887268,0.0951705202460289,0.35568779706954956
11.03418779373169,1.6728894060284787,1.6657129526138306,0.10524147748947144,0.40439459681510925
11.03725552558899,1.673157064631999,1.666094422340393,0.5060654878616333,0.42276644706726074
11.040324449539185,1.6734244336961184,1.666094422340393,0.15056076645851135,0.4278934895992279
11.043391704559326,1.6736912630631073,1.6664758920669556,0.21098649501800537,0.5543602705001831
11.046470642089844,1.6739587112819923,1.666857361793518,0.08912795037031174,0.46720072627067566
11.049537897109985,1.6742247477855288,1.666857361793518,0.10322728008031845,0.3603875935077667
11.052603006362915,1.6744902014311767,1.6672388315200806,0.11229114234447479,0.45566490292549133
11.055672407150269,1.6747556283170666,1.667620301246643,0.04884412884712219,0.4415655732154846
11.058739423751831,1.6750204498025891,1.6680018901824951,0.043808650225400925,0.286900132894516
11.061805963516235,1.6752848301528336,1.6683833599090576,0.143511101603508,0.30869001150131226
11.064872980117798,1.6755488506065823,1.6683833599090576,0.304646372795105,0.4411383271217346
11.067939519882202,1.6758124280877944,1.6687648296356201,0.3952849507331848,0.41977569460868835
11.071006536483765,1.6760756435885467,1.6691462993621826,0.24925611913204193,0.37021440267562866
11.074073314666748,1.67633843470036,1.6695277690887451,0.21098649501800537,0.34372472763061523
11.077140808105469,1.6766008820728437,1.6695277690887451,0.3157244324684143,0.40909436345100403
11.080207824707031,1.6768628826916052,1.6699092388153076,-0.08207827806472778,0.37491416931152344
11.083278894424438,1.6771248218432442,1.6702907085418701,0.16466011106967926,0.47147324681282043
11.086345434188843,1.6773859665792255,1.6702907085418701,0.3177386224269867,0.37149614095687866
11.089411735534668,1.6776466823457825,1.6706721782684326,0.24422064423561096,0.5163347721099854
11.092480659484863,1.6779072109586108,1.6710536479949951,0.13948272168636322,0.41892117261886597
11.095553159713745,1.6781676311636873,1.6714351177215576,0.09718471020460129,0.47830930352211
11.098607063293457,1.678426065675389,1.6714351177215576,0.08912795037031174,0.3603875935077667
11.101690292358398,1.678686566738891,1.6718165874481201,0.19890135526657104,0.34158846735954285
11.10476565361023,1.678945986597521,1.6721980571746826,0.18480201065540314,0.32620736956596375
11.10783863067627,1.67920478893161,1.6721980571746826,0.029709314927458763,0.3962768018245697
11.11090898513794,1.679462953715536,1.6725795269012451,-0.04884412884712219,0.3996948301792145
11.113986015319824,1.6797212609903776,1.6729609966278076,0.23213550448417664,0.5197528004646301
11.117059707641602,1.6799788685022954,1.6733424663543701,0.07704280316829681,0.43643853068351746
11.120128870010376,1.680235676992746,1.6733424663543701,0.051865413784980774,0.5295796394348145
11.123196125030518,1.680491906269391,1.6737239360809326,0.13646143674850464,0.34244295954704285
11.126214742660522,1.6807436620367482,1.6741054058074951,0.10222018510103226,0.33774319291114807
11.129281520843506,1.6809990165014792,1.6741054058074951,0.06999313086271286,0.3360341787338257
11.13234829902649,1.6812539487738927,1.6744868755340576,-0.06495765596628189,0.3962768018245697
11.135415315628052,1.6815084776770939,1.6748683452606201,0.15257495641708374,0.4155031740665436
11.138484716415405,1.6817627797968575,1.6748683452606201,-0.08308537304401398,0.3949950337409973
11.141554832458496,1.6820167152717662,1.6752498149871826,0.26335546374320984,0.3616693317890167
11.144603252410889,1.6822684338373743,1.6752498149871826,0.07704280316829681,0.4257572293281555
11.147675037384033,1.6825216550592508,1.6756312847137451,0.24623483419418335,0.37106889486312866
11.150742530822754,1.6827740941659568,1.6760128736495972,0.18782329559326172,0.42020294070243835
11.153809070587158,1.6830260260070458,1.6760128736495972,0.15358205139636993,0.41892117261886597
11.156875610351562,1.6832775281963537,1.6763943433761597,0.16264592111110687,0.4108033776283264
11.159945964813232,1.6835289118583328,1.6763943433761597,0.21199358999729156,0.382604718208313
11.163012266159058,1.6837795319372293,1.6771572828292847,0.3328450322151184,0.4270389974117279
11.166079759597778,1.6840298168160917,1.6771572828292847,0.10121309012174606,0.4257572293281555
11.16914701461792,1.6842796486444647,1.6775387525558472,0.1576104313135147,0.4261844754219055
11.172283411026001,1.6845346628090985,1.6775387525558472,0.046829938888549805,0.5116350054740906
11.175350904464722,1.6847836342024505,1.6779202222824097,0.0639505609869957,0.3193713426589966
11.178417682647705,1.6850321112470863,1.6783016920089722,0.11732661724090576,0.37491416931152344
11.181488037109375,1.6852804401170796,1.6783016920089722,0.15660333633422852,0.3497062623500824
11.184560775756836,1.6855285221955356,1.6786831617355347,0.143511101603508,0.34714275598526
11.18760347366333,1.6857737446170058,1.6790646314620972,0.057907987385988235,0.35568779706954956
11.190673351287842,1.6860207186919347,1.6790646314620972,0.10926985740661621,0.5094987154006958
11.193739652633667,1.6862669640949868,1.6794461011886597,0.2210574448108673,0.4800183176994324
11.19680905342102,1.6865130161198962,1.6794461011886597,-0.0800640881061554,0.4804455637931824
11.199885129928589,1.6867591584182726,1.6798275709152222,0.3449302017688751,0.4962539076805115
11.202953338623047,1.687004226585816,1.6802090406417847,-0.0317235067486763,0.5069352388381958
11.206019639968872,1.687248697917565,1.6802090406417847,0.047837033867836,0.43985655903816223
11.209089040756226,1.6874929704283623,1.6805905103683472,0.18379491567611694,0.4142214059829712
11.212165594100952,1.6877373635294384,1.6809719800949097,0.1888303905725479,0.40482184290885925
11.215241193771362,1.6879812310153137,1.6809719800949097,0.2532845139503479,0.5073624849319458
11.218313455581665,1.688224383873621,1.6813534498214722,-0.024673838168382645,0.442420095205307
11.221380472183228,1.6884666721287174,1.6817349195480347,0.29054704308509827,0.34799724817276
11.224448204040527,1.688708566740468,1.6817349195480347,0.07100022584199905,0.45566490292549133
11.227516174316406,1.688950029000957,1.6821163892745972,0.2986038029193878,0.31039902567863464
11.230583190917969,1.6891909643484668,1.6821163892745972,-0.006546120624989271,0.41977569460868835
11.233664512634277,1.6894325676088477,1.6824978590011597,0.10826276242733002,0.3518425226211548
11.23673129081726,1.6896725759458067,1.6828793287277222,0.05589379742741585,0.3808957040309906
11.239804029464722,1.6899125950297835,1.6828793287277222,0.13847562670707703,0.46805524826049805
11.242875337600708,1.6901520456324308,1.6832607984542847,0.21702906489372253,0.6560463905334473
11.245942115783691,1.6903906865491578,1.6836423873901367,0.32780957221984863,0.442420095205307
11.249008655548096,1.6906288519031585,1.6840238571166992,0.03776608034968376,0.4881361126899719
11.252075672149658,1.6908665963076195,1.6840238571166992,0.35600823163986206,0.44028380513191223
11.255143404006958,1.6911039370936602,1.6844053268432617,0.3328450322151184,0.48557260632514954
11.258209943771362,1.691340725921629,1.6844053268432617,0.049851223826408386,0.40183109045028687
11.261276006698608,1.691577017517726,1.6847867965698242,0.1888303905725479,0.3300526440143585
11.264343023300171,1.6918129211419637,1.6851682662963867,0.29054704308509827,0.32791638374328613
11.267409801483154,1.6920483440656848,1.6855497360229492,0.18782329559326172,0.44028380513191223
11.270479679107666,1.6922835409985777,1.6855497360229492,0.21602196991443634,0.37149614095687866
11.273551940917969,1.6925184550221648,1.6859312057495117,0.12437628954648972,0.3347524106502533
11.27660059928894,1.692751102996244,1.6859312057495117,-0.04884412884712219,0.37149614095687866
11.279667139053345,1.6929846511288564,1.6866941452026367,0.13847562670707703,0.3501335084438324
11.28273344039917,1.6932177145355587,1.6866941452026367,0.15257495641708374,0.35696956515312195
11.285800457000732,1.6934503647288937,1.6870756149291992,0.03474479168653488,0.37149614095687866
11.288867235183716,1.6936825283945656,1.6874570846557617,0.13142596185207367,0.24289311468601227
11.291937351226807,1.6939144746926884,1.6874570846557617,0.3328450322151184,0.42020294070243835
11.29500412940979,1.6941456984136476,1.6878385543823242,0.07100022584199905,0.40823987126350403
11.298073768615723,1.694376666179687,1.6878385543823242,0.16969558596611023,0.3663691282272339
11.30115008354187,1.694607661956378,1.6882200241088867,0.13948272168636322,0.3321889042854309
11.304222583770752,1.6948378965122832,1.6886014938354492,0.24724192917346954,0.3189440667629242
11.307290077209473,1.6950672817065258,1.6889829635620117,0.24321354925632477,0.22708477079868317
11.310359477996826,1.6952963344390715,1.6893644332885742,0.32176700234413147,0.38986802101135254
11.31343698501587,1.6955255141158707,1.6893644332885742,0.06999313086271286,0.32407110929489136
11.316518306732178,1.6957544975118215,1.6897459030151367,0.2230716347694397,0.3659418523311615
11.319603204727173,1.6959832643201318,1.6897459030151367,-0.08409246802330017,0.27621880173683167
11.322677373886108,1.6962107545385345,1.6901273727416992,-0.010574501939117908,0.2668192684650421
11.325746774673462,1.696437412030329,1.6905088424682617,0.02568093314766884,0.31082627177238464
11.328814268112183,1.696663448787789,1.6905088424682617,0.16163882613182068,0.3655146062374115
11.331883907318115,1.69688916257912,1.6908903121948242,0.06697184592485428,0.28134584426879883
11.334961891174316,1.6971150059024085,1.6912717819213867,0.13243305683135986,0.30954450368881226
11.338034629821777,1.6973399800459112,1.6912717819213867,0.18782329559326172,0.2061493843793869
11.341103792190552,1.6975642084492573,1.6916533708572388,0.2240787297487259,0.30612650513648987
11.344170331954956,1.6977877614189067,1.6920348405838013,0.11732661724090576,0.2540016770362854
11.347238063812256,1.6980109165568518,1.6920348405838013,-0.051865413784980774,0.30954450368881226
11.350305557250977,1.698233568748897,1.6924163103103638,0.3187457025051117,0.30783551931381226
11.353372812271118,1.6984557172812718,1.6927977800369263,0.16667430102825165,0.3766231834888458
11.356438875198364,1.6986772925989742,1.6927977800369263,0.27443352341651917,0.3928587734699249
11.359506368637085,1.6988984833499514,1.6931792497634888,0.3509727716445923,0.23263904452323914
11.362574338912964,1.699119219489746,1.6931792497634888,0.08107118308544159,0.2381933331489563
11.365600824356079,1.699336490895584,1.6935607194900513,0.27745479345321655,0.40268558263778687
11.368667364120483,1.6995561507962396,1.6935607194900513,0.03776608034968376,0.3009994626045227
11.371733665466309,1.6997753026574667,1.6939421892166138,0.16868849098682404,0.43472954630851746
11.374800205230713,1.6999939797457375,1.6939421892166138,-0.05085831880569458,0.29587242007255554
11.377867460250854,1.7002122150230483,1.6943236589431763,0.27745479345321655,0.3035629689693451
11.380934476852417,1.7004299397101446,1.6947051286697388,0.07804989814758301,0.35996031761169434
11.384002208709717,1.70064722058346,1.6947051286697388,-0.04280155524611473,0.2723735272884369
11.387069702148438,1.7008639891738824,1.6950865983963013,0.19688716530799866,0.3313344120979309
11.39013671875,1.7010802280014694,1.6950865983963013,0.16365301609039307,0.3539787828922272
11.393203020095825,1.701295919743082,1.6954680681228638,0.15559624135494232,0.3048447370529175
11.396278619766235,1.7015117658879344,1.6958495378494263,0.20292973518371582,0.41977569460868835
11.399350643157959,1.7017268606959228,1.6958495378494263,0.13646143674850464,0.43814754486083984
11.402426958084106,1.7019417540716038,1.6958495378494263,-0.10222018510103226,0.3180895745754242
11.405503034591675,1.7021561277844333,1.6962310075759888,-0.052872512489557266,0.2851911187171936
11.408582210540771,1.7023702129476959,1.6966124773025513,0.2724193036556244,0.3518425226211548
11.411659717559814,1.7025836768800375,1.6966124773025513,0.038773175328969955,0.3996948301792145
11.414726972579956,1.7027959263757788,1.6969939470291138,0.1606317162513733,0.3309071362018585
11.41779375076294,1.703007639711894,1.6969939470291138,0.35701534152030945,0.4278934895992279
11.420860528945923,1.70321884913779,1.6973754167556763,0.27846190333366394,0.4770275354385376
11.423927545547485,1.7034295702302904,1.6977568864822388,-0.015609979629516602,0.3817501962184906
11.42699408531189,1.7036397531239191,1.6977568864822388,-0.016617074608802795,0.33817043900489807
11.430063247680664,1.703849608944484,1.6977568864822388,0.15156786143779755,0.42319372296333313
11.43313980102539,1.70405946046588,1.6981383562088013,0.11430533230304718,0.3667963743209839
11.436212539672852,1.7042685416793997,1.6981383562088013,0.03978027030825615,0.4603646993637085
11.439279794692993,1.7044767405609462,1.6985198259353638,0.13948272168636322,0.37277790904045105
11.442346096038818,1.7046843654233623,1.6989012956619263,0.3026321828365326,0.3971312940120697
11.445412874221802,1.704891512477019,1.6989012956619263,0.05085831880569458,0.38773176074028015
11.448479652404785,1.7050981486256462,1.6989012956619263,0.33989471197128296,0.4740367829799652
11.451547622680664,1.7053043531254395,1.6992828845977783,0.1918516755104065,0.4582284390926361
11.45460319519043,1.705509214615303,1.6992828845977783,0.03776608034968376,0.4313115179538727
11.457672357559204,1.7057144743800905,1.6996643543243408,-0.008560311049222946,0.3462882339954376
11.460739374160767,1.705919076419793,1.6996643543243408,0.10524147748947144,0.5611963272094727
11.46380877494812,1.706123322108553,1.7000458240509033,-0.10020599514245987,0.40354010462760925
11.466879606246948,1.706327146265262,1.7000458240509033,-0.0961776152253151,0.40396735072135925
11.469958305358887,1.7065309730497074,1.7004272937774658,0.10725566744804382,0.3954222798347473
11.473038911819458,1.7067344046072972,1.7004272937774658,0.24724192917346954,0.37576866149902344
11.476113319396973,1.706936905963184,1.7008087635040283,0.23213550448417664,0.44882887601852417
11.479183673858643,1.7071386203010952,1.7008087635040283,-0.002517738612368703,0.43729305267333984
11.482253313064575,1.707339767370204,1.7011902332305908,0.2220645397901535,0.5428244471549988
11.48533034324646,1.7075408759048722,1.7011902332305908,-0.0005035477224737406,0.40781262516975403
11.488403797149658,1.7077412273854677,1.7015717029571533,0.17976653575897217,0.5150530338287354
11.4914710521698,1.7079406526001477,1.7015717029571533,0.1888303905725479,0.4458380937576294
11.494540691375732,1.7081397098302868,1.7019531726837158,0.15660333633422852,0.4578011631965637
11.497602939605713,1.7083377657265835,1.7019531726837158,-0.06898603588342667,0.43430227041244507
11.500681400299072,1.7085363438801207,1.7019531726837158,-0.004531929735094309,0.4962539076805115
11.50375247001648,1.708733918734543,1.7023346424102783,0.09013504534959793,0.4616464376449585
11.506820917129517,1.7089307988976965,1.7027161121368408,0.11732661724090576,0.42404821515083313
11.509888172149658,1.7091270764042659,1.7027161121368408,-0.03474479168653488,0.5210345387458801
11.512954473495483,1.7093227663343193,1.7030975818634033,0.0790569931268692,0.3800412118434906
11.516023874282837,1.70951812607517,1.7030975818634033,0.32579538226127625,0.5291523337364197
11.519102096557617,1.7097135160112387,1.7034790515899658,0.18278782069683075,0.3958495557308197
11.522176265716553,1.7099081169650605,1.7034790515899658,0.01258869282901287,0.5086442232131958
11.525246381759644,1.7101019303137364,1.7038605213165283,0.10524147748947144,0.47104600071907043
11.528312921524048,1.710294987417814,1.7038605213165283,0.25932708382606506,0.4949721395969391
11.531383275985718,1.7104877528031368,1.7038605213165283,0.01258869282901287,0.3603875935077667
11.534461498260498,1.7106804771762372,1.7042419910430908,0.01258869282901287,0.41763943433761597
11.537537336349487,1.7108725165207999,1.7046234607696533,0.03373769670724869,0.45011061429977417
11.54060673713684,1.7110636193695568,1.7046234607696533,0.14653238654136658,0.4719005227088928
11.543679475784302,1.711254394427347,1.7046234607696533,0.0639505609869957,0.442420095205307
11.546749591827393,1.7114444707340932,1.7050049304962158,-0.014602883718907833,0.5282978415489197
11.549827337265015,1.7116344809865516,1.7053864002227783,0.15056076645851135,0.4945448935031891
11.552908897399902,1.711824185960378,1.7053864002227783,0.0800640881061554,0.48429083824157715
11.555980920791626,1.7120127645211438,1.7057678699493408,0.2986038029193878,0.5483787059783936
11.559049367904663,1.7122005853048319,1.7057678699493408,0.04280155524611473,0.47916379570961
11.562115907669067,1.712387751211923,1.7057678699493408,0.05387960746884346,0.43344777822494507
11.565185546875,1.7125745668211543,1.7061493396759033,0.19588007032871246,0.4616464376449585
11.56826400756836,1.7127613765268657,1.7061493396759033,0.06697184592485428,0.5364156365394592
11.57133960723877,1.7129474691275872,1.7065308094024658,0.2401922643184662,0.3779049217700958
11.574411869049072,1.7131328167202373,1.7069122791290283,0.2724193036556244,0.4966811537742615
11.577481985092163,1.7133174919863061,1.7069122791290283,0.0961776152253151,0.46933698654174805
11.580553531646729,1.7135017095498073,1.7069122791290283,0.06193637102842331,0.5167620182037354
11.583604574203491,1.7136841582537046,1.7072938680648804,0.09718471020460129,0.5513694882392883
11.586686134338379,1.7138678857829988,1.7076753377914429,0.21803615987300873,0.5428244471549988
11.58975863456726,1.7140505260744976,1.7076753377914429,-0.07200732082128525,0.5018081665039062
11.592833518981934,1.714232760505765,1.7080568075180054,0.1263904720544815,0.4099488854408264
11.595903873443604,1.714414179201976,1.7084382772445679,0.2210574448108673,0.38986802101135254
11.598976373672485,1.7145951765739078,1.7084382772445679,0.08812084794044495,0.3655146062374115
11.602065086364746,1.714776575671461,1.7084382772445679,0.049851223826408386,0.4603646993637085
11.605143547058105,1.7149568199661407,1.7088197469711304,0.08509956300258636,0.3526970446109772
11.608210802078247,1.7151358587181316,1.7088197469711304,0.12034790217876434,0.3971312940120697
11.61127781867981,1.7153143345044803,1.7088197469711304,-0.12941177189350128,0.4411383271217346
11.614346981048584,1.7154923848897574,1.7092012166976929,0.018631266430020332,0.44840162992477417
11.617424964904785,1.7156703935323923,1.7095826864242554,0.032730601727962494,0.5107805132865906
11.620495319366455,1.7158474080470845,1.7095826864242554,0.20091554522514343,0.48300907015800476
11.623563528060913,1.7160237465604884,1.7099641561508179,0.2583199739456177,0.4936904013156891
11.626600503921509,1.7161977456952224,1.7099641561508179,0.16365301609039307,0.38644999265670776
11.629673957824707,1.7163732827846792,1.7103456258773804,0.2069581151008606,0.45352864265441895
11.632747173309326,1.7165482503725487,1.7103456258773804,0.15056076645851135,0.5094987154006958
11.635824918746948,1.716722918117754,1.7107270956039429,0.27846190333366394,0.5201800465583801
11.638899803161621,1.7168968654633527,1.7107270956039429,0.06495765596628189,0.43643853068351746
11.641972303390503,1.7170701201628995,1.7111085653305054,0.03776608034968376,0.4150759279727936
11.645043134689331,1.71724272300695,1.7111085653305054,0.10624857246875763,0.35696956515312195
11.648118257522583,1.717415007657448,1.7114900350570679,0.20897230505943298,0.383031964302063
11.651195764541626,1.7175868647883314,1.7114900350570679,0.14552529156208038,0.5214617848396301
11.654273986816406,1.717758199711091,1.7114900350570679,0.03776608034968376,0.3928587734699249
11.657347679138184,1.7179287208809344,1.7118715047836304,0.02668802998960018,0.3813229501247406
11.660414695739746,1.718098311690209,1.7122529745101929,0.024673838168382645,0.43430227041244507
11.66348147392273,1.7182673293525643,1.7122529745101929,0.2210574448108673,0.4582284390926361
11.666554689407349,1.7184361394543604,1.7122529745101929,0.11833371222019196,0.43942931294441223
11.669606924057007,1.7186032392947639,1.7126344442367554,-0.08711375296115875,0.40225833654403687
11.672686338424683,1.7187712631777263,1.7130159139633179,0.16868849098682404,0.4966811537742615
11.675753593444824,1.7189380598733788,1.7130159139633179,0.051865413784980774,0.5616235733032227
11.678820610046387,1.7191042804346695,1.7130159139633179,0.04280155524611473,0.38858625292778015
11.681891918182373,1.7192701686319785,1.7133973836898804,0.07704280316829681,0.4808728098869324
11.684969663619995,1.7194358367801088,1.7133973836898804,-0.11229114234447479,0.3945677876472473
11.688043594360352,1.7196007316935837,1.7133973836898804,0.01359578873962164,0.45310139656066895
11.691115379333496,1.719764943935299,1.7137788534164429,0.05387960746884346,0.4620737135410309
11.69418215751648,1.7199283219309869,1.7141603231430054,0.051865413784980774,0.4620737135410309
11.697251558303833,1.7200912721779944,1.7141603231430054,0.02366674318909645,0.4736095070838928
11.700329542160034,1.72025410738928,1.7145417928695679,0.2583199739456177,0.3766231834888458
11.703405618667603,1.7204162701232313,1.7145417928695679,0.24824902415275574,0.37576866149902344
11.706479549407959,1.720577748335223,1.7145417928695679,-0.1767452508211136,0.3189440667629242
11.709555387496948,1.7207387544048263,1.71492338180542,0.17775234580039978,0.46420997381210327
11.712603569030762,1.7208977473715357,1.71492338180542,-0.03373769670724869,0.4167849123477936
11.715675592422485,1.7210574138586572,1.7153048515319824,0.11531242728233337,0.37448692321777344
11.71875286102295,1.721216778610253,1.7153048515319824,0.0951705202460289,0.47061875462532043
11.72182846069336,1.7213754819625973,1.715686321258545,0.1606317162513733,0.5509422421455383
11.72490119934082,1.7215334630807777,1.715686321258545,-0.06697184592485428,0.42020294070243835
11.7279691696167,1.721690625452021,1.7160677909851074,0.11631952226161957,0.40866711735725403
11.731038570404053,1.7218472869765857,1.7160677909851074,0.014602883718907833,0.40738537907600403
11.734116792678833,1.7220038214231446,1.7160677909851074,0.19688716530799866,0.5445334315299988
11.737188339233398,1.722159439538046,1.71644926071167,0.052872512489557266,0.3937132954597473
11.740255355834961,1.7223142526109267,1.71644926071167,-0.05387960746884346,0.42191195487976074
11.743322610855103,1.7224685019661907,1.7168307304382324,0.057907987385988235,0.3975585699081421
11.746389150619507,1.7226221392060639,1.7168307304382324,0.014602883718907833,0.45139238238334656
11.74945855140686,1.7227753423300296,1.717212200164795,0.1747310608625412,0.4603646993637085
11.752544641494751,1.7229287954461656,1.717212200164795,0.09013504534959793,0.3672236204147339
11.755600214004517,1.7230801545776246,1.717212200164795,0.15559624135494232,0.48215457797050476
11.75866961479187,1.72323162057418,1.7175936698913574,0.002517738612368703,0.42148470878601074
11.761735916137695,1.7233823545082503,1.7175936698913574,0.06596475094556808,0.41977569460868835
11.76480484008789,1.723532637239995,1.71797513961792,0.049851223826408386,0.3638055920600891
11.767881870269775,1.7236827336916414,1.7183566093444824,0.2834973633289337,0.3450064957141876
11.77095627784729,1.7238321183953307,1.7183566093444824,0.14955367147922516,0.5154802799224854
11.774027347564697,1.723980757737434,1.7183566093444824,0.11631952226161957,0.4962539076805115
11.777095317840576,1.7241286645374092,1.7183566093444824,-0.15056076645851135,0.41806668043136597
11.780165195465088,1.7242760799616523,1.718738079071045,-0.038773175328969955,0.4889906048774719
11.783242464065552,1.7244232641303403,1.7191195487976074,0.1586175262928009,0.32236209511756897
11.786320447921753,1.724569894879922,1.7191195487976074,0.2663767337799072,0.40482184290885925
11.78939151763916,1.7247156099847407,1.7191195487976074,-0.08610665798187256,0.4120851457118988
11.792461395263672,1.7248606827200106,1.71950101852417,0.22911421954631805,0.4595101773738861
11.79553508758545,1.7250053483988539,1.71950101852417,0.08812084794044495,0.3988403081893921
11.798604726791382,1.7251492362469103,1.7198824882507324,0.17070268094539642,0.4291752576828003
11.801682233810425,1.7252929034188993,1.7198824882507324,0.06999313086271286,0.3847409784793854
11.804757833480835,1.7254358913322125,1.720263957977295,0.07704280316829681,0.3458609879016876
11.807831287384033,1.7255781895354327,1.720263957977295,0.32579538226127625,0.34842449426651
11.810899019241333,1.7257196341847207,1.720263957977295,0.3016250729560852,0.5112077593803406
11.813971757888794,1.725860719635595,1.7206454277038574,0.2532845139503479,0.34671550989151
11.817049026489258,1.7260014207178926,1.7206454277038574,0.1273975670337677,0.48258182406425476
11.820120334625244,1.7261412576702275,1.7206454277038574,-0.13847562670707703,0.4133669137954712
11.823189973831177,1.7262804275692751,1.72102689743042,0.1596246212720871,0.40781262516975403
11.82625937461853,1.7264189953040217,1.72102689743042,0.2059510201215744,0.4308842718601227
11.829336643218994,1.7265573241048267,1.7214083671569824,0.2895399332046509,0.3932860195636749
11.832406282424927,1.7266947167607536,1.7214083671569824,0.05891508236527443,0.5338521599769592
11.835486650466919,1.7268319935460255,1.7214083671569824,-0.060929276049137115,0.46890974044799805
11.838569402694702,1.726968778257018,1.7214083671569824,0.0961776152253151,0.4962539076805115
11.841601133346558,1.7271027148141591,1.721789836883545,0.1253833770751953,0.442420095205307
11.8446683883667,1.7272376306514285,1.721789836883545,0.14552529156208038,0.5462424755096436
11.84773874282837,1.727372087858633,1.7221713066101074,0.15156786143779755,0.47147324681282043
11.850815534591675,1.7275062293310537,1.7221713066101074,0.27443352341651917,0.41892117261886597
11.853886127471924,1.7276395035897734,1.7221713066101074,0.12941177189350128,0.4565194249153137
11.856953620910645,1.7277720473754012,1.72255277633667,0.18077363073825836,0.46591898798942566
11.86001992225647,1.7279039438609258,1.72255277633667,0.16466011106967926,0.4108033776283264
11.863086223602295,1.7280352441818174,1.722934365272522,0.41744107007980347,0.5188983082771301
11.866164207458496,1.7281664446859581,1.722934365272522,0.16667430102825165,0.4253299832344055
11.869247674942017,1.7282972756252695,1.722934365272522,0.08509956300258636,0.4300297498703003
11.872321128845215,1.728427080296748,1.7233158349990845,-0.1445181965827942,0.3309071362018585
11.875392198562622,1.7285561840733394,1.723697304725647,0.2986038029193878,0.3501335084438324
11.878461837768555,1.7286846276838344,1.723697304725647,0.10322728008031845,0.4095216393470764
11.881534337997437,1.7288125898016549,1.723697304725647,0.23012131452560425,0.3044174909591675
11.884601593017578,1.7289397330463177,1.7240787744522095,0.08509956300258636,0.4125123918056488
11.887675523757935,1.7290665506671872,1.7240787744522095,0.18480201065540314,0.38815900683403015
11.890746116638184,1.72919262809263,1.7240787744522095,-0.049851223826408386,0.3210803270339966
11.893812417984009,1.7293179279408892,1.724460244178772,0.049851223826408386,0.38644999265670776
11.896880865097046,1.7294427134280712,1.724460244178772,0.10826276242733002,0.2505836486816406
11.899959564208984,1.7295673100929918,1.7248417139053345,0.13444724678993225,0.4607919454574585
11.903036117553711,1.7296912133328846,1.7248417139053345,0.11329823732376099,0.3996948301792145
11.90610933303833,1.7298143762969307,1.725223183631897,0.24220645427703857,0.3300526440143585
11.90917706489563,1.7299367151394849,1.725223183631897,-0.13444724678993225,0.33902496099472046
11.912244319915771,1.7300584308336566,1.725223183631897,0.01359578873962164,0.35910582542419434
11.915314674377441,1.7301796640663611,1.7256046533584595,0.1414969116449356,0.3672236204147339
11.918392419815063,1.7303005807302285,1.7256046533584595,0.016617074608802795,0.44968336820602417
11.921466588973999,1.7304207483681773,1.7256046533584595,-0.05891508236527443,0.30869001150131226
11.92453408241272,1.7305400484191984,1.725986123085022,0.1414969116449356,0.3633783459663391
11.927602052688599,1.7306587604531225,1.725986123085022,-0.05992217734456062,0.3313344120979309
11.930670738220215,1.730776892900466,1.725986123085022,0.2401922643184662,0.3663691282272339
11.933748245239258,1.7308947545444766,1.7263675928115845,0.26335546374320984,0.44840162992477417
11.936819791793823,1.7310117779796688,1.7263675928115845,0.15358205139636993,0.45523765683174133
11.939889430999756,1.731128119533126,1.7263675928115845,0.011581597849726677,0.3450064957141876
11.942959785461426,1.7312438785252726,1.7263675928115845,0.1112840473651886,0.3625238537788391
11.946027278900146,1.7313589203315767,1.726749062538147,0.1284046620130539,0.2886091470718384
11.9490966796875,1.7314734236389635,1.726749062538147,0.07301442325115204,0.3450064957141876
11.952174186706543,1.7315876162793447,1.726749062538147,0.10020599514245987,0.3817501962184906
11.9552481174469,1.7317010629871905,1.7271305322647095,0.04078736528754234,0.3783321976661682
11.95832633972168,1.7318140534940394,1.7271305322647095,0.1425040066242218,0.3172350525856018
11.961393117904663,1.731926011921766,1.727512001991272,0.40737012028694153,0.40823987126350403
11.964462041854858,1.732037436758921,1.727512001991272,0.10725566744804382,0.40567636489868164
11.967539310455322,1.7321485495141378,1.727512001991272,0.01762416958808899,0.3338979184627533
11.970603466033936,1.7322585764189928,1.727512001991272,0.09819180518388748,0.3539787828922272
11.973680257797241,1.732368441800857,1.727512001991272,0.030716411769390106,0.3501335084438324
11.976747512817383,1.732477352576788,1.7278934717178345,0.07804989814758301,0.48215457797050476
11.979814052581787,1.7325856246484914,1.728274941444397,0.2734264135360718,0.40738537907600403
11.982883214950562,1.7326933748927436,1.728274941444397,0.2512703239917755,0.47147324681282043
11.985960245132446,1.7328007838992985,1.728274941444397,0.13646143674850464,0.3514152765274048
11.989030361175537,1.7329073349923674,1.728274941444397,0.07402151823043823,0.37106889486312866
11.992097854614258,1.7330131795882515,1.7286564111709595,0.004531929735094309,0.35654231905937195
11.99516749382019,1.7331184819704788,1.7286564111709595,-0.0005035477224737406,0.3462882339954376
11.998239755630493,1.733223256667955,1.7286564111709595,0.05690089240670204,0.3945677876472473
12.001316547393799,1.7333275661781589,1.7286564111709595,0.16365301609039307,0.382177472114563
12.004390239715576,1.7334311510280218,1.729037880897522,0.27946898341178894,0.4877088665962219
12.007462501525879,1.733534068444363,1.729037880897522,0.13847562670707703,0.48685434460639954
12.010532855987549,1.733636303079383,1.7294193506240845,0.04179446026682854,0.34457921981811523
12.01360011100769,1.7337378163728536,1.7294193506240845,0.08812084794044495,0.3155260682106018
12.01667332649231,1.7338389069259283,1.7294193506240845,0.2230716347694397,0.4155031740665436
12.019758224487305,1.7339397572330721,1.7294193506240845,0.16264592111110687,0.43985655903816223
12.022840023040771,1.73403988106343,1.729800820350647,0.21098649501800537,0.4155031740665436
12.025912523269653,1.7341390804174361,1.729800820350647,-0.1253833770751953,0.3189440667629242
12.028979539871216,1.7342374825748565,1.729800820350647,-0.07200732082128525,0.2736552953720093
12.032049417495728,1.7343353556946213,1.729800820350647,0.10725566744804382,0.43729305267333984
12.03512692451477,1.7344328482497577,1.7301822900772095,0.09114214032888412,0.34799724817276
12.038201570510864,1.7345296261000545,1.7301822900772095,0.09315633028745651,0.3620965778827667
12.041274309158325,1.734625720353822,1.7301822900772095,0.08610665798187256,0.34757000207901
12.04434323310852,1.7347210727456803,1.7305638790130615,0.2714122235774994,0.3932860195636749
12.047417402267456,1.7348159639783918,1.7301822900772095,0.02568093314766884,0.3180895745754242
12.050487518310547,1.7349101063220373,1.7305638790130615,0.014602883718907833,0.3304798901081085
12.053568363189697,1.735003950662685,1.7305638790130615,0.11732661724090576,0.4761730432510376
12.05660629272461,1.735095872410409,1.7305638790130615,0.07200732082128525,0.4266117215156555
12.059683322906494,1.7351883540239308,1.730945348739624,0.11833371222019196,0.46506446599960327
12.062750101089478,1.7352799030700787,1.730945348739624,-0.06697184592485428,0.4795910716056824
12.065819263458252,1.7353708988240164,1.7313268184661865,0.02064545638859272,0.29544517397880554
12.068897247314453,1.7354615283776995,1.7313268184661865,0.015609979629516602,0.3620965778827667
12.071968078613281,1.7355513205364916,1.7313268184661865,0.2563057839870453,0.5069352388381958
12.075035572052002,1.7356403897189852,1.7313268184661865,0.1112840473651886,0.3364614248275757
12.078106164932251,1.7357289225830193,1.731708288192749,0.12236209958791733,0.442420095205307
12.081176042556763,1.7358168080825258,1.731708288192749,0.03776608034968376,0.2980087101459503
12.084253072738647,1.73590426915873,1.731708288192749,0.19890135526657104,0.33902496099472046
12.087323188781738,1.7359909055834042,1.731708288192749,0.10423437505960464,0.41934844851493835
12.090390682220459,1.7360768410631844,1.731708288192749,-0.16365301609039307,0.3770504295825958
12.093456983566284,1.736162116523754,1.7320897579193115,0.29356831312179565,0.3988403081893921
12.096527099609375,1.7362468700850953,1.7320897579193115,0.28148317337036133,0.4902723729610443
12.099608898162842,1.7363313138665335,1.7320897579193115,-0.10725566744804382,0.3693598806858063
12.1026930809021,1.7364151884368482,1.7320897579193115,0.05085831880569458,0.40354010462760925
12.105767011642456,1.7364981522668241,1.7320897579193115,0.12236209958791733,0.3941405415534973
12.108838558197021,1.7365804212887919,1.732471227645874,0.143511101603508,0.4945448935031891
12.111906051635742,1.7366619524768194,1.732471227645874,0.12437628954648972,0.4270389974117279
12.114974975585938,1.7367428920844388,1.732471227645874,-0.027695124968886375,0.2860456109046936
12.118053197860718,1.7368234440090973,1.732471227645874,0.09315633028745651,0.3663691282272339
12.12112832069397,1.7369032816093823,1.732471227645874,0.03978027030825615,0.41849392652511597
12.124200820922852,1.736982418734041,1.7328526973724365,0.0790569931268692,0.3817501962184906
12.12726879119873,1.7370608081688839,1.7328526973724365,-0.004531929735094309,0.4411383271217346
12.130338191986084,1.7371386028736713,1.7328526973724365,-0.03978027030825615,0.41934844851493835
12.13341498374939,1.7372159509033802,1.7328526973724365,0.21702906489372253,0.383459210395813
12.136488914489746,1.7372925928425083,1.7328526973724365,0.20997940003871918,0.5116350054740906
12.139562368392944,1.737368588882472,1.7328526973724365,-0.18178072571754456,0.3967040479183197
12.142603635787964,1.7374431647446091,1.733234167098999,0.26436254382133484,0.4774547815322876
12.145674228668213,1.7375178293877267,1.733234167098999,0.11732661724090576,0.40439459681510925
12.148744106292725,1.7375918432403297,1.733234167098999,0.047837033867836,0.4633554518222809
12.151822090148926,1.7376654164198184,1.733234167098999,0.0951705202460289,0.5077897310256958
12.154900074005127,1.7377383523736398,1.7336156368255615,0.25932708382606506,0.4155031740665436
12.157978296279907,1.7378106564044915,1.7336156368255615,0.13041886687278748,0.42148470878601074
12.161045551300049,1.7378820683641978,1.7336156368255615,-0.11329823732376099,0.3620965778827667
12.164123296737671,1.737953087711991,1.7336156368255615,-0.17976653575897217,0.4120851457118988
12.167200565338135,1.7380234580023028,1.733997106552124,0.10222018510103226,0.3817501962184906
12.170272827148438,1.738093077087405,1.7336156368255615,-0.003524834057316184,0.3838864862918854
12.173340320587158,1.7381619531475487,1.733997106552124,0.030716411769390106,0.39114975929260254
12.176406860351562,1.738230173356367,1.733997106552124,0.08207827806472778,0.40354010462760925
12.17948031425476,1.7382979106408973,1.733997106552124,0.09919890016317368,0.3945677876472473
12.182557344436646,1.7383650879210248,1.7343785762786865,0.34291601181030273,0.3804684579372406
12.185604810714722,1.7384309895070353,1.7343785762786865,-0.0629434660077095,0.46634623408317566
12.188678741455078,1.738496827731152,1.733997106552124,0.01762416958808899,0.42105746269226074
12.19174599647522,1.7385618864021266,1.7343785762786865,0.1253833770751953,0.42447546124458313
12.194812774658203,1.7386262989866688,1.7343785762786865,0.16566720604896545,0.43558403849601746
12.197881937026978,1.7386901247428572,1.7343785762786865,0.13344015181064606,0.42191195487976074
12.200958967208862,1.7387534742744841,1.7343785762786865,-0.08207827806472778,0.4296025037765503
12.204037427902222,1.7388162119124106,1.7343785762786865,0.11430533230304718,0.4881361126899719
12.207114934921265,1.7388782886844467,1.734760046005249,-0.0941634252667427,0.42063018679618835
12.210185289382935,1.7389395818532396,1.734760046005249,0.13545434176921844,0.4744640290737152
12.21325397491455,1.7390002034135401,1.734760046005249,0.21098649501800537,0.41892117261886597
12.216323137283325,1.7390601959012033,1.734760046005249,0.18379491567611694,0.4445563554763794
12.219403743743896,1.739119769742337,1.734760046005249,0.02568093314766884,0.4415655732154846
12.222475528717041,1.7391785319923683,1.734760046005249,-0.07100022584199905,0.5304341316223145
12.225545167922974,1.7392366135672441,1.7351415157318115,0.021652551367878914,0.4266117215156555
12.228601694107056,1.7392938114997036,1.7351415157318115,-0.09114214032888412,0.4142214059829712
12.23167109489441,1.7393506119675375,1.7351415157318115,0.049851223826408386,0.40781262516975403
12.234748601913452,1.7394069199622357,1.7351415157318115,0.09819180518388748,0.4569466710090637
12.237824440002441,1.739462554404813,1.735522985458374,0.16466011106967926,0.4607919454574585
12.240897178649902,1.7395174907079762,1.735522985458374,-0.03675898537039757,0.39029526710510254
12.243963956832886,1.739571680353909,1.735522985458374,0.05085831880569458,0.444129079580307
12.247030973434448,1.7396252344657614,1.735522985458374,0.22005034983158112,0.45395588874816895
12.250100374221802,1.7396781894914803,1.735522985458374,-0.07804989814758301,0.35483330488204956
12.253184080123901,1.7397307456645643,1.735522985458374,0.17976653575897217,0.4761730432510376
12.256261587142944,1.7397825507891647,1.735522985458374,0.011581597849726677,0.32407110929489136
12.259328842163086,1.739833541612144,1.7359044551849365,0.04179446026682854,0.4565194249153137
12.26239538192749,1.7398838799248515,1.7359044551849365,-0.0961776152253151,0.3291981518268585
12.265465021133423,1.7399336274122967,1.7359044551849365,0.16264592111110687,0.43643853068351746
12.26854395866394,1.7399828804572193,1.7359044551849365,-0.06697184592485428,0.48343634605407715
12.27160358428955,1.7400311843486567,1.7359044551849365,0.18077363073825836,0.3928587734699249
12.274679899215698,1.7400791080993614,1.7359044551849365,0.14753948152065277,0.39072251319885254
12.27774691581726,1.7401262443693717,1.7359044551849365,0.06898603588342667,0.383459210395813
12.280816316604614,1.7401727747015543,1.736285924911499,-0.09919890016317368,0.3697871267795563
12.283893585205078,1.7402187788281258,1.736285924911499,-0.046829938888549805,0.4112306535243988
12.286969184875488,1.7402641120554676,1.736285924911499,0.06596475094556808,0.42404821515083313
12.29004168510437,1.7403087546309148,1.736285924911499,0.021652551367878914,0.4009765684604645
12.29310917854309,1.7403526812259114,1.736285924911499,0.14653238654136658,0.3932860195636749
12.296175956726074,1.7403959549313435,1.736285924911499,0.08207827806472778,0.4894178807735443
12.299245119094849,1.7404386187961904,1.736285924911499,-0.0941634252667427,0.503944456577301
12.302322387695312,1.7404807488997083,1.7366673946380615,0.021652551367878914,0.45481041073799133
12.305395364761353,1.7405221741482635,1.7366673946380615,0.10423437505960464,0.38602274656295776
12.308462858200073,1.7405628813981782,1.7366673946380615,-0.05085831880569458,0.3685053884983063
12.311532258987427,1.740602969706364,1.7366673946380615,0.051865413784980774,0.45267415046691895
12.314603090286255,1.7406424316446543,1.7366673946380615,0.329823762178421,0.5082169771194458
12.317680835723877,1.7406813349018326,1.7366673946380615,0.3459372818470001,0.44028380513191223
12.320756196975708,1.7407195603704713,1.7366673946380615,0.13847562670707703,0.3458609879016876
12.323829174041748,1.7407571094137093,1.737048864364624,0.21602196991443634,0.4804455637931824
12.326897382736206,1.7407939550160099,1.7366673946380615,-0.13545434176921844,0.3616693317890167
12.329964637756348,1.7408301446546754,1.737048864364624,0.2875257432460785,0.45096513628959656
12.33303451538086,1.7408657198643749,1.737048864364624,0.03675898537039757,0.4962539076805115
12.336120128631592,1.7409008266716877,1.737048864364624,-0.006546120624989271,0.46805524826049805
12.33919382095337,1.7409351490749352,1.737048864364624,-0.10926985740661621,0.4325932562351227
12.342261552810669,1.7409687591580592,1.737048864364624,-0.10926985740661621,0.47019150853157043
12.345328330993652,1.7410017138328142,1.737048864364624,-0.12236209958791733,0.4095216393470764
12.348398447036743,1.741034058339776,1.737048864364624,-0.010574501939117908,0.4795910716056824
12.351479530334473,1.741065868414117,1.737048864364624,0.12135500460863113,0.4736095070838928
12.354571342468262,1.7410971345970259,1.737048864364624,0.021652551367878914,0.3544060289859772
12.357606410980225,1.7411271889878928,1.737048864364624,0.08711375296115875,0.4736095070838928
12.360680103302002,1.7411569815578807,1.737048864364624,0.011581597849726677,0.5423972010612488
12.36374831199646,1.741186074238102,1.7374303340911865,-0.2079652100801468,0.43772029876708984
12.366819858551025,1.741214551243777,1.7374303340911865,0.05387960746884346,0.49710842967033386
12.36989688873291,1.74124242957159,1.7374303340911865,-0.09013504534959793,0.5564965009689331
12.372968435287476,1.7412696097528622,1.7374303340911865,-0.09919890016317368,0.575295627117157
12.376035451889038,1.741296103294252,1.7374303340911865,-0.01258869282901287,0.5112077593803406
12.3791024684906,1.7413219506601003,1.7374303340911865,-0.11732661724090576,0.3616693317890167
12.382171630859375,1.741347169159529,1.7374303340911865,0.15257495641708374,0.3774776756763458
12.385249376296997,1.7413718081960505,1.7374303340911865,0.01762416958808899,0.3531242907047272
12.388319253921509,1.7413957357532341,1.7374303340911865,-0.057907987385988235,0.5103532671928406
12.39138674736023,1.7414189977294443,1.7374303340911865,-0.0629434660077095,0.4612191915512085
12.394453048706055,1.7414416042095784,1.7374303340911865,-0.019638361409306526,0.4125123918056488
12.397526264190674,1.7414636130622425,1.737811803817749,0.030716411769390106,0.3920042812824249
12.400604486465454,1.7414850067683658,1.737811803817749,0.006546120624989271,0.43601128458976746
12.403685808181763,1.7415057694186058,1.737811803817749,-0.01359578873962164,0.572732150554657
12.406761407852173,1.7415258423270195,1.7374303340911865,-0.08509956300258636,0.47104600071907043
12.409831762313843,1.7415452320109388,1.737811803817749,0.05992217734456062,0.6338292360305786
12.412902355194092,1.7415639746150062,1.737811803817749,0.05387960746884346,0.44882887601852417
12.415983438491821,1.7415821292430298,1.737811803817749,0.2522774040699005,0.5710231065750122
12.41906476020813,1.7415996320116938,1.737811803817749,-0.019638361409306526,0.3608148396015167
12.422143936157227,1.7416164699190615,1.737811803817749,0.13344015181064606,0.44968336820602417
12.425210952758789,1.7416325926868526,1.737811803817749,-0.13948272168636322,0.41977569460868835
12.428277730941772,1.7416480668516923,1.737811803817749,0.02870221994817257,0.42233920097351074
12.431346893310547,1.7416629049094463,1.737811803817749,0.04884412884712219,0.443701833486557
12.434425592422485,1.7416771376035802,1.737811803817749,0.15358205139636993,0.6210116744041443
12.437502384185791,1.741690709553023,1.737811803817749,-0.02568093314766884,0.4748912751674652
12.440576314926147,1.7417036180152976,1.7381932735443115,0.2663767337799072,0.3505607545375824
12.443603515625,1.7417156943911192,1.737811803817749,0.05589379742741585,0.5436789393424988
12.446674108505249,1.7417272992128827,1.7381932735443115,0.19890135526657104,0.5086442232131958
12.44974398612976,1.7417382522699283,1.7381932735443115,0.002517738612368703,0.46463721990585327
12.452821254730225,1.7417485803248753,1.7381932735443115,0.01762416958808899,0.3685053884983063
12.455894708633423,1.741758244594809,1.7381932735443115,-0.03776608034968376,0.4300297498703003
12.458961486816406,1.741767239377351,1.7381932735443115,0.06797894090414047,0.5065079927444458
12.462028503417969,1.741775586959212,1.7381932735443115,-0.011581597849726677,0.48642709851264954
12.46509599685669,1.7417832877316364,1.7381932735443115,0.010574501939117908,0.4813000559806824
12.46816635131836,1.741790346593135,1.7381932735443115,-0.12437628954648972,0.5210345387458801
12.471244096755981,1.7417967706777389,1.7381932735443115,0.027695124968886375,0.4911268651485443
12.474319696426392,1.7418025383892872,1.7381932735443115,0.14854657649993896,0.47916379570961
12.477392435073853,1.7418076499561002,1.7381932735443115,-0.02568093314766884,0.3975585699081421
12.480462312698364,1.741812107176124,1.7381932735443115,0.038773175328969955,0.44925612211227417
12.48354196548462,1.7418159261828778,1.7381932735443115,0.021652551367878914,0.5522239804267883
12.48660397529602,1.74181907545829,1.7381932735443115,-0.1102769523859024,0.43985655903816223
12.489674806594849,1.741821585008947,1.7381932735443115,-0.16163882613182068,0.5201800465583801
12.492745161056519,1.7418234445810374,1.7381932735443115,-0.1425040066242218,0.5005264282226562
12.495818376541138,1.7418246554323757,1.7381932735443115,-0.05387960746884346,0.41934844851493835
12.498887062072754,1.7418252151760765,1.7381932735443115,0.18178072571754456,0.45310139656066895
12.50196361541748,1.7418251250114005,1.7381932735443115,-0.29558250308036804,0.45352864265441895
12.505037069320679,1.7418243837456824,1.7381932735443115,0.10222018510103226,0.31338977813720703
12.5081045627594,1.7418229949487314,1.7381932735443115,0.04481574892997742,0.40354010462760925
12.511171817779541,1.7418209580015673,1.7381932735443115,-0.06193637102842331,0.4163576662540436
12.514241218566895,1.741818270723637,1.7385748624801636,0.06596475094556808,0.4573739171028137
12.51732063293457,1.7418149223761017,1.7381932735443115,0.13243305683135986,0.4462653398513794
12.520399332046509,1.741810921681466,1.7381932735443115,-0.06697184592485428,0.48599985241889954
12.523478031158447,1.741806267952839,1.7381932735443115,-0.03474479168653488,0.4719005227088928
12.526548862457275,1.741800975601627,1.7381932735443115,-0.12437628954648972,0.48386359214782715
12.529600620269775,1.7417950724988625,1.7381932735443115,0.0629434660077095,0.4603646993637085
12.532671928405762,1.7417884838043929,1.7381932735443115,0.08207827806472778,0.3855954706668854
12.535749912261963,1.741781228849993,1.7381932735443115,0.07200732082128525,0.35782405734062195
12.538824081420898,1.7417733314801995,1.7381932735443115,-0.02870221994817257,0.4120851457118988
12.541892051696777,1.7417648010291926,1.7381932735443115,0.04884412884712219,0.42233920097351074
12.54495906829834,1.7417556252130437,1.7381932735443115,-0.052872512489557266,0.46933698654174805
12.548028469085693,1.7417457936262981,1.7381932735443115,0.027695124968886375,0.44925612211227417
12.551106929779053,1.7417352812910831,1.7381932735443115,0.024673838168382645,0.38815900683403015
12.554183006286621,1.74172412520552,1.7381932735443115,-0.14955367147922516,0.40823987126350403
12.557255506515503,1.74171233162836,1.7381932735443115,-0.008560311049222946,0.5466697216033936
12.560322999954224,1.74169990881796,1.7385748624801636,-0.057907987385988235,0.4287480115890503
12.563389778137207,1.7416868412542903,1.7381932735443115,0.01762416958808899,0.42020294070243835
12.566459655761719,1.7416731119760398,1.7385748624801636,0.01359578873962164,0.3941405415534973
12.569542646408081,1.7416586711059046,1.7381932735443115,0.12941177189350128,0.4808728098869324
12.572603464126587,1.7416436868516239,1.7381932735443115,0.07502861320972443,0.4612191915512085
12.575677394866943,1.7416279894009319,1.7381932735443115,0.032730601727962494,0.5458152294158936
12.578750133514404,1.7416116480857875,1.7385748624801636,-0.05992217734456062,0.4308842718601227
12.581822633743286,1.7415946583491448,1.7381932735443115,0.04179446026682854,0.443701833486557
12.58489990234375,1.7415769911313608,1.7381932735443115,-0.13948272168636322,0.3783321976661682
12.587974548339844,1.7415586882504146,1.7381932735443115,-0.05992217734456062,0.382177472114563
12.591046810150146,1.7415397499440908,1.7381932735443115,-0.20192264020442963,0.43772029876708984
12.594114065170288,1.7415201947918681,1.7385748624801636,-0.024673838168382645,0.504798948764801
12.597188472747803,1.7414999446653097,1.7381932735443115,0.010574501939117908,0.4296025037765503
12.600266456604004,1.7414790197940309,1.7381932735443115,0.024673838168382645,0.45053789019584656
12.603341102600098,1.7414574671844314,1.7381932735443115,-0.054886702448129654,0.4958266615867615
12.606411933898926,1.741435292527615,1.7381932735443115,-0.029709314927458763,0.3646601140499115
12.609481573104858,1.7414124785543004,1.7385748624801636,0.15660333633422852,0.46762797236442566
12.612560510635376,1.7413889448146762,1.7381932735443115,0.0790569931268692,0.5688868761062622
12.615607261657715,1.741365015716402,1.7381932735443115,0.08107118308544159,0.38858625292778015
12.618690967559814,1.7413401468057876,1.7381932735443115,0.02064545638859272,0.37576866149902344
12.621764421463013,1.7413147104358888,1.7385748624801636,0.16163882613182068,0.4125123918056488
12.62483525276184,1.7412886476411746,1.7381932735443115,-0.07603570818901062,0.43942931294441223
12.627901554107666,1.7412619769695017,1.7381932735443115,0.018631266430020332,0.47788205742836
12.63097095489502,1.7412346326120005,1.7385748624801636,0.0639505609869957,0.3847409784793854
12.634048223495483,1.7412065687210798,1.7381932735443115,-0.15358205139636993,0.3937132954597473
12.63712191581726,1.7411778884098779,1.7381932735443115,0.06596475094556808,0.443701833486557
12.640192985534668,1.741148584849078,1.7385748624801636,0.28047609329223633,0.32706186175346375
12.643259763717651,1.7411186762582183,1.7381932735443115,0.03776608034968376,0.37277790904045105
12.646326780319214,1.7410881198506336,1.7381932735443115,-0.21199358999729156,0.34457921981811523
12.64940071105957,1.7410568469709293,1.7381932735443115,-0.052872512489557266,0.34030669927597046
12.65247917175293,1.7410248783721605,1.7381932735443115,-0.17875944077968597,0.3992675542831421
12.655555486679077,1.7409922827437443,1.7381932735443115,0.002517738612368703,0.4009765684604645
12.658600807189941,1.7409593763319207,1.7381932735443115,0.06495765596628189,0.3663691282272339
12.661667585372925,1.7409255954891334,1.7381932735443115,-0.0961776152253151,0.3608148396015167
12.664736986160278,1.7408911402315428,1.7385748624801636,0.2653696537017822,0.4475471079349518
12.66782546043396,1.7408558191614443,1.7381932735443115,0.05690089240670204,0.40823987126350403
12.670907497406006,1.740819920162078,1.7381932735443115,0.01762416958808899,0.32150760293006897
12.673977613449097,1.7407835130514142,1.7381932735443115,-0.03373769670724869,0.3048447370529175
12.677045106887817,1.7407464922931344,1.7381932735443115,0.15257495641708374,0.32321658730506897
12.68011212348938,1.7407088331050735,1.7381932735443115,-0.0639505609869957,0.33817043900489807
12.6831796169281,1.7406705239171822,1.7381932735443115,-0.13243305683135986,0.3454337418079376
12.686246156692505,1.7406315828871795,1.7381932735443115,-0.16768139600753784,0.2740825414657593
12.689313173294067,1.7405919921442206,1.7381932735443115,0.09919890016317368,0.3334706723690033
12.692379713058472,1.7405517641458335,1.7381932735443115,-0.049851223826408386,0.38901349902153015
12.695446252822876,1.7405108929361122,1.7381932735443115,-0.23314259946346283,0.3462882339954376
12.698518991470337,1.7404692940962432,1.7381932735443115,-0.046829938888549805,0.34714275598526
12.70160460472107,1.7404268713901465,1.7381932735443115,0.04481574892997742,0.3646601140499115
12.70468544960022,1.7403838649817238,1.7381932735443115,-0.02366674318909645,0.30698099732398987
12.707756757736206,1.7403403461105615,1.7381932735443115,-0.07603570818901062,0.3022812306880951
12.710824012756348,1.740296241519077,1.7381932735443115,-0.07402151823043823,0.3338979184627533
12.713891506195068,1.7402514908620412,1.7381932735443115,-0.10926985740661621,0.35996031761169434
12.716960906982422,1.740206069283949,1.7381932735443115,0.01762416958808899,0.35996031761169434
12.720037937164307,1.740159889278574,1.7381932735443115,0.06495765596628189,0.32407110929489136
12.7231125831604,1.740113099650916,1.7381932735443115,-0.17170977592468262,0.28134584426879883
12.726183891296387,1.7400657168890081,1.7381932735443115,0.12034790217876434,0.3142443001270294
12.72925066947937,1.7400177620326418,1.7381932735443115,0.11329823732376099,0.33774319291114807
12.732320308685303,1.7399691202125074,1.7381932735443115,0.02668802998960018,0.3189440667629242
12.735397815704346,1.7399197089018186,1.7381932735443115,0.032730601727962494,0.2646830081939697
12.738472938537598,1.739869691163467,1.7381932735443115,0.015609979629516602,0.2988632023334503
12.741545677185059,1.7398190686829327,1.7381932735443115,-0.060929276049137115,0.2548561692237854
12.744600534439087,1.7397681033121026,1.7381932735443115,0.008560311049222946,0.27493706345558167
12.747670412063599,1.7397162472240346,1.7381932735443115,-0.04280155524611473,0.251010924577713
12.7507483959198,1.7396636101594884,1.7381932735443115,0.06797894090414047,0.2706645429134369
12.753821849822998,1.7396104072855187,1.737811803817749,0.13646143674850464,0.3526970446109772
12.756891012191772,1.7395566374405333,1.7381932735443115,0.10826276242733002,0.252292662858963
12.75995922088623,1.7395022439905223,1.737811803817749,0.18077363073825836,0.29245442152023315
12.763025283813477,1.7394472492408868,1.7381932735443115,-0.07804989814758301,0.2826276123523712
12.766095161437988,1.7393915459635956,1.737811803817749,0.02064545638859272,0.28091859817504883
12.769179821014404,1.7393349295385951,1.737811803817749,0.06193637102842331,0.3338979184627533
12.77225375175476,1.7392778671360425,1.737811803817749,0.06797894090414047,0.29715418815612793
12.775325059890747,1.7392202126749812,1.737811803817749,-0.04884412884712219,0.3044174909591675
12.77839207649231,1.7391619998610546,1.737811803817749,0.007553216069936752,0.3044174909591675
12.781461238861084,1.7391031073995737,1.737811803817749,0.11531242728233337,0.2672465145587921
12.784541606903076,1.7390433574907351,1.737811803817749,-0.01762416958808899,0.30826276540756226
12.78760576248169,1.7389832837501102,1.737811803817749,0.08912795037031174,0.24930189549922943
12.790682554244995,1.7389223219335999,1.737811803817749,0.035751886665821075,0.24246585369110107
12.793752908706665,1.7388608482440178,1.737811803817749,-0.10222018510103226,0.23477530479431152
12.796825408935547,1.7387986924034917,1.7374303340911865,0.04078736528754234,0.28091859817504883
12.79990291595459,1.7387357945331443,1.737811803817749,0.14048981666564941,0.24203860759735107
12.802972793579102,1.7386724139429965,1.7374303340911865,0.0317235067486763,0.2505836486816406
12.806044578552246,1.7386083557592698,1.7374303340911865,-0.1112840473651886,0.251438170671463
12.809114933013916,1.7385436896785804,1.7374303340911865,-0.11329823732376099,0.24460211396217346
12.812181949615479,1.738478457597626,1.7374303340911865,-0.11329823732376099,0.27493706345558167
12.815251588821411,1.738412533209182,1.7374303340911865,0.07704280316829681,0.18350499868392944
12.818331718444824,1.7383457437047565,1.7374303340911865,0.04884412884712219,0.24203860759735107
12.821413278579712,1.738278282072251,1.7374303340911865,0.011581597849726677,0.2561379373073578
12.824487686157227,1.7382103382487655,1.7374303340911865,0.23213550448417664,0.19504082202911377
12.827561616897583,1.7381417673325201,1.7374303340911865,-0.02568093314766884,0.21597619354724884
12.830602645874023,1.738073303233357,1.737048864364624,-0.054886702448129654,0.21939422190189362
12.833683013916016,1.7380033178204932,1.737048864364624,0.11934080719947815,0.2646830081939697
12.836760520935059,1.737932758821117,1.737048864364624,-0.21300068497657776,0.2732280492782593
12.839830160140991,1.7378617446262121,1.737048864364624,-0.06999313086271286,0.22879377007484436
12.84289813041687,1.737790135052742,1.737048864364624,0.024673838168382645,0.23434805870056152
12.84596562385559,1.737717903207132,1.737048864364624,0.01359578873962164,0.2211032211780548
12.849035501480103,1.7376449813972152,1.737048864364624,-0.011581597849726677,0.19888609647750854
12.852112531661987,1.737571253671405,1.7366673946380615,-0.10624857246875763,0.3360341787338257
12.855187177658081,1.7374969473328958,1.7366673946380615,-0.06596475094556808,0.2082856446504593
12.858261823654175,1.7374220057787622,1.7366673946380615,-0.004531929735094309,0.24887464940547943
12.861328601837158,1.7373466234939268,1.7366673946380615,-0.304646372795105,0.29373615980148315
12.864398717880249,1.737270526721744,1.7366673946380615,0.15156786143779755,0.27963683009147644
12.86747670173645,1.7371935999997716,1.7366673946380615,-0.14048981666564941,0.21042190492153168
12.87055253982544,1.7371160921093232,1.7366673946380615,0.007553216069936752,0.16598764061927795
12.873600721359253,1.7370386553775392,1.736285924911499,0.019638361409306526,0.2377660721540451
12.876668214797974,1.7369600994657912,1.736285924911499,-0.03776608034968376,0.24673838913440704
12.879734754562378,1.7368809380012857,1.736285924911499,-0.2069581151008606,0.2369115799665451
12.882814407348633,1.7368008044021765,1.736285924911499,0.014602883718907833,0.13992522656917572
12.885892152786255,1.7367200863427865,1.736285924911499,0.00553902518004179,0.23135729134082794
12.888964891433716,1.7366388675465403,1.736285924911499,0.09013504534959793,0.24246585369110107
12.892031192779541,1.7365571896540997,1.7359044551849365,0.07402151823043823,0.19461356103420258
12.895097970962524,1.7364748706293733,1.7359044551849365,0.054886702448129654,0.21298542618751526
12.898167133331299,1.7363918587013758,1.7359044551849365,-0.004531929735094309,0.2078583985567093
12.901244878768921,1.7363079831439792,1.7359044551849365,-0.032730601727962494,0.1920500546693802
12.904320001602173,1.7362235478153685,1.7359044551849365,-0.09114214032888412,0.19290456175804138
12.907392501831055,1.7361385546447257,1.7359044551849365,-0.08207827806472778,0.20956741273403168
12.910460233688354,1.7360530655765651,1.735522985458374,-0.007553216069936752,0.26297399401664734
12.913526773452759,1.7359669830965805,1.735522985458374,-0.04078736528754234,0.23178453743457794
12.916606664657593,1.7358798955354144,1.735522985458374,0.014602883718907833,0.2052948772907257
12.91969084739685,1.7357920539768268,1.735522985458374,-0.10826276242733002,0.252719908952713
12.922765493392944,1.7357038542087089,1.735522985458374,-0.02366674318909645,0.19504082202911377
12.925834655761719,1.7356151849013544,1.735522985458374,-0.05387960746884346,0.1736781895160675
12.92890214920044,1.735525938366467,1.735522985458374,0.08409246802330017,0.29758143424987793
12.931971788406372,1.7354360038043044,1.7351415157318115,-0.19386588037014008,0.23007553815841675
12.935048580169678,1.7353452320163265,1.7351415157318115,-0.07704280316829681,0.20102235674858093
12.938118934631348,1.735254024050655,1.7351415157318115,-0.04481574892997742,0.1903410404920578
12.94118618965149,1.7351622840068825,1.7351415157318115,-0.16566720604896545,0.16171512007713318
12.944252490997314,1.7350699492836597,1.734760046005249,-0.14955367147922516,0.1424887478351593
12.947326421737671,1.7349767597288646,1.734760046005249,0.08509956300258636,0.1582970917224884
12.950404405593872,1.7348828205429245,1.734760046005249,0.004531929735094309,0.18265049159526825
12.95348072052002,1.7347883059836382,1.734760046005249,-0.05690089240670204,0.2386205792427063
12.95655369758606,1.7346932692068415,1.734760046005249,0.0015106431674212217,0.21042190492153168
12.95960283279419,1.7345983529471174,1.7343785762786865,-0.18178072571754456,0.14761577546596527
12.962680339813232,1.7345019308280143,1.734760046005249,-0.051865413784980774,0.1574425846338272
12.965749740600586,1.734405139955013,1.7343785762786865,-0.27946898341178894,0.18521401286125183
12.968827724456787,1.7343074542625783,1.7343785762786865,-0.01359578873962164,0.2202487289905548
12.971899509429932,1.7342093425227882,1.7343785762786865,-0.18178072571754456,0.16855116188526154
12.974967241287231,1.7341107396807793,1.733997106552124,-0.1445181965827942,0.17196917533874512
12.978033781051636,1.73401155573496,1.733997106552124,-0.1606317162513733,0.16983291506767273
12.98110318183899,1.7339116594547348,1.733997106552124,0.18681620061397552,0.29074540734291077
12.98418116569519,1.7338108615144636,1.733997106552124,-0.04179446026682854,0.191622793674469
12.987256526947021,1.7337095274460665,1.733997106552124,-0.007553216069936752,0.16128785908222198
12.990328788757324,1.733607675074395,1.7336156368255615,-0.13142596185207367,0.19888609647750854
12.993399381637573,1.73350525879799,1.7336156368255615,0.016617074608802795,0.19333180785179138
12.996465682983398,1.7334023682732986,1.7336156368255615,0.05992217734456062,0.18777751922607422
12.99953556060791,1.7332987400928062,1.7336156368255615,0.09214923530817032,0.1907682865858078
13.002604246139526,1.733194534885364,1.733234167098999,-0.26134127378463745,0.2070038914680481
13.005680322647095,1.7330894597079365,1.733234167098999,0.043808650225400925,0.19803158938884735
13.008749008178711,1.7329840198851931,1.733234167098999,-0.09718471020460129,0.16556039452552795
13.011815547943115,1.7328780384588534,1.7328526973724365,0.051865413784980774,0.19803158938884735
13.014885902404785,1.732771309323699,1.7328526973724365,-0.13847562670707703,0.2057221382856369
13.017963171005249,1.7326637219070051,1.7328526973724365,0.01762416958808899,0.1745326966047287
13.02103877067566,1.7325555751111794,1.7328526973724365,-0.14753948152065277,0.21725794672966003
13.0241117477417,1.7324469041658501,1.732471227645874,-0.08711375296115875,0.14889752864837646
13.02717924118042,1.7323378130875446,1.732471227645874,0.007553216069936752,0.16470588743686676
13.030245542526245,1.732228151662757,1.732471227645874,-0.1112840473651886,0.21597619354724884
13.033315181732178,1.7321177576494065,1.732471227645874,-0.12236209958791733,0.21640345454216003
13.03639268875122,1.7320064651871028,1.7320897579193115,0.0790569931268692,0.21127641201019287
13.039469718933105,1.7318945742425396,1.7320897579193115,-0.18480201065540314,0.1899137794971466
13.042540550231934,1.7317822953072088,1.7320897579193115,-0.01359578873962164,0.17965972423553467
13.045600175857544,1.7316698170668563,1.7320897579193115,0.07301442325115204,0.14975203573703766
13.0486741065979,1.731556201185012,1.7320897579193115,0.054886702448129654,0.19845883548259735
13.051752090454102,1.7314418215241008,1.731708288192749,-0.1898374855518341,0.16214236617088318
13.054827451705933,1.7313269261567006,1.731708288192749,-0.052872512489557266,0.24075685441493988
13.057899713516235,1.7312115350362232,1.731708288192749,-0.043808650225400925,0.2236667424440384
13.060969829559326,1.7310956143386738,1.731708288192749,-0.057907987385988235,0.2061493843793869
13.064042329788208,1.730978993384163,1.7313268184661865,-0.2059510201215744,0.16427862644195557
13.067119598388672,1.7308615799811564,1.7313268184661865,-0.06999313086271286,0.21298542618751526
13.070191383361816,1.7307437659457994,1.7313268184661865,-0.13243305683135986,0.2240939885377884
13.073258638381958,1.7306255181189236,1.730945348739624,-0.1253833770751953,0.07797360420227051
13.07632565498352,1.7305066729103427,1.730945348739624,-0.21300068497657776,0.1424887478351593
13.079392433166504,1.7303872309027981,1.730945348739624,-0.28047609329223633,0.12155336886644363
13.082462072372437,1.7302670710487735,1.730945348739624,0.0005035477224737406,0.21469444036483765
13.08554220199585,1.7301458911866294,1.7305638790130615,-0.18480201065540314,0.1600061058998108
13.088603019714355,1.7300248668748957,1.7305638790130615,0.1918516755104065,0.13992522656917572
13.091672420501709,1.7299028987775653,1.7305638790130615,-0.01762416958808899,0.08310063183307648
13.094738483428955,1.7297804594968067,1.7301822900772095,-0.0961776152253151,0.1758144497871399
13.097811937332153,1.7296571198488748,1.7301822900772095,-0.1102769523859024,0.16214236617088318
13.10089659690857,1.7295327217083187,1.7301822900772095,-0.1576104313135147,0.11813534796237946
13.103968858718872,1.729408217770505,1.7301822900772095,-0.23515678942203522,0.1753872036933899
13.10703730583191,1.7292832654584442,1.7301822900772095,0.01359578873962164,0.1758144497871399
13.110104322433472,1.7291577696938443,1.729800820350647,-0.051865413784980774,0.23349355161190033
13.113172054290771,1.729031643353291,1.729800820350647,-0.01359578873962164,0.14590676128864288
13.116241455078125,1.7289048469954234,1.729800820350647,0.01762416958808899,0.10574502497911453
13.119322776794434,1.7287769535873994,1.7294193506240845,-0.10222018510103226,0.1570153385400772
13.122400760650635,1.7286485944117767,1.7294193506240845,-0.21400777995586395,0.16598764061927795
13.125471830368042,1.7285199221024805,1.7294193506240845,0.01762416958808899,0.18179598450660706
13.128537654876709,1.7283908707810378,1.729037880897522,-0.24321354925632477,0.1924773007631302
13.131603002548218,1.728261241884714,1.729037880897522,0.05085831880569458,0.14804303646087646
13.13468050956726,1.7281304981118364,1.729037880897522,0.08509956300258636,0.1886320263147354
13.13775634765625,1.7279992243532307,1.7286564111709595,0.004531929735094309,0.13821622729301453
13.140828609466553,1.7278675040383178,1.7286564111709595,0.014602883718907833,0.14804303646087646
13.143895864486694,1.7277354014975779,1.7286564111709595,-0.13243305683135986,0.18051423132419586
13.146965503692627,1.7276025996687778,1.728274941444397,-0.1898374855518341,0.16940565407276154
13.150042057037354,1.727468900355277,1.728274941444397,-0.17070268094539642,0.1745326966047287
13.153117418289185,1.7273346546627668,1.728274941444397,0.03474479168653488,0.1753872036933899
13.156189441680908,1.7271999580797175,1.7278934717178345,-0.15559624135494232,0.10403601080179214
13.15926194190979,1.7270646446815945,1.7278934717178345,-0.06596475094556808,0.14633402228355408
13.162338972091675,1.7269285350168213,1.7278934717178345,-0.09919890016317368,0.14718852937221527
13.16540813446045,1.7267921789660077,1.727512001991272,0.035751886665821075,0.14676126837730408
13.168488025665283,1.7266547500004392,1.727512001991272,-0.20091554522514343,0.10959029197692871
13.171562433242798,1.726516970531657,1.727512001991272,-0.0941634252667427,0.13266193866729736
13.174602508544922,1.7263801454305865,1.727512001991272,-0.05891508236527443,0.19589532911777496
13.177670240402222,1.7262414871931955,1.7271305322647095,-0.2583199739456177,0.1104447990655899
13.18074083328247,1.7261021082698824,1.7271305322647095,-0.14955367147922516,0.15317006409168243
13.183818340301514,1.725961822377803,1.726749062538147,-0.15056076645851135,0.20914015173912048
13.186893701553345,1.7258210416508708,1.726749062538147,-0.12236209958791733,0.19674982130527496
13.189966440200806,1.7256797898200011,1.726749062538147,0.10020599514245987,0.17752346396446228
13.193033218383789,1.7255382233242438,1.7263675928115845,-0.29256123304367065,0.17752346396446228
13.196103572845459,1.725395903148656,1.7263675928115845,0.0015106431674212217,0.10574502497911453
13.199177980422974,1.725252805525894,1.7263675928115845,-0.0941634252667427,0.09805447608232498
13.202255249023438,1.725108984486383,1.725986123085022,-0.0629434660077095,0.10702677816152573
13.205328226089478,1.7249647752638395,1.725986123085022,-0.0941634252667427,0.16940565407276154
13.20839548110962,1.7248202484009072,1.7256046533584595,-0.2724193036556244,0.1604333519935608
13.211462497711182,1.724675147758069,1.7256046533584595,-0.04582284390926361,0.1437705010175705
13.21453309059143,1.7245292924465256,1.7256046533584595,-0.06596475094556808,0.14975203573703766
13.217601537704468,1.7243829544003448,1.725223183631897,-0.16768139600753784,0.10489051789045334
13.220677375793457,1.724235677846744,1.725223183631897,0.003524834057316184,0.2223849892616272
13.223750591278076,1.7240879414394916,1.725223183631897,-0.12034790217876434,0.1591515988111496
13.226820230484009,1.723939793344031,1.725223183631897,-0.04884412884712219,0.1749599426984787
13.22988748550415,1.7237911782767084,1.7248417139053345,0.049851223826408386,0.24844738841056824
13.232956886291504,1.7236418773723101,1.7248417139053345,-0.049851223826408386,0.08865492045879364
13.236040830612183,1.7234912833885299,1.724460244178772,-0.15156786143779755,0.16769665479660034
13.239114999771118,1.723340583049867,1.724460244178772,0.07301442325115204,0.13351644575595856
13.242182493209839,1.7231896296571214,1.724460244178772,0.12135500460863113,0.18735027313232422
13.245250225067139,1.723038085348257,1.7240787744522095,0.010574501939117908,0.10959029197692871
13.248319625854492,1.722885879480092,1.7240787744522095,-0.1576104313135147,0.17154192924499512
13.251397371292114,1.7227326787481523,1.723697304725647,0.019638361409306526,0.1728236824274063
13.254475831985474,1.7225788609258637,1.723697304725647,-0.004531929735094309,0.21982146799564362
13.257554769515991,1.72242443816382,1.7233158349990845,-0.2059510201215744,0.19674982130527496
13.260600328445435,1.7222711183144808,1.7233158349990845,0.022659648209810257,0.21597619354724884
13.263667583465576,1.722116132661021,1.7233158349990845,-0.024673838168382645,0.2082856446504593
13.266736268997192,1.7219604992841109,1.7233158349990845,0.008560311049222946,0.17923247814178467
13.269814252853394,1.7218038167154344,1.722934365272522,-0.11732661724090576,0.16726939380168915
13.272886991500854,1.7216468247259327,1.722934365272522,-0.06596475094556808,0.09805447608232498
13.27595829963684,1.7214893308782204,1.72255277633667,0.021652551367878914,0.13907071948051453
13.279025316238403,1.7213314840738754,1.72255277633667,-0.2220645397901535,0.21042190492153168
13.282094717025757,1.721172941862707,1.72255277633667,-0.047837033867836,0.1723964363336563
13.2851722240448,1.721013406340156,1.7221713066101074,-0.11229114234447479,0.18051423132419586
13.288246154785156,1.7208534824442538,1.7221713066101074,-0.08207827806472778,0.1288166642189026
13.291318655014038,1.7206930605372281,1.721789836883545,-0.17070268094539642,0.1437705010175705
13.294388055801392,1.7205322296198309,1.721789836883545,-0.029709314927458763,0.191195547580719
13.297458171844482,1.7203707910726784,1.721789836883545,0.06999313086271286,0.21084916591644287
13.300535440444946,1.7202084048073767,1.7214083671569824,-0.0941634252667427,0.19333180785179138
13.303603887557983,1.7200459148362106,1.7214083671569824,-0.03474479168653488,0.19760432839393616
13.306680917739868,1.7198824001729294,1.72102689743042,-0.30766767263412476,0.19717708230018616
13.30974817276001,1.7197188373197614,1.72102689743042,-0.049851223826408386,0.1587243527173996
13.312814950942993,1.7195547338913262,1.7206454277038574,-0.01359578873962164,0.2048676311969757
13.315885782241821,1.7193898471100104,1.7206454277038574,-0.011581597849726677,0.2202487289905548
13.318964958190918,1.7192239437262598,1.7206454277038574,-0.02568093314766884,0.1894865334033966
13.322039127349854,1.7190577427985478,1.720263957977295,-0.1414969116449356,0.26297399401664734
13.325164079666138,1.718888216018243,1.7198824882507324,-0.08207827806472778,0.16940565407276154
13.328232288360596,1.7187211989316578,1.7198824882507324,-0.03675898537039757,0.11429007351398468
13.331302404403687,1.718553514715088,1.7198824882507324,-0.08409246802330017,0.1899137794971466
13.33438229560852,1.718384731051218,1.71950101852417,-0.006546120624989271,0.18051423132419586
13.33745813369751,1.718215604808581,1.71950101852417,-0.08912795037031174,0.21939422190189362
13.340536117553711,1.7180457962970346,1.71950101852417,-0.09114214032888412,0.21811245381832123
13.343605518341064,1.7178758998135146,1.7191195487976074,0.057907987385988235,0.16513313353061676
13.34667706489563,1.7177053238982105,1.7191195487976074,0.1112840473651886,0.22751201689243317
13.349746704101562,1.7175342942068885,1.718738079071045,0.010574501939117908,0.18265049159526825
13.352827310562134,1.7173620915710772,1.718738079071045,-0.16566720604896545,0.20871290564537048
13.355902671813965,1.7171896213271376,1.7183566093444824,-0.08308537304401398,0.16726939380168915
13.358974695205688,1.7170167794977833,1.7183566093444824,-0.08812084794044495,0.23050278425216675
13.362043380737305,1.716843568546325,1.7183566093444824,0.07301442325115204,0.11685358732938766
13.365112781524658,1.7166697610542752,1.71797513961792,0.06193637102842331,0.1886320263147354
13.368182897567749,1.716495357279457,1.71797513961792,-0.1586175262928009,0.1886320263147354
13.371259927749634,1.7163200036607948,1.7175936698913574,-0.20192264020442963,0.21170367300510406
13.374333143234253,1.7161443114243853,1.7175936698913574,-0.2532845139503479,0.20273137092590332
13.377400398254395,1.7159684065448657,1.717212200164795,-0.02668802998960018,0.21725794672966003
13.38047194480896,1.7157917021846052,1.717212200164795,-0.047837033867836,0.21341268718242645
13.383541822433472,1.7156145411942214,1.717212200164795,-0.1284046620130539,0.12497138977050781
13.386601448059082,1.715437422768383,1.7168307304382324,-0.13243305683135986,0.23520256578922272
13.38967514038086,1.7152589387570554,1.71644926071167,-0.04179446026682854,0.15445181727409363
13.392745018005371,1.7150801254060146,1.71644926071167,-0.11430533230304718,0.16897840797901154
13.39581561088562,1.7149007203558209,1.7160677909851074,-0.2714122235774994,0.23221179842948914
13.398885011672974,1.7147208358422086,1.7160677909851074,0.027695124968886375,0.16983291506767273
13.401962518692017,1.7145399257454277,1.7160677909851074,-0.00553902518004179,0.21127641201019287
13.405037641525269,1.714358605879975,1.715686321258545,-0.10121309012174606,0.20059509575366974
13.408111095428467,1.7141768358351979,1.7153048515319824,-0.10926985740661621,0.2074311375617981
13.411178588867188,1.7139948721375267,1.7153048515319824,0.07704280316829681,0.13736172020435333
13.414246082305908,1.7138123634799902,1.7153048515319824,-0.11229114234447479,0.20871290564537048
13.417315483093262,1.713629196550182,1.71492338180542,-0.06898603588342667,0.34757000207901
13.42039942741394,1.7134446135818466,1.71492338180542,-0.10624857246875763,0.19760432839393616
13.42347264289856,1.713260126870111,1.7145417928695679,-0.046829938888549805,0.2557106912136078
13.426543235778809,1.7130752540356486,1.7145417928695679,-0.13646143674850464,0.21298542618751526
13.429600477218628,1.7128906459529742,1.7141603231430054,-0.08409246802330017,0.22879377007484436
13.432673454284668,1.712704546289698,1.7141603231430054,-0.04280155524611473,0.16470588743686676
13.435751676559448,1.7125175854882946,1.7137788534164429,-0.12236209958791733,0.18393224477767944
13.438826322555542,1.7123302995915892,1.7137788534164429,-0.15660333633422852,0.23349355161190033
13.441898822784424,1.7121426036744203,1.7133973836898804,-0.32881665229797363,0.16385138034820557
13.444966316223145,1.711954675098273,1.7133973836898804,-0.1253833770751953,0.22879377007484436
13.448034048080444,1.7117661944717961,1.7130159139633179,-0.004531929735094309,0.21298542618751526
13.451104402542114,1.7115770152605247,1.7130159139633179,-0.1918516755104065,0.21213091909885406
13.45418119430542,1.711386900748451,1.7126344442367554,-0.17875944077968597,0.27963683009147644
13.457254409790039,1.7111964696304303,1.7126344442367554,-0.15559624135494232,0.24972915649414062
13.46032190322876,1.711005858014131,1.7126344442367554,0.1414969116449356,0.21127641201019287
13.46338939666748,1.7108147125413375,1.7122529745101929,-0.1757381558418274,0.17752346396446228
13.466458320617676,1.710622944409397,1.7118715047836304,-0.14048981666564941,0.2557106912136078
13.469539642333984,1.7104298654135608,1.7118715047836304,-0.02668802998960018,0.23263904452323914
13.472606897354126,1.710237134997981,1.7114900350570679,0.07603570818901062,0.2548561692237854
13.475685358047485,1.7100431666454998,1.7114900350570679,-0.02870221994817257,0.2386205792427063
13.478753089904785,1.7098493430069082,1.7111085653305054,-0.1757381558418274,0.2381933331489563
13.481822967529297,1.7096548535973695,1.7111085653305054,-0.11229114234447479,0.17965972423553467
13.48490023612976,1.7094593643649973,1.7107270956039429,-0.014602883718907833,0.252292662858963
13.487975835800171,1.709263450103765,1.7107270956039429,-0.1273975670337677,0.22494849562644958
13.491055250167847,1.7090667616866622,1.7103456258773804,-0.19386588037014008,0.23562981188297272
13.494123935699463,1.7088702305570789,1.7103456258773804,-0.24623483419418335,0.24545662105083466
13.497193574905396,1.7086731117729277,1.7099641561508179,-0.2502632141113281,0.27963683009147644
13.500271558761597,1.708474929060063,1.7099641561508179,-0.08409246802330017,0.26083773374557495
13.503343343734741,1.7082766190213945,1.7095826864242554,-0.32478827238082886,0.19546806812286377
13.506412029266357,1.7080779846880432,1.7095826864242554,-0.009567406959831715,0.1920500546693802
13.509483098983765,1.7078786720309194,1.7092012166976929,-0.003524834057316184,0.24289311468601227
13.512549877166748,1.7076791155327915,1.7088197469711304,-0.04582284390926361,0.221957728266716
13.515603065490723,1.7074799255354702,1.7088197469711304,-0.1596246212720871,0.23434805870056152
13.518679857254028,1.7072786737408658,1.7084382772445679,-0.07402151823043823,0.22964827716350555
13.521750450134277,1.707077305824007,1.7084382772445679,-0.02366674318909645,0.26126497983932495
13.524818420410156,1.7068755902495372,1.7080568075180054,-0.3509727716445923,0.28220033645629883
13.52788519859314,1.7066734346811006,1.7080568075180054,-0.2532845139503479,0.24588388204574585
13.530956983566284,1.7064704302866598,1.7076753377914429,-0.14955367147922516,0.2898908853530884
13.534034490585327,1.7062665278352622,1.7076753377914429,-0.10926985740661621,0.24545662105083466
13.537110805511475,1.7060621850414286,1.7072938680648804,0.02366674318909645,0.23434805870056152
13.54018259048462,1.7058576258305964,1.7072938680648804,-0.15156786143779755,0.21554894745349884
13.543253183364868,1.7056526301315953,1.7069122791290283,-0.20091554522514343,0.29501792788505554
13.54632019996643,1.7054473590775636,1.7065308094024658,-0.1757381558418274,0.2052948772907257
13.549390077590942,1.7052413827728228,1.7065308094024658,-0.09718471020460129,0.2552834451198578
13.552470207214355,1.7050342027877228,1.7061493396759033,-0.15458914637565613,0.16171512007713318
13.555546522140503,1.7048267644521389,1.7061493396759033,-0.19890135526657104,0.3317616581916809
13.558602809906006,1.7046201677234059,1.7057678699493408,-0.19688716530799866,0.19931334257125854
13.56167221069336,1.704412174912264,1.7057678699493408,-0.18077363073825836,0.35825130343437195
13.564739227294922,1.7042038342589512,1.7053864002227783,-0.12941177189350128,0.2236667424440384
13.567807912826538,1.7039948713905315,1.7053864002227783,-0.3187457025051117,0.2672465145587921
13.570892333984375,1.703784324879227,1.7050049304962158,-0.02366674318909645,0.23477530479431152
13.573968410491943,1.7035738374202176,1.7050049304962158,-0.2563057839870453,0.23050278425216675
13.577040910720825,1.7033630864777103,1.7046234607696533,-0.09013504534959793,0.24332036077976227
13.580111742019653,1.7031519433074294,1.7046234607696533,0.05387960746884346,0.26382848620414734
13.583181142807007,1.7029403930687383,1.7042419910430908,-0.1576104313135147,0.20999465882778168
13.58625841140747,1.7027277940988983,1.7038605213165283,-0.2673838436603546,0.3018539845943451
13.589335680007935,1.7025146888117144,1.7038605213165283,-0.15056076645851135,0.24716563522815704
13.592406988143921,1.7023014922419046,1.7034790515899658,-0.1102769523859024,0.24502937495708466
13.59547734260559,1.7020878593356956,1.7034790515899658,-0.25932708382606506,0.2394750863313675
13.598553657531738,1.7018733085806514,1.7030975818634033,-0.035751886665821075,0.25955596566200256
13.601606607437134,1.7016598902678681,1.7030975818634033,-0.18681620061397552,0.2535744309425354
13.604685544967651,1.7014441545288292,1.7027161121368408,-0.1757381558418274,0.3027084767818451
13.607756853103638,1.7012284531692885,1.7023346424102783,-0.19386588037014008,0.20956741273403168
13.610824584960938,1.7010125050719327,1.7023346424102783,0.21300068497657776,0.251865416765213
13.613893985748291,1.7007959422764214,1.7019531726837158,-0.3197528123855591,0.24374762177467346
13.616970300674438,1.7005783934262892,1.7019531726837158,-0.10121309012174606,0.21896696090698242
13.620042562484741,1.7003606342119892,1.7015717029571533,-0.010574501939117908,0.2672465145587921
13.62311053276062,1.7001426843655747,1.7015717029571533,-0.2059510201215744,0.26382848620414734
13.626178503036499,1.6999242408629485,1.7011902332305908,-0.3348592221736908,0.21554894745349884
13.629246234893799,1.699705321548964,1.7011902332305908,-0.1757381558418274,0.2851911187171936
13.632315635681152,1.699485790780951,1.7008087635040283,-0.09919890016317368,0.30698099732398987
13.635393381118774,1.6992651695043415,1.7008087635040283,-0.15358205139636993,0.24246585369110107
13.638470649719238,1.6990440889979366,1.7004272937774658,-0.20292973518371582,0.24118410050868988
13.641553401947021,1.6988221206678806,1.7004272937774658,0.10725566744804382,0.251010924577713
13.644603252410889,1.6986020357722091,1.7000458240509033,-0.03474479168653488,0.1770962029695511
13.64767575263977,1.6983798288449121,1.6996643543243408,-0.02668802998960018,0.18051423132419586
13.650752782821655,1.6981568046802245,1.6996643543243408,-0.1576104313135147,0.3022812306880951
13.653827905654907,1.697933430062176,1.6996643543243408,0.06999313086271286,0.2052948772907257
13.656899690628052,1.697709810984241,1.6992828845977783,-0.14955367147922516,0.21982146799564362
13.659967422485352,1.697486002102998,1.6989012956619263,-0.18379491567611694,0.2839093506336212
13.663035154342651,1.69726170951265,1.6989012956619263,-0.19487297534942627,0.17196917533874512
13.666108846664429,1.6970364968484588,1.6985198259353638,-0.0629434660077095,0.22708477079868317
13.669192552566528,1.6968100641982682,1.6985198259353638,-0.051865413784980774,0.17154192924499512
13.672265529632568,1.696583935664459,1.6981383562088013,-0.38924238085746765,0.20956741273403168
13.675332307815552,1.696357782737775,1.6981383562088013,-0.015609979629516602,0.1723964363336563
13.678398847579956,1.6961311682292783,1.6977568864822388,-0.13142596185207367,0.21554894745349884
13.68146800994873,1.6959038809956315,1.6977568864822388,-0.0629434660077095,0.1924773007631302
13.684554100036621,1.6956748579381271,1.6973754167556763,-0.11833371222019196,0.20059509575366974
13.68760347366333,1.695448085531391,1.6973754167556763,-0.052872512489557266,0.18136873841285706
13.690674304962158,1.6952192419531307,1.6969939470291138,0.06797894090414047,0.2232394963502884
13.693741083145142,1.6949902251137723,1.6969939470291138,-0.054886702448129654,0.22580300271511078
13.696810245513916,1.6947605555368772,1.6966124773025513,-0.3016250729560852,0.16983291506767273
13.699887990951538,1.6945297676627933,1.6966124773025513,-0.27443352341651917,0.16342411935329437
13.702962875366211,1.6942987191714816,1.6962310075759888,-0.07804989814758301,0.10574502497911453
13.706035137176514,1.6940673942798803,1.6962310075759888,-0.06495765596628189,0.14847028255462646
13.709102869033813,1.69383593911341,1.6958495378494263,-0.016617074608802795,0.16214236617088318
13.712169408798218,1.6936041040142125,1.6958495378494263,0.007553216069936752,0.21597619354724884
13.715238809585571,1.6933715830391007,1.6954680681228638,-0.046829938888549805,0.19333180785179138
13.718316078186035,1.6931379953051857,1.6950865983963013,-0.2683909237384796,0.1288166642189026
13.721390724182129,1.6929041367811422,1.6950865983963013,-0.0629434660077095,0.13052567839622498
13.724460363388062,1.6926701914269788,1.6950865983963013,0.02064545638859272,0.13522544503211975
13.727527379989624,1.6924359801494293,1.6947051286697388,-0.06495765596628189,0.13778896629810333
13.730606079101562,1.6922004093549774,1.6943236589431763,-0.19688716530799866,0.11813534796237946
13.733683347702026,1.6919644809480106,1.6943236589431763,-0.2522774040699005,0.16983291506767273
13.736758470535278,1.6917282514608185,1.6939421892166138,-0.20192264020442963,0.17154192924499512
13.73983097076416,1.691491759487039,1.6935607194900513,-0.05589379742741585,0.13736172020435333
13.74289870262146,1.691255172739605,1.6935607194900513,-0.13545434176921844,0.09805447608232498
13.745969772338867,1.6910178672615435,1.6935607194900513,-0.027695124968886375,0.16513313353061676
13.749040842056274,1.6907801011046129,1.6931792497634888,-0.2563057839870453,0.1582970917224884
13.752127885818481,1.6905406348310033,1.6927977800369263,-0.021652551367878914,0.07241931557655334
13.75520396232605,1.6903015580813041,1.6927977800369263,0.01359578873962164,0.18564125895500183
13.758273363113403,1.6900625421651647,1.6924163103103638,-0.06898603588342667,0.20102235674858093
13.761340856552124,1.689823218575538,1.6924163103103638,-0.22005034983158112,0.14633402228355408
13.764410018920898,1.6895833092370665,1.6924163103103638,0.09315633028745651,0.11001754552125931
13.76749062538147,1.6893420480226942,1.6920348405838013,-0.01258869282901287,0.07327382266521454
13.77057147026062,1.6891003108173361,1.6916533708572388,-0.021652551367878914,0.09848172962665558
13.773603916168213,1.6888619254807737,1.6912717819213867,-0.052872512489557266,0.15402457118034363
13.776673793792725,1.6886201480391623,1.6912717819213867,0.09114214032888412,0.09292744100093842
13.779740571975708,1.6883781639859015,1.6912717819213867,0.14753948152065277,0.10147249698638916
13.782817363739014,1.6881349380168853,1.6908903121948242,-0.2210574448108673,0.11429007351398468
13.785898447036743,1.687890920226551,1.6905088424682617,-0.10524147748947144,0.0643015205860138
13.788971185684204,1.6876471131862647,1.6905088424682617,-0.09315633028745651,0.10104524344205856
13.792038202285767,1.6874033127991723,1.6901273727416992,-0.03474479168653488,0.06002899259328842
13.795105218887329,1.6871590663712994,1.6901273727416992,-0.2986038029193878,0.06643778085708618
13.798174381256104,1.686914203461272,1.6897459030151367,-0.12236209958791733,0.18136873841285706
13.801251411437988,1.6866682662864827,1.6893644332885742,-0.23515678942203522,0.09933622926473618
13.804324626922607,1.6864221886266755,1.6893644332885742,-0.09718471020460129,0.10830853879451752
13.80739426612854,1.6861759539129466,1.6889829635620117,-0.23918516933918,0.15658807754516602
13.810461282730103,1.685929487902596,1.6889829635620117,-0.12941177189350128,0.1271076500415802
13.813530683517456,1.6856823892174004,1.6886014938354492,-0.24925611913204193,0.1446250081062317
13.816606521606445,1.6854343305850543,1.6882200241088867,-0.18580910563468933,0.09121843427419662
13.819688081741333,1.685185367996311,1.6878385543823242,-0.2401922643184662,0.15103380382061005
13.822771549224854,1.684935808934386,1.6878385543823242,-0.06596475094556808,0.10061798989772797
13.825841426849365,1.6846869110984795,1.6874570846557617,-0.1606317162513733,0.18307773768901825
13.828908443450928,1.684437809070155,1.6870756149291992,-0.09919890016317368,0.13223467767238617
13.831979990005493,1.6841879031286289,1.6866941452026367,-0.30968186259269714,0.24374762177467346
13.835060119628906,1.6839368616457273,1.6866941452026367,-0.24321354925632477,0.19418631494045258
13.838133335113525,1.6836859482790798,1.6863126754760742,-0.14753948152065277,0.1920500546693802
13.841200590133667,1.6834350888319651,1.6863126754760742,0.016617074608802795,0.13138018548488617
13.844268083572388,1.6831837784636503,1.6859312057495117,-0.05387960746884346,0.20187686383724213
13.84733772277832,1.6829318613425073,1.6855497360229492,-0.365072101354599,0.13992522656917572
13.850415468215942,1.6826788470893965,1.6851682662963867,-0.31068894267082214,0.22793926298618317
13.853492021560669,1.6824254995867434,1.6851682662963867,-0.2663767337799072,0.1595788449048996
13.856570482254028,1.6821715643997255,1.6847867965698242,-0.2371709793806076,0.22879377007484436
13.859603881835938,1.6819209257851735,1.6844053268432617,-0.13646143674850464,0.19888609647750854
13.86267352104187,1.6816668689351089,1.6840238571166992,-0.3529869616031647,0.2373388260602951
13.865742683410645,1.6814124261844898,1.6840238571166992,0.04481574892997742,0.21939422190189362
13.868820667266846,1.681156825889236,1.6836423873901367,-0.31270313262939453,0.25912871956825256
13.871896982192993,1.680900938657042,1.6836423873901367,-0.14552529156208038,0.2663919925689697
13.874970436096191,1.6806448655400381,1.6832607984542847,0.04280155524611473,0.20401312410831451
13.878040313720703,1.680388668415832,1.6828793287277222,0.0317235067486763,0.2074311375617981
13.88111138343811,1.6801319507849997,1.6824978590011597,-0.27745479345321655,0.2578469514846802
13.884189128875732,1.679874253599137,1.6821163892745972,-0.03474479168653488,0.19674982130527496
13.887261629104614,1.6796165756543415,1.6821163892745972,0.024673838168382645,0.24502937495708466
13.890328168869019,1.6793589801888071,1.6817349195480347,-0.010574501939117908,0.191195547580719
13.893394947052002,1.6791009486089636,1.6813534498214722,-0.3348592221736908,0.24246585369110107
13.896463632583618,1.6788423410172701,1.6813534498214722,-0.2371709793806076,0.23093003034591675
13.899543762207031,1.678582351975226,1.6809719800949097,-0.2049439251422882,0.27536430954933167
13.90260624885559,1.6783234388974015,1.6805905103683472,-0.26234835386276245,0.21213091909885406
13.905686855316162,1.6780625791500157,1.6802090406417847,-0.17775234580039978,0.17965972423553467
13.908760070800781,1.6778019317408528,1.6802090406417847,-0.1253833770751953,0.24502937495708466
13.911829471588135,1.677541196586641,1.6798275709152222,-0.08509956300258636,0.22708477079868317
13.914899110794067,1.6772800310779488,1.6794461011886597,-0.1253833770751953,0.191195547580719
13.91797685623169,1.6770177651221359,1.6794461011886597,-0.24925611913204193,0.191622793674469
13.921048641204834,1.6767555979408266,1.6790646314620972,-0.13041886687278748,0.23434805870056152
13.924115419387817,1.676493451304474,1.6790646314620972,0.07200732082128525,0.1758144497871399
13.927181959152222,1.6762309196320988,1.6786831617355347,-0.1253833770751953,0.21982146799564362
13.930250644683838,1.6759677994070843,1.6783016920089722,-0.1898374855518341,0.21939422190189362
13.933327436447144,1.6757035785094552,1.6783016920089722,0.004531929735094309,0.20871290564537048
13.936397075653076,1.6754395680885685,1.6779202222824097,-0.03978027030825615,0.21554894745349884
13.939464569091797,1.6751753403404743,1.6775387525558472,-0.04280155524611473,0.19290456175804138
13.94253396987915,1.6749105471676224,1.6771572828292847,-0.270405113697052,0.2360570728778839
13.945605516433716,1.6746451681930725,1.6771572828292847,-0.29558250308036804,0.19931334257125854
13.948675155639648,1.674379554542953,1.6767758131027222,-0.15156786143779755,0.1882047802209854
13.951742172241211,1.6741137699784614,1.6763943433761597,-0.3187457025051117,0.20273137092590332
13.954808712005615,1.6738476301395466,1.6763943433761597,-0.09718471020460129,0.13693445920944214
13.95787501335144,1.6735811154609428,1.6760128736495972,-0.11934080719947815,0.2651102542877197
13.960941314697266,1.6733142062553632,1.6760128736495972,-0.09819180518388748,0.08908216655254364
13.964009046554565,1.673046778717978,1.6756312847137451,-0.051865413784980774,0.21725794672966003
13.967076063156128,1.6727790207599205,1.6752498149871826,-0.13041886687278748,0.14718852937221527
13.97014331817627,1.6725108502092745,1.6752498149871826,-0.13142596185207367,0.1903410404920578
13.973209619522095,1.672242372423352,1.6748683452606201,-0.29759669303894043,0.20059509575366974
13.976276636123657,1.6719734423173878,1.6744868755340576,-0.07402151823043823,0.19418631494045258
13.97934603691101,1.6717039139610683,1.6744868755340576,0.09114214032888412,0.22793926298618317
13.982416868209839,1.6714338713751795,1.6741054058074951,-0.14048981666564941,0.2676737606525421
13.985486030578613,1.6711635881676465,1.6737239360809326,-0.26436254382133484,0.21298542618751526
13.988557577133179,1.6708927082755205,1.6733424663543701,-0.032730601727962494,0.1753872036933899
13.991603374481201,1.670623718178624,1.6733424663543701,-0.18580910563468933,0.21170367300510406
13.99467658996582,1.6703519230848691,1.6729609966278076,-0.24522773921489716,0.2070038914680481
13.99774694442749,1.6700799972881886,1.6725795269012451,0.003524834057316184,0.21811245381832123
14.000812768936157,1.6698080909915718,1.6725795269012451,-0.2824902832508087,0.1894865334033966
14.003878593444824,1.669535804291183,1.6721980571746826,-0.10826276242733002,0.17111466825008392
14.00694465637207,1.6692631169783656,1.6721980571746826,-0.018631266430020332,0.15231555700302124
14.010012149810791,1.6689899237346109,1.6714351177215576,-0.16466011106967926,0.1894865334033966
14.013079166412354,1.6687163952675836,1.6714351177215576,-0.07301442325115204,0.16171512007713318
14.01615023612976,1.6684421279358637,1.6710536479949951,-0.010574501939117908,0.19418631494045258
14.019216537475586,1.6681679107076974,1.6710536479949951,-0.03675898537039757,0.3022812306880951
14.022283792495728,1.66789323358447,1.6702907085418701,-0.21098649501800537,0.22836652398109436
14.025351524353027,1.6676181400259225,1.6702907085418701,-0.29256123304367065,0.1890592873096466
14.028420686721802,1.6673425451872204,1.6699092388153076,-0.15559624135494232,0.22793926298618317
14.031492710113525,1.6670663208596883,1.6695277690887451,0.022659648209810257,0.17196917533874512
14.03456997871399,1.6667892522229122,1.6695277690887451,-0.13041886687278748,0.221530482172966
14.03760051727295,1.666516027489478,1.6691462993621826,0.20897230505943298,0.252292662858963
14.040668487548828,1.6662390615688227,1.6687648296356201,-0.06596475094556808,0.22452124953269958
14.04373574256897,1.6659617926731554,1.6683833599090576,-0.32378119230270386,0.17795071005821228
14.04680347442627,1.6656841141145828,1.6683833599090576,-0.13545434176921844,0.21084916591644287
14.049869775772095,1.6654061997401468,1.6680018901824951,-0.21803615987300873,0.1728236824274063
14.05293607711792,1.6651279211827157,1.667620301246643,-0.07804989814758301,0.19974060356616974
14.05600357055664,1.6648491710765647,1.667620301246643,-0.1767452508211136,0.19290456175804138
14.05907416343689,1.6645697763710108,1.6672388315200806,-0.14753948152065277,0.18692301213741302
14.062140464782715,1.6642904108227259,1.666857361793518,-0.22710002958774567,0.24460211396217346
14.065207719802856,1.6640105981775377,1.666857361793518,-0.19789426028728485,0.16769665479660034
14.068273782730103,1.6637305352650869,1.6664758920669556,-0.06697184592485428,0.20871290564537048
14.071341514587402,1.6634499617081937,1.666094422340393,-0.14048981666564941,0.23007553815841675
14.074409008026123,1.6631690527437337,1.6657129526138306,0.054886702448129654,0.20401312410831451
14.077476501464844,1.6628877876234451,1.665331482887268,-0.3147173225879669,0.2723735272884369
14.080543041229248,1.662606255002095,1.665331482887268,-0.11430533230304718,0.21170367300510406
14.083602666854858,1.6623250045033835,1.6649500131607056,-0.26033416390419006,0.23392081260681152
14.086669206619263,1.6620427660326573,1.664568543434143,-0.12437628954648972,0.20016784965991974
14.089735269546509,1.661760219777939,1.664568543434143,-0.11631952226161957,0.2403295934200287
14.092801809310913,1.661477278904436,1.6641870737075806,-0.1253833770751953,0.27450981736183167
14.095868110656738,1.6611940104160474,1.663805603981018,-0.3147173225879669,0.1899137794971466
14.098934888839722,1.6609103492476125,1.6634241342544556,-0.24824902415275574,0.21426717936992645
14.102002382278442,1.660626274196975,1.663042664527893,-0.24824902415275574,0.21298542618751526
14.105068683624268,1.6603419630357616,1.663042664527893,-0.027695124968886375,0.3044174909591675
14.10813593864441,1.660057217902318,1.6626611948013306,-0.33989471197128296,0.18564125895500183
14.111202478408813,1.659772194746606,1.662279725074768,-0.2683909237384796,0.24289311468601227
14.11427092552185,1.6594866506661117,1.6618982553482056,-0.1576104313135147,0.21042190492153168
14.117337703704834,1.659200919482845,1.6618982553482056,0.010574501939117908,0.15188831090927124
14.12040662765503,1.6589146467647355,1.661516785621643,-0.13142596185207367,0.1574425846338272
14.123478412628174,1.6586277660215576,1.661516785621643,-0.06898603588342667,0.16086061298847198
14.126549482345581,1.6583406119602262,1.6611353158950806,-0.0629434660077095,0.1587243527173996
14.129600763320923,1.6580549724632998,1.660753846168518,-0.09013504534959793,0.08865492045879364
14.132671117782593,1.6577672107042922,1.660753846168518,0.007553216069936752,0.1112993061542511
14.135752201080322,1.6574781049279408,1.6603723764419556,-0.3016250729560852,0.1578698456287384
14.138822078704834,1.657189714457838,1.6599907875061035,-0.13847562670707703,0.15402457118034363
14.141889095306396,1.65690125876153,1.659609317779541,-0.3026321828365326,0.1578698456287384
14.144958257675171,1.65661226813561,1.659609317779541,-0.16163882613182068,0.08096437156200409
14.148030996322632,1.6563226080285953,1.6592278480529785,0.018631266430020332,0.11599908769130707
14.151108026504517,1.65603221081816,1.6592278480529785,-0.1606317162513733,0.09207294136285782
14.154183626174927,1.6557416171472021,1.658846378326416,-0.06495765596628189,0.09848172962665558
14.157259702682495,1.6554506480424245,1.658846378326416,-0.003524834057316184,0.1446250081062317
14.160333633422852,1.6551595529328553,1.6584649085998535,-0.15358205139636993,0.11941710859537125
14.163400888442993,1.6548687632927592,1.658083438873291,-0.24422064423561096,0.07241931557655334
14.166473388671875,1.654577150277002,1.6577019691467285,-0.29759669303894043,0.13607995212078094
14.16954255104065,1.6542855292906724,1.6577019691467285,-0.14048981666564941,0.07113756239414215
14.172600269317627,1.6539946739797151,1.657320499420166,-0.23012131452560425,0.11514458060264587
14.175668478012085,1.6537024991289417,1.657320499420166,-0.003524834057316184,0.10489051789045334
14.178738594055176,1.6534098212088182,1.6569390296936035,-0.2583199739456177,0.08780041337013245
14.181813716888428,1.6531163447513413,1.6569390296936035,0.03978027030825615,0.16256961226463318
14.18488073348999,1.6528233227818487,1.656557559967041,-0.04884412884712219,0.07498283684253693
14.187949657440186,1.6525298006631401,1.6561760902404785,-0.2049439251422882,0.05703822523355484
14.191021203994751,1.6522357103744416,1.6561760902404785,-0.2996108829975128,0.053192950785160065
14.194090604782104,1.6519415094911025,1.655794620513916,0.05992217734456062,0.09164568781852722
14.197158336639404,1.6516471539908664,1.6554131507873535,-0.23012131452560425,0.054901961237192154
14.200225114822388,1.6513525767399222,1.655031681060791,-0.24220645427703857,0.06088349595665932
14.203291654586792,1.6510577103112338,1.655031681060791,0.14753948152065277,0.06985580176115036
14.206360340118408,1.6507623262557252,1.6546502113342285,-0.2845044732093811,0.06942854821681976
14.20942997932434,1.6504665399480645,1.654268741607666,-0.03373769670724869,0.10189975053071976
14.212497234344482,1.650170674335558,1.654268741607666,-0.08409246802330017,0.13308918476104736
14.215571403503418,1.6498738329259668,1.6538872718811035,-0.22609293460845947,0.0963454619050026
14.218603372573853,1.6495807645576965,1.653505802154541,-0.14552529156208038,0.04592965543270111
14.221677303314209,1.6492833353355958,1.6531243324279785,-0.07301442325115204,0.12069886177778244
14.22474455833435,1.6489862471877783,1.6531243324279785,-0.08812084794044495,0.0950637087225914
14.227811574935913,1.6486888787446452,1.652742862701416,-0.2552987039089203,0.04592965543270111
14.230880975723267,1.6483909765140257,1.6523613929748535,-0.03373769670724869,0.04251163452863693
14.233958959579468,1.648091938349945,1.6519798040390015,-0.1898374855518341,0.1446250081062317
14.237037181854248,1.6477925747825706,1.6519798040390015,-0.26134127378463745,0.0472114123404026
14.240106105804443,1.647493815726803,1.651598334312439,-0.24824902415275574,0.11599908769130707
14.243173360824585,1.647194921179465,1.6512168645858765,-0.08711375296115875,0.1112993061542511
14.24623990058899,1.646895799665151,1.650835394859314,-0.18379491567611694,0.09762722253799438
14.249308824539185,1.6465961497228827,1.6504539251327515,-0.29457542300224304,0.06729228794574738
14.252386808395386,1.6462953189980145,1.6504539251327515,0.04884412884712219,0.126253142952919
14.25546908378601,1.6459937727315135,1.650072455406189,-0.08912795037031174,0.09890898317098618
14.258548498153687,1.6456922115973436,1.6496909856796265,-0.1425040066242218,0.12027160823345184
14.261602878570557,1.645392812054056,1.649309515953064,-0.3197528123855591,0.10360875725746155
14.26467514038086,1.6450913695473335,1.6489280462265015,-0.047837033867836,0.1582970917224884
14.267752885818481,1.644789098323739,1.648546576499939,-0.04884412884712219,0.21042190492153168
14.2708261013031,1.6444869828275874,1.6481651067733765,-0.0941634252667427,0.16171512007713318
14.273893117904663,1.6441851897604327,1.647783637046814,-0.24220645427703857,0.13864347338676453
14.276959657669067,1.6438831581332063,1.6474021673202515,-0.08308537304401398,0.18094147741794586
14.280027151107788,1.6435807481064157,1.647020697593689,-0.32176700234413147,0.1920500546693802
14.283096551895142,1.6432778663881584,1.6466392278671265,-0.3842069208621979,0.13736172020435333
14.286173820495605,1.6429739245881636,1.6466392278671265,0.043808650225400925,0.26297399401664734
14.289244890213013,1.6426703129742934,1.6458762884140015,-0.19386588037014008,0.2364843189716339
14.292316436767578,1.642366373492219,1.6458762884140015,-0.06495765596628189,0.25955596566200256
14.295382976531982,1.6420626505139346,1.645494818687439,0.02064545638859272,0.29031816124916077
14.298452854156494,1.6417583189083724,1.6451133489608765,-0.24422064423561096,0.18606851994991302
14.30153751373291,1.6414522428440232,1.644731879234314,-0.04481574892997742,0.34116122126579285
14.304603815078735,1.6411477122833478,1.644350290298462,-0.06495765596628189,0.19546806812286377
14.307681560516357,1.6408417694749706,1.6439688205718994,0.08610665798187256,0.21426717936992645
14.310749053955078,1.6405365720910587,1.643587350845337,-0.05992217734456062,0.2557106912136078
14.313816785812378,1.6402310788718775,1.6432058811187744,-0.003524834057316184,0.2574197053909302
14.316887617111206,1.6399250056016583,1.642824411392212,-0.20897230505943298,0.23050278425216675
14.319965839385986,1.6396179242902933,1.642824411392212,-0.05690089240670204,0.251865416765213
14.323038816452026,1.6393110963752797,1.6424429416656494,-0.16868849098682404,0.2381933331489563
14.326106786727905,1.639004500541649,1.642061471939087,-0.22609293460845947,0.24673838913440704
14.32917308807373,1.6386978052348244,1.6416800022125244,-0.1606317162513733,0.2565651834011078
14.332242250442505,1.6383905583484795,1.6416800022125244,-0.17775234580039978,0.21896696090698242
14.335320472717285,1.6380821389267861,1.641298532485962,-0.2875257432460785,0.22836652398109436
14.338396310806274,1.6377736938859968,1.6409170627593994,-0.19588007032871246,0.20144960284233093
14.341469049453735,1.6374652968091579,1.640535593032837,-0.4879377484321594,0.21597619354724884
14.344539403915405,1.6371568777608434,1.6401541233062744,-0.31169605255126953,0.16086061298847198
14.347604990005493,1.6368486782912304,1.6401541233062744,0.008560311049222946,0.2689555287361145
14.350683450698853,1.6365389247821869,1.639772653579712,-0.04179446026682854,0.16812390089035034
14.35376238822937,1.6362288641590017,1.6393911838531494,-0.0961776152253151,0.2078583985567093
14.356833696365356,1.6359193148071163,1.639009714126587,-0.2230716347694397,0.19504082202911377
14.35990023612976,1.6356099910766189,1.6386282444000244,-0.3620508015155792,0.16940565407276154
14.362967491149902,1.6353003414855216,1.6386282444000244,-0.5241931676864624,0.10788128525018692
14.366037130355835,1.634990198316746,1.638246774673462,-0.10624857246875763,0.18350499868392944
14.36911416053772,1.634679055655129,1.6378653049468994,-0.30565345287323,0.22665750980377197
14.372192144393921,1.6343675645608435,1.6378653049468994,-0.0800640881061554,0.16897840797901154
14.375269889831543,1.6340558467502588,1.637483835220337,-0.1767452508211136,0.1433432549238205
14.37834358215332,1.6337442902679016,1.6371023654937744,-0.16768139600753784,0.17837797105312347
14.381414413452148,1.6334327762813887,1.636720895767212,-0.2986038029193878,0.16769665479660034
14.38449239730835,1.633120289630114,1.636720895767212,-0.15559624135494232,0.19333180785179138
14.387567043304443,1.632807896040596,1.6359578371047974,-0.2230716347694397,0.0784008577466011
14.39060091972351,1.6324994050948192,1.6359578371047974,-0.11934080719947815,0.14505226910114288
14.393668413162231,1.6321872550047025,1.6355763673782349,0.043808650225400925,0.11557183414697647
14.39674162864685,1.6318742808944129,1.6351948976516724,-0.15660333633422852,0.23135729134082794
14.399810075759888,1.6315615521511255,1.6348134279251099,-0.21602196991443634,0.16641488671302795
14.402886867523193,1.6312477330757795,1.6348134279251099,-0.11430533230304718,0.14932478964328766
14.405960321426392,1.6309340158163712,1.6344319581985474,-0.12437628954648972,0.16342411935329437
14.40902853012085,1.630620597227609,1.6340504884719849,-0.21098649501800537,0.21255818009376526
14.412097454071045,1.6303068701360839,1.6340504884719849,-0.17070268094539642,0.12497138977050781
14.415164470672607,1.6299931039451823,1.6336690187454224,-0.29356831312179565,0.1570153385400772
14.41823410987854,1.6296788363107246,1.6332875490188599,-0.20897230505943298,0.14889752864837646
14.421310901641846,1.62936360351816,1.6329060792922974,-0.29558250308036804,0.1420614868402481
14.4243905544281,1.6290478452982924,1.6325246095657349,-0.2663767337799072,0.10788128525018692
14.427462339401245,1.6287326634261123,1.6325246095657349,-0.1586175262928009,0.11856260150671005
14.430530786514282,1.62841759553594,1.6321431398391724,-0.0800640881061554,0.1412069946527481
14.433603048324585,1.6281019083247288,1.6317616701126099,-0.054886702448129654,0.18094147741794586
14.43667984008789,1.6277855285480725,1.6313802003860474,0.015609979629516602,0.13522544503211975
14.439751863479614,1.6274694135372323,1.6309987306594849,-0.13746853172779083,0.1570153385400772
14.442818403244019,1.6271536391955441,1.6306172609329224,-0.10222018510103226,0.19760432839393616
14.445885419845581,1.626837593470018,1.6306172609329224,-0.02064545638859272,0.15274280309677124
14.448958158493042,1.6265207363628535,1.6302357912063599,-0.2049439251422882,0.13394369184970856
14.452039241790771,1.6262027970959305,1.6298543214797974,-0.1757381558418274,0.20016784965991974
14.45511794090271,1.6258848833312025,1.6290913820266724,-0.26335546374320984,0.13992522656917572
14.4581880569458,1.6255676375409733,1.6290913820266724,-0.20897230505943298,0.21768520772457123
14.461257696151733,1.6252502242272855,1.6287097930908203,-0.0951705202460289,0.11557183414697647
14.464324235916138,1.6249329161355737,1.6283283233642578,-0.16768139600753784,0.16556039452552795
14.467394351959229,1.6246150236309584,1.6279468536376953,-0.22911421954631805,0.1753872036933899
14.470474481582642,1.6242958799330305,1.6275653839111328,-0.22005034983158112,0.13180743157863617
14.47355341911316,1.6239766463752792,1.6271839141845703,-0.21501487493515015,0.22793926298618317
14.476602792739868,1.6236602689935984,1.6271839141845703,-0.06898603588342667,0.08993667364120483
14.479670524597168,1.6233417781211292,1.6268024444580078,-0.18782329559326172,0.1894865334033966
14.48274040222168,1.623022856016834,1.6264209747314453,-0.20192264020442963,0.14035248756408691
14.485817909240723,1.6227029331951135,1.6264209747314453,-0.21602196991443634,0.12368962913751602
14.488892555236816,1.6223831008987188,1.6256580352783203,-0.1908445805311203,0.18051423132419586
14.491962671279907,1.6220635346702013,1.6256580352783203,-0.16868849098682404,0.19418631494045258
14.49502944946289,1.6217441124009189,1.6252765655517578,-0.2069581151008606,0.21725794672966003
14.498099327087402,1.621424164821923,1.6248950958251953,-0.15156786143779755,0.10959029197692871
14.501176834106445,1.6211032199470772,1.6245136260986328,-0.20897230505943298,0.14590676128864288
14.50425672531128,1.620781824998447,1.6241321563720703,-0.23012131452560425,0.10360875725746155
14.507326364517212,1.6204613005629949,1.6241321563720703,-0.27544060349464417,0.14761577546596527
14.510392904281616,1.6201409022783102,1.6237506866455078,-0.12034790217876434,0.12240787595510483
14.513460397720337,1.6198202080644408,1.6233692169189453,-0.008560311049222946,0.19333180785179138
14.51652979850769,1.6194991191363797,1.6233692169189453,-0.16868849098682404,0.1266804039478302
14.519601106643677,1.6191776363252701,1.6229877471923828,-0.06193637102842331,0.12454413622617722
14.522671937942505,1.6188560102516278,1.6226062774658203,-0.1767452508211136,0.09805447608232498
14.525740385055542,1.6185344421488004,1.6226062774658203,-0.09114214032888412,0.18222324550151825
14.52881383895874,1.6182121584081726,1.6222248077392578,0.06697184592485428,0.12027160823345184
14.531883716583252,1.6178900601195056,1.6218433380126953,-0.002517738612368703,0.07113756239414215
14.534961938858032,1.617566897275654,1.6214618682861328,-0.13646143674850464,0.12069886177778244
14.53803539276123,1.6172440474037832,1.6210802793502808,-0.1586175262928009,0.08096437156200409
14.5411057472229,1.6169213371141358,1.6210802793502808,-0.29356831312179565,0.11642633378505707
14.544172525405884,1.6165988183299156,1.6206988096237183,-0.2683909237384796,0.09378194808959961
14.547241449356079,1.61627589061872,1.6203173398971558,-0.032730601727962494,0.16256961226463318
14.550320148468018,1.6159517513154116,1.6199358701705933,-0.2381780743598938,0.10531777143478394
14.55339527130127,1.6156278067760106,1.6199358701705933,-0.31270313262939453,0.0801098644733429
14.55647087097168,1.6153036315155964,1.6195544004440308,-0.24824902415275574,0.0472114123404026
14.559544563293457,1.6149794781678777,1.6191729307174683,-0.2532845139503479,0.10446326434612274
14.562600135803223,1.614657059451807,1.6191729307174683,-0.0941634252667427,0.05532921478152275
14.565669775009155,1.6143329806546096,1.6187914609909058,-0.2663767337799072,0.11813534796237946
14.568751335144043,1.614007467292165,1.6184099912643433,-0.2885328531265259,0.03311207890510559
14.571824073791504,1.6136827113877652,1.6180285215377808,-0.1273975670337677,0.045502401888370514
14.574891328811646,1.6133583625891106,1.6176470518112183,-0.29558250308036804,0.10019073635339737
14.577958345413208,1.6130338679259755,1.6176470518112183,-0.054886702448129654,0.05831998214125633
14.581028461456299,1.6127088752159158,1.6172655820846558,-0.13344015181064606,0.06857404112815857
14.584105968475342,1.612382930512231,1.6168841123580933,-0.15458914637565613,0.0792553573846817
14.587183475494385,1.6120568172139311,1.6165026426315308,-0.26033416390419006,0.0963454619050026
14.590259552001953,1.6117306882434506,1.6161211729049683,-0.0790569931268692,0.1288166642189026
14.593328952789307,1.6114051015777533,1.6157397031784058,-0.21300068497657776,0.07669184356927872
14.596396207809448,1.6110795786252896,1.6153582334518433,-0.13545434176921844,-0.014312963001430035
14.59946584701538,1.610753639821204,1.6149767637252808,-0.25932708382606506,0.10147249698638916
14.602550268173218,1.6104259686071722,1.6145952939987183,-0.3529869616031647,0.10019073635339737
14.605603218078613,1.6101014811824108,1.6142138242721558,-0.10826276242733002,0.1574425846338272
14.608673810958862,1.6097749596615152,1.6142138242721558,-0.016617074608802795,0.1266804039478302
14.611748218536377,1.6094478740676084,1.6138323545455933,-0.29457542300224304,0.09762722253799438
14.61481761932373,1.60912116422542,1.6134508848190308,-0.15257495641708374,0.09719996899366379
14.617895126342773,1.608793435356722,1.6130692958831787,-0.17170977592468262,0.11343556642532349
14.620970487594604,1.608465779982907,1.6126878261566162,-0.24824902415275574,0.17154192924499512
14.624043226242065,1.6081382504893451,1.6123063564300537,-0.2673838436603546,0.12368962913751602
14.627112627029419,1.6078109247818917,1.6119248867034912,-0.05992217734456062,0.18008697032928467
14.630181312561035,1.6074835247002683,1.6115434169769287,0.01258869282901287,0.1441977620124817
14.63325834274292,1.607155084298143,1.6111619472503662,0.01258869282901287,0.2655375003814697
14.636329650878906,1.6068271060770452,1.6107804775238037,-0.20192264020442963,0.19674982130527496
14.63939642906189,1.6064994646982178,1.6103990077972412,-0.2210574448108673,0.1595788449048996
14.642466068267822,1.606171371880743,1.6100175380706787,-0.11833371222019196,0.1890592873096466
14.645535469055176,1.6058431599358847,1.6096360683441162,-0.11833371222019196,0.23562981188297272
14.648602962493896,1.6055150086938184,1.6092545986175537,-0.14552529156208038,0.16513313353061676
14.651681184768677,1.6051855669819097,1.6088731288909912,-0.14653238654136658,0.2061493843793869
14.654756784439087,1.604856264381303,1.6084916591644287,-0.2532845139503479,0.29672694206237793
14.657829523086548,1.6045271280257691,1.6081101894378662,-0.22508582472801208,0.28177309036254883
14.660898923873901,1.60419821064017,1.6077287197113037,-0.18782329559326172,0.24802014231681824
14.663969278335571,1.6038690537290547,1.6073472499847412,-0.3368734121322632,0.221530482172966
14.667046546936035,1.6035390190033414,1.6069657802581787,-0.33989471197128296,0.2373388260602951
14.670122146606445,1.6032090278730433,1.6065843105316162,-0.2049439251422882,0.29074540734291077
14.673192501068115,1.6028794657337317,1.6065843105316162,0.024673838168382645,0.252292662858963
14.676259994506836,1.6025500784290676,1.6058213710784912,-0.4305332899093628,0.251010924577713
14.67932677268982,1.602220637001346,1.6058213710784912,-0.14653238654136658,0.3450064957141876
14.682400226593018,1.6018903483386113,1.6050583124160767,-0.1757381558418274,0.287327378988266
14.68549394607544,1.6015577515375,1.6050583124160767,-0.09819180518388748,0.2676737606525421
14.688570261001587,1.6012268974654065,1.6046768426895142,-0.030716411769390106,0.19717708230018616
14.691600561141968,1.6009008682703771,1.6042953729629517,-0.13344015181064606,0.2681010067462921
14.694666862487793,1.6005708417027125,1.6039139032363892,-0.3137102425098419,0.287327378988266
14.69774317741394,1.600239613242675,1.6035324335098267,-0.18379491567611694,0.2074311375617981
14.70082139968872,1.5999080562080517,1.6031509637832642,-0.1757381558418274,0.18008697032928467
14.703896522521973,1.5995767111922834,1.6027694940567017,-0.33989471197128296,0.24203860759735107
14.706969022750854,1.5992455283914249,1.6027694940567017,-0.15358205139636993,0.24417486786842346
14.71003770828247,1.5989146379102892,1.6023880243301392,-0.26335546374320984,0.20187686383724213
14.713104724884033,1.5985838099228014,1.6020065546035767,-0.07603570818901062,0.16726939380168915
14.716175079345703,1.5982525054999408,1.6016250848770142,-0.329823762178421,0.1283894032239914
14.719252586364746,1.5979203136602442,1.6016250848770142,-0.11934080719947815,0.15445181727409363
14.722326040267944,1.5975884450283995,1.6012436151504517,0.11833371222019196,0.17068742215633392
14.725392580032349,1.5972572103791547,1.6008621454238892,-0.30968186259269714,0.17837797105312347
14.728458642959595,1.5969259160195894,1.6004806756973267,-0.015609979629516602,0.1283894032239914
14.731528759002686,1.5965940735169326,1.6004806756973267,-0.049851223826408386,0.10446326434612274
14.734604597091675,1.5962615031917409,1.6000992059707642,-0.03978027030825615,0.16086061298847198
14.73767900466919,1.595928979414869,1.5997177362442017,-0.015609979629516602,0.1886320263147354
14.74074649810791,1.5955970969637878,1.5993362665176392,-0.16667430102825165,0.13308918476104736
14.743813514709473,1.5952651609833082,1.5989547967910767,-0.2663767337799072,0.08523689955472946
14.746883630752563,1.5949327855213582,1.5985733270645142,-0.3821927309036255,0.1446250081062317
14.749961614608765,1.5945994550308922,1.5985733270645142,-0.0790569931268692,0.07754635065793991
14.753037214279175,1.5942662807208194,1.5981918573379517,-0.13646143674850464,0.20956741273403168
14.756109952926636,1.5939333157493278,1.5981918573379517,-0.03474479168653488,0.11813534796237946
14.759180307388306,1.5936005099430623,1.597428798675537,-0.34090182185173035,0.10702677816152573
14.762250185012817,1.5932676579354081,1.597428798675537,-0.05589379742741585,0.12411688268184662
14.765324354171753,1.5929342437739422,1.5970473289489746,-0.16264592111110687,0.0963454619050026
14.768401622772217,1.5926003976453063,1.596665859222412,-0.11631952226161957,0.13907071948051453
14.77147388458252,1.592267000309789,1.5962843894958496,-0.15056076645851135,0.16684214770793915
14.77454137802124,1.5919340275841283,1.595902919769287,-0.22609293460845947,0.11001754552125931
14.777602910995483,1.5916016105883835,1.595902919769287,-0.09718471020460129,0.14590676128864288
14.780675649642944,1.5912678864515297,1.5955214500427246,-0.18480201065540314,0.17111466825008392
14.783752918243408,1.5909335807607523,1.595139980316162,-0.03675898537039757,0.14889752864837646
14.786826848983765,1.5905995494474927,1.5947585105895996,-0.2895399332046509,0.07797360420227051
14.789897918701172,1.590265742206987,1.594377040863037,-0.2049439251422882,0.06729228794574738
14.792964458465576,1.5899323419952764,1.5939955711364746,-0.019638361409306526,0.14676126837730408
14.796031951904297,1.5895987540099763,1.593614101409912,-0.02870221994817257,0.10403601080179214
14.79910135269165,1.5892648756624037,1.5932326316833496,-0.1112840473651886,0.11728084087371826
14.802177906036377,1.588930137276993,1.592851161956787,-0.30565345287323,0.07797360420227051
14.805248737335205,1.588595940838246,1.592851161956787,-0.40535593032836914,0.11728084087371826
14.80831503868103,1.58826215825653,1.5924696922302246,-0.2361638844013214,0.15402457118034363
14.811382532119751,1.5879281680275283,1.592088222503662,-0.1898374855518341,0.11813534796237946
14.814453125,1.5875937635574788,1.5917067527770996,-0.21702906489372253,0.03353932872414589
14.81753420829773,1.5872581406701958,1.591325283050537,-0.10926985740661621,0.13138018548488617
14.820603847503662,1.5869236899783092,1.5909438133239746,-0.1263904720544815,0.13522544503211975
14.823680639266968,1.5865883867021797,1.5909438133239746,-0.03474479168653488,0.11001754552125931
14.8267502784729,1.586253791034507,1.5901808738708496,-0.33788052201271057,0.08096437156200409
14.829817295074463,1.5859194107897756,1.5901808738708496,-0.34291601181030273,0.15017929673194885
14.832886457443237,1.5855847273583246,1.5897992849349976,-0.17170977592468262,0.15445181727409363
14.835963726043701,1.5852490916715032,1.589417815208435,-0.30666056275367737,0.12069886177778244
14.839037418365479,1.5849137790333025,1.5890363454818726,-0.2210574448108673,0.09933622926473618
14.842108488082886,1.5845786868580833,1.58865487575531,-0.015609979629516602,0.06771954149007797
14.845175981521606,1.584243920647666,1.5882734060287476,-0.20292973518371582,0.1591515988111496
14.848249197006226,1.5839084668244607,1.587891936302185,-0.1253833770751953,0.07498283684253693
14.851328611373901,1.5835722742266265,1.587891936302185,-0.24119935929775238,0.11471732705831528
14.854403972625732,1.5832364632976998,1.5875104665756226,-0.14048981666564941,0.08694590628147125
14.857471942901611,1.582901400099968,1.58712899684906,-0.2663767337799072,0.16855116188526154
14.860541582107544,1.582566096584295,1.5867475271224976,-0.3529869616031647,0.09762722253799438
14.863600730895996,1.5822318824324926,1.586366057395935,-0.40636301040649414,0.10232700407505035
14.866674423217773,1.5818960238023936,1.5859845876693726,-0.13646143674850464,0.06002899259328842
14.869758129119873,1.5815590162672293,1.5859845876693726,-0.1606317162513733,0.11514458060264587
14.872832775115967,1.5812229455338576,1.58560311794281,-0.21904325485229492,0.11386281996965408
14.875904083251953,1.58088718773569,1.5852216482162476,0.016617074608802795,0.08224612474441528
14.878971099853516,1.580551848570033,1.584840178489685,-0.13948272168636322,0.0963454619050026
14.882039785385132,1.5802162776480102,1.5844587087631226,-0.20897230505943298,0.027985045686364174
14.885115623474121,1.5798798763567734,1.5844587087631226,-0.08107118308544159,0.11728084087371826
14.888187646865845,1.579543845347977,1.58407723903656,0.04481574892997742,0.03610284626483917
14.891254901885986,1.5792082903840174,1.5836957693099976,-0.40233463048934937,0.09164568781852722
14.894321203231812,1.5788727955140391,1.583314299583435,-0.09819180518388748,0.09292744100093842
14.897390842437744,1.578536892382399,1.583314299583435,-0.05387960746884346,0.09890898317098618
14.90047001838684,1.5781999036454546,1.5829328298568726,-0.2381780743598938,0.04080262407660484
14.903546333312988,1.57786318725095,1.58255136013031,-0.1928587704896927,0.0942092016339302
14.90660285949707,1.5775285977061282,1.5821698904037476,0.0005035477224737406,0.01730373129248619
14.909673929214478,1.5771923780991446,1.5817883014678955,-0.1767452508211136,0.06216525658965111
14.912740468978882,1.5768566176489227,1.5817883014678955,-0.17976653575897217,0.03994812071323395
14.915809869766235,1.5765205083846863,1.5810253620147705,-0.13948272168636322,0.10232700407505035
14.918890714645386,1.5761831114421407,1.5810253620147705,-0.10725566744804382,0.06643778085708618
14.921969175338745,1.575845942325715,1.580643892288208,-0.13142596185207367,0.08310063183307648
14.92504620552063,1.5755088979065592,1.5802624225616455,-0.34392309188842773,0.03866636008024216
14.928114175796509,1.5751728152917577,1.579880952835083,-0.16768139600753784,0.0801098644733429
14.931183338165283,1.574836572788586,1.5794994831085205,-0.21501487493515015,0.10189975053071976
14.934260606765747,1.5744994140406567,1.579118013381958,-0.22609293460845947,0.095918208360672
14.937331676483154,1.5741629076062178,1.579118013381958,0.07301442325115204,0.11599908769130707
14.940398693084717,1.5738268197522054,1.578355073928833,-0.2522774040699005,0.06216525658965111
14.943467378616333,1.573490524728693,1.5779736042022705,-0.24522773921489716,0.09335469454526901
14.946544647216797,1.5731532659548026,1.577592134475708,-0.17775234580039978,0.10745403170585632
14.949606895446777,1.5728176316127433,1.577592134475708,-0.15458914637565613,0.10959029197692871
14.95268964767456,1.5724797292946633,1.5772106647491455,-0.10020599514245987,0.11386281996965408
14.955759763717651,1.5721431926921843,1.576829195022583,-0.11531242728233337,0.05191119387745857
14.958827257156372,1.5718069255437865,1.576066255569458,-0.2714122235774994,0.13522544503211975
14.961897611618042,1.5714703279685482,1.576066255569458,-0.36003661155700684,0.10019073635339737
14.964967250823975,1.5711337932618017,1.5756847858428955,-0.23314259946346283,0.11599908769130707
14.968045234680176,1.5707963293562937,1.575303316116333,-0.17775234580039978,0.12497138977050781
14.971120357513428,1.5704591660398428,1.5749218463897705,-0.21199358999729156,0.11984435468912125
14.974193334579468,1.570122226179655,1.574540376663208,-0.17875944077968597,0.21127641201019287
14.97726035118103,1.5697859293409409,1.574158787727356,-0.20997940003871918,0.21811245381832123
14.980329275131226,1.5694494140938697,1.5737773180007935,-0.16365301609039307,0.16214236617088318
14.983413219451904,1.5691112437479473,1.573395848274231,-0.16163882613182068,0.1429159939289093
14.986488342285156,1.5687740339221075,1.5730143785476685,-0.0951705202460289,0.19632257521152496
14.989562034606934,1.5684369754345024,1.572632908821106,-0.27544060349464417,0.17068742215633392
14.992603778839111,1.5681034161400549,1.5722514390945435,-0.15458914637565613,0.18735027313232422
14.995673656463623,1.5677667687227992,1.571869969367981,-0.14552529156208038,0.21383993327617645
14.998746871948242,1.5674297535031962,1.5714884996414185,0.049851223826408386,0.1424887478351593
15.001823902130127,1.5670923194431143,1.571107029914856,-0.26436254382133484,0.14077973365783691
15.004894018173218,1.566755644347227,1.5707255601882935,-0.2532845139503479,0.17196917533874512
15.007961750030518,1.566419232700357,1.570344090461731,-0.24824902415275574,0.19674982130527496
15.01102900505066,1.566082876587109,1.5699626207351685,-0.3187457025051117,0.1420614868402481
15.014098644256592,1.5657462635209898,1.569581151008606,-0.26436254382133484,0.18735027313232422
15.017176389694214,1.5654087673100994,1.5691996812820435,-0.2210574448108673,0.18265049159526825
15.020257949829102,1.5650708598485026,1.568818211555481,-0.21199358999729156,0.1570153385400772
15.023330211639404,1.5647339802807236,1.5684367418289185,-0.304646372795105,0.1446250081062317
15.026397943496704,1.564397606942687,1.568055272102356,-0.11531242728233337,0.20230410993099213
15.029464721679688,1.5640613489236066,1.568055272102356,-0.16566720604896545,0.13095292448997498
15.0325345993042,1.5637247630803623,1.5676738023757935,-0.1414969116449356,0.191195547580719
15.035601139068604,1.5633885564560126,1.567292332649231,-0.2049439251422882,0.13138018548488617
15.038674116134644,1.5630516586033634,1.5669108629226685,-0.24321354925632477,0.12283512949943542
15.041742086410522,1.56271532542716,1.566529393196106,-0.21199358999729156,0.1745326966047287
15.044809103012085,1.562379113799219,1.566147804260254,-0.3811856210231781,0.1292439103126526
15.047878503799438,1.5620426590799328,1.5657663345336914,-0.26234835386276245,0.17795071005821228
15.050956964492798,1.5617052308652406,1.5657663345336914,-0.2865186631679535,0.17965972423553467
15.054032325744629,1.5613681632497092,1.565384864807129,-0.24220645427703857,0.14077973365783691
15.057111978530884,1.561030647437425,1.5650033950805664,-0.24925611913204193,0.1890592873096466
15.060178756713867,1.5606945659192313,1.564621925354004,-0.1102769523859024,0.19461356103420258
15.063246250152588,1.5603584305238658,1.5642404556274414,-0.05589379742741585,0.07284656912088394
15.066315650939941,1.5600221119034106,1.5642404556274414,-0.12336919456720352,0.16214236617088318
15.069392919540405,1.559684958341067,1.563858985900879,-0.24824902415275574,0.13949798047542572
15.072465658187866,1.5593483294685,1.5634775161743164,-0.09315633028745651,0.11813534796237946
15.075536489486694,1.5590119391353865,1.563096046447754,-0.0317235067486763,0.14718852937221527
15.07860255241394,1.5586761019014783,1.5627145767211914,-0.3539940416812897,0.09036392718553543
15.081675291061401,1.5583395655337147,1.562333106994629,-0.2573128938674927,0.08139162510633469
15.084752559661865,1.5580025664760757,1.562333106994629,-0.31270313262939453,0.1275349110364914
15.087823152542114,1.5576663331079486,1.5619516372680664,-0.038773175328969955,0.05703822523355484
15.090891599655151,1.5573303704961567,1.561570167541504,-0.35701534152030945,0.0472114123404026
15.09395956993103,1.5569944971132932,1.5611886978149414,-0.20897230505943298,0.06173800304532051
15.097028493881226,1.5566585576081673,1.560807228088379,-0.015609979629516602,0.059601739048957825
15.10010552406311,1.556321770451381,1.5604257583618164,-0.15660333633422852,0.0638742670416832
15.103179693222046,1.555985337388194,1.5604257583618164,-0.1273975670337677,0.11001754552125931
15.106250762939453,1.5556492856450634,1.560044288635254,0.3187457025051117,0.09719996899366379
15.109319925308228,1.5553134859245292,1.5596628189086914,-0.3842069208621979,0.09719996899366379
15.112390279769897,1.554977600348772,1.559281349182129,-0.0629434660077095,0.048493172973394394
15.11545991897583,1.5546418388345122,1.5588998794555664,-0.3006179928779602,0.0643015205860138
15.118537664413452,1.5543052378956423,1.5585182905197144,-0.2824902832508087,0.051483940333127975
15.121604442596436,1.5539698847081174,1.5581368207931519,-0.20393683016300201,0.06173800304532051
15.124683141708374,1.553633277719747,1.5581368207931519,0.022659648209810257,0.09933622926473618
15.127752780914307,1.5532977121730331,1.5577553510665894,-0.1767452508211136,0.04251163452863693
15.130821704864502,1.5529622768570073,1.5573738813400269,-0.1284046620130539,0.08993667364120483
15.13390064239502,1.5526258005946911,1.5569924116134644,-0.05589379742741585,0.07669184356927872
15.13697862625122,1.5522894834168013,1.5566109418869019,-0.32780957221984863,0.08310063183307648
15.1400465965271,1.5519543162153406,1.5562294721603394,-0.2532845139503479,0.05661097168922424
15.143113613128662,1.5516193101676967,1.5562294721603394,0.0317235067486763,0.12368962913751602
15.146180629730225,1.5512843623229513,1.5554665327072144,-0.4134126901626587,0.06601052731275558
15.149250507354736,1.5509491615572037,1.5554665327072144,-0.17170977592468262,-0.06002899259328842
15.152327299118042,1.5506132668461188,1.5550850629806519,-0.2502632141113281,0.09036392718553543
15.155402421951294,1.5502776166162908,1.5550850629806519,-0.016617074608802795,0.06088349595665932
15.15847659111023,1.549942133970335,1.5543221235275269,-0.32680246233940125,0.0117494473233819
15.161550045013428,1.5496067940892992,1.5539406538009644,-0.15458914637565613,-0.0314030684530735
15.164608001708984,1.5492732105374518,1.5539406538009644,-0.2563057839870453,0.06173800304532051
15.16769814491272,1.5489361834324435,1.5535591840744019,-0.2824902832508087,0.11001754552125931
15.170771598815918,1.5486010451863546,1.5531777143478394,-0.15559624135494232,0.0942092016339302
15.173842668533325,1.5482662365404485,1.5527962446212769,-0.11833371222019196,0.11300831288099289
15.176909685134888,1.5479319404669747,1.5527962446212769,-0.2240787297487259,0.07071030884981155
15.17997694015503,1.5475976903111819,1.5524147748947144,-0.09819180518388748,0.09250018745660782
15.183046102523804,1.5472633055218818,1.5520333051681519,-0.21702906489372253,0.09207294136285782
15.18612265586853,1.5469281902404517,1.5516518354415894,-0.05085831880569458,0.10745403170585632
15.189192056655884,1.5465939298839175,1.5512703657150269,-0.14653238654136658,0.13949798047542572
15.192258834838867,1.5462600320167978,1.5508888959884644,-0.10020599514245987,0.045502401888370514
15.195325136184692,1.5459262641402405,1.5505073070526123,-0.19386588037014008,0.11599908769130707
15.198394536972046,1.545592238316624,1.5501258373260498,-0.3358663320541382,0.063019759953022
15.201472282409668,1.5452573854318743,1.5497443675994873,-0.2714122235774994,0.05532921478152275
15.204548835754395,1.5449227445984062,1.5493628978729248,-0.1414969116449356,0.03952086716890335
15.207601547241211,1.5445907796919502,1.5489814281463623,-0.2714122235774994,0.07028305530548096
15.210679292678833,1.5442561770394052,1.5489814281463623,-0.1425040066242218,0.11813534796237946
15.213750839233398,1.5439223341946782,1.5485999584197998,-0.21501487493515015,0.10232700407505035
15.21683144569397,1.5435875940686878,1.5482184886932373,-0.2552987039089203,0.12283512949943542
15.219908237457275,1.5432533570951537,1.5478370189666748,-0.19588007032871246,0.03952086716890335
15.222981691360474,1.5429195724127043,1.5474555492401123,-0.18681620061397552,0.06771954149007797
15.226059436798096,1.542585412740397,1.5470740795135498,-0.3640649914741516,0.1420614868402481
15.229130506515503,1.5422520699629034,1.5466926097869873,-0.26335546374320984,0.11386281996965408
15.232205152511597,1.5419184324039503,1.5466926097869873,-0.1102769523859024,0.13138018548488617
15.235284566879272,1.54158437233526,1.5459296703338623,-0.24824902415275574,0.13351644575595856
15.23836064338684,1.5412507704481395,1.5459296703338623,-0.22810712456703186,0.11813534796237946
15.241431474685669,1.5409178344363001,1.5455482006072998,-0.18379491567611694,0.07754635065793991
15.244499444961548,1.5405853066631237,1.5451667308807373,-0.1596246212720871,0.11429007351398468
15.247568368911743,1.540252774810708,1.5447852611541748,0.032730601727962494,0.10788128525018692
15.250601053237915,1.539924268445882,1.5444037914276123,-0.21501487493515015,0.07071030884981155
15.253676176071167,1.539591266529924,1.5440223217010498,-0.1888303905725479,0.08908216655254364
15.25674819946289,1.5392587035070173,1.5436408519744873,-0.2502632141113281,0.11813534796237946
15.259817361831665,1.538926554504031,1.5436408519744873,-0.046829938888549805,0.11599908769130707
15.26288366317749,1.5385948204628836,1.5428777933120728,-0.2895399332046509,0.09292744100093842
15.265953540802002,1.5382628062222468,1.5428777933120728,-0.11732661724090576,0.12326237559318542
15.269030570983887,1.5379301267994527,1.5421148538589478,-0.32378119230270386,0.07199206203222275
15.272105693817139,1.5375977632431168,1.5421148538589478,-0.1414969116449356,0.09848172962665558
15.275177717208862,1.53726584536738,1.5417333841323853,-0.0800640881061554,0.12454413622617722
15.278245687484741,1.5369344770600444,1.5413519144058228,-0.14552529156208038,0.10830853879451752
15.281315326690674,1.5366030413917862,1.5409704446792603,-0.32378119230270386,0.13138018548488617
15.2843918800354,1.536270973737633,1.5405889749526978,-0.16365301609039307,0.16855116188526154
15.287463188171387,1.5359395878454694,1.5402075052261353,-0.2824902832508087,0.07156481593847275
15.290533065795898,1.535608472976635,1.5398260354995728,-0.052872512489557266,0.11300831288099289
15.293599843978882,1.535277810112449,1.5394445657730103,-0.3932707607746124,0.15017929673194885
15.296666622161865,1.5349472661180161,1.5390630960464478,-0.3852140009403229,0.12155336886644363
15.29973578453064,1.5346165853883407,1.5390630960464478,-0.01762416958808899,0.16598764061927795
15.302812576293945,1.5342852046129707,1.5386816263198853,-0.08409246802330017,0.11728084087371826
15.305887937545776,1.533954101179197,1.5383001565933228,-0.29256123304367065,0.16256961226463318
15.308964490890503,1.5336229939518813,1.5379186868667603,0.12437628954648972,0.18692301213741302
15.3120436668396,1.5332917304461557,1.5375372171401978,-0.3489585816860199,0.1412069946527481
15.315115690231323,1.5329613632487027,1.5371557474136353,-0.24422064423561096,0.13351644575595856
15.318192958831787,1.5326305602140144,1.5367742776870728,-0.18379491567611694,0.13266193866729736
15.321268320083618,1.5323000916774845,1.5363928079605103,-0.2230716347694397,0.16897840797901154
15.324340105056763,1.5319701378624708,1.5360113382339478,-0.3701075613498688,0.11984435468912125
15.327407598495483,1.5316407763233986,1.5356298685073853,-0.29658961296081543,0.22452124953269958
15.330474376678467,1.5313116239718287,1.5356298685073853,-0.12135500460863113,0.05233844369649887
15.333549499511719,1.5309817101454748,1.5352483987808228,-0.060929276049137115,0.15231555700302124
15.336601495742798,1.5306544114786096,1.5348668098449707,-0.2573128938674927,0.10403601080179214
15.339674234390259,1.5303250244849267,1.5344853401184082,-0.35600823163986206,0.14505226910114288
15.34274172782898,1.5299963371997074,1.5341038703918457,-0.09114214032888412,0.09805447608232498
15.3458092212677,1.5296677884589247,1.5337224006652832,-0.16566720604896545,0.14547951519489288
15.348879098892212,1.5293391242843595,1.5333409309387207,-0.13545434176921844,0.15573357045650482
15.35196042060852,1.529009376891006,1.5329594612121582,-0.10020599514245987,0.13394369184970856
15.355035305023193,1.5286804614305343,1.5325779914855957,-0.2855115532875061,0.1253986358642578
15.358108520507812,1.5283518684998738,1.5321965217590332,-0.1908445805311203,0.1604333519935608
15.361176013946533,1.5280240321665166,1.5318150520324707,-0.2653696537017822,0.13522544503211975
15.364243984222412,1.5276962907765925,1.5314335823059082,-0.27544060349464417,0.14718852937221527
15.36731219291687,1.5273686710685754,1.5314335823059082,-0.1908445805311203,0.17880521714687347
15.370390176773071,1.527040156666101,1.5310521125793457,-0.23515678942203522,0.13736172020435333
15.373463869094849,1.5267122505357682,1.5306706428527832,-0.08812084794044495,0.18051423132419586
15.376534938812256,1.5263847753486115,1.5302891731262207,0.02366674318909645,0.19845883548259735
15.379602909088135,1.526057782746017,1.5299077033996582,0.007553216069936752,0.17880521714687347
15.382675170898438,1.52573048628496,1.5295262336730957,-0.11329823732376099,0.17154192924499512
15.385759115219116,1.5254021010114072,1.5291447639465332,-0.08610665798187256,0.15231555700302124
15.388837337493896,1.5250744818801532,1.5287632942199707,-0.3338521420955658,0.10873579233884811
15.391910791397095,1.5247475278121223,1.5287632942199707,-0.23012131452560425,0.1762416958808899
15.394978761672974,1.5244213153244708,1.5283818244934082,-0.1757381558418274,0.18564125895500183
15.398048162460327,1.524095110148028,1.5280003547668457,-0.2210574448108673,0.1582970917224884
15.40112590789795,1.5237681794537385,1.5276188850402832,-0.13847562670707703,0.095490962266922
15.404200077056885,1.5234417911251927,1.5272372961044312,-0.22005034983158112,0.11898985505104065
15.407270193099976,1.5231159963995653,1.5272372961044312,0.02064545638859272,0.11813534796237946
15.41033673286438,1.522790745277818,1.5268558263778687,-0.14552529156208038,0.09848172962665558
15.413405656814575,1.5224654066800098,1.5264743566513062,-0.1918516755104065,0.13437095284461975
15.41648554801941,1.5221390730076019,1.5260928869247437,-0.15458914637565613,0.10104524344205856
15.419562339782715,1.5218132365753738,1.5257114171981812,-0.2734264135360718,0.06814679503440857
15.422603607177734,1.5214913292533132,1.5257114171981812,-0.07402151823043823,0.06729228794574738
15.425672769546509,1.5211666389006588,1.5253299474716187,-0.14753948152065277,0.07711909711360931
15.428741216659546,1.5208421956865639,1.5249484777450562,-0.04884412884712219,0.1108720526099205
15.43181324005127,1.5205175472928372,1.5245670080184937,-0.16365301609039307,0.10189975053071976
15.43489384651184,1.5201921668501641,1.5245670080184937,0.038773175328969955,0.07583733648061752
15.437973737716675,1.5198670383561659,1.5241855382919312,-0.1596246212720871,0.0946364551782608
15.441051483154297,1.5195423137930368,1.5238040685653687,-0.29155412316322327,0.06686503440141678
15.444119453430176,1.519218798295496,1.5234225988388062,-0.33888763189315796,0.09378194808959961
15.447186946868896,1.5188955116739953,1.5230411291122437,-0.23012131452560425,0.029266804456710815
15.450256109237671,1.5185722290899941,1.5230411291122437,-0.043808650225400925,0.07711909711360931
15.453333377838135,1.518248274554591,1.5226596593856812,-0.1576104313135147,0.10574502497911453
15.456408739089966,1.5179247039898567,1.5222781896591187,-0.16566720604896545,0.0476386658847332
15.459477424621582,1.5176020195318547,1.5218967199325562,-0.27544060349464417,0.1253986358642578
15.462545156478882,1.517279619999698,1.5218967199325562,0.06596475094556808,0.01516746822744608
15.465604305267334,1.5169583075269268,1.5211337804794312,-0.33888763189315796,0.05532921478152275
15.468689203262329,1.5166344788492836,1.5211337804794312,-0.08207827806472778,0.04122987762093544
15.47177267074585,1.5163109905246626,1.5207523107528687,0.02870221994817257,-0.00021362630650401115
15.474845170974731,1.515988843119111,1.5203708410263062,-0.18278782069683075,0.049774929881095886
15.477971315383911,1.5156612674401404,1.5199893712997437,-0.1918516755104065,0.02371251955628395
15.481042385101318,1.5153396567685422,1.5199893712997437,-0.09718471020460129,0.01602197252213955
15.484119176864624,1.5150176408508982,1.5196079015731812,-0.05992217734456062,0.030548561364412308
15.48719334602356,1.514696094529262,1.519226312637329,-0.1898374855518341,0.01901274174451828
15.490265607833862,1.5143749437581417,1.519226312637329,-0.07301442325115204,0.045075152069330215
15.493336200714111,1.5140541644686167,1.518463373184204,-0.173723965883255,0.06985580176115036
15.496403217315674,1.5137339566050403,1.518463373184204,-0.3539940416812897,0.0032043945975601673
15.499472618103027,1.5134136989488352,1.5180819034576416,0.13847562670707703,0.005767910275608301
15.502552270889282,1.5130925730109854,1.5180819034576416,-0.143511101603508,0.021149003878235817
15.505599975585938,1.5127749781953952,1.517700433731079,-0.2049439251422882,-0.02243076264858246
15.508666753768921,1.5124555975680454,1.5173189640045166,-0.016617074608802795,-0.024994278326630592
15.51173448562622,1.5121363213266936,1.516937494277954,-0.13243305683135986,-0.01773098297417164
15.514804601669312,1.511817002110243,1.5165560245513916,-0.0629434660077095,-0.005340657662600279
15.517882108688354,1.51149712134215,1.5165560245513916,-0.20393683016300201,-0.035675592720508575
15.520956039428711,1.5111778205533168,1.516174554824829,-0.15458914637565613,0.013885710388422012
15.524023056030273,1.5108594465814595,1.5157930850982666,-0.4134126901626587,-0.021149003878235817
15.527089834213257,1.5105413069019455,1.515411615371704,-0.2220645397901535,-0.008758679032325745
15.53015923500061,1.51022310614717,1.5150301456451416,-0.19588007032871246,-0.030548561364412308
15.533215284347534,1.5099065003943766,1.514648675918579,-0.3207598924636841,-0.018585488200187683
15.536292791366577,1.509587885454958,1.514648675918579,-0.23012131452560425,-0.03012130968272686
15.539365291595459,1.5092700041007208,1.5142672061920166,-0.21400777995586395,-0.06942854821681976
15.54243540763855,1.5089525854040606,1.513885736465454,-0.2683909237384796,0.03781185671687126
15.545507192611694,1.5086352114212642,1.5135042667388916,-0.1898374855518341,0.0010681315325200558
15.548585176467896,1.5083174161435602,1.513122797012329,-0.1576104313135147,0.0476386658847332
15.551679849624634,1.5079981201072163,1.5127413272857666,-0.24220645427703857,0.03482108935713768
15.554755687713623,1.5076809895355106,1.512359857559204,-0.16163882613182068,0.03994812071323395
15.557828426361084,1.5073644008374478,1.5119783878326416,-0.07402151823043823,0.03311207890510559
15.560898065567017,1.5070483545189244,1.5119783878326416,-0.05589379742741585,0.04251163452863693
15.56396770477295,1.506732532303525,1.5115967988967896,-0.20292973518371582,0.10019073635339737
15.567044734954834,1.5064161757550034,1.511215329170227,-0.046829938888549805,0.016876477748155594
15.57011604309082,1.5061006344147179,1.5108338594436646,-0.28148317337036133,0.10147249698638916
15.573182582855225,1.5057858103145283,1.510452389717102,-0.33788052201271057,0.0006408789195120335
15.576249599456787,1.5054711656514024,1.5100709199905396,-0.11430533230304718,0.10318150371313095
15.579316139221191,1.5051567994306736,1.509689450263977,-0.060929276049137115,0.08950942009687424
15.582385540008545,1.5048423709085943,1.5093079805374146,-0.06898603588342667,0.10959029197692871
15.585463762283325,1.5045272719924643,1.508926510810852,-0.27544060349464417,0.11813534796237946
15.588541269302368,1.5042124809996722,1.5085450410842896,-0.304646372795105,0.09805447608232498
15.591604948043823,1.5038993387367783,1.508163571357727,0.003524834057316184,0.13052567839622498
15.594675064086914,1.5035857741536067,1.5077821016311646,-0.21300068497657776,0.09164568781852722
15.597744464874268,1.5032725195970504,1.5077821016311646,-0.23012131452560425,0.07797360420227051
15.60082197189331,1.5029586767979948,1.5070191621780396,-0.15156786143779755,0.09677271544933319
15.60389757156372,1.502645268830466,1.5070191621780396,-0.1253833770751953,0.11258106678724289
15.606969833374023,1.5023324420194237,1.506637692451477,0.03373769670724869,0.11429007351398468
15.610036373138428,1.5020204392265737,1.5062562227249146,-0.304646372795105,0.1416342407464981
15.613104581832886,1.5017085091442632,1.505874752998352,-0.054886702448129654,0.0963454619050026
15.616175174713135,1.5013965806972962,1.5054932832717896,-0.3137102425098419,0.11984435468912125
15.619253158569336,1.5010841475994474,1.5054932832717896,-0.13545434176921844,0.12283512949943542
15.622326374053955,1.5007724455734486,1.505111813545227,-0.1898374855518341,0.12497138977050781
15.625398635864258,1.5004610881846192,1.5047303438186646,-0.19990845024585724,0.16385138034820557
15.628466129302979,1.5001504624970587,1.504348874092102,-0.03373769670724869,0.06942854821681976
15.63153624534607,1.499839820968907,1.5039674043655396,-0.04078736528754234,0.1600061058998108
15.634601593017578,1.4995299123269998,1.5035858154296875,-0.3006179928779602,0.13180743157863617
15.637676000595093,1.4992193402061904,1.5035858154296875,-0.1888303905725479,0.13522544503211975
15.640746831893921,1.498909382926095,1.503204345703125,-0.07502861320972443,0.126253142952919
15.643813848495483,1.4986000647885604,1.5028228759765625,0.04179446026682854,0.10403601080179214
15.646880865097046,1.4982910017447122,1.50244140625,-0.16768139600753784,0.0318303182721138
15.649948358535767,1.4979821469512529,1.5020599365234375,-0.23112840950489044,0.009185931645333767
15.653016567230225,1.4976734776998437,1.501678466796875,-0.21702906489372253,0.08908216655254364
15.656085729598999,1.497364971362893,1.501678466796875,-0.18580910563468933,0.10702677816152573
15.659162282943726,1.4970559830839534,1.50091552734375,-0.2230716347694397,0.10104524344205856
15.662230491638184,1.4967480942699032,1.50091552734375,-0.1253833770751953,0.06985580176115036
15.665297269821167,1.496440610996212,1.5005340576171875,-0.10020599514245987,0.06173800304532051
15.668363332748413,1.4961334624159028,1.500152587890625,-0.08912795037031174,0.10916304588317871
15.671429634094238,1.4958265540716826,1.500152587890625,-0.06596475094556808,0.07583733648061752
15.674496412277222,1.495519863331971,1.4997711181640625,-0.21602196991443634,0.0480659194290638
15.677563905715942,1.4952133676477974,1.4993896484375,-0.1888303905725479,0.13308918476104736
15.680600643157959,1.4949102087564559,1.4990081787109375,-0.47081711888313293,0.040375370532274246
15.683667182922363,1.4946043420961779,1.498626708984375,-0.1414969116449356,0.09933622926473618
15.686734199523926,1.4942986977857753,1.4982452392578125,-0.25932708382606506,0.057892728596925735
15.689800024032593,1.4939934431826483,1.4982452392578125,-0.06898603588342667,0.06643778085708618
15.692866563796997,1.4936883894481627,1.49786376953125,-0.2583199739456177,0.02883955091238022
15.695932865142822,1.4933836326477852,1.4974822998046875,-0.11934080719947815,0.02072175219655037
15.698999166488647,1.4930791501846907,1.4974822998046875,-0.05992217734456062,0.05661097168922424
15.702070713043213,1.4927744230498676,1.497100830078125,-0.1908445805311203,0.05831998214125633
15.705137491226196,1.4924704458827591,1.4967193603515625,-0.19588007032871246,0.024139773100614548
15.708204746246338,1.4921666993299711,1.496337890625,-0.08308537304401398,0.07113756239414215
15.711271286010742,1.4918633025382424,1.495956301689148,-0.07301442325115204,0.07241931557655334
15.714341402053833,1.4915598324317911,1.4955748319625854,-0.33788052201271057,0.08737315982580185
15.717411279678345,1.4912566676661245,1.4955748319625854,-0.11732661724090576,0.07199206203222275
15.720478057861328,1.4909540914471047,1.495193362236023,-0.2734264135360718,0.09250018745660782
15.723547220230103,1.4906515637725837,1.4948118925094604,-0.31270313262939453,0.05191119387745857
15.726600646972656,1.4903508699798518,1.494430422782898,-0.3016250729560852,0.13308918476104736
15.729677438735962,1.4900481617215207,1.4940489530563354,-0.21803615987300873,0.09677271544933319
15.732746601104736,1.489746491685874,1.493667483329773,-0.3187457025051117,0.08181887865066528
15.7358238697052,1.4894443144028877,1.4932860136032104,-0.12236209958791733,0.09121843427419662
15.738898754119873,1.4891426619305324,1.492904543876648,-0.26134127378463745,0.15060654282569885
15.741971969604492,1.4888414646513068,1.492904543876648,-0.22810712456703186,0.10574502497911453
15.745046615600586,1.4885404198878769,1.4925230741500854,-0.2552987039089203,0.10446326434612274
15.748114824295044,1.4882402983981116,1.492141604423523,-0.31068894267082214,0.10104524344205856
15.75118112564087,1.4879406569980955,1.4917601346969604,-0.1928587704896927,0.10574502497911453
15.75425100326538,1.487640961177953,1.4917601346969604,0.06193637102842331,0.15530632436275482
15.757321119308472,1.48734153846004,1.4909971952438354,-0.401327520608902,0.10232700407505035
15.760386943817139,1.487042831166913,1.4909971952438354,-0.11732661724090576,0.10318150371313095
15.763453960418701,1.4867443056811507,1.490615725517273,-0.19688716530799866,0.0942092016339302
15.766520738601685,1.4864461024876563,1.4902342557907104,-0.13746853172779083,0.15188831090927124
15.769589900970459,1.4861479679960128,1.489852786064148,-0.5433279871940613,0.08310063183307648
15.772669792175293,1.4858490946616636,1.489852786064148,-0.007553216069936752,0.16940565407276154
15.775736808776855,1.4855517737602881,1.4894713163375854,-0.22911421954631805,0.10019073635339737
15.778804063796997,1.4852547333311614,1.489089846611023,-0.2583199739456177,0.12326237559318542
15.781875371932983,1.4849576056930567,1.4887083768844604,-0.28047609329223633,0.07455558329820633
15.784941911697388,1.4846612452595913,1.488326907157898,-0.2059510201215744,0.07711909711360931
15.78800916671753,1.4843651225699814,1.488326907157898,-0.27544060349464417,0.07498283684253693
15.791075468063354,1.4840693998114696,1.487945318222046,-0.23314259946346283,0.02243076264858246
15.79414176940918,1.4837739859631847,1.4875638484954834,-0.01359578873962164,0.013885710388422012
15.797208547592163,1.4834788362545457,1.4875638484954834,-0.05690089240670204,0.02713054046034813
15.800275087356567,1.483184020654295,1.487182378768921,-0.2532845139503479,0.06088349595665932
15.803341388702393,1.4828895401842086,1.4868009090423584,-0.3026321828365326,0.043366141617298126
15.806407928466797,1.482595350143201,1.4868009090423584,-0.1112840473651886,0.04892042279243469
15.809477090835571,1.4823012233356663,1.486419439315796,-0.32780957221984863,0.030975814908742905
15.812549114227295,1.4820071388527503,1.4860379695892334,-0.19990845024585724,-0.0049134050495922565
15.815603256225586,1.4817150811303825,1.4860379695892334,-0.08207827806472778,0.063019759953022
15.818670749664307,1.4814220638588065,1.485656499862671,-0.19386588037014008,0.03311207890510559
15.821737051010132,1.4811294792584777,1.4852750301361084,-0.10624857246875763,0.063019759953022
15.824806451797485,1.4808369192195234,1.4852750301361084,-0.1284046620130539,0.02243076264858246
15.827884197235107,1.4805438866811944,1.484893560409546,-0.1727168709039688,0.045075152069330215
15.830952644348145,1.4802520623721869,1.4845120906829834,-0.1928587704896927,0.0023498893715441227
15.83402967453003,1.4799597466630698,1.4845120906829834,-0.13444724678993225,0.0634470134973526
15.837104320526123,1.4796679835073876,1.484130620956421,-0.14048981666564941,-0.021576257422566414
15.840172529220581,1.4793771572013883,1.4837491512298584,-0.19890135526657104,-0.03653009980916977
15.843238830566406,1.4790868381156006,1.4837491512298584,-0.10926985740661621,0.029266804456710815
15.84630560874939,1.4787968013637411,1.483367681503296,-0.0790569931268692,0.03781185671687126
15.849372863769531,1.4785070481757328,1.4829862117767334,-0.15056076645851135,0.01730373129248619
15.852439641952515,1.4782176697177805,1.482604742050171,-0.23213550448417664,0.04165713116526604
15.855506420135498,1.477928621993582,1.482604742050171,-0.0639505609869957,-0.027985045686364174
15.858579635620117,1.4776393003987451,1.4822232723236084,-0.3539940416812897,-0.013031205162405968
15.861660480499268,1.4773495960770335,1.481841802597046,-0.3207598924636841,-0.0643015205860138
15.864730834960938,1.4770612135186207,1.481841802597046,0.07603570818901062,0.004058899823576212
15.867796897888184,1.4767735691471735,1.4814603328704834,0.0941634252667427,-0.013885710388422012
15.870863199234009,1.4764862383865063,1.481078863143921,-0.13444724678993225,-0.019867246970534325
15.873929738998413,1.4761992223816434,1.481078863143921,-0.1112840473651886,-0.04251163452863693
15.876996755599976,1.475912500001295,1.4806973934173584,-0.13948272168636322,-0.05746547505259514
15.880064249038696,1.475626072468253,1.4803158044815063,-0.1908445805311203,0.02243076264858246
15.883131265640259,1.4753400298956025,1.4799343347549438,-0.12437628954648972,-0.029694056138396263
15.886197566986084,1.47505439538262,1.4799343347549438,0.04481574892997742,-0.0006408789195120335
15.889265060424805,1.474768992395166,1.4795528650283813,-0.21602196991443634,-0.00747692072764039
15.89233136177063,1.4744840438198292,1.4791713953018188,-0.3167315125465393,-0.010894942097365856
15.895397901535034,1.4741994176182156,1.4791713953018188,0.006546120624989271,-0.02841229923069477
15.898467063903809,1.4739148940385738,1.4787899255752563,-0.19386588037014008,0.07284656912088394
15.901538610458374,1.4736304970896417,1.4784084558486938,-0.16667430102825165,-0.0019226367585361004
15.90460205078125,1.4733471981706647,1.4780269861221313,-0.13545434176921844,-0.011322194710373878
15.907671689987183,1.473063675112026,1.4776455163955688,-0.2885328531265259,0.016449226066470146
15.910749435424805,1.4727797552465431,1.4772640466690063,-0.1918516755104065,-0.03823911026120186
15.913822174072266,1.472496649830506,1.4768825769424438,-0.304646372795105,0.0079041738063097
15.916891098022461,1.4722142485671235,1.4768825769424438,-0.035751886665821075,0.04293888807296753
15.919956922531128,1.4719324854961038,1.4765011072158813,-0.2653696537017822,-0.0322575718164444
15.923023700714111,1.4716509887937876,1.4761196374893188,-0.33888763189315796,0.05233844369649887
15.926090717315674,1.4713698253644976,1.4757381677627563,-0.1918516755104065,0.032684825360774994
15.929157972335815,1.4710889963353055,1.4753566980361938,-0.2512703239917755,0.11471732705831528
15.93222689628601,1.470808372109126,1.4749752283096313,-0.2824902832508087,0.05447470769286156
15.935304403305054,1.4705273232953389,1.4745937585830688,-0.13646143674850464,0.11386281996965408
15.93838620185852,1.4702462451273428,1.4745937585830688,-0.24925611913204193,0.08053711801767349
15.941469669342041,1.469965378908819,1.4742122888565063,-0.16466011106967926,0.13394369184970856
15.944547891616821,1.469685354850857,1.4738308191299438,-0.14653238654136658,0.1253986358642578
15.947600841522217,1.4694079904423547,1.4734493494033813,-0.3167315125465393,0.10489051789045334
15.950670719146729,1.4691294513057753,1.4730678796768188,-0.24119935929775238,0.1108720526099205
15.953741073608398,1.4688512342048448,1.4726864099502563,-0.3791714310646057,0.1591515988111496
15.956807374954224,1.4685737500116223,1.4723048210144043,-0.269398033618927,0.11856260150671005
15.959873914718628,1.4682966107131359,1.4719233512878418,-0.18580910563468933,0.125825896859169
15.962940692901611,1.4680198174238428,1.4719233512878418,-0.10020599514245987,0.14718852937221527
15.966006994247437,1.4677434356839876,1.4711604118347168,-0.05085831880569458,0.1424887478351593
15.96907639503479,1.4674671446456808,1.4711604118347168,-0.07301442325115204,0.18307773768901825
15.972148656845093,1.4671909678775954,1.4707789421081543,-0.15257495641708374,0.1723964363336563
15.975217819213867,1.4669154421711423,1.4703974723815918,-0.20897230505943298,0.16684214770793915
15.978285074234009,1.4666404606222028,1.4700160026550293,-0.2855115532875061,0.13266193866729736
15.981352090835571,1.4663658742401362,1.4696345329284668,-0.2069581151008606,0.14847028255462646
15.984421253204346,1.4660914709413932,1.4696345329284668,-0.04078736528754234,0.1587243527173996
15.987493515014648,1.4658171674455547,1.4692530632019043,-0.04280155524611473,0.19931334257125854
15.990567445755005,1.4655430933748614,1.4688715934753418,-0.1414969116449356,0.15317006409168243
15.993603706359863,1.4652727506089454,1.4684901237487793,-0.10926985740661621,0.18179598450660706
15.996675968170166,1.4649995802960232,1.4684901237487793,0.14854657649993896,0.13479819893836975
15.99974274635315,1.4647272777115115,1.4681086540222168,-0.13948272168636322,0.15616083145141602
16.002809524536133,1.464455355950508,1.4677271842956543,-0.09919890016317368,0.19803158938884735
16.005878925323486,1.464183583974641,1.4677271842956543,-0.1273975670337677,0.11941710859537125
16.00894808769226,1.463912216561516,1.4673457145690918,-0.10826276242733002,0.15573357045650482
16.012015342712402,1.4636414018796091,1.4669642448425293,-0.23112840950489044,0.15530632436275482
16.015084981918335,1.4633707621169896,1.4665827751159668,-0.24925611913204193,0.17111466825008392
16.01815176010132,1.4631007606410567,1.4662013053894043,-0.23314259946346283,0.09335469454526901
16.02121877670288,1.4628311250824688,1.4662013053894043,-0.1767452508211136,0.10403601080179214
16.024285554885864,1.4625618983633206,1.4658198356628418,-0.4124055802822113,0.06985580176115036
16.027352333068848,1.4622930605077222,1.4658198356628418,-0.1445181965827942,0.11984435468912125
16.030418634414673,1.4620246542230741,1.4654383659362793,-0.13444724678993225,0.09933622926473618
16.033487558364868,1.4617564096093303,1.4650568962097168,-0.23012131452560425,0.04122987762093544
16.03656792640686,1.4614875593066765,1.4650568962097168,-0.043808650225400925,0.14676126837730408
16.03960680961609,1.4612227181102966,1.4646753072738647,0.043808650225400925,0.05746547505259514
16.04268527030945,1.4609548219987853,1.4642938375473022,-0.13344015181064606,0.0801098644733429
16.045756340026855,1.4606879654823692,1.4642938375473022,-0.2986038029193878,0.11898985505104065
16.048829078674316,1.460421361200318,1.4639123678207397,-0.10121309012174606,0.11599908769130707
16.0518958568573,1.4601556712706334,1.4635308980941772,-0.17875944077968597,0.1104447990655899
16.054962635040283,1.4598903791388076,1.4635308980941772,0.03373769670724869,0.10531777143478394
16.058029651641846,1.459625465211962,1.4631494283676147,-0.15156786143779755,0.08609139919281006
16.061096668243408,1.4593609511137875,1.4627679586410522,-0.23515678942203522,0.035675592720508575
16.064164876937866,1.4590967352486544,1.4627679586410522,-0.13948272168636322,0.07113756239414215
16.06723403930664,1.4588328395509111,1.4623864889144897,-0.3469443917274475,0.0788281038403511
16.070303916931152,1.4585692858303567,1.4620050191879272,-0.060929276049137115,0.07797360420227051
16.073370695114136,1.4583064020933931,1.4620050191879272,-0.003524834057316184,0.08053711801767349
16.07643747329712,1.458043923020615,1.4616235494613647,-0.051865413784980774,0.09079118072986603
16.07950735092163,1.4577815849274205,1.4612420797348022,-0.23314259946346283,0.13351644575595856
16.08257746696472,1.4575196339426562,1.4608606100082397,-0.18480201065540314,0.0942092016339302
16.085602521896362,1.4572619272189329,1.4608606100082397,-0.038773175328969955,0.029694056138396263
16.088674545288086,1.4570006260285873,1.4604791402816772,-0.019638361409306526,0.04892042279243469
16.091744422912598,1.456739917837499,1.4604791402816772,-0.17070268094539642,0.030975814908742905
16.094815731048584,1.456479499759115,1.4600976705551147,-0.047837033867836,0.08267337828874588
16.097882986068726,1.456219837193807,1.4597162008285522,-0.29558250308036804,0.05020218342542648
16.10094976425171,1.4559606274393868,1.4597162008285522,-0.13646143674850464,0.06942854821681976
16.10401701927185,1.4557017908523087,1.4593347311019897,-0.12236209958791733,0.0634470134973526
16.107084274291992,1.4554433687291792,1.4593347311019897,-0.16566720604896545,0.04251163452863693
16.110150814056396,1.4551854221461131,1.4585717916488647,-0.2552987039089203,0.11300831288099289
16.113218307495117,1.45492781172522,1.4585717916488647,0.006546120624989271,0.08865492045879364
16.1162850856781,1.4546706786294967,1.4581903219223022,-0.2885328531265259,0.08480964601039886
16.11935257911682,1.4544139038733548,1.4581903219223022,-0.015609979629516602,0.051483940333127975
16.122419118881226,1.4541576280646076,1.4578088521957397,-0.14955367147922516,0.02243076264858246
16.12548565864563,1.45390177225911,1.4574273824691772,0.014602883718907833,0.043366141617298126
16.12855291366577,1.4536462778769257,1.4570459127426147,-0.32881665229797363,0.09677271544933319
16.13160228729248,1.4533926913810764,1.4570459127426147,-0.2210574448108673,0.08993667364120483
16.134682416915894,1.4531369716830673,1.4566643238067627,-0.2240787297487259,0.06216525658965111
16.137758255004883,1.4528820349417502,1.4562828540802002,-0.330830842256546,0.03994812071323395
16.14083170890808,1.4526277226319988,1.4562828540802002,-0.22710002958774567,0.10019073635339737
16.14390254020691,1.4523740543863126,1.4559013843536377,-0.009567406959831715,0.056183718144893646
16.14697003364563,1.452121088988913,1.4555199146270752,-0.10926985740661621,0.08181887865066528
16.150035858154297,1.451868688702759,1.4551384449005127,-0.17170977592468262,0.04592965543270111
16.15310502052307,1.4516164426213618,1.4551384449005127,-0.0790569931268692,0.04122987762093544
16.156174182891846,1.451364626712007,1.4547569751739502,-0.11430533230304718,0.09121843427419662
16.15924096107483,1.4511134370242464,1.4547569751739502,-0.13646143674850464,0.08224612474441528
16.16230797767639,1.4508626592303624,1.4543755054473877,-0.10322728008031845,0.03353932872414589
16.165375232696533,1.45061229436236,1.4539940357208252,-0.29155412316322327,0.05233844369649887
16.16844129562378,1.4503624599133778,1.4536125659942627,-0.25932708382606506,0.06729228794574738
16.17151403427124,1.4501125168778564,1.4536125659942627,-0.20292973518371582,0.10916304588317871
16.174583673477173,1.4498632620774035,1.4532310962677002,0.05891508236527443,0.08993667364120483
16.177656888961792,1.4496141544744727,1.4528496265411377,-0.20091554522514343,0.05703822523355484
16.180724620819092,1.449365928961903,1.4528496265411377,-0.18580910563468933,0.10061798989772797
16.183791160583496,1.4491182377845373,1.4524681568145752,-0.09718471020460129,0.06558327376842499
16.18685793876648,1.4488709661123362,1.4520866870880127,-0.027695124968886375,0.05575646460056305
16.189926624298096,1.4486239807606474,1.4520866870880127,0.035751886665821075,0.06643778085708618
16.192996978759766,1.448377302607262,1.4517052173614502,-0.21501487493515015,0.08950942009687424
16.196064472198486,1.4481312962565098,1.4517052173614502,-0.04078736528754234,0.01516746822744608
16.19913125038147,1.4478857897635475,1.4513237476348877,-0.16365301609039307,0.07626459002494812
16.202197551727295,1.4476407646955138,1.4513237476348877,-0.11531242728233337,0.09805447608232498
16.205264568328857,1.4473961267550906,1.4505608081817627,-0.05589379742741585,0.06088349595665932
16.20833420753479,1.447151725439599,1.4505608081817627,-0.23213550448417664,0.03524833917617798
16.21140480041504,1.4469076953161233,1.4505608081817627,-0.046829938888549805,0.04592965543270111
16.214471578598022,1.4466644156243431,1.4501793384552002,-0.23515678942203522,0.0061951628886163235
16.21754002571106,1.4464214517972587,1.4497978687286377,-0.12034790217876434,-0.02072175219655037
16.220602989196777,1.4461793702486172,1.4497978687286377,-0.11732661724090576,0.011322194710373878
16.22367238998413,1.445937229916865,1.4497978687286377,0.08912795037031174,0.01773098297417164
16.226738929748535,1.4456957660175187,1.4494163990020752,0.010574501939117908,0.06643778085708618
16.22980570793152,1.4454547348146234,1.4490348100662231,-0.18278782069683075,0.05362020432949066
16.232874631881714,1.4452139878241763,1.4490348100662231,-0.035751886665821075,-0.035675592720508575
16.235952615737915,1.4449729860375466,1.4486533403396606,0.054886702448129654,0.02072175219655037
16.239025831222534,1.4447328140407738,1.4486533403396606,-0.05891508236527443,-0.006622415501624346
16.242095470428467,1.44449337770796,1.4482718706130981,-0.09718471020460129,0.01773098297417164
16.24516463279724,1.4442544352656508,1.4478904008865356,-0.07704280316829681,-0.08908216655254364
16.248231887817383,1.4440160984385382,1.4478904008865356,-0.0629434660077095,0.009185931645333767
16.251303911209106,1.4437778500267504,1.4478904008865356,-0.04481574892997742,-0.016876477748155594
16.25437355041504,1.4435402461615627,1.4475089311599731,-0.14753948152065277,-0.054901961237192154
16.2574405670166,1.4433033050562611,1.4471274614334106,-0.09214923530817032,-0.037384603172540665
16.260509252548218,1.4430666958366993,1.4471274614334106,-0.2079652100801468,0.023285267874598503
16.263578414916992,1.4428305117816287,1.4467459917068481,-0.13344015181064606,-0.04934767633676529
16.266600608825684,1.4425983944034766,1.4467459917068481,0.09919890016317368,0.025848783552646637
16.269667148590088,1.4423633306474966,1.4463645219802856,-0.10926985740661621,-0.00021362630650401115
16.27273392677307,1.4421287124584017,1.4459830522537231,0.07502861320972443,0.010894942097365856
16.275800943374634,1.441894540815614,1.4459830522537231,-0.28148317337036133,-0.09335469454526901
16.278867721557617,1.4416608529958839,1.4456015825271606,-0.329823762178421,-0.11429007351398468
16.281935214996338,1.441427577306116,1.4456015825271606,-0.23012131452560425,-0.03823911026120186
16.2850022315979,1.4411948053228254,1.4452201128005981,-0.16768139600753784,-0.009185931645333767
16.288068532943726,1.4409625557324384,1.4452201128005981,-0.1757381558418274,-0.08310063183307648
16.29113745689392,1.440730577017172,1.4448386430740356,-0.09718471020460129,-0.09250018745660782
16.294206380844116,1.4404990688828596,1.4444571733474731,-0.024673838168382645,-0.02243076264858246
16.29727268218994,1.440268229425358,1.4444571733474731,0.03978027030825615,-0.07199206203222275
16.300339460372925,1.4400378256734687,1.4444571733474731,0.09819180518388748,0.03012130968272686
16.30340576171875,1.4398079301309195,1.4440757036209106,0.032730601727962494,-0.012176699936389923
16.306472778320312,1.4395784543295433,1.4436942338943481,-0.2049439251422882,-0.03994812071323395
16.309541940689087,1.4393492927534601,1.4436942338943481,-0.07200732082128525,-0.08908216655254364
16.312602281570435,1.4391212635817217,1.4433127641677856,-0.1767452508211136,-0.042084380984306335
16.31567144393921,1.4388930530663782,1.4429312944412231,-0.09819180518388748,0.042084380984306335
16.31874990463257,1.4386646308255258,1.4425498247146606,-0.12336919456720352,-0.03823911026120186
16.3218195438385,1.438437342312568,1.4425498247146606,-0.27544060349464417,-0.016449226066470146
16.324886798858643,1.4382107091068532,1.4421683549880981,-0.3459372818470001,-0.06686503440141678
16.327956914901733,1.4379843446056995,1.4421683549880981,0.02366674318909645,-0.04293888807296753
16.3310284614563,1.4377583561327207,1.4417868852615356,-0.0951705202460289,-0.0318303182721138
16.334097385406494,1.4375330424551738,1.4417868852615356,-0.08207827806472778,-0.021576257422566414
16.337176084518433,1.4373074958851464,1.4414052963256836,-0.18077363073825836,0.03311207890510559
16.34025812149048,1.437082191966327,1.441023826599121,-0.0790569931268692,0.013885710388422012
16.34333109855652,1.436858036488032,1.441023826599121,0.07100022584199905,0.014740215614438057
16.346400260925293,1.4366346446255682,1.4406423568725586,-0.09013504534959793,0.007049668114632368
16.349467277526855,1.4364118943210626,1.440260887145996,-0.29356831312179565,-0.0006408789195120335
16.352536916732788,1.4361894402006463,1.4398794174194336,-0.17976653575897217,0.024567024782299995
16.355602741241455,1.4359677493120282,1.4398794174194336,-0.054886702448129654,0.01516746822744608
16.358672857284546,1.4357462364293136,1.439497947692871,-0.08711375296115875,-0.00961318425834179
16.3617422580719,1.4355252644758731,1.4391164779663086,-0.14552529156208038,0.02200350910425186
16.36480975151062,1.435304919466735,1.4391164779663086,-0.26335546374320984,-0.0036316472105681896
16.36787724494934,1.4350850647547873,1.438735008239746,-0.10423437505960464,0.03012130968272686
16.370943546295166,1.4348657863105712,1.438735008239746,-0.07603570818901062,0.07327382266521454
16.37401056289673,1.4346469484349729,1.4383535385131836,-0.18480201065540314,0.06515602022409439
16.377076864242554,1.434428654010156,1.437972068786621,-0.3157244324684143,0.05874723568558693
16.380143880844116,1.4342108020066253,1.4375905990600586,-0.2875257432460785,0.04251163452863693
16.38321042060852,1.4339934779656844,1.4375905990600586,-0.18580910563468933,0.018158236518502235
16.386279582977295,1.4337764635584027,1.437209129333496,-0.14048981666564941,0.12155336886644363
16.389349222183228,1.4335599120654892,1.4368276596069336,-0.34090182185173035,0.095490962266922
16.39241600036621,1.433344059186116,1.4368276596069336,-0.18379491567611694,0.08908216655254364
16.395485162734985,1.433128536427184,1.436446189880371,-0.3771572411060333,0.06088349595665932
16.398557424545288,1.4329132956998383,1.4360647201538086,-0.14854657649993896,0.08651865273714066
16.40160322189331,1.4327004033369328,1.4360647201538086,-0.14653238654136658,0.0638742670416832
16.404669284820557,1.4324865923260819,1.435683250427246,-0.0639505609869957,0.1766689568758011
16.407740354537964,1.4322729336942837,1.4353017807006836,-0.24724192917346954,0.12368962913751602
16.41080641746521,1.4320601248931075,1.4353017807006836,-0.10725566744804382,0.18136873841285706
16.41387438774109,1.4318476860578524,1.434920310974121,-0.18480201065540314,0.1433432549238205
16.416943073272705,1.4316357011677434,1.4345388412475586,-0.052872512489557266,0.14889752864837646
16.420021295547485,1.4314235641524193,1.434157371520996,-0.12941177189350128,0.08694590628147125
16.423092365264893,1.4312124265400827,1.434157371520996,-0.10322728008031845,0.07754635065793991
16.426159858703613,1.4310020405927844,1.4337759017944336,-0.24925611913204193,0.1437705010175705
16.429226636886597,1.4307922098058325,1.4333943128585815,-0.1576104313135147,0.1749599426984787
16.43229627609253,1.430582690799919,1.4333943128585815,-0.29658961296081543,0.1271076500415802
16.435374975204468,1.430373064211954,1.433012843132019,-0.17775234580039978,0.12069886177778244
16.4384503364563,1.4301641764039656,1.4326313734054565,-0.3993133306503296,0.13052567839622498
16.441524744033813,1.4299558651442776,1.4326313734054565,-0.10222018510103226,0.11001754552125931
16.444599151611328,1.4297480663544848,1.4326313734054565,-0.060929276049137115,0.10403601080179214
16.44766640663147,1.429541262460072,1.432249903678894,-0.14955367147922516,0.13351644575595856
16.450735569000244,1.4293348420718157,1.4318684339523315,-0.06697184592485428,0.2065766453742981
16.45381236076355,1.4291284235063773,1.4318684339523315,-0.24422064423561096,0.08267337828874588
16.45688533782959,1.4289227762619774,1.431486964225769,-0.14653238654136658,0.10489051789045334
16.459956645965576,1.4287177561285296,1.431486964225769,-0.13545434176921844,0.13223467767238617
16.463027477264404,1.428513283753165,1.4311054944992065,0.007553216069936752,0.11557183414697647
16.46609663963318,1.4283094387316502,1.4311054944992065,0.054886702448129654,0.11514458060264587
16.46917462348938,1.428105526888665,1.430724024772644,0.03373769670724869,0.09805447608232498
16.47224998474121,1.4279023087073726,1.4303425550460815,-0.20292973518371582,0.07498283684253693
16.47532892227173,1.427699375571499,1.4303425550460815,-0.010574501939117908,0.06601052731275558
16.478395700454712,1.4274977631940855,1.429961085319519,-0.047837033867836,0.11471732705831528
16.481465339660645,1.4272964825141095,1.429961085319519,-0.16365301609039307,0.07541008293628693
16.48454976081848,1.4270947571032981,1.429961085319519,-0.1253833770751953,0.10830853879451752
16.487601041793823,1.4268957172071663,1.4295796155929565,-0.15257495641708374,0.08096437156200409
16.490668535232544,1.4266961399045055,1.429198145866394,-0.24824902415275574,0.10788128525018692
16.49373459815979,1.426497177584858,1.429198145866394,-0.10524147748947144,0.11557183414697647
16.496803522109985,1.426298552867984,1.429198145866394,-0.06596475094556808,0.06002899259328842
16.49988102912903,1.4260998990878333,1.4288166761398315,-0.12336919456720352,0.10617227107286453
16.502957105636597,1.4259018652006108,1.428435206413269,-0.330830842256546,0.07028305530548096
16.506030082702637,1.425704558223559,1.428435206413269,-0.12034790217876434,0.07028305530548096
16.5090970993042,1.4255081602575546,1.4280537366867065,-0.18580910563468933,0.015594720840454102
16.51216769218445,1.4253120607300398,1.4280537366867065,-0.1414969116449356,0.0049134050495922565
16.5152370929718,1.4251165655105065,1.4280537366867065,-0.02064545638859272,0.05191119387745857
16.518314123153687,1.4249211151371828,1.427672266960144,-0.1273975670337677,0.02072175219655037
16.521388053894043,1.4247263929975285,1.427672266960144,-0.052872512489557266,0.0032043945975601673
16.524454593658447,1.4245326689503732,1.4272907972335815,-0.0015106431674212217,0.07327382266521454
16.527526378631592,1.4243391448894553,1.4272907972335815,-0.1284046620130539,0.05661097168922424
16.530600547790527,1.4241460037628615,1.4272907972335815,0.009567406959831715,0.0318303182721138
16.533680200576782,1.42395305361264,1.426909327507019,-0.143511101603508,0.024994278326630592
16.536757230758667,1.4237608037873986,1.4265278577804565,-0.003524834057316184,-0.018585488200187683
16.539828300476074,1.4235694613086638,1.4265278577804565,-0.08308537304401398,0.06558327376842499
16.54289674758911,1.4233788166821824,1.426146388053894,-0.06797894090414047,0.11300831288099289
16.54596495628357,1.4231887217383068,1.426146388053894,0.030716411769390106,0.039093613624572754
16.549034357070923,1.422999088804206,1.425764799118042,-0.08509956300258636,0.05874723568558693
16.552111625671387,1.422809508525528,1.425764799118042,-0.04481574892997742,0.005340657662600279
16.555187702178955,1.4226205415141768,1.4253833293914795,0.014602883718907833,0.048493172973394394
16.558260202407837,1.4224323336833349,1.4253833293914795,-0.15257495641708374,0.05746547505259514
16.561332941055298,1.4222446511842768,1.425001859664917,-0.1102769523859024,0.027557794004678726
16.564420461654663,1.4220566103709449,1.425001859664917,-0.18681620061397552,0.0023498893715441227
16.567490100860596,1.4218702004354087,1.4246203899383545,-0.019638361409306526,-0.02883955091238022
16.57057023048401,1.4216836971849982,1.4246203899383545,-0.03675898537039757,0.01730373129248619
16.573606967926025,1.4215003552392353,1.424238920211792,-0.14854657649993896,0.05575646460056305
16.576680898666382,1.4213153083266747,1.424238920211792,-0.13243305683135986,0.030548561364412308
16.579753160476685,1.4211309059812731,1.424238920211792,0.05891508236527443,0.06985580176115036
16.582826137542725,1.420947005534383,1.4238574504852295,-0.2724193036556244,0.02243076264858246
16.585904121398926,1.4207633523719494,1.4238574504852295,-0.18178072571754456,-0.03781185671687126
16.588979959487915,1.420580374711739,1.423475980758667,0.054886702448129654,0.01773098297417164
16.592052459716797,1.4203981426886894,1.4230945110321045,-0.05992217734456062,0.0061951628886163235
16.595120191574097,1.420216739661339,1.4230945110321045,-0.07402151823043823,0.0079041738063097
16.598190546035767,1.420035728684213,1.422713041305542,-0.2855115532875061,0.07199206203222275
16.60126781463623,1.4198548599800478,1.422713041305542,-0.08509956300258636,-0.010040436871349812
16.60434651374817,1.4196744587671748,1.4223315715789795,-0.2220645397901535,0.0480659194290638
16.607418298721313,1.419495013213001,1.4223315715789795,-0.13142596185207367,-0.027985045686364174
16.61048936843872,1.4193161598138075,1.4223315715789795,0.018631266430020332,0.03781185671687126
16.613559246063232,1.4191379264925827,1.421950101852417,-0.22609293460845947,-0.0117494473233819
16.616603136062622,1.41896174620856,1.421950101852417,-0.09114214032888412,-0.009185931645333767
16.619680643081665,1.4187841717564023,1.4215686321258545,-0.13948272168636322,-0.00021362630650401115
16.622753858566284,1.4186073990426125,1.4215686321258545,-0.15056076645851135,0.026276035234332085
16.62582230567932,1.4184314537041505,1.421187162399292,-0.21803615987300873,0.0784008577466011
16.628889799118042,1.4182561161129532,1.421187162399292,-0.3328450322151184,0.016876477748155594
16.631959676742554,1.4180811965165854,1.4208056926727295,-0.13847562670707703,0.03012130968272686
16.63503646850586,1.4179064399751033,1.4208056926727295,-0.047837033867836,-0.0049134050495922565
16.63810658454895,1.417732619084149,1.4208056926727295,-0.04884412884712219,-0.0318303182721138
16.641177654266357,1.417559300982266,1.420424222946167,-0.05891508236527443,0.035675592720508575
16.64424419403076,1.4173867948134202,1.4200427532196045,-0.03675898537039757,-0.011322194710373878
16.647313594818115,1.4172146849908143,1.4200427532196045,-0.18681620061397552,0.013885710388422012
16.650391101837158,1.4170426810340473,1.4200427532196045,0.04582284390926361,0.0480659194290638
16.653469800949097,1.416871172563287,1.419661283493042,-0.07603570818901062,-0.022858014330267906
16.65655016899109,1.4167001344409138,1.4192798137664795,-0.14753948152065277,-0.005340657662600279
16.659602880477905,1.4165311884931127,1.4192798137664795,0.08509956300258636,0.06558327376842499
16.662672996520996,1.4163618387320112,1.4192798137664795,-0.12437628954648972,-0.01516746822744608
16.66574215888977,1.4161931029392019,1.418898344039917,-0.1767452508211136,0.027557794004678726
16.66882610321045,1.4160241204374628,1.418898344039917,-0.10121309012174606,-0.018158236518502235
16.671899557113647,1.4158562778185242,1.4185168743133545,-0.2663767337799072,0.015594720840454102
16.674967527389526,1.415689297883809,1.4185168743133545,-0.07603570818901062,-0.006622415501624346
16.67803382873535,1.415522971662952,1.418135404586792,-0.08409246802330017,0.0036316472105681896
16.681103467941284,1.4153570286496615,1.418135404586792,-0.18480201065540314,0.024139773100614548
16.684181928634644,1.4151911763789111,1.41775381565094,0.05589379742741585,0.051483940333127975
16.687257766723633,1.415026033735661,1.41775381565094,-0.09114214032888412,0.04165713116526604
16.69033122062683,1.4148615871481198,1.41775381565094,0.003524834057316184,0.03866636008024216
16.69339919090271,1.4146980008850985,1.4173723459243774,-0.1273975670337677,0.006622415501624346
16.69646692276001,1.4145349942911156,1.4173723459243774,-0.1284046620130539,0.0049134050495922565
16.699536561965942,1.414372454418044,1.416990876197815,-0.047837033867836,0.009185931645333767
16.70260190963745,1.414210709443118,1.416990876197815,-0.14048981666564941,0.042084380984306335
16.705668449401855,1.4140494697591726,1.4166094064712524,-0.3489585816860199,0.04251163452863693
16.70873522758484,1.4138887865069387,1.4166094064712524,-0.21501487493515015,-0.02841229923069477
16.711801767349243,1.413728685266723,1.41622793674469,-0.05690089240670204,0.0634470134973526
16.714869260787964,1.4135691045944359,1.41622793674469,-0.0639505609869957,0.030975814908742905
16.71793556213379,1.4134101566454718,1.4158464670181274,-0.09718471020460129,-0.022858014330267906
16.721009731292725,1.413251374239296,1.4158464670181274,-0.06797894090414047,0.056183718144893646
16.724080562591553,1.4130933380128257,1.4158464670181274,-0.03978027030825615,0.03952086716890335
16.727147340774536,1.4129360832926785,1.415464997291565,-0.18580910563468933,-0.03353932872414589
16.730215072631836,1.4127793530624821,1.4150835275650024,-0.2834973633289337,0.04592965543270111
16.73328471183777,1.4126230999843188,1.4150835275650024,-0.057907987385988235,0.03439383581280708
16.73636269569397,1.412466999847337,1.4150835275650024,-0.14653238654136658,0.012603952549397945
16.739436626434326,1.4123116831951323,1.41470205783844,-0.16466011106967926,-0.027985045686364174
16.742504119873047,1.4121572681152494,1.41470205783844,-0.02668802998960018,0.043366141617298126
16.74557375907898,1.412003321908571,1.41470205783844,-0.1263904720544815,0.06045624613761902
16.74860382080078,1.4118519270990133,1.41470205783844,0.10725566744804382,0.020294498652219772
16.751673460006714,1.4116991293311139,1.4143205881118774,0.08107118308544159,-0.03353932872414589
16.754740953445435,1.4115470165615815,1.4143205881118774,0.016617074608802795,-0.03695734962821007
16.75780725479126,1.4113955411203176,1.413939118385315,-0.054886702448129654,-0.02243076264858246
16.760873317718506,1.411244656053416,1.413939118385315,0.14552529156208038,0.03482108935713768
16.763940572738647,1.4110942917938607,1.4135576486587524,-0.019638361409306526,0.04293888807296753
16.76700758934021,1.4109445192973724,1.4135576486587524,-0.12135500460863113,-0.013031205162405968
16.770074367523193,1.4107953389848045,1.4135576486587524,0.007553216069936752,0.024567024782299995
16.773144006729126,1.4106466013867465,1.41317617893219,-0.04884412884712219,0.05062943324446678
16.77621102333069,1.4104985728292376,1.41317617893219,-0.051865413784980774,0.0023498893715441227
16.779278993606567,1.4103510807795383,1.4127947092056274,-0.1112840473651886,-0.018585488200187683
16.782346487045288,1.4102041946928583,1.4127947092056274,-0.13545434176921844,0.014312963001430035
16.78541374206543,1.4100579034942688,1.4127947092056274,0.02568093314766884,0.024567024782299995
16.788483142852783,1.4099120945596368,1.412413239479065,-0.14552529156208038,-0.010040436871349812
16.791553020477295,1.409766848461609,1.4127947092056274,0.15056076645851135,-0.014740215614438057
16.794602870941162,1.40962313026534,1.4120317697525024,-0.10222018510103226,0.08096437156200409
16.797677278518677,1.409478840856501,1.4120317697525024,-0.03675898537039757,-0.021576257422566414
16.800743579864502,1.4093355184450758,1.4120317697525024,-0.08610665798187256,-0.039093613624572754
16.803809881210327,1.4091927823441013,1.4120317697525024,0.05387960746884346,0.021149003878235817
16.80687642097473,1.409050622053484,1.41165030002594,-0.18178072571754456,0.016876477748155594
16.809943199157715,1.4089090382379423,1.41165030002594,-0.035751886665821075,-0.07711909711360931
16.8130099773407,1.4087680424987377,1.4112688302993774,-0.2996108829975128,-0.09121843427419662
16.816076517105103,1.4086276462520777,1.4112688302993774,-0.1273975670337677,-0.05191119387745857
16.819143056869507,1.4084878390349658,1.4112688302993774,-0.10423437505960464,-0.013031205162405968
16.82220959663391,1.4083486213664247,1.410887360572815,-0.004531929735094309,-0.02883955091238022
16.825276613235474,1.4082099722530488,1.410887360572815,0.07301442325115204,0.033966582268476486
16.8283429145813,1.4080719460310158,1.410887360572815,0.01359578873962164,0.008758679032325745
16.831411361694336,1.407934414840863,1.4105058908462524,-0.16868849098682404,-0.033966582268476486
16.83447766304016,1.407797571544339,1.4105058908462524,-0.1586175262928009,-0.01345845777541399
16.837546348571777,1.4076612145559166,1.4101243019104004,-0.08207827806472778,-0.04165713116526604
16.84060049057007,1.4075260930431874,1.4101243019104004,-0.07502861320972443,0.03823911026120186
16.843668460845947,1.4073909520743604,1.4101243019104004,-0.29256123304367065,-0.05831998214125633
16.84673571586609,1.4072564365786513,1.4101243019104004,-0.1263904720544815,-0.03353932872414589
16.849802494049072,1.4071225362534032,1.4101243019104004,0.01762416958808899,-0.04422064498066902
16.85286855697632,1.4069892616588713,1.409742832183838,-0.11833371222019196,-0.11685358732938766
16.8559353351593,1.4068565511089295,1.4093613624572754,-0.16868849098682404,-0.0788281038403511
16.859001874923706,1.4067244465039528,1.4093613624572754,-0.09819180518388748,-0.004058899823576212
16.862067937850952,1.4065929583967867,1.4093613624572754,0.04481574892997742,-0.016876477748155594
16.865134716033936,1.4064620362222653,1.408979892730713,-0.12941177189350128,-0.06002899259328842
16.86820077896118,1.4063317415354506,1.408979892730713,-0.13847562670707703,-0.05917448550462723
16.871266841888428,1.4062020442157201,1.4085984230041504,-0.10423437505960464,-0.048493172973394394
16.87433362007141,1.4060729146976843,1.4085984230041504,0.06596475094556808,-0.042084380984306335
16.877403736114502,1.4059442442206327,1.4085984230041504,-0.12437628954648972,0.040375370532274246
16.880473136901855,1.4058162038999515,1.4085984230041504,-0.0951705202460289,-0.0061951628886163235
16.883543252944946,1.4056887345381974,1.408216953277588,-0.11631952226161957,-0.07028305530548096
16.886602878570557,1.405562298993252,1.408216953277588,-0.0629434660077095,0.02542153000831604
16.88967227935791,1.405436060073787,1.408216953277588,0.18379491567611694,-0.0476386658847332
16.892738819122314,1.4053105399812436,1.4078354835510254,-0.0800640881061554,-0.02200350910425186
16.89580488204956,1.4051856406104282,1.4078354835510254,-0.04280155524611473,-0.04122987762093544
16.898871421813965,1.4050613235760825,1.4078354835510254,0.019638361409306526,0.0079041738063097
16.90193772315979,1.4049376184061666,1.407454013824463,-0.10020599514245987,0.03311207890510559
16.905004501342773,1.404814496774352,1.407454013824463,0.01359578873962164,-0.06558327376842499
16.9080708026886,1.4046919974247007,1.4070725440979004,-0.14753948152065277,-0.05404745414853096
16.911137104034424,1.4045701016215086,1.4070725440979004,-0.10423437505960464,-0.04122987762093544
16.914203882217407,1.4044487910022718,1.4070725440979004,-0.32478827238082886,-0.05062943324446678
16.917274713516235,1.404327925893065,1.406691074371338,-0.030716411769390106,0.0019226367585361004
16.92034149169922,1.4042078257964203,1.406691074371338,-0.16566720604896545,0.015594720840454102
16.923407554626465,1.4040883590304274,1.406691074371338,-0.1727168709039688,-0.0117494473233819
16.926476001739502,1.4039694057661316,1.4063096046447754,-0.16868849098682404,-0.0032043945975601673
16.929545164108276,1.4038510320634838,1.4063096046447754,0.16768139600753784,0.06942854821681976
16.93260169029236,1.403733749774036,1.405928134918213,-0.009567406959831715,0.0010681315325200558
16.935670852661133,1.4036165896054777,1.405928134918213,-0.0639505609869957,0.021149003878235817
16.938738107681274,1.403500110351875,1.405928134918213,0.10020599514245987,-0.06515602022409439
16.94180464744568,1.4033842663961482,1.4055466651916504,-0.12034790217876434,0.0019226367585361004
16.944870710372925,1.4032690488070068,1.4055466651916504,0.12135500460863113,-0.0019226367585361004
16.947940587997437,1.4031542977380729,1.4055466651916504,-0.14854657649993896,0.0322575718164444
16.95101761817932,1.403039892121148,1.405165195465088,-0.13646143674850464,-0.018585488200187683
16.954092979431152,1.4029261620091902,1.405165195465088,-0.1908445805311203,0.01901274174451828
16.95716142654419,1.4028132992325564,1.405165195465088,-0.04582284390926361,0.005340657662600279
16.960227489471436,1.4027011348125626,1.4047837257385254,0.0317235067486763,0.06558327376842499
16.96329379081726,1.4025895725830901,1.4047837257385254,-0.08509956300258636,-0.03353932872414589
16.96636390686035,1.4024784840540716,1.404402256011963,-0.30766767263412476,0.05447470769286156
16.969440460205078,1.4023677778151578,1.4047837257385254,0.06697184592485428,0.05532921478152275
16.972514390945435,1.4022577814337098,1.404402256011963,0.09114214032888412,-0.030548561364412308
16.975586414337158,1.4021484683652012,1.4040207862854004,0.04884412884712219,0.07156481593847275
16.978668451309204,1.4020394172689772,1.4040207862854004,-0.09114214032888412,0.04464789852499962
16.98173713684082,1.4019314542666401,1.4040207862854004,0.04078736528754234,0.0032043945975601673
16.984813690185547,1.4018238315722227,1.403639316558838,-0.1898374855518341,0.01773098297417164
16.98788833618164,1.4017168933314492,1.403639316558838,-0.024673838168382645,0.0032043945975601673
16.9909610748291,1.4016106387937817,1.4032578468322754,-0.13646143674850464,0.03482108935713768
16.994027853012085,1.4015052061403077,1.4032578468322754,-0.021652551367878914,0.13180743157863617
16.997095108032227,1.4014003728039874,1.4032578468322754,0.05891508236527443,-0.009185931645333767
17.000164031982422,1.4012960990771701,1.402876377105713,-0.330830842256546,0.09677271544933319
17.003240823745728,1.4011921776051535,1.402876377105713,-0.05992217734456062,0.023285267874598503
17.006314039230347,1.4010889966062372,1.402876377105713,-0.24119935929775238,0.02883955091238022
17.00938129425049,1.4009866336291983,1.402876377105713,0.002517738612368703,0.07113756239414215
17.012447595596313,1.4008849198751028,1.4024949073791504,0.03776608034968376,0.0061951628886163235
17.015517234802246,1.400783714086043,1.4024949073791504,-0.24724192917346954,0.08651865273714066
17.01859998703003,1.4006826993364248,1.4021133184432983,-0.34190890192985535,0.02200350910425186
17.021673679351807,1.4005826037879219,1.4021133184432983,-0.32176700234413147,0.09079118072986603
17.02474308013916,1.4004832684790691,1.4021133184432983,-0.06999313086271286,0.008758679032325745
17.027809858322144,1.4003846376717093,1.4017318487167358,-0.19688716530799866,0.12326237559318542
17.030879259109497,1.4002865430413152,1.4017318487167358,-0.038773175328969955,0.07071030884981155
17.033963203430176,1.400188609190725,1.4017318487167358,-0.10826276242733002,0.01901274174451828
17.03703784942627,1.4000915952035973,1.4017318487167358,0.10322728008031845,0.05233844369649887
17.040109872817993,1.3999952871739083,1.4013503789901733,-0.28047609329223633,-0.02841229923069477
17.043179273605347,1.3998996838645907,1.4013503789901733,-0.015609979629516602,0.04165713116526604
17.04624605178833,1.399804784035791,1.4013503789901733,0.07100022584199905,0.09677271544933319
17.049315452575684,1.3997104257303148,1.4009689092636108,-0.04179446026682854,0.08865492045879364
17.052393198013306,1.3996164367367232,1.4009689092636108,-0.07502861320972443,0.0792553573846817
17.05546808242798,1.3995231612801826,1.4005874395370483,-0.12437628954648972,0.04464789852499962
17.05853796005249,1.3994306623973523,1.4005874395370483,0.08207827806472778,0.0318303182721138
17.06160306930542,1.3993389302663697,1.4005874395370483,-0.10624857246875763,0.12155336886644363
17.064675331115723,1.3992476091886845,1.4005874395370483,0.004531929735094309,0.06771954149007797
17.06775212287903,1.3991567810292327,1.4002059698104858,-0.049851223826408386,0.16342411935329437
17.07082724571228,1.3990666299959338,1.4002059698104858,0.04078736528754234,0.12027160823345184
17.073899745941162,1.3989771830691873,1.4002059698104858,-0.11934080719947815,0.12198062241077423
17.076967000961304,1.398888514523422,1.3998245000839233,-0.39125657081604004,0.0318303182721138
17.08003568649292,1.3988004305389063,1.3998245000839233,-0.10222018510103226,0.05020218342542648
17.083113431930542,1.3987127156625807,1.3998245000839233,-0.10826276242733002,0.08181887865066528
17.08618450164795,1.3986258194126526,1.3998245000839233,0.038773175328969955,0.025848783552646637
17.08925199508667,1.3985396512690567,1.3998245000839233,0.10926985740661621,0.03482108935713768
17.092318773269653,1.3984541298683781,1.3994430303573608,-0.18178072571754456,0.1112993061542511
17.09538507461548,1.39836924851411,1.3994430303573608,0.2532845139503479,0.11300831288099289
17.09845471382141,1.3982849028009936,1.3994430303573608,0.02870221994817257,0.045502401888370514
17.101534366607666,1.3982009137158016,1.3990615606307983,-0.0941634252667427,0.06729228794574738
17.10460615158081,1.3981177698972573,1.3990615606307983,0.057907987385988235,0.10830853879451752
17.107683420181274,1.3980351095393313,1.3990615606307983,-0.22911421954631805,0.06985580176115036
17.110753774642944,1.397953265533011,1.3986800909042358,-0.0790569931268692,0.08780041337013245
17.113826990127563,1.3978719763662633,1.3986800909042358,-0.038773175328969955,0.11813534796237946
17.11690402030945,1.3977912191748008,1.3986800909042358,-0.1606317162513733,0.1108720526099205
17.119975328445435,1.3977112439646042,1.3986800909042358,0.032730601727962494,0.05917448550462723
17.123043298721313,1.3976319861564597,1.3986800909042358,-0.043808650225400925,0.13565270602703094
17.126109838485718,1.397553395300977,1.3982986211776733,0.13746853172779083,0.11258106678724289
17.12917709350586,1.39747541647685,1.3982986211776733,-0.05690089240670204,0.16171512007713318
17.132246494293213,1.3973980144883666,1.3982986211776733,-0.054886702448129654,0.1582970917224884
17.135324478149414,1.3973210306073958,1.3982986211776733,0.008560311049222946,0.10275425016880035
17.13840103149414,1.3972447177849185,1.3979171514511108,-0.16868849098682404,0.15573357045650482
17.141473531723022,1.3971691396606278,1.3979171514511108,-0.22005034983158112,0.13821622729301453
17.144547700881958,1.3970941550261777,1.3979171514511108,0.01359578873962164,0.10702677816152573
17.14760422706604,1.3970202302743802,1.3975356817245483,-0.057907987385988235,0.09677271544933319
17.150681257247925,1.3969464439490025,1.3975356817245483,-0.03474479168653488,0.21170367300510406
17.15375256538391,1.396873429790733,1.3975356817245483,-0.1888303905725479,0.11300831288099289
17.156819343566895,1.3968011565546465,1.3975356817245483,0.06797894090414047,0.15017929673194885
17.159886837005615,1.3967294997168205,1.3975356817245483,-0.057907987385988235,0.13138018548488617
17.16295289993286,1.3966585094469868,1.3971542119979858,-0.01258869282901287,0.10959029197692871
17.166022062301636,1.396588081641696,1.3971542119979858,0.014602883718907833,0.1420614868402481
17.16909885406494,1.396518115944425,1.3971542119979858,0.006546120624989271,0.1283894032239914
17.172173500061035,1.3964488366052754,1.3967727422714233,-0.1586175262928009,0.11898985505104065
17.175243616104126,1.3963802955285654,1.3971542119979858,0.0317235067486763,0.09121843427419662
17.17831039428711,1.3963124639111277,1.3967727422714233,-0.16667430102825165,0.11471732705831528
17.181379795074463,1.3962452099484026,1.3967727422714233,-0.10826276242733002,0.17068742215633392
17.18445634841919,1.3961784376746464,1.3967727422714233,0.007553216069936752,0.11642633378505707
17.18753480911255,1.3961122640010337,1.3967727422714233,-0.15056076645851135,0.17111466825008392
17.190603733062744,1.3960469327955187,1.3963912725448608,0.009567406959831715,0.18393224477767944
17.193674564361572,1.3959821983034966,1.3963912725448608,0.09919890016317368,0.20102235674858093
17.196743726730347,1.395918136229436,1.3963912725448608,-0.06697184592485428,0.1582970917224884
17.1998233795166,1.3958544957634604,1.3963912725448608,0.05992217734456062,0.08053711801767349
17.202898025512695,1.3957915991008074,1.3960098028182983,-0.10826276242733002,0.09848172962665558
17.205965518951416,1.3957294865757808,1.3960098028182983,-0.02064545638859272,0.16214236617088318
17.209031581878662,1.3956680398799837,1.3960098028182983,-0.20393683016300201,0.13736172020435333
17.212097644805908,1.3956072301270719,1.3960098028182983,-0.20292973518371582,0.1758144497871399
17.215166568756104,1.3955470016917517,1.3960098028182983,-0.15056076645851135,0.11557183414697647
17.218244314193726,1.3954872414708288,1.3960098028182983,0.04078736528754234,0.10446326434612274
17.22131848335266,1.3954281920526954,1.3956283330917358,-0.08207827806472778,0.08908216655254364
17.224388360977173,1.3953698649354305,1.3956283330917358,-0.09013504534959793,0.07711909711360931
17.22745442390442,1.3953122487430427,1.3956283330917358,0.11732661724090576,0.13736172020435333
17.23052477836609,1.395255191510006,1.3956283330917358,-0.014602883718907833,0.15573357045650482
17.23360276222229,1.3951986351501091,1.3956283330917358,-0.18681620061397552,0.08609139919281006
17.236680030822754,1.3951427353693773,1.3952468633651733,-0.06193637102842331,0.1108720526099205
17.239758014678955,1.3950874663910966,1.3952468633651733,-0.02870221994817257,0.09848172962665558
17.242826223373413,1.395033013949516,1.3952468633651733,0.030716411769390106,0.13736172020435333
17.245893239974976,1.3949792224860602,1.3952468633651733,-0.03675898537039757,0.18307773768901825
17.248963117599487,1.394926021636871,1.3952468633651733,-0.13646143674850464,0.09976348280906677
17.252040147781372,1.3948733403667655,1.3952468633651733,0.018631266430020332,0.08609139919281006
17.25511336326599,1.3948213676875134,1.3948653936386108,-0.060929276049137115,0.0792553573846817
17.258180379867554,1.3947701409711453,1.3952468633651733,-0.0800640881061554,0.10830853879451752
17.261246919631958,1.3947195627433084,1.3948653936386108,-0.269398033618927,0.06985580176115036
17.264313459396362,1.3946696251776314,1.3948653936386108,-0.07200732082128525,0.11514458060264587
17.267385959625244,1.3946202332651123,1.3948653936386108,-0.08812084794044495,0.15573357045650482
17.270466327667236,1.394571360873118,1.3948653936386108,-0.003524834057316184,0.11984435468912125
17.273541688919067,1.3945232133493324,1.3948653936386108,0.08107118308544159,0.09207294136285782
17.276602029800415,1.3944759413508168,1.3948653936386108,-0.0790569931268692,0.095918208360672
17.279670476913452,1.3944291856547981,1.3944838047027588,-0.08711375296115875,0.05874723568558693
17.282742023468018,1.39438302624345,1.3944838047027588,-0.19386588037014008,0.10702677816152573
17.28581929206848,1.3943374266509894,1.3944838047027588,0.024673838168382645,0.10275425016880035
17.288894176483154,1.3942925082181334,1.3944838047027588,-0.018631266430020332,0.01901274174451828
17.291966438293457,1.394248273018446,1.3944838047027588,-0.057907987385988235,0.10659952461719513
17.29503631591797,1.3942047162078746,1.3944838047027588,0.0951705202460289,0.07327382266521454
17.29812264442444,1.3941615751437844,1.3944838047027588,-0.1273975670337677,0.10360875725746155
17.30120086669922,1.3941191958823467,1.3941023349761963,0.03978027030825615,0.11685358732938766
17.304274082183838,1.3940775317706209,1.3944838047027588,-0.01762416958808899,0.04251163452863693
17.30734133720398,1.394036592436588,1.3941023349761963,-0.04280155524611473,0.06814679503440857
17.3104145526886,1.393996218921658,1.3941023349761963,-0.06898603588342667,0.08908216655254364
17.313483715057373,1.3939565435272807,1.3941023349761963,0.09315633028745651,0.014312963001430035
17.316552877426147,1.3939175127288546,1.3941023349761963,-0.038773175328969955,0.11343556642532349
17.31960129737854,1.3938793839329402,1.3941023349761963,-0.15358205139636993,0.13907071948051453
17.322676420211792,1.3938415657244683,1.3941023349761963,0.047837033867836,0.15188831090927124
17.325749158859253,1.3938044236153757,1.3937208652496338,-0.1273975670337677,0.10788128525018692
17.328816890716553,1.393767987112774,1.3937208652496338,-0.07402151823043823,0.11300831288099289
17.331886529922485,1.3937321732531005,1.3941023349761963,-0.06193637102842331,0.08053711801767349
17.334964752197266,1.39369690759514,1.3937208652496338,-0.13847562670707703,0.08438239246606827
17.338040113449097,1.3936623231877827,1.3937208652496338,-0.20091554522514343,0.10617227107286453
17.34110999107361,1.393628447015283,1.3937208652496338,0.07603570818901062,0.14590676128864288
17.344176769256592,1.3935952501840843,1.3937208652496338,0.0961776152253151,0.08053711801767349
17.347247838974,1.3935626531892733,1.3937208652496338,-0.21602196991443634,0.07412832975387573
17.350316762924194,1.3935307251562625,1.3937208652496338,-0.054886702448129654,0.06729228794574738
17.35339379310608,1.393499361430058,1.3937208652496338,0.22810712456703186,0.06601052731275558
17.356470584869385,1.3934686496724362,1.3937208652496338,-0.05589379742741585,0.13992522656917572
17.359548091888428,1.3934385806298988,1.3937208652496338,-0.057907987385988235,0.06942854821681976
17.362602949142456,1.3934093757724224,1.3933393955230713,-0.07502861320972443,0.18008697032928467
17.36567449569702,1.3933806572394165,1.3933393955230713,-0.051865413784980774,0.09335469454526901
17.368751287460327,1.3933525390673729,1.3933393955230713,0.08610665798187256,0.07028305530548096
17.37182331085205,1.3933251130240163,1.3933393955230713,-0.010574501939117908,0.05105668678879738
17.374892234802246,1.3932983618216754,1.3933393955230713,-0.054886702448129654,0.037384603172540665
17.377960205078125,1.3932722655738419,1.3933393955230713,-0.009567406959831715,0.13009841740131378
17.381029844284058,1.393246802295804,1.3933393955230713,-0.12034790217876434,0.126253142952919
17.38410758972168,1.3932219217783226,1.3933393955230713,0.02366674318909645,0.12967117130756378
17.387181043624878,1.39319772554619,1.3933393955230713,-0.06999313086271286,0.09378194808959961
17.390251398086548,1.3931742019627262,1.3933393955230713,0.004531929735094309,0.10232700407505035
17.393319368362427,1.3931513438995302,1.3933393955230713,-0.1928587704896927,0.15231555700302124
17.39638662338257,1.3931291380264446,1.3929579257965088,0.07704280316829681,0.07156481593847275
17.399456024169922,1.3931075641658475,1.3933393955230713,0.035751886665821075,0.10232700407505035
17.402541399002075,1.3930865309487608,1.3929579257965088,-0.004531929735094309,0.05105668678879738
17.405604600906372,1.3930662965389868,1.3929579257965088,0.024673838168382645,0.12283512949943542
17.408681392669678,1.3930466220533542,1.3933393955230713,0.1273975670337677,0.07199206203222275
17.411750316619873,1.3930276465877955,1.3929579257965088,-0.09013504534959793,0.05191119387745857
17.414817810058594,1.3930093274638775,1.3929579257965088,-0.08207827806472778,0.13821622729301453
17.417887210845947,1.3929916449669786,1.3929579257965088,-0.0790569931268692,0.035675592720508575
17.42096447944641,1.39297456792414,1.3929579257965088,0.10322728008031845,0.10232700407505035
17.424044370651245,1.3929581288372221,1.3929579257965088,0.06697184592485428,0.054901961237192154
17.427117109298706,1.3929423785042934,1.3929579257965088,0.06797894090414047,0.09335469454526901
17.430190086364746,1.392927276904184,1.3929579257965088,0.1606317162513733,0.10360875725746155
17.433268785476685,1.3929127990372852,1.3929579257965088,0.07200732082128525,0.08053711801767349
17.43634557723999,1.3928989820472626,1.3929579257965088,-0.14854657649993896,0.0023498893715441227
17.439414262771606,1.3928858506435475,1.3929579257965088,-0.0951705202460289,0.10360875725746155
17.442481517791748,1.3928733732840084,1.3929579257965088,-0.009567406959831715,0.0950637087225914
17.44554829597473,1.3928615455312279,1.3925764560699463,-0.003524834057316184,0.0638742670416832
17.44860339164734,1.3928504067992664,1.3925764560699463,0.04884412884712219,0.06857404112815857
17.451680898666382,1.3928398362235273,1.3929579257965088,0.021652551367878914,0.03653009980916977
17.454754114151,1.3928299313057593,1.3925764560699463,-0.030716411769390106,0.0792553573846817
17.457821130752563,1.3928206949002826,1.3925764560699463,0.01359578873962164,0.10147249698638916
17.460888385772705,1.3928121057653535,1.3925764560699463,0.07804989814758301,0.1424887478351593
17.463956356048584,1.3928041628998522,1.3925764560699463,-0.1284046620130539,0.126253142952919
17.467025995254517,1.392796864620137,1.3925764560699463,0.05085831880569458,0.10446326434612274
17.47010326385498,1.392790199733198,1.3925764560699463,-0.02366674318909645,0.11215381324291229
17.473179578781128,1.3927841889742871,1.3925764560699463,-0.06697184592485428,0.095490962266922
17.476252555847168,1.392778835660339,1.3925764560699463,0.02064545638859272,0.08651865273714066
17.479323387145996,1.3927741359929888,1.3925764560699463,0.03373769670724869,0.10659952461719513
17.48239278793335,1.392770087760066,1.3925764560699463,0.047837033867836,0.1591515988111496
17.48547053337097,1.3927666802797956,1.3925764560699463,0.08812084794044495,0.07583733648061752
17.488545894622803,1.3927639273368542,1.3925764560699463,0.06495765596628189,0.11386281996965408
17.491603136062622,1.3927618365214918,1.3925764560699463,0.01359578873962164,0.06729228794574738
17.494673252105713,1.392760384981811,1.3925764560699463,-0.02366674318909645,0.06857404112815857
17.497742414474487,1.3927595830380517,1.3925764560699463,0.2855115532875061,0.09677271544933319
17.500820636749268,1.392759430650922,1.3925764560699463,-0.00553902518004179,0.03610284626483917
17.503899574279785,1.392759931341218,1.3925764560699463,0.06697184592485428,0.09805447608232498
17.506982803344727,1.3927610872825114,1.3921949863433838,-0.21098649501800537,0.03353932872414589
17.51005792617798,1.3927628926084321,1.3925764560699463,0.046829938888549805,0.11300831288099289
17.51312494277954,1.392765342159563,1.3925764560699463,0.10725566744804382,0.14804303646087646
17.516194105148315,1.3927684422233395,1.3925764560699463,0.043808650225400925,0.09677271544933319
17.51927161216736,1.3927722023792735,1.3925764560699463,0.014602883718907833,0.08053711801767349
17.522345066070557,1.3927766088286473,1.3925764560699463,-0.1445181965827942,0.07711909711360931
17.52541732788086,1.3927816639903594,1.3925764560699463,0.04078736528754234,0.07156481593847275
17.528486013412476,1.3927873624090579,1.3925764560699463,0.16667430102825165,0.09848172962665558
17.53156018257141,1.392793721492797,1.3925764560699463,-0.07100022584199905,0.11898985505104065
17.534603357315063,1.3928006576893717,1.3925764560699463,0.14653238654136658,0.06173800304532051
17.537676334381104,1.392808309167286,1.3925764560699463,-0.049851223826408386,0.10617227107286453
17.540746450424194,1.3928166030932811,1.3925764560699463,-0.17976653575897217,0.05831998214125633
17.543813228607178,1.3928255361820596,1.3925764560699463,0.04582284390926361,0.10019073635339737
17.54688262939453,1.3928351255355913,1.3925764560699463,0.024673838168382645,0.08822766691446304
17.549960374832153,1.392845392474774,1.3925764560699463,0.06495765596628189,0.08480964601039886
17.553032159805298,1.3928562899983725,1.3925764560699463,-0.06797894090414047,0.035675592720508575
17.556105375289917,1.3928678428474783,1.3925764560699463,0.046829938888549805,0.06942854821681976
17.559175491333008,1.3928800334205294,1.3925764560699463,-0.003524834057316184,0.08780041337013245
17.562242031097412,1.3928928576620159,1.3925764560699463,0.21803615987300873,0.12069886177778244
17.565311670303345,1.39290634329089,1.3925764560699463,-0.20192264020442963,0.14761577546596527
17.568389892578125,1.3929205180533417,1.3925764560699463,-0.05589379742741585,0.06088349595665932
17.57146453857422,1.3929353274939544,1.3925764560699463,0.11329823732376099,0.08950942009687424
17.57454204559326,1.3929508023362194,1.3921949863433838,-0.33888763189315796,0.0950637087225914
17.577603816986084,1.3929668449293144,1.3925764560699463,0.052872512489557266,0.10275425016880035
17.580682516098022,1.392983626735634,1.3921949863433838,-0.2210574448108673,0.09378194808959961
17.583759546279907,1.3930010511630826,1.3925764560699463,0.07502861320972443,0.13052567839622498
17.586830615997314,1.393019091422812,1.3925764560699463,-0.05992217734456062,0.1283894032239914
17.589897394180298,1.3930377540013592,1.3925764560699463,0.03675898537039757,0.09677271544933319
17.592963933944702,1.3930570620599194,1.3921949863433838,-0.2220645397901535,0.10232700407505035
17.596030235290527,1.3930770153759335,1.3925764560699463,-0.24724192917346954,0.08694590628147125
17.5990993976593,1.393097634874183,1.3925764560699463,-0.0639505609869957,0.126253142952919
17.602176904678345,1.3931189608683883,1.3925764560699463,-0.16969558596611023,0.1433432549238205
17.605253219604492,1.3931409294610915,1.3925764560699463,-0.018631266430020332,0.1279621571302414
17.608330011367798,1.3931635522613637,1.3925764560699463,0.08711375296115875,0.10659952461719513
17.611399173736572,1.393186767314619,1.3925764560699463,0.006546120624989271,0.06002899259328842
17.614468812942505,1.3932106335841195,1.3925764560699463,-0.14653238654136658,0.13479819893836975
17.61754608154297,1.3932352091588869,1.3925764560699463,0.047837033867836,0.10873579233884811
17.620601415634155,1.3932602533226797,1.3925764560699463,0.12135500460863113,0.08395513892173767
17.623676538467407,1.3932861073029517,1.3925764560699463,-0.051865413784980774,0.16726939380168915
17.62674570083618,1.3933125588883932,1.3925764560699463,-0.06193637102842331,0.10702677816152573
17.629873991012573,1.3933401858737535,1.3925764560699463,-0.1606317162513733,0.09378194808959961
17.632943868637085,1.393367950345658,1.3925764560699463,0.060929276049137115,0.15445181727409363
17.63602089881897,1.3933964288559029,1.3925764560699463,0.051865413784980774,0.1117265596985817
17.639094591140747,1.3934255254150492,1.3925764560699463,-0.05387960746884346,0.13095292448997498
17.642166137695312,1.3934552494635084,1.3925764560699463,-0.08912795037031174,0.23093003034591675
17.645233392715454,1.393485578090463,1.3925764560699463,-0.0800640881061554,0.16299687325954437
17.648303031921387,1.393516576589044,1.3925764560699463,-0.032730601727962494,0.14889752864837646
17.65138053894043,1.3935483034603304,1.3925764560699463,-0.030716411769390106,0.11343556642532349
17.654452323913574,1.3935806191631326,1.3925764560699463,0.14854657649993896,0.1762416958808899
17.65752601623535,1.3936136026327721,1.3925764560699463,0.021652551367878914,0.12155336886644363
17.660603284835815,1.3936472733892544,1.3925764560699463,0.032730601727962494,0.1903410404920578
17.663672924041748,1.393681507416235,1.3925764560699463,0.01762416958808899,0.191622793674469
17.6667423248291,1.3937163845284006,1.3925764560699463,-0.07502861320972443,0.10446326434612274
17.669819831848145,1.3937520018993426,1.3925764560699463,-0.0800640881061554,0.1416342407464981
17.672892808914185,1.3937882142818538,1.3925764560699463,0.01762416958808899,0.17923247814178467
17.6759614944458,1.3938250215648842,1.3925764560699463,-0.00553902518004179,0.1753872036933899
17.679027795791626,1.393862444384145,1.3925764560699463,0.021652551367878914,0.1271076500415802
17.6820969581604,1.393900546766132,1.3925764560699463,-0.2230716347694397,0.17196917533874512
17.685173988342285,1.3939393941093905,1.3925764560699463,0.11430533230304718,0.15231555700302124
17.688244342803955,1.3939788030341174,1.3925764560699463,0.1425040066242218,0.22836652398109436
17.691312074661255,1.394018822484718,1.3925764560699463,-0.16768139600753784,0.18136873841285706
17.694377899169922,1.3940594602169976,1.3925764560699463,0.19890135526657104,0.1894865334033966
17.697446584701538,1.3941007795851545,1.3925764560699463,-0.1445181965827942,0.1437705010175705
17.70052981376648,1.3941429432233436,1.3925764560699463,0.027695124968886375,0.1741054356098175
17.703604698181152,1.394185639930211,1.3925764560699463,-0.02568093314766884,0.18521401286125183
17.706681728363037,1.3942290132554667,1.3925764560699463,-0.09919890016317368,0.1292439103126526
17.709749221801758,1.3942728960347976,1.3925764560699463,0.23414969444274902,0.22879377007484436
17.712815284729004,1.3943174006200476,1.3925764560699463,-0.021652551367878914,0.25912871956825256
17.7158842086792,1.3943625895879102,1.3925764560699463,-0.06596475094556808,0.17837797105312347
17.718961715698242,1.3944085506246713,1.3925764560699463,-0.05891508236527443,0.19333180785179138
17.722035884857178,1.3944551071767377,1.3925764560699463,-0.03373769670724869,0.15616083145141602
17.725106239318848,1.3945022495983348,1.3929579257965088,-0.024673838168382645,0.14633402228355408
17.7281756401062,1.3945500201434438,1.3929579257965088,0.01258869282901287,0.2540016770362854
17.731244564056396,1.3945984256063644,1.3929579257965088,0.0951705202460289,0.17196917533874512
17.734321355819702,1.3946475997469603,1.3929579257965088,-0.02064545638859272,0.24844738841056824
17.737398386001587,1.394697422994987,1.3929579257965088,0.11430533230304718,0.24588388204574585
17.74046802520752,1.3947477693817247,1.3929579257965088,-0.15056076645851135,0.16214236617088318
17.74353814125061,1.394798765591776,1.3929579257965088,0.01359578873962164,0.2048676311969757
17.74660301208496,1.3948503148949691,1.3929579257965088,-0.10423437505960464,0.18649576604366302
17.749679803848267,1.3949027079167249,1.3929579257965088,0.0629434660077095,0.13437095284461975
17.752752542495728,1.3949556749163032,1.3929579257965088,0.054886702448129654,0.1907682865858078
17.755821704864502,1.3950092215228755,1.3929579257965088,-0.09718471020460129,0.13864347338676453
17.758888244628906,1.3950633622341633,1.3933393955230713,0.20292973518371582,0.21426717936992645
17.76195478439331,1.3951181423312837,1.3933393955230713,-0.08308537304401398,0.17795071005821228
17.765023946762085,1.3951736092807372,1.3933393955230713,0.11732661724090576,0.23434805870056152
17.768101453781128,1.3952298697200969,1.3933393955230713,0.1425040066242218,0.2074311375617981
17.771177053451538,1.3952867380378315,1.3933393955230713,0.05085831880569458,0.18393224477767944
17.774249792099,1.395344194894162,1.3933393955230713,0.04884412884712219,0.17752346396446228
17.77731704711914,1.3954021884247394,1.3933393955230713,0.18681620061397552,0.221957728266716
17.780386209487915,1.3954608570394036,1.3933393955230713,-0.04481574892997742,0.22879377007484436
17.7834632396698,1.395520317512148,1.3933393955230713,0.02366674318909645,0.22751201689243317
17.786540746688843,1.3955804294083944,1.3933393955230713,0.14955367147922516,0.2228122353553772
17.789600133895874,1.3956408237519393,1.3933393955230713,-0.09013504534959793,0.21982146799564362
17.79266595840454,1.3957019814480802,1.3933393955230713,-0.2885328531265259,0.2693827748298645
17.795732498168945,1.3957637903529927,1.3933393955230713,-0.057907987385988235,0.1604333519935608
17.7988018989563,1.3958262946013507,1.3933393955230713,-0.10222018510103226,0.21597619354724884
17.801879167556763,1.395889599263049,1.3937208652496338,-0.007553216069936752,0.19589532911777496
17.80494999885559,1.3959534102682198,1.3937208652496338,0.060929276049137115,0.1886320263147354
17.808016777038574,1.396017773651805,1.3937208652496338,0.02870221994817257,0.20016784965991974
17.8110830783844,1.3960827628211026,1.3937208652496338,-0.0639505609869957,0.23178453743457794
17.81415295600891,1.3961484644030542,1.3937208652496338,-0.07804989814758301,0.17196917533874512
17.81723690032959,1.3962151081648844,1.3937208652496338,-0.1767452508211136,0.21597619354724884
17.820310592651367,1.3962821695225824,1.3941023349761963,0.2069581151008606,0.2364843189716339
17.823378801345825,1.3963497473597448,1.3941023349761963,0.06797894090414047,0.191622793674469
17.82644557952881,1.3964179285466283,1.3941023349761963,0.12236209958791733,0.19931334257125854
17.82951259613037,1.396486749563821,1.3941023349761963,-0.20393683016300201,0.23135729134082794
17.832581996917725,1.3965562591185257,1.3941023349761963,-0.11229114234447479,0.23520256578922272
17.835669994354248,1.396626830621527,1.3941023349761963,0.051865413784980774,0.23050278425216675
17.838744401931763,1.3966977297937007,1.3941023349761963,-0.09214923530817032,0.2856183648109436
17.841816186904907,1.3967692042438977,1.3941023349761963,0.15660333633422852,0.2992904484272003
17.844883680343628,1.3968412127285306,1.3941023349761963,0.06495765596628189,0.22751201689243317
17.84795331954956,1.39691390542823,1.3941023349761963,0.11631952226161957,0.26382848620414734
17.85103130340576,1.3969874321207476,1.3944838047027588,0.03474479168653488,0.20059509575366974
17.85410237312317,1.3970614284749383,1.3944838047027588,0.02366674318909645,0.2898908853530884
17.857176065444946,1.3971361226686032,1.3944838047027588,-0.027695124968886375,0.24289311468601227
17.860243797302246,1.397211304812688,1.3944838047027588,-0.18278782069683075,0.24716563522815704
17.86331033706665,1.3972870892762077,1.3944838047027588,-0.07603570818901062,0.21597619354724884
17.866379737854004,1.3973635764590477,1.3948653936386108,-0.08107118308544159,0.20999465882778168
17.869457006454468,1.397440894158033,1.3948653936386108,0.05690089240670204,0.2980087101459503
17.872531175613403,1.3975187680027101,1.3948653936386108,-0.030716411769390106,0.21597619354724884
17.875600337982178,1.3975971468810031,1.3948653936386108,-0.05085831880569458,0.2685282528400421
17.87866735458374,1.3976761013574779,1.3948653936386108,0.0015106431674212217,0.2980087101459503
17.881736755371094,1.3977557478269382,1.3952468633651733,-0.08509956300258636,0.28049135208129883
17.884814500808716,1.3978362439669274,1.3952468633651733,-0.0005035477224737406,0.22793926298618317
17.887889623641968,1.3979173044027493,1.3948653936386108,-0.1102769523859024,0.2399023473262787
17.890963077545166,1.397998952646492,1.3952468633651733,0.060929276049137115,0.221530482172966
17.894033908843994,1.398081161736335,1.3952468633651733,-0.02870221994817257,0.3146715462207794
17.897107362747192,1.3981640717849144,1.3952468633651733,0.05085831880569458,0.24588388204574585
17.900184392929077,1.398247710118222,1.3952468633651733,-0.01258869282901287,0.27963683009147644
17.903259754180908,1.3983319344388199,1.3956283330917358,0.060929276049137115,0.26126497983932495
17.906330823898315,1.398416670773777,1.3956283330917358,-0.03776608034968376,0.2505836486816406
17.90940022468567,1.3985019893381088,1.3956283330917358,0.2895399332046509,0.28006407618522644
17.912469148635864,1.3985879222917812,1.3956283330917358,-0.00553902518004179,0.2202487289905548
17.915541172027588,1.3986745702588623,1.3956283330917358,0.12135500460863113,0.251865416765213
17.918606519699097,1.3987616561081524,1.3956283330917358,0.04078736528754234,0.33817043900489807
17.921684741973877,1.3988497368356232,1.3960098028182983,-0.060929276049137115,0.3360341787338257
17.924752473831177,1.398938144274568,1.3960098028182983,0.16365301609039307,0.24673838913440704
17.92781925201416,1.3990271494254882,1.3960098028182983,-0.051865413784980774,0.21939422190189362
17.930888652801514,1.399116856259877,1.3960098028182983,0.20393683016300201,0.21084916591644287
17.9339656829834,1.3992074139091712,1.3960098028182983,-0.07402151823043823,0.27664607763290405
17.93704128265381,1.3992985572982153,1.3963912725448608,0.2583199739456177,0.2839093506336212
17.940113067626953,1.399390213828262,1.3963912725448608,0.04280155524611473,0.26211947202682495
17.943179845809937,1.399482344893471,1.3963912725448608,0.09718471020460129,0.2689555287361145
17.94624662399292,1.3995750990362794,1.3963912725448608,0.2230716347694397,0.28177309036254883
17.949315547943115,1.3996685414642709,1.3963912725448608,-0.03776608034968376,0.25912871956825256
17.952393531799316,1.399762885767574,1.3963912725448608,0.05589379742741585,0.29330891370773315
17.955469369888306,1.399857790235223,1.3967727422714233,0.13444724678993225,0.29373615980148315
17.958542585372925,1.3999532383455282,1.3967727422714233,0.02366674318909645,0.2548561692237854
17.96160316467285,1.400048914098324,1.3967727422714233,0.11631952226161957,0.3347524106502533
17.964674711227417,1.4001455544887953,1.3967727422714233,0.15257495641708374,0.2719462811946869
17.967756509780884,1.4002431431054128,1.3967727422714233,-0.07100022584199905,0.26041045784950256
17.970831871032715,1.4003411522601312,1.3971542119979858,-0.16264592111110687,0.2681010067462921
17.97390842437744,1.4004398231317907,1.3971542119979858,0.009567406959831715,0.221530482172966
17.976978063583374,1.4005388936322063,1.3971542119979858,0.015609979629516602,0.3014267086982727
17.980045795440674,1.4006385223067028,1.3975356817245483,-0.01359578873962164,0.2851911187171936
17.983115196228027,1.4007388248568406,1.3971542119979858,-0.2683909237384796,0.3206530809402466
17.986191749572754,1.4008399827769482,1.3975356817245483,0.06495765596628189,0.27750056982040405
17.98926329612732,1.4009415965380037,1.3975356817245483,-0.1263904720544815,0.2719462811946869
17.992330074310303,1.4010436706902434,1.3975356817245483,0.12034790217876434,0.2587014436721802
17.995398998260498,1.4011464341901705,1.3979171514511108,-0.018631266430020332,0.252719908952713
17.99847388267517,1.4012500168404352,1.3979171514511108,0.00553902518004179,0.29758143424987793
18.001561164855957,1.401354640660909,1.3979171514511108,0.18077363073825836,0.2386205792427063
18.004601001739502,1.4014582666985842,1.3979171514511108,0.07603570818901062,0.25912871956825256
18.007671117782593,1.4015635389706718,1.3982986211776733,0.07502861320972443,0.2856183648109436
18.010740041732788,1.4016693866979406,1.3982986211776733,0.0941634252667427,0.32663461565971375
18.01380729675293,1.4017757921793166,1.3982986211776733,0.01258869282901287,0.2693827748298645
18.016874074935913,1.401882795728678,1.3986800909042358,0.10121309012174606,0.29074540734291077
18.019940614700317,1.401990405052461,1.3986800909042358,-0.04078736528754234,0.2390478402376175
18.0230073928833,1.4020986364840147,1.3986800909042358,0.1414969116449356,0.24332036077976227
18.026073694229126,1.4022074643075324,1.3986800909042358,0.007553216069936752,0.27963683009147644
18.02914023399353,1.4023169134330062,1.3990615606307983,0.20997940003871918,0.2702372670173645
18.032209873199463,1.4024270865682569,1.3990615606307983,0.29558250308036804,0.29629969596862793
18.03528642654419,1.4025381232202627,1.3990615606307983,0.10524147748947144,0.26425573229789734
18.03836178779602,1.402649732127865,1.3994430303573608,0.0317235067486763,0.2881819009780884
18.04143452644348,1.402761859815396,1.3994430303573608,0.054886702448129654,0.2386205792427063
18.044501304626465,1.4028743814935862,1.3994430303573608,0.1898374855518341,0.2578469514846802
18.047568798065186,1.402987540111421,1.3994430303573608,0.19890135526657104,0.20871290564537048
18.050668001174927,1.4031024883290577,1.3998245000839233,0.05891508236527443,0.2561379373073578
18.05373477935791,1.4032168467793387,1.3998245000839233,0.2532845139503479,0.23093003034591675
18.05680203437805,1.403331832364095,1.3998245000839233,-0.006546120624989271,0.2377660721540451
18.059868335723877,1.4034473908872673,1.4002059698104858,-0.11531242728233337,0.27664607763290405
18.06293535232544,1.403563584745025,1.4002059698104858,0.1888303905725479,0.2659647464752197
18.066002130508423,1.4036803775179196,1.4002059698104858,0.021652551367878914,0.21853971481323242
18.06906795501709,1.4037977411788647,1.4002059698104858,-0.16969558596611023,0.2856183648109436
18.072134733200073,1.4039157483077984,1.4005874395370483,0.11732661724090576,0.2548561692237854
18.075206518173218,1.4040345561964414,1.4005874395370483,0.008560311049222946,0.2728008031845093
18.078278303146362,1.4041539722412333,1.4005874395370483,0.1425040066242218,0.27621880173683167
18.081345081329346,1.4042737998729682,1.4009689092636108,-0.12941177189350128,0.23306630551815033
18.08441138267517,1.4043942140191505,1.4009689092636108,-0.008560311049222946,0.21725794672966003
18.087480306625366,1.4045153365830412,1.4009689092636108,0.12941177189350128,0.23093003034591675
18.09054970741272,1.4046370833436999,1.4013503789901733,0.11732661724090576,0.20315861701965332
18.093605756759644,1.4047589015544495,1.4013503789901733,0.038773175328969955,0.21597619354724884
18.09667706489563,1.4048819317665369,1.4013503789901733,0.09919890016317368,0.21383993327617645
18.099743604660034,1.4050053743717956,1.4017318487167358,0.11934080719947815,0.2659647464752197
18.102810382843018,1.4051294291217058,1.4017318487167358,0.0941634252667427,0.2740825414657593
18.105876445770264,1.4052540568381038,1.4017318487167358,0.0639505609869957,0.26083773374557495
18.108943462371826,1.4053793249661664,1.4021133184432983,-0.024673838168382645,0.14590676128864288
18.112010717391968,1.4055052041778353,1.4021133184432983,0.02870221994817257,0.19290456175804138
18.11507749557495,1.4056316645817326,1.4024949073791504,0.26436254382133484,0.2065766453742981
18.118144273757935,1.405758725230838,1.4024949073791504,0.054886702448129654,0.1903410404920578
18.12121081352234,1.405886375705453,1.4024949073791504,-0.02366674318909645,0.19589532911777496
18.124277353286743,1.4060146253863568,1.4024949073791504,0.06596475094556808,0.19333180785179138
18.127343893051147,1.406143473797433,1.402876377105713,0.04481574892997742,0.20273137092590332
18.13041639328003,1.4062731726493678,1.402876377105713,0.02568093314766884,0.26425573229789734
18.13350009918213,1.4064039479068793,1.4032578468322754,0.14854657649993896,0.25912871956825256
18.1365749835968,1.406534950460411,1.4032578468322754,0.19487297534942627,0.21213091909885406
18.13960361480713,1.4066645690217947,1.4032578468322754,0.046829938888549805,0.20102235674858093
18.14267349243164,1.4067965464356114,1.4032578468322754,0.03474479168653488,0.17196917533874512
18.145739793777466,1.4069289661835833,1.403639316558838,0.09819180518388748,0.20315861701965332
18.148813486099243,1.4070623025111968,1.403639316558838,0.18278782069683075,0.2074311375617981
18.15187954902649,1.407195903272823,1.4040207862854004,0.0951705202460289,0.191622793674469
18.15494704246521,1.407330160943379,1.4040207862854004,-0.010574501939117908,0.1758144497871399
18.158013105392456,1.4074649498037421,1.4040207862854004,-0.08308537304401398,0.16897840797901154
18.16107964515686,1.4076003529264078,1.404402256011963,0.1898374855518341,0.23093003034591675
18.164146661758423,1.4077363700853764,1.404402256011963,0.22911421954631805,0.18136873841285706
18.16721272468567,1.4078729371967351,1.404402256011963,-0.09718471020460129,0.2070038914680481
18.17028021812439,1.4080101600866013,1.4047837257385254,0.23112840950489044,0.22665750980377197
18.173346519470215,1.4081479209937096,1.405165195465088,0.26134127378463745,0.16684214770793915
18.17641258239746,1.4082862618390355,1.405165195465088,0.1445181965827942,0.16513313353061676
18.179482460021973,1.4084253660184975,1.405165195465088,0.18278782069683075,0.16726939380168915
18.18255305290222,1.408565093879733,1.405165195465088,-0.02366674318909645,0.19290456175804138
18.185600519180298,1.4087043535246884,1.4055466651916504,0.18580910563468933,0.11300831288099289
18.188668251037598,1.4088451264983273,1.4055466651916504,0.18379491567611694,0.1433432549238205
18.191734790802002,1.4089864331054316,1.405928134918213,0.10423437505960464,0.23093003034591675
18.194801330566406,1.4091283274101176,1.405928134918213,-0.13948272168636322,0.2061493843793869
18.19786810874939,1.4092708199861357,1.405928134918213,0.32176700234413147,0.21298542618751526
18.200934648513794,1.4094138881490819,1.405928134918213,-0.004531929735094309,0.1886320263147354
18.20400071144104,1.4095575200394022,1.4063096046447754,0.06596475094556808,0.1758144497871399
18.20707082748413,1.4097019283572294,1.4063096046447754,0.049851223826408386,0.18478675186634064
18.210137367248535,1.4098467538412054,1.406691074371338,-0.007553216069936752,0.16214236617088318
18.21320390701294,1.4099921638288933,1.406691074371338,-0.05589379742741585,0.1587243527173996
18.216273069381714,1.410138282889009,1.4070725440979004,0.018631266430020332,0.23093003034591675
18.219350337982178,1.4102853746135664,1.4070725440979004,-0.04280155524611473,0.20059509575366974
18.222424268722534,1.4104328927969036,1.4070725440979004,-0.06797894090414047,0.19375905394554138
18.225496292114258,1.410580904040198,1.407454013824463,0.04582284390926361,0.20358586311340332
18.228565454483032,1.410729360483903,1.407454013824463,0.07301442325115204,0.16427862644195557
18.231607675552368,1.4108770883472137,1.4078354835510254,0.13344015181064606,0.20187686383724213
18.23468589782715,1.4110271460885118,1.4078354835510254,-0.016617074608802795,0.19290456175804138
18.23776149749756,1.4111776597861092,1.4078354835510254,0.06999313086271286,0.20059509575366974
18.24083375930786,1.4113285921794547,1.408216953277588,0.03978027030825615,0.18393224477767944
18.243900775909424,1.4114798465672296,1.408216953277588,0.16163882613182068,0.20187686383724213
18.246968507766724,1.4116317150521587,1.4085984230041504,0.02668802998960018,0.16769665479660034
18.250037670135498,1.4117842330858155,1.4085984230041504,0.18278782069683075,0.18564125895500183
18.253116130828857,1.4119377941165916,1.4085984230041504,0.06193637102842331,0.21640345454216003
18.256189584732056,1.4120916852134087,1.4085984230041504,0.08610665798187256,0.21042190492153168
18.259264707565308,1.4122462391174273,1.408979892730713,0.019638361409306526,0.2206759750843048
18.262361526489258,1.412402468415658,1.408979892730713,0.15458914637565613,0.15231555700302124
18.265438079833984,1.41255825603438,1.408979892730713,0.06898603588342667,0.1570153385400772
18.268513917922974,1.412714585428263,1.4093613624572754,0.13948272168636322,0.20144960284233093
18.271585941314697,1.4128712972093809,1.4093613624572754,0.051865413784980774,0.17111466825008392
18.274677515029907,1.4130295871324878,1.409742832183838,0.2502632141113281,0.21084916591644287
18.27774429321289,1.413187182607375,1.409742832183838,-0.03776608034968376,0.2232394963502884
18.280813455581665,1.4133454734595896,1.409742832183838,0.03373769670724869,0.16427862644195557
18.283890962600708,1.4135047695132443,1.4101243019104004,0.16566720604896545,0.16684214770793915
18.286970853805542,1.41366476465857,1.4101243019104004,0.02064545638859272,0.2048676311969757
18.290046215057373,1.4138250985189509,1.4105058908462524,0.11934080719947815,0.18307773768901825
18.293116092681885,1.413985717976307,1.4105058908462524,0.01258869282901287,0.23007553815841675
18.296183824539185,1.4141467949447744,1.410887360572815,-0.009567406959831715,0.1758144497871399
18.299253225326538,1.4143085289900885,1.4105058908462524,-0.07301442325115204,0.16598764061927795
18.30233144760132,1.4144712993153314,1.410887360572815,0.07301442325115204,0.17965972423553467
18.30540633201599,1.414634463878267,1.4112688302993774,0.19588007032871246,0.2574197053909302
18.30847692489624,1.414797969342971,1.4112688302993774,0.17976653575897217,0.1429159939289093
18.311548948287964,1.4149621189975943,1.4112688302993774,0.17170977592468262,0.1749599426984787
18.314603567123413,1.415125901386778,1.41165030002594,0.24623483419418335,0.22964827716350555
18.317681074142456,1.415291477829338,1.4120317697525024,0.2381780743598938,0.20444037020206451
18.320756196975708,1.415457493671631,1.41165030002594,-0.19588007032871246,0.13266193866729736
18.32382822036743,1.4156239081628186,1.4120317697525024,0.15559624135494232,0.19333180785179138
18.326894998550415,1.4157906021419477,1.4120317697525024,0.1284046620130539,0.19931334257125854
18.329962491989136,1.4159578977205156,1.412413239479065,0.02064545638859272,0.11770809441804886
18.333031177520752,1.4161258208074452,1.412413239479065,0.19990845024585724,0.1587243527173996
18.336108684539795,1.4162947910232582,1.412413239479065,-0.16264592111110687,0.14505226910114288
18.33918285369873,1.4164641416389578,1.4127947092056274,0.09214923530817032,0.19845883548259735
18.34225296974182,1.4166338305903206,1.4127947092056274,0.2573128938674927,0.30954450368881226
18.345319509506226,1.416803881510157,1.41317617893219,0.18480201065540314,0.2070038914680481
18.34838604927063,1.4169744911059432,1.41317617893219,-0.043808650225400925,0.20999465882778168
18.351455211639404,1.4171458053710777,1.4135576486587524,0.21702906489372253,0.22452124953269958
18.35453486442566,1.4173182664151822,1.4135576486587524,-0.018631266430020332,0.16299687325954437
18.357605695724487,1.4174907925829356,1.413939118385315,0.16264592111110687,0.31253528594970703
18.360682487487793,1.4176642129307344,1.413939118385315,0.17070268094539642,0.18008697032928467
18.3637535572052,1.4178378684048432,1.413939118385315,0.11732661724090576,0.23050278425216675
18.36682438850403,1.4180120668104494,1.4143205881118774,0.173723965883255,0.20956741273403168
18.369901418685913,1.4181871742851497,1.4143205881118774,0.02668802998960018,0.2373388260602951
18.372976303100586,1.418362716400256,1.4143205881118774,0.05085831880569458,0.2574197053909302
18.376046180725098,1.4185385272280304,1.41470205783844,0.003524834057316184,0.21725794672966003
18.37911319732666,1.418714726871844,1.41470205783844,0.16365301609039307,0.22580300271511078
18.382182359695435,1.4188916021223228,1.41470205783844,-0.019638361409306526,0.2672465145587921
18.3852596282959,1.4190694985893335,1.4150835275650024,0.10020599514245987,0.22537575662136078
18.388333797454834,1.4192477691635645,1.4150835275650024,-0.12336919456720352,0.15146104991436005
18.39140558242798,1.4194264531784166,1.415464997291565,0.07100022584199905,0.27707332372665405
18.39447259902954,1.4196054093575605,1.415464997291565,0.0800640881061554,0.18008697032928467
18.397541284561157,1.4197850118101176,1.4158464670181274,0.2049439251422882,0.21084916591644287
18.400604248046875,1.4199648262086582,1.4158464670181274,0.08308537304401398,0.19845883548259735
18.40368103981018,1.4201460017763925,1.41622793674469,0.15056076645851135,0.286900132894516
18.40674877166748,1.4203271913567708,1.41622793674469,-0.04582284390926361,0.24802014231681824
18.409815549850464,1.420508870375951,1.41622793674469,-0.1273975670337677,0.24118410050868988
18.412882089614868,1.4206910802136603,1.4166094064712524,0.032730601727962494,0.23349355161190033
18.415951013565063,1.4208739765963614,1.416990876197815,0.0951705202460289,0.23135729134082794
18.41902804374695,1.421057902650053,1.416990876197815,0.18782329559326172,0.2386205792427063
18.422103881835938,1.4212423037341342,1.416990876197815,-0.008560311049222946,0.21939422190189362
18.42517614364624,1.4214270349559954,1.416990876197815,-0.11430533230304718,0.21042190492153168
18.428242921829224,1.4216119785359702,1.4173723459243774,0.07603570818901062,0.2582741975784302
18.43131184577942,1.421797592995557,1.4173723459243774,0.024673838168382645,0.1728236824274063
18.434390544891357,1.421984342239969,1.41775381565094,0.2240787297487259,0.2078583985567093
18.437467098236084,1.422171504487595,1.41775381565094,0.0005035477224737406,0.27707332372665405
18.440537691116333,1.4223588448290387,1.418135404586792,0.07603570818901062,0.22452124953269958
18.44360065460205,1.4225462571609762,1.418135404586792,0.04884412884712219,0.2202487289905548
18.446667671203613,1.4227344546588059,1.4185168743133545,0.1284046620130539,0.2360570728778839
18.44974374771118,1.422923747294706,1.418898344039917,0.09214923530817032,0.21084916591644287
18.452820539474487,1.4231136234285986,1.418898344039917,0.1284046620130539,0.2202487289905548
18.455894947052002,1.423303890639174,1.4192798137664795,0.11229114234447479,0.2070038914680481
18.458967685699463,1.4234945914183335,1.4192798137664795,0.030716411769390106,0.191195547580719
18.462037563323975,1.4236856498857815,1.4192798137664795,-0.03474479168653488,0.25998321175575256
18.46510648727417,1.4238771830401782,1.419661283493042,0.3348592221736908,0.3210803270339966
18.468183755874634,1.424069772409919,1.419661283493042,0.10121309012174606,0.21255818009376526
18.471258878707886,1.4242627623570687,1.4200427532196045,0.16365301609039307,0.3343251645565033
18.474329233169556,1.4244559857696761,1.420424222946167,0.2673838436603546,0.22537575662136078
18.477397441864014,1.424649605176234,1.420424222946167,0.15660333633422852,0.23050278425216675
18.480464220046997,1.4248436640656514,1.4208056926727295,0.10926985740661621,0.18051423132419586
18.48354172706604,1.4250389335409712,1.4208056926727295,0.04481574892997742,0.23434805870056152
18.4866042137146,1.4252337779674507,1.421187162399292,0.09013504534959793,0.21853971481323242
18.4896821975708,1.4254301383574441,1.421187162399292,0.09919890016317368,0.25955596566200256
18.492748737335205,1.4256262963053787,1.4215686321258545,0.1425040066242218,0.24844738841056824
18.49581503868103,1.4258229648644944,1.4215686321258545,0.1576104313135147,0.3180895745754242
18.498884677886963,1.4260203734787484,1.421950101852417,0.23414969444274902,0.19290456175804138
18.501962900161743,1.4262188617971754,1.421950101852417,0.11732661724090576,0.2587014436721802
18.50503897666931,1.426417738923511,1.4223315715789795,0.1273975670337677,0.22964827716350555
18.508111238479614,1.4266168946838433,1.4223315715789795,0.2371709793806076,0.22580300271511078
18.511178493499756,1.4268162488013303,1.4223315715789795,0.1102769523859024,0.18393224477767944
18.51424765586853,1.4270162491214058,1.422713041305542,0.17170977592468262,0.20358586311340332
18.517324447631836,1.4272172702074948,1.4230945110321045,0.35600823163986206,0.21853971481323242
18.520402908325195,1.4274189242583484,1.4230945110321045,-0.173723965883255,0.1745326966047287
18.523475646972656,1.4276207253434203,1.4230945110321045,0.02366674318909645,0.2403295934200287
18.52654719352722,1.427822968453118,1.423475980758667,0.28047609329223633,0.23093003034591675
18.529605865478516,1.4280248800468016,1.423475980758667,0.1747310608625412,0.26169222593307495
18.532678842544556,1.428228253943834,1.4238574504852295,0.01258869282901287,0.23349355161190033
18.53575587272644,1.4284324155411876,1.424238920211792,0.2049439251422882,0.21255818009376526
18.53883123397827,1.4286369850216485,1.424238920211792,0.16163882613182068,0.18478675186634064
18.541903257369995,1.4288418493415587,1.424238920211792,0.11934080719947815,0.2394750863313675
18.54497218132019,1.429047022014452,1.4246203899383545,-0.0317235067486763,0.2715190351009369
18.548041343688965,1.4292527247093418,1.4246203899383545,0.08711375296115875,0.251438170671463
18.55111813545227,1.4294594539973462,1.425001859664917,0.019638361409306526,0.28177309036254883
18.554190158843994,1.4296663768228008,1.425001859664917,0.14955367147922516,0.25912871956825256
18.557259798049927,1.4298736512135812,1.4253833293914795,0.13847562670707703,0.21982146799564362
18.5603289604187,1.4300814044746202,1.4253833293914795,-0.01762416958808899,0.21554894745349884
18.563397645950317,1.4302896355953254,1.425764799118042,0.22609293460845947,0.19717708230018616
18.56647753715515,1.430499139212405,1.425764799118042,-0.043808650225400925,0.26382848620414734
18.5695538520813,1.4307089109336657,1.426146388053894,0.18480201065540314,0.21768520772457123
18.57260274887085,1.430917316524708,1.426146388053894,0.07804989814758301,0.2228122353553772
18.575672149658203,1.4311276291849855,1.4265278577804565,0.3006179928779602,0.18777751922607422
18.578738689422607,1.4313382515467432,1.4265278577804565,-0.03776608034968376,0.2574197053909302
18.581807851791382,1.4315495594053222,1.426909327507019,0.1908445805311203,0.2843366265296936
18.584885120391846,1.4317619321645905,1.426909327507019,0.11229114234447479,0.2736552953720093
18.587960720062256,1.431974696005628,1.4272907972335815,0.2552987039089203,0.22836652398109436
18.591033220291138,1.4321877499984434,1.4272907972335815,-0.05387960746884346,0.382604718208313
18.594099760055542,1.4324008927319767,1.427672266960144,0.3137102425098419,0.21042190492153168
18.597169637680054,1.4326147690575821,1.427672266960144,-0.00553902518004179,0.24374762177467346
18.600253105163574,1.4328300965789067,1.4280537366867065,0.060929276049137115,0.23093003034591675
18.603331804275513,1.4330455946474672,1.428435206413269,-0.009567406959831715,0.2881819009780884
18.606399059295654,1.4332607912136215,1.428435206413269,-0.14653238654136658,0.29117265343666077
18.60946536064148,1.4334764184517328,1.4288166761398315,0.28148317337036133,0.2689555287361145
18.612534523010254,1.4336927442800065,1.4288166761398315,0.1102769523859024,0.21982146799564362
18.615606784820557,1.4339097861470234,1.429198145866394,0.0639505609869957,0.32877087593078613
18.61869764328003,1.434128643327591,1.429198145866394,0.06797894090414047,0.2561379373073578
18.621769428253174,1.4343466475483004,1.429198145866394,0.02870221994817257,0.29330891370773315
18.62483811378479,1.434564926292706,1.4295796155929565,-0.10423437505960464,0.27920958399772644
18.627904415130615,1.4347835283022,1.429961085319519,0.2210574448108673,0.3210803270339966
18.63097596168518,1.4350029973656393,1.429961085319519,-0.038773175328969955,0.3300526440143585
18.634055376052856,1.4352235232147286,1.4303425550460815,0.20091554522514343,0.2689555287361145
18.637129306793213,1.4354441494659995,1.4303425550460815,0.10423437505960464,0.3663691282272339
18.640199661254883,1.4356650100159678,1.430724024772644,-0.014602883718907833,0.32492560148239136
18.64326810836792,1.4358862227800302,1.430724024772644,0.12135500460863113,0.27878233790397644
18.64633536338806,1.4361078377597272,1.430724024772644,0.12941177189350128,0.29758143424987793
18.649404287338257,1.436330060959189,1.4311054944992065,0.12236209958791733,0.3009994626045227
18.6524817943573,1.4365533946522717,1.431486964225769,0.24119935929775238,0.28091859817504883
18.65555739402771,1.4367770783109077,1.431486964225769,-0.02064545638859272,0.34372472763061523
18.65860605239868,1.4369992835813747,1.431486964225769,0.1425040066242218,0.41849392652511597
18.661678075790405,1.4372236754260503,1.4318684339523315,0.18379491567611694,0.34799724817276
18.66474962234497,1.4374485169256541,1.4318684339523315,-0.022659648209810257,0.3817501962184906
18.66782784461975,1.4376743322842402,1.432249903678894,-0.035751886665821075,0.29245442152023315
18.67089819908142,1.437900053480642,1.432249903678894,0.16667430102825165,0.25912871956825256
18.6739661693573,1.438126080393913,1.4326313734054565,-0.05387960746884346,0.3783321976661682
18.677037000656128,1.4383527987255105,1.4326313734054565,0.08107118308544159,0.2851911187171936
18.680110454559326,1.4385801913159775,1.433012843132019,0.05891508236527443,0.3531242907047272
18.683188438415527,1.4388084001112498,1.4333943128585815,0.11631952226161957,0.3210803270339966
18.6862633228302,1.4390368589342653,1.4333943128585815,0.24724192917346954,0.28220033645629883
18.689335346221924,1.4392655832530368,1.4333943128585815,0.05690089240670204,0.29245442152023315
18.692402601242065,1.4394944284281785,1.4337759017944336,0.13847562670707703,0.2736552953720093
18.695471048355103,1.4397238374814696,1.434157371520996,0.2049439251422882,0.3197985887527466
18.698542833328247,1.4399539710366835,1.434157371520996,0.14552529156208038,0.2826276123523712
18.701601266860962,1.4401835755866674,1.4345388412475586,0.11934080719947815,0.35953307151794434
18.70467448234558,1.4404147626525274,1.4345388412475586,0.09718471020460129,0.41934844851493835
18.707741022109985,1.4406459190635321,1.434920310974121,0.12135500460863113,0.40311282873153687
18.71080756187439,1.4408775456388905,1.4353017807006836,-0.02870221994817257,0.31210803985595703
18.713876962661743,1.441109858278587,1.4353017807006836,0.35802242159843445,0.3210803270339966
18.716953992843628,1.4413432194286102,1.435683250427246,0.1425040066242218,0.3847409784793854
18.72002387046814,1.4415765072712812,1.4360647201538086,0.1606317162513733,0.3526970446109772
18.72309160232544,1.4418100992877245,1.4360647201538086,0.30867475271224976,0.20273137092590332
18.726160526275635,1.4420442485522689,1.436446189880371,0.0800640881061554,0.3625238537788391
18.72922945022583,1.442278863513284,1.436446189880371,0.0005035477224737406,0.24972915649414062
18.732298374176025,1.4425139432984255,1.4368276596069336,0.18580910563468933,0.252292662858963
18.73537802696228,1.4427503112979367,1.437209129333496,0.19487297534942627,0.3031357228755951
18.738459825515747,1.4429873107901974,1.437209129333496,0.022659648209810257,0.2369115799665451
18.741532802581787,1.4432240959613964,1.4375905990600586,0.4134126901626587,0.2834821045398712
18.744600296020508,1.443460919889266,1.437972068786621,0.24623483419418335,0.3155260682106018
18.747669219970703,1.4436983145804543,1.437972068786621,0.24321354925632477,0.2676737606525421
18.750746250152588,1.4439367976920405,1.4383535385131836,0.08409246802330017,0.26041045784950256
18.75381851196289,1.4441753712492884,1.438735008239746,0.17875944077968597,0.27792781591415405
18.75688910484314,1.444414273602637,1.4391164779663086,0.23012131452560425,0.28134584426879883
18.75995707511902,1.4446534287043922,1.4391164779663086,0.21803615987300873,0.24118410050868988
18.76302433013916,1.444892983602768,1.439497947692871,-0.02366674318909645,0.26425573229789734
18.766093969345093,1.4451331798472618,1.4398794174194336,0.32176700234413147,0.27963683009147644
18.769171953201294,1.4453744853292465,1.4398794174194336,0.18379491567611694,0.19546806812286377
18.77224826812744,1.4456161155955136,1.440260887145996,0.30766767263412476,0.19504082202911377
18.775322437286377,1.4458580314437457,1.4406423568725586,0.3801785409450531,0.21982146799564362
18.77838921546936,1.4460998171022552,1.441023826599121,0.1273975670337677,0.23093003034591675
18.781458139419556,1.446342222393001,1.441023826599121,0.3983062505722046,0.251010924577713
18.78453540802002,1.4465857383540048,1.4414052963256836,0.13344015181064606,0.21127641201019287
18.78760600090027,1.4468291758275666,1.4417868852615356,0.15156786143779755,0.1762416958808899
18.79068350791931,1.4470736113634302,1.4421683549880981,0.1757381558418274,0.22665750980377197
18.793750524520874,1.4473176608878275,1.4421683549880981,0.21904325485229492,0.21683070063591003
18.7968168258667,1.4475620988765083,1.4425498247146606,0.05690089240670204,0.22623026371002197
18.799885988235474,1.4478072099802943,1.4425498247146606,0.04582284390926361,0.18435950577259064
18.80296301841736,1.4480533954745958,1.4429312944412231,0.2895399332046509,0.18735027313232422
18.806036949157715,1.4482997780159834,1.4433127641677856,0.32478827238082886,0.11813534796237946
18.809103965759277,1.4485460487596173,1.4436942338943481,0.3972991406917572,0.20016784965991974
18.812170267105103,1.4487927028894159,1.4436942338943481,-0.15559624135494232,0.21341268718242645
18.815239429473877,1.4490400276278947,1.4440757036209106,0.10322728008031845,0.17752346396446228
18.818317413330078,1.4492885048852684,1.4440757036209106,-0.016617074608802795,0.14804303646087646
18.821391820907593,1.4495371340261738,1.4444571733474731,0.21904325485229492,0.1758144497871399
18.824463367462158,1.4497859705841503,1.4448386430740356,0.09013504534959793,0.1745326966047287
18.82753300666809,1.4500350898721825,1.4452201128005981,0.2371709793806076,0.15146104991436005
18.830605268478394,1.4502848587471218,1.4452201128005981,0.20897230505943298,0.16641488671302795
18.833688497543335,1.450535957577888,1.4456015825271606,-0.06193637102842331,0.14761577546596527
18.836764812469482,1.4507869300268292,1.4459830522537231,0.05387960746884346,0.21341268718242645
18.83984112739563,1.451038337754306,1.4463645219802856,0.15358205139636993,0.14804303646087646
18.84291648864746,1.4512901016814153,1.4463645219802856,0.10322728008031845,0.08224612474441528
18.84598731994629,1.4515419269385867,1.4463645219802856,0.08107118308544159,0.14633402228355408
18.849056482315063,1.4517940459005574,1.4471274614334106,0.19688716530799866,0.1574425846338272
18.85213327407837,1.4520472226993102,1.4471274614334106,0.11531242728233337,0.16855116188526154
18.855207681655884,1.4523006335161854,1.4475089311599731,0.11430533230304718,0.24588388204574585
18.858278036117554,1.4525541384941651,1.4475089311599731,0.1273975670337677,0.15188831090927124
18.861348628997803,1.4528080902234686,1.4478904008865356,0.17976653575897217,0.16513313353061676
18.864417791366577,1.4530623494830337,1.4478904008865356,0.09315633028745651,0.24887464940547943
18.867498874664307,1.4533180235825447,1.4482718706130981,-0.06596475094556808,0.19461356103420258
18.870582342147827,1.4535743231651135,1.4486533403396606,0.17775234580039978,0.18777751922607422
18.87367033958435,1.4538314270630168,1.4486533403396606,-0.03776608034968376,0.23263904452323914
18.87674117088318,1.4540875253000938,1.4490348100662231,0.10524147748947144,0.23135729134082794
18.879807710647583,1.4543436861939247,1.4494163990020752,0.2563057839870453,0.221957728266716
18.882877588272095,1.4546005459102183,1.4494163990020752,0.1757381558418274,0.2364843189716339
18.88595414161682,1.45485838482877,1.4497978687286377,0.1414969116449356,0.22623026371002197
18.88902997970581,1.4551165837891367,1.4497978687286377,0.10020599514245987,0.2856183648109436
18.892102479934692,1.4553749208464,1.4501793384552002,0.06193637102842331,0.21042190492153168
18.895172119140625,1.4556334338664734,1.4505608081817627,0.2220645397901535,0.18735027313232422
18.89824151992798,1.4558923421223102,1.4505608081817627,0.1747310608625412,0.1749599426984787
18.901318550109863,1.456152309808887,1.4509422779083252,0.2361638844013214,0.3202258348464966
18.904393672943115,1.4564125313900869,1.4513237476348877,0.21199358999729156,0.23349355161190033
18.907466411590576,1.4566729646764278,1.4513237476348877,-0.011581597849726677,0.22494849562644958
18.91054129600525,1.4569339925886033,1.4513237476348877,0.02870221994817257,0.2693827748298645
18.91360306739807,1.4571943166312653,1.4517052173614502,0.11229114234447479,0.24887464940547943
18.916679859161377,1.4574563282272002,1.4520866870880127,0.29759669303894043,0.2236667424440384
18.919752597808838,1.4577184043480529,1.4524681568145752,0.11631952226161957,0.22580300271511078
18.92282009124756,1.4579804404869987,1.4524681568145752,0.2885328531265259,0.25955596566200256
18.925886154174805,1.4582427602065646,1.4528496265411377,0.016617074608802795,0.3685053884983063
18.92895245552063,1.4585055050830664,1.4528496265411377,0.24824902415275574,0.3531242907047272
18.932021379470825,1.4587688790022304,1.4532310962677002,0.2573128938674927,0.21896696090698242
18.935105800628662,1.4590339894570128,1.4536125659942627,0.0941634252667427,0.38602274656295776
18.938180923461914,1.459298705472483,1.4539940357208252,-0.027695124968886375,0.23562981188297272
18.941256284713745,1.4595638452234734,1.4539940357208252,0.08610665798187256,0.2898908853530884
18.94433093070984,1.4598293254064296,1.4543755054473877,0.2220645397901535,0.2710917890071869
18.94740104675293,1.4600948146248849,1.4543755054473877,0.07200732082128525,0.2377660721540451
18.95047879219055,1.4603613639755604,1.4547569751739502,-0.049851223826408386,0.34372472763061523
18.953553915023804,1.4606280855627731,1.4547569751739502,0.04481574892997742,0.2403295934200287
18.956602811813354,1.4608929255523753,1.4551384449005127,0.33989471197128296,0.31253528594970703
18.959674835205078,1.4611601693341938,1.4555199146270752,0.12437628954648972,0.3313344120979309
18.96274733543396,1.4614278501066982,1.4559013843536377,0.26234835386276245,0.35654231905937195
18.965819120407104,1.4616958629698238,1.4559013843536377,0.0317235067486763,0.24716563522815704
18.96889591217041,1.4619647069968686,1.4562828540802002,0.34291601181030273,0.2672465145587921
18.97197198867798,1.4622338820280827,1.4566643238067627,0.19588007032871246,0.3514152765274048
18.975045204162598,1.4625031986061694,1.4566643238067627,0.1263904720544815,0.24673838913440704
18.978115797042847,1.4627726755732005,1.4570459127426147,0.269398033618927,0.24844738841056824
18.981184720993042,1.463042394804029,1.4574273824691772,0.13344015181064606,0.23221179842948914
18.984262466430664,1.463313278624228,1.4578088521957397,0.2714122235774994,0.2582741975784302
18.987334728240967,1.4635840676119483,1.4578088521957397,0.19487297534942627,0.32706186175346375
18.990406036376953,1.463855158809585,1.4581903219223022,0.060929276049137115,0.2403295934200287
18.99347186088562,1.4641261501576681,1.4585717916488647,0.173723965883255,0.20956741273403168
18.996538639068604,1.4643976087978228,1.4585717916488647,0.19588007032871246,0.2698100209236145
18.99960470199585,1.4646693860404698,1.4589532613754272,0.09214923530817032,0.21811245381832123
19.00268530845642,1.4649428360019463,1.4593347311019897,0.04078736528754234,0.2715190351009369
19.005767345428467,1.4652167966676757,1.4593347311019897,0.10322728008031845,0.21640345454216003
19.008840560913086,1.4654903543418853,1.4597162008285522,0.03474479168653488,0.22452124953269958
19.011911392211914,1.4657640789287416,1.4600976705551147,0.11833371222019196,0.24417486786842346
19.01498007774353,1.4660379898235434,1.4604791402816772,0.07502861320972443,0.32620736956596375
19.018057107925415,1.4663130235224011,1.4608606100082397,0.32378119230270386,0.21640345454216003
19.021131992340088,1.466588242478594,1.4608606100082397,0.2683909237384796,0.16940565407276154
19.02420210838318,1.4668634096591406,1.4612420797348022,0.3993133306503296,0.27707332372665405
19.0272696018219,1.4671387150077004,1.4616235494613647,0.27544060349464417,0.2232394963502884
19.030339241027832,1.4674145853709006,1.4616235494613647,0.3036392629146576,0.191622793674469
19.03341794013977,1.467691643136696,1.4620050191879272,0.1928587704896927,0.2728008031845093
19.036497831344604,1.4679691810949371,1.4623864889144897,0.1112840473651886,0.27750056982040405
19.039571046829224,1.468246488223741,1.4623864889144897,0.21904325485229492,0.2048676311969757
19.042603254318237,1.4685204570035215,1.4627679586410522,0.10624857246875763,0.21084916591644287
19.04568076133728,1.468798885314647,1.4631494283676147,0.23515678942203522,0.26425573229789734
19.04876160621643,1.469077984476631,1.4631494283676147,0.035751886665821075,0.29074540734291077
19.051825761795044,1.4693559367646971,1.4635308980941772,0.18480201065540314,0.3368886709213257
19.054884910583496,1.4696337970093056,1.4639123678207397,0.14854657649993896,0.19375905394554138
19.057942628860474,1.4699118878724506,1.4642938375473022,0.03373769670724869,0.22494849562644958
19.06099820137024,1.4701901426459922,1.4642938375473022,0.1112840473651886,0.23392081260681152
19.064053297042847,1.4704687118227684,1.4646753072738647,0.2552987039089203,0.2505836486816406
19.067110538482666,1.4707478338020457,1.4650568962097168,0.3026321828365326,0.29587242007255554
19.070168495178223,1.4710273774513665,1.4650568962097168,-0.09718471020460129,0.2693827748298645
19.073224544525146,1.4713071017858192,1.4654383659362793,0.17875944077968597,0.29629969596862793
19.076279640197754,1.471587092567042,1.4658198356628418,0.24623483419418335,0.24289311468601227
19.079335927963257,1.4718675454573298,1.4658198356628418,0.2240787297487259,0.3146715462207794
19.08239436149597,1.4721485475111267,1.4662013053894043,0.11934080719947815,0.2715190351009369
19.085458040237427,1.4724303837352863,1.4665827751159668,0.19386588037014008,0.30826276540756226
19.08852505683899,1.472712879102978,1.4665827751159668,0.07502861320972443,0.29587242007255554
19.091604471206665,1.4729968697571696,1.4669642448425293,0.26234835386276245,0.3014267086982727
19.094676971435547,1.4732805745961217,1.4673457145690918,0.23515678942203522,0.3672236204147339
19.09774613380432,1.473564321026359,1.4673457145690918,0.1606317162513733,0.32834362983703613
19.100823402404785,1.4738491668180735,1.4677271842956543,0.2059510201215744,0.30698099732398987
19.103895902633667,1.4741339197485923,1.4677271842956543,0.0629434660077095,0.2839093506336212
19.10696816444397,1.4744189977312492,1.4681086540222168,0.19487297534942627,0.29672694206237793
19.11003828048706,1.4747042223164712,1.4684901237487793,0.22710002958774567,0.30997177958488464
19.113104343414307,1.47498941419938,1.4688715934753418,0.2563057839870453,0.34372472763061523
19.116173267364502,1.4752752152419437,1.4688715934753418,0.2573128938674927,0.3642328381538391
19.119250297546387,1.4755621146903184,1.4692530632019043,0.2371709793806076,0.31338977813720703
19.122328281402588,1.4758494460924902,1.4696345329284668,0.24925611913204193,0.3937132954597473
19.125396728515625,1.4761362276606016,1.4696345329284668,0.1586175262928009,0.28220033645629883
19.12846350669861,1.4764231918024875,1.4700160026550293,0.2361638844013214,0.2856183648109436
19.13153600692749,1.4767110297076997,1.4703974723815918,0.12236209958791733,0.32620736956596375
19.134601354599,1.476998533954236,1.4703974723815918,0.2663767337799072,0.3027084767818451
19.13767695426941,1.4772873363821575,1.4707789421081543,0.13948272168636322,0.3330434262752533
19.140751600265503,1.4775763852161377,1.4711604118347168,0.2573128938674927,0.29758143424987793
19.143834829330444,1.4778665771767987,1.4715418815612793,0.18379491567611694,0.3138170540332794
19.146912097930908,1.478156542778847,1.4715418815612793,-0.00553902518004179,0.35739681124687195
19.14999008178711,1.4784469091230887,1.4719233512878418,0.15257495641708374,0.3326161503791809
19.15306830406189,1.478737630295199,1.4723048210144043,0.4456397294998169,0.3535515367984772
19.156144857406616,1.4790285248385497,1.4726864099502563,0.15660333633422852,0.3005722165107727
19.159212827682495,1.479318936272488,1.4726864099502563,0.16969558596611023,0.32278934121131897
19.16227912902832,1.4796095163591887,1.4730678796768188,0.035751886665821075,0.3526970446109772
19.165348291397095,1.4799006934925527,1.4734493494033813,0.2059510201215744,0.2894636392593384
19.16842532157898,1.480192943299179,1.4734493494033813,0.12034790217876434,0.37064164876937866
19.17150068283081,1.4804853598951242,1.4738308191299438,0.14854657649993896,0.251438170671463
19.1745765209198,1.480778146026312,1.4742122888565063,0.33788052201271057,0.4146486520767212
19.177673816680908,1.4810733012071617,1.4745937585830688,0.08207827806472778,0.32150760293006897
19.180742740631104,1.4813660747752857,1.4749752283096313,0.1425040066242218,0.2980087101459503
19.183820724487305,1.4816600335586416,1.4753566980361938,0.21602196991443634,0.26382848620414734
19.186896562576294,1.4819541073587947,1.4757381677627563,0.21098649501800537,0.2531471848487854
19.189966678619385,1.4822479519344056,1.4757381677627563,0.2996108829975128,0.18393224477767944
19.193033695220947,1.4825418158370451,1.4761196374893188,0.24824902415275574,0.23263904452323914
19.19610023498535,1.4828359487057035,1.4765011072158813,0.13041886687278748,0.3206530809402466
19.199169158935547,1.4831306241607982,1.4768825769424438,0.11934080719947815,0.20914015173912048
19.20224666595459,1.4834264379972348,1.4772640466690063,0.2230716347694397,0.2394750863313675
19.205321550369263,1.483722312921437,1.4776455163955688,0.2220645397901535,0.24460211396217346
19.20839023590088,1.4840179023655338,1.4780269861221313,0.34291601181030273,0.26340124011039734
19.211455821990967,1.4843135023713763,1.4780269861221313,0.16768139600753784,0.27621880173683167
19.21452260017395,1.484609525365049,1.4784084558486938,0.2552987039089203,0.18222324550151825
19.21760129928589,1.4849070078267919,1.4787899255752563,0.1576104313135147,0.24118410050868988
19.22068476676941,1.48520526003234,1.4791713953018188,0.04179446026682854,0.21512168645858765
19.22375988960266,1.485503011957843,1.4795528650283813,0.20393683016300201,0.18350499868392944
19.226837396621704,1.4858013004276844,1.4799343347549438,0.21904325485229492,0.16684214770793915
19.229906797409058,1.4860991066928237,1.4799343347549438,0.06797894090414047,0.19717708230018616
19.232975959777832,1.4863971917762808,1.4803158044815063,0.1414969116449356,0.1890592873096466
19.236054182052612,1.4866964589442098,1.4806973934173584,0.11833371222019196,0.20956741273403168
19.23913025856018,1.4869958186736871,1.481078863143921,0.29457542300224304,0.2057221382856369
19.242206811904907,1.4872955248291904,1.4814603328704834,0.3680933713912964,0.23050278425216675
19.24527883529663,1.4875950879587778,1.481841802597046,0.21300068497657776,0.19589532911777496
19.248356342315674,1.4878954835383291,1.4822232723236084,0.23414969444274902,0.2381933331489563
19.251431703567505,1.4881959662256614,1.4822232723236084,0.0961776152253151,0.21084916591644287
19.25451374053955,1.4884973974661126,1.482604742050171,0.0961776152253151,0.18435950577259064
19.257604360580444,1.4887999648712043,1.4829862117767334,0.24522773921489716,0.16128785908222198
19.260676622390747,1.4891010283920707,1.4829862117767334,-0.01762416958808899,0.18735027313232422
19.263744354248047,1.4894019387238133,1.483367681503296,0.16264592111110687,0.18435950577259064
19.266817331314087,1.4897036536806127,1.484130620956421,0.22911421954631805,0.19418631494045258
19.269894123077393,1.4900060329673985,1.484130620956421,0.20997940003871918,0.251010924577713
19.272969007492065,1.490308513377162,1.4845120906829834,0.23012131452560425,0.18478675186634064
19.276036262512207,1.4906105295593326,1.4845120906829834,-0.051865413784980774,0.22751201689243317
19.27910327911377,1.4909128070402013,1.484893560409546,0.1928587704896927,0.19888609647750854
19.282172918319702,1.4912156270028607,1.4852750301361084,0.32780957221984863,0.2070038914680481
19.285250663757324,1.4915195307661147,1.485656499862671,0.23515678942203522,0.26254671812057495
19.288326740264893,1.4918235528649557,1.485656499862671,-0.019638361409306526,0.24502937495708466
19.29140019416809,1.4921275973171775,1.4860379695892334,0.2220645397901535,0.29672694206237793
19.294467449188232,1.492431307994715,1.486419439315796,-0.0015106431674212217,0.24759289622306824
19.297536373138428,1.4927354621966562,1.486419439315796,0.0951705202460289,0.21597619354724884
19.300602436065674,1.4930396096786027,1.4868009090423584,0.30968186259269714,0.3458609879016876
19.303687810897827,1.4933459510419993,1.487182378768921,0.2563057839870453,0.2689555287361145
19.30676007270813,1.493651266571788,1.4875638484954834,0.10121309012174606,0.2505836486816406
19.309828996658325,1.4939565243523585,1.487945318222046,0.16667430102825165,0.35996031761169434
19.312896013259888,1.4942618648367108,1.487945318222046,-0.019638361409306526,0.2681010067462921
19.315965175628662,1.4945676904337883,1.488326907157898,0.13545434176921844,0.3031357228755951
19.319042682647705,1.4948746190797373,1.4887083768844604,0.08711375296115875,0.2702372670173645
19.32211470603943,1.495181270876358,1.4887083768844604,0.26033416390419006,0.3317616581916809
19.32518196105957,1.4954877147304049,1.489089846611023,0.173723965883255,0.29416343569755554
19.328248500823975,1.4957943537244474,1.4894713163375854,0.04481574892997742,0.3146715462207794
19.33131742477417,1.4961014968651003,1.4894713163375854,0.24724192917346954,0.35782405734062195
19.33439540863037,1.4964098126099914,1.489852786064148,0.12437628954648972,0.2851911187171936
19.337473154067993,1.4967183695554234,1.4902342557907104,0.08107118308544159,0.31253528594970703
19.340556621551514,1.4970277648140993,1.490615725517273,0.11531242728233337,0.3680781126022339
19.34360146522522,1.4973335433672956,1.490615725517273,0.05085831880569458,0.38773176074028015
19.34667468070984,1.4976424308014333,1.4909971952438354,0.060929276049137115,0.43387502431869507
19.34975266456604,1.4979520578029952,1.491378664970398,0.32881665229797363,0.4325932562351227
19.352829933166504,1.4982618721087246,1.491378664970398,0.1767452508211136,0.3693598806858063
19.35590624809265,1.4985718483465031,1.4917601346969604,0.2079652100801468,0.3667963743209839
19.358975172042847,1.4988813356779254,1.492141604423523,0.11229114234447479,0.31210803985595703
19.362041473388672,1.4991908125709692,1.4925230741500854,0.1414969116449356,0.2710917890071869
19.36510992050171,1.4995007590799618,1.4925230741500854,0.2714122235774994,0.3497062623500824
19.368187189102173,1.4998118497254282,1.492904543876648,-0.03373769670724869,0.3185168206691742
19.371262311935425,1.5001229754568237,1.4932860136032104,0.20393683016300201,0.2685282528400421
19.374330759048462,1.5004336757152563,1.493667483329773,0.08711375296115875,0.3774776756763458
19.377396821975708,1.5007443827861775,1.4940489530563354,0.07804989814758301,0.27450981736183167
19.38046622276306,1.501055675487386,1.4940489530563354,0.22710002958774567,0.3138170540332794
19.383548259735107,1.50136849760502,1.494430422782898,0.18178072571754456,0.29672694206237793
19.386603355407715,1.5016788292092413,1.4948118925094604,0.14955367147922516,0.27835509181022644
19.389678955078125,1.5019914877827212,1.495193362236023,0.17976653575897217,0.30655375123023987
19.392749309539795,1.502303856375787,1.4955748319625854,0.21803615987300873,0.4095216393470764
19.3958158493042,1.5026160782879663,1.4955748319625854,0.12437628954648972,0.34714275598526
19.398885488510132,1.502928856240982,1.495956301689148,0.24925611913204193,0.3514152765274048
19.401962995529175,1.503242676224951,1.496337890625,0.329823762178421,0.32706186175346375
19.405035257339478,1.5035562002154104,1.4967193603515625,0.3338521420955658,0.34714275598526
19.40810251235962,1.5038694501828294,1.497100830078125,0.22710002958774567,0.3646601140499115
19.411168813705444,1.504182838206556,1.4974822998046875,0.3469443917274475,0.27536430954933167
19.414236783981323,1.5044966312449097,1.4974822998046875,0.10423437505960464,0.2860456109046936
19.417306423187256,1.5048108285136261,1.49786376953125,0.03776608034968376,0.3197985887527466
19.42038321495056,1.5051259911311217,1.4982452392578125,0.13948272168636322,0.37277790904045105
19.42346739768982,1.5054421439927046,1.498626708984375,0.10725566744804382,0.2856183648109436
19.42654514312744,1.505757868518093,1.4990081787109375,0.17775234580039978,0.2732280492782593
19.42960524559021,1.506072011314791,1.4993896484375,0.07402151823043823,0.2710917890071869
19.432677507400513,1.5063876300323846,1.4997711181640625,0.17875944077968597,0.3159533143043518
19.435758352279663,1.506704358402443,1.4997711181640625,0.0951705202460289,0.23520256578922272
19.43883991241455,1.5070213874151142,1.500152587890625,0.1727168709039688,0.3052719831466675
19.441916942596436,1.507338175839814,1.5005340576171875,0.14552529156208038,0.3620965778827667
19.44498920440674,1.5076546969282485,1.50091552734375,0.10020599514245987,0.3150987923145294
19.448066234588623,1.507971932024047,1.5012969970703125,0.32680246233940125,0.3796139359474182
19.451141357421875,1.5082891920018808,1.5012969970703125,-0.10322728008031845,0.4137941598892212
19.454219579696655,1.5086069923535717,1.501678466796875,0.014602883718907833,0.35782405734062195
19.457295894622803,1.5089248151115637,1.5020599365234375,0.08812084794044495,0.3663691282272339
19.460368871688843,1.5092425107397087,1.50244140625,0.1273975670337677,0.34201571345329285
19.463440895080566,1.5095603240838,1.50244140625,0.0639505609869957,0.3176623284816742
19.466508150100708,1.5098778587130033,1.5028228759765625,0.07804989814758301,0.37021440267562866
19.469577074050903,1.5101957795363854,1.503204345703125,0.13243305683135986,0.3347524106502533
19.47260332107544,1.5105094871977236,1.5035858154296875,0.3348592221736908,0.37363240122795105
19.475672483444214,1.5108278532419763,1.5039674043655396,0.3137102425098419,0.30698099732398987
19.478740692138672,1.511146330241705,1.504348874092102,0.18480201065540314,0.28049135208129883
19.481807708740234,1.5114648920462805,1.504348874092102,0.20997940003871918,0.3518425226211548
19.48487401008606,1.511783586806189,1.5047303438186646,0.12236209958791733,0.3206530809402466
19.48794150352478,1.5121026116253882,1.505111813545227,0.03776608034968376,0.3035629689693451
19.491008758544922,1.5124218166394963,1.5054932832717896,0.10121309012174606,0.32834362983703613
19.49407434463501,1.5127410516015567,1.5054932832717896,0.2049439251422882,0.29159989953041077
19.49714183807373,1.5130606877653257,1.505874752998352,0.29658961296081543,0.3317616581916809
19.500208139419556,1.5133804010501961,1.5062562227249146,0.07502861320972443,0.382604718208313
19.50327491760254,1.5137003642124232,1.506637692451477,0.10222018510103226,0.3838864862918854
19.506341218948364,1.5140204765656173,1.5070191621780396,0.3489585816860199,0.32492560148239136
19.509407997131348,1.5143408364818143,1.5070191621780396,0.21501487493515015,0.42319372296333313
19.51247763633728,1.5146616921479168,1.507400631904602,0.24724192917346954,0.30612650513648987
19.515549659729004,1.5149829930322227,1.5077821016311646,0.1747310608625412,0.2723735272884369
19.51860237121582,1.5153024671550936,1.508163571357727,0.09315633028745651,0.29288166761398315
19.521672010421753,1.5156239056703802,1.5085450410842896,0.2542915940284729,0.3954222798347473
19.52474045753479,1.5159454114460924,1.508926510810852,0.17070268094539642,0.3787594437599182
19.527807235717773,1.5162669330575784,1.508926510810852,0.2079652100801468,0.2587014436721802
19.530874490737915,1.51658869416193,1.5093079805374146,0.2059510201215744,0.38815900683403015
19.53394365310669,1.5169108438472545,1.509689450263977,0.1898374855518341,0.48300907015800476
19.537022352218628,1.5172341827715554,1.5100709199905396,0.16969558596611023,0.37064164876937866
19.540103912353516,1.5175580097476715,1.510452389717102,0.23314259946346283,0.2369115799665451
19.5431809425354,1.5178815467292741,1.5108338594436646,0.35802242159843445,0.3168078064918518
19.546252489089966,1.5182046913281069,1.511215329170227,0.29155412316322327,0.3689326345920563
19.549330711364746,1.5185287216765868,1.5115967988967896,0.07804989814758301,0.30826276540756226
19.55237627029419,1.5188494932283605,1.5119783878326416,0.2059510201215744,0.26254671812057495
19.555455684661865,1.5191740109345346,1.5119783878326416,0.4325474798679352,0.2984359562397003
19.558528184890747,1.519497979541594,1.512359857559204,0.2069581151008606,0.30740824341773987
19.561604976654053,1.5198225791497026,1.5127413272857666,0.16768139600753784,0.24631112813949585
19.564674377441406,1.520146575784533,1.513122797012329,0.10121309012174606,0.26169222593307495
19.567744731903076,1.5204708485194092,1.5135042667388916,0.029709314927458763,0.2706645429134369
19.57082200050354,1.5207960263266143,1.513885736465454,0.029709314927458763,0.2856183648109436
19.573896646499634,1.5211211006026464,1.5142672061920166,0.3630579113960266,0.2839093506336212
19.57697033882141,1.5214462462834453,1.5142672061920166,0.03675898537039757,0.24502937495708466
19.580121517181396,1.521779766206714,1.5150301456451416,0.22508582472801208,0.2693827748298645
19.583313941955566,1.5221178335698073,1.515411615371704,0.23213550448417664,0.24118410050868988
19.586495637893677,1.5224549456287801,1.5157930850982666,0.12437628954648972,0.3039902448654175
19.58969211578369,1.5227938043284315,1.516174554824829,0.3318379521369934,0.2535744309425354
19.59281301498413,1.5231248241173692,1.5165560245513916,0.48390936851501465,0.22793926298618317
19.59591293334961,1.523453786690211,1.5165560245513916,0.16163882613182068,0.2070038914680481
19.598982572555542,1.5237796999305422,1.516937494277954,0.11531242728233337,0.23135729134082794
19.602048635482788,1.5241053950476005,1.5173189640045166,0.11732661724090576,0.3313344120979309
19.605114698410034,1.524431250442742,1.5180819034576416,0.3167315125465393,0.24460211396217346
19.608184337615967,1.5247576452647424,1.5180819034576416,-0.05085831880569458,0.23477530479431152
19.611260175704956,1.5250848579188168,1.518463373184204,0.23314259946346283,0.16897840797901154
19.614327907562256,1.5254113652406585,1.5188448429107666,0.04582284390926361,0.3022812306880951
19.61741018295288,1.5257395771784854,1.519226312637329,0.02870221994817257,0.2531471848487854
19.620479822158813,1.5260665984622148,1.5196079015731812,0.052872512489557266,0.19333180785179138
19.62355089187622,1.5263939256079093,1.5196079015731812,0.19487297534942627,0.29074540734291077
19.62660264968872,1.5267193452619758,1.5199893712997437,0.22710002958774567,0.22452124953269958
19.629678964614868,1.5270475345047245,1.5203708410263062,0.15559624135494232,0.20273137092590332
19.632753372192383,1.5273756704865504,1.5207523107528687,0.06999313086271286,0.27792781591415405
19.635830640792847,1.5277042609858027,1.5211337804794312,0.11229114234447479,0.26340124011039734
19.638904571533203,1.5280326428259794,1.5215152502059937,0.2049439251422882,0.27835509181022644
19.641974449157715,1.528360737842719,1.5218967199325562,0.2845044732093811,0.3039902448654175
19.64504837989807,1.5286894111702336,1.5222781896591187,0.35500115156173706,0.37064164876937866
19.648117065429688,1.529017667299397,1.5222781896591187,0.22911421954631805,0.2369115799665451
19.65119957923889,1.5293475458860286,1.5226596593856812,0.10020599514245987,0.2702372670173645
19.65426778793335,1.5296760349460656,1.5230411291122437,0.21098649501800537,0.23392081260681152
19.657333850860596,1.5300044339287313,1.5234225988388062,0.3318379521369934,0.3189440667629242
19.660404443740845,1.5303334567957285,1.5234225988388062,0.14753948152065277,0.2373388260602951
19.66347098350525,1.5306621826576823,1.5238040685653687,0.19688716530799866,0.30655375123023987
19.66653823852539,1.5309911212272649,1.5241855382919312,0.11934080719947815,0.3838864862918854
19.669600248336792,1.5313196317733293,1.5245670080184937,0.3006179928779602,0.3488517701625824
19.67266583442688,1.5316486593880585,1.5245670080184937,-0.003524834057316184,0.3646601140499115
19.675731658935547,1.531977844849418,1.5249484777450562,0.13646143674850464,0.3920042812824249
19.678797483444214,1.5323071613517465,1.5253299474716187,0.0800640881061554,0.3022812306880951
19.681870937347412,1.5326374276708357,1.5257114171981812,0.03675898537039757,0.3296253979206085
19.684937238693237,1.5329670541769356,1.5260928869247437,0.21602196991443634,0.3779049217700958
19.688003063201904,1.5332967568034719,1.5264743566513062,0.3670862913131714,0.33817043900489807
19.69106912612915,1.5336266112314278,1.5264743566513062,0.04179446026682854,0.4150759279727936
19.694135427474976,1.533956616265916,1.5272372961044312,0.15257495641708374,0.2992904484272003
19.697208166122437,1.5342874382290541,1.5272372961044312,0.2573128938674927,0.3996948301792145
19.700273990631104,1.534617638401253,1.5276188850402832,0.08409246802330017,0.29672694206237793
19.70333957672119,1.5349479341263397,1.5280003547668457,0.3761501610279083,0.2834821045398712
19.70640778541565,1.535278632573851,1.5280003547668457,0.07502861320972443,0.32748913764953613
19.709484815597534,1.535610401311196,1.5283818244934082,0.1586175262928009,0.32578012347221375
19.71255588531494,1.5359416454643604,1.5291447639465332,0.545342206954956,0.32706186175346375
19.715609312057495,1.53627110238376,1.5291447639465332,0.14552529156208038,0.3206530809402466
19.71867799758911,1.5366023207236137,1.5295262336730957,0.16969558596611023,0.3005722165107727
19.721744060516357,1.5369333699406318,1.5299077033996582,0.19588007032871246,0.32791638374328613
19.724810123443604,1.5372645318277447,1.5299077033996582,-0.03978027030825615,0.3817501962184906
19.72787857055664,1.537596062798755,1.5302891731262207,0.014602883718907833,0.37192338705062866
19.730955362319946,1.5379286062008404,1.5306706428527832,0.16365301609039307,0.32535287737846375
19.7340304851532,1.5382610788743951,1.5310521125793457,0.022659648209810257,0.37534141540527344
19.737106800079346,1.5385937888764738,1.5314335823059082,0.10322728008031845,0.35910582542419434
19.74017596244812,1.5389258321628647,1.5314335823059082,0.16365301609039307,0.3048447370529175
19.743241548538208,1.539257593847273,1.5321965217590332,0.13344015181064606,0.40909436345100403
19.746307134628296,1.5395894595436104,1.5321965217590332,-0.15257495641708374,0.33774319291114807
19.749375581741333,1.5399217378848318,1.5325779914855957,0.06697184592485428,0.3847409784793854
19.752453088760376,1.5402550994993864,1.5329594612121582,0.16264592111110687,0.3035629689693451
19.755523681640625,1.5405878129140642,1.5333409309387207,0.2885328531265259,0.30954450368881226
19.758599281311035,1.540921168481526,1.5337224006652832,0.19588007032871246,0.2839093506336212
19.76166558265686,1.5412536142650417,1.5337224006652832,0.03474479168653488,0.34671550989151
19.764732360839844,1.5415862084208802,1.5344853401184082,0.26134127378463745,0.3646601140499115
19.76779794692993,1.5419187686846616,1.5344853401184082,0.1253833770751953,0.4633554518222809
19.770864009857178,1.5422514748371734,1.5348668098449707,0.1263904720544815,0.3364614248275757
19.773934841156006,1.5425847915670805,1.5352483987808228,0.29558250308036804,0.2710917890071869
19.777000665664673,1.5429176566032554,1.5356298685073853,0.3207598924636841,0.32663461565971375
19.780067682266235,1.5432507415676138,1.5360113382339478,0.16868849098682404,0.4129396378993988
19.783209085464478,1.5435919976293502,1.5363928079605103,0.40233463048934937,0.38644999265670776
19.78627634048462,1.5439252879469396,1.5367742776870728,0.32881665229797363,0.30783551931381226
19.789342641830444,1.5442585613858877,1.5371557474136353,0.07301442325115204,0.3616693317890167
19.792409420013428,1.5445919721693806,1.5371557474136353,0.08912795037031174,0.37235066294670105
19.795475721359253,1.544925415379316,1.5375372171401978,0.02366674318909645,0.2535744309425354
19.798542261123657,1.545258967548019,1.5379186868667603,0.27644771337509155,0.3774776756763458
19.801599979400635,1.5455916416358038,1.5383001565933228,0.2361638844013214,0.3642328381538391
19.80466651916504,1.5459253559300508,1.5386816263198853,0.27544060349464417,0.34799724817276
19.807735204696655,1.546259383142213,1.5390630960464478,0.24422064423561096,0.40738537907600403
19.810810804367065,1.5465942414160976,1.5394445657730103,0.35500115156173706,0.30698099732398987
19.813879013061523,1.5469283720090694,1.5398260354995728,0.15660333633422852,0.45011061429977417
19.81694531440735,1.5472623705016513,1.5398260354995728,0.28047609329223633,0.27579155564308167
19.820012092590332,1.54759649529927,1.5402075052261353,0.07301442325115204,0.40354010462760925
19.823078632354736,1.5479306672432829,1.5405889749526978,0.2714122235774994,0.3172350525856018
19.826103448867798,1.5482603628772738,1.5409704446792603,0.04582284390926361,0.3941405415534973
19.82917547225952,1.5485952742712534,1.5413519144058228,0.3016250729560852,0.30954450368881226
19.83224606513977,1.5489300993224462,1.5417333841323853,0.02366674318909645,0.3535515367984772
19.83532166481018,1.5492655388416112,1.5421148538589478,0.2573128938674927,0.3185168206691742
19.838391304016113,1.5496003954084347,1.5421148538589478,-0.021652551367878914,0.32321658730506897
19.84145760536194,1.5499349535652172,1.5424963235855103,0.2653696537017822,0.2894636392593384
19.844523906707764,1.5502695761498166,1.5428777933120728,0.10020599514245987,0.3800412118434906
19.847601652145386,1.5506055111557722,1.5432593822479248,0.22810712456703186,0.2663919925689697
19.850678205490112,1.550941378411067,1.5436408519744873,0.23112840950489044,0.3189440667629242
19.853765726089478,1.551278504385532,1.5440223217010498,0.39125657081604004,0.3014267086982727
19.856854677200317,1.551615846865349,1.5444037914276123,-0.002517738612368703,0.287327378988266
19.859924793243408,1.5519511908938035,1.5447852611541748,0.14552529156208038,0.3150987923145294
19.862992525100708,1.5522863315208126,1.5451667308807373,0.10222018510103226,0.2557106912136078
19.866063594818115,1.5526218926415938,1.5455482006072998,0.20192264020442963,0.3022812306880951
19.869140148162842,1.5529581077016092,1.5459296703338623,0.11934080719947815,0.2890363931655884
19.872215509414673,1.5532942460178722,1.5459296703338623,0.23112840950489044,0.252292662858963
19.875289916992188,1.5536303323390952,1.5466926097869873,0.2673838436603546,0.33945220708847046
19.878357648849487,1.5539657397023927,1.5466926097869873,0.10121309012174606,0.21853971481323242
19.88142704963684,1.5543013790890057,1.5474555492401123,0.23918516933918,0.21213091909885406
19.884504318237305,1.5546379273247783,1.5474555492401123,0.2824902832508087,0.2980087101459503
19.88757586479187,1.5549738969405225,1.5478370189666748,0.04884412884712219,0.2988632023334503
19.89060378074646,1.5553051390999741,1.5482184886932373,0.2371709793806076,0.32877087593078613
19.89367413520813,1.5556410681642874,1.5485999584197998,0.21803615987300873,0.25998321175575256
19.89674210548401,1.5559767796854722,1.5489814281463623,0.23012131452560425,0.29544517397880554
19.899811267852783,1.556312663722591,1.5493628978729248,0.2079652100801468,0.33817043900489807
19.90288782119751,1.5566493975933207,1.5493628978729248,0.2865186631679535,0.2377660721540451
19.905964851379395,1.5569862234333303,1.5501258373260498,0.2079652100801468,0.27792781591415405
19.909034252166748,1.5573222525054955,1.5505073070526123,0.31270313262939453,0.2834821045398712
19.912100315093994,1.5576579531806254,1.5505073070526123,0.22005034983158112,0.38602274656295776
19.915173053741455,1.557994420646469,1.5508888959884644,0.38622111082077026,0.2569924592971802
19.918256282806396,1.5583320716555216,1.5512703657150269,0.14753948152065277,0.3685053884983063
19.921332120895386,1.5586689467704689,1.5516518354415894,0.13646143674850464,0.2706645429134369
19.924402713775635,1.5590052795406684,1.5520333051681519,0.052872512489557266,0.21683070063591003
19.927473068237305,1.5593416170388672,1.5524147748947144,0.2522774040699005,0.3667963743209839
19.930549144744873,1.5596786110220773,1.5527962446212769,0.13243305683135986,0.26126497983932495
19.93360662460327,1.560013595869623,1.5531777143478394,0.31270313262939453,0.2997176945209503
19.936688899993896,1.5603513245618705,1.5531777143478394,0.1898374855518341,0.26382848620414734
19.939759016036987,1.560687746820365,1.5535591840744019,0.14753948152065277,0.3163805603981018
19.942835330963135,1.5610248730001697,1.5539406538009644,0.11430533230304718,0.27878233790397644
19.945911169052124,1.5613619703351245,1.5543221235275269,0.21300068497657776,0.35825130343437195
19.948989629745483,1.5616993772728127,1.5547035932540894,0.2049439251422882,0.3309071362018585
19.95206928253174,1.5620369358039665,1.5550850629806519,0.3539940416812897,0.32663461565971375
19.955143928527832,1.5623739651746091,1.5554665327072144,0.13646143674850464,0.19760432839393616
19.958213329315186,1.5627104378976626,1.5554665327072144,0.04582284390926361,0.38602274656295776
19.96127986907959,1.5630466140089412,1.5558480024337769,-0.13243305683135986,0.2552834451198578
19.964349031448364,1.563383093410694,1.5562294721603394,0.09819180518388748,0.2377660721540451
19.967427015304565,1.5637205545317052,1.5566109418869019,0.1928587704896927,0.27664607763290405
19.970503091812134,1.5640578198835386,1.5569924116134644,0.2361638844013214,0.21341268718242645
19.973581075668335,1.5643953064534022,1.5573738813400269,0.0961776152253151,0.2535744309425354
19.9766628742218,1.5647332221420465,1.5577553510665894,0.23314259946346283,0.31338977813720703
19.979729175567627,1.5650694481047087,1.5581368207931519,0.2673838436603546,0.2659647464752197
19.982797384262085,1.5654058914703266,1.5585182905197144,0.021652551367878914,0.2693827748298645
19.98587393760681,1.5657432569040615,1.5588998794555664,0.09819180518388748,0.2672465145587921
19.98894476890564,1.5660800006488127,1.559281349182129,0.3761501610279083,0.3334706723690033
19.992011785507202,1.5664163305837533,1.559281349182129,0.24119935929775238,0.2732280492782593
19.995078086853027,1.5667525853355972,1.5596628189086914,0.27443352341651917,0.3031357228755951
19.9981472492218,1.567089155836958,1.560044288635254,0.1253833770751953,0.34244295954704285
