time,command(rad),position(rad),velocity(rad/s),torque
7.152557373046875e-07,1.567293117014917,1.564621925354004,-0.05690089240670204,0.40610361099243164
0.003084897994995117,1.5706750900260242,1.564621925354004,-0.02064545638859272,0.2565651834011078
0.006156206130981445,1.5740416847642018,1.564621925354004,-0.20897230505943298,0.3338979184627533
0.009233474731445312,1.5774122915306874,1.564621925354004,0.12034790217876434,0.3962768018245697
0.012311935424804688,1.5807804184948842,1.5650033950805664,0.15156786143779755,0.5688868761062622
0.015384197235107422,1.5841367331772922,1.565384864807129,0.1898374855518341,0.5265888571739197
0.01845264434814453,1.5874826161566207,1.5657663345336914,0.40434882044792175,0.5201800465583801
0.02152085304260254,1.590820735494379,1.566529393196106,0.3469443917274475,0.6641641855239868
0.02459716796875,1.5941588944248308,1.5676738023757935,0.6410162448883057,0.6410925388336182
0.02766871452331543,1.5974818657160388,1.568818211555481,0.5161364078521729,0.5654688477516174
0.03073906898498535,1.6007923101418884,1.570344090461731,0.7991302609443665,0.6000763177871704
0.03380751609802246,1.6040882427725907,1.571869969367981,0.8595559597015381,0.6893720626831055
0.03687691688537598,1.607371516520212,1.573395848274231,1.0388189554214478,0.5466697216033936
0.039956092834472656,1.6106502675856647,1.5756847858428955,1.2070038318634033,0.6355382800102234
0.043042659759521484,1.6139206005074966,1.5772106647491455,0.9522087574005127,0.3988403081893921
0.046109676361083984,1.617152851300786,1.5794994831085205,0.9028610587120056,0.32535287737846375
0.04917621612548828,1.6203660884515627,1.5817883014678955,1.2100251913070679,0.3509880304336548
0.05224323272705078,1.6235601180029513,1.5844587087631226,1.2110322713851929,0.3851682245731354
0.05531501770019531,1.6267381692219574,1.5867475271224976,1.4930189847946167,0.3971312940120697
0.058397531509399414,1.6299050592525919,1.5890363454818726,1.298649549484253,0.46762797236442566
0.06147003173828125,1.6330382906702754,1.591325283050537,1.381231427192688,0.4257572293281555
0.06454229354858398,1.6361467799729899,1.5939955711364746,1.2513160705566406,0.42404821515083313
0.06761574745178223,1.6392308040025176,1.596665859222412,1.540352463722229,0.41763943433761597
0.07068586349487305,1.6422846964861413,1.5993362665176392,1.3369191884994507,0.42319372296333313
0.07376551628112793,1.6453200395757415,1.6020065546035767,1.294621229171753,0.4099488854408264
0.07683825492858887,1.6483194526531961,1.6046768426895142,1.314763069152832,0.3971312940120697
0.0799107551574707,1.6512884350881882,1.6073472499847412,1.2684366703033447,0.41934844851493835
0.08298015594482422,1.654223166990689,1.6100175380706787,1.5081254243850708,0.4719005227088928
0.08605241775512695,1.6571282572244554,1.6130692958831787,1.4607919454574585,0.443274587392807
0.08913135528564453,1.6600060755724309,1.6157397031784058,1.400366187095642,0.3022812306880951
0.09220719337463379,1.6628463526587316,1.6187914609909058,1.6571755409240723,0.4291752576828003
0.09527420997619629,1.6656429502354582,1.6214618682861328,1.7246509790420532,0.3031357228755951
0.09834122657775879,1.6684030257205504,1.6241321563720703,1.6319981813430786,0.2894636392593384
0.10140848159790039,1.671125764325038,1.6271839141845703,1.5453879833221436,0.4454108476638794
0.10447812080383301,1.6738120099800244,1.6298543214797974,1.5937285423278809,0.3800412118434906
0.10755562782287598,1.6764653641408864,1.6329060792922974,1.6450904607772827,0.26254671812057495
0.11063265800476074,1.6790774979730578,1.6359578371047974,1.762920618057251,0.35996031761169434
0.11370110511779785,1.6816407386217516,1.6386282444000244,1.60984206199646,0.4120851457118988
0.11676764488220215,1.684159923351872,1.641298532485962,1.4809339046478271,0.43515679240226746
0.11983442306518555,1.686635914061541,1.6439688205718994,1.606820821762085,0.30698099732398987
0.12290310859680176,1.6890690922999132,1.6466392278671265,1.5433738231658936,0.35739681124687195
0.12597870826721191,1.6914623284925354,1.6496909856796265,1.5796291828155518,0.3945677876472473
0.12905001640319824,1.6938059542581585,1.6523613929748535,1.3359121084213257,0.4249027371406555
0.13211774826049805,1.6960998217891647,1.655031681060791,1.527260184288025,0.23477530479431152
0.13518357276916504,1.6983444534770946,1.6577019691467285,1.2613869905471802,0.23007553815841675
0.13825368881225586,1.7005434968249582,1.6603723764419556,1.4336004257202148,0.3180895745754242
0.14133095741271973,1.7026979070072294,1.663042664527893,1.3500114679336548,0.34457921981811523
0.14440488815307617,1.7047994439521372,1.6657129526138306,1.6007782220840454,0.32834362983703613
0.1474769115447998,1.7068484316290795,1.6680018901824951,1.3731746673583984,0.5458152294158936
0.1505439281463623,1.7088422143973974,1.6706721782684326,1.2493019104003906,0.3680781126022339
0.15361237525939941,1.710784326249712,1.6729609966278076,1.4023804664611816,0.4625009596347809
0.15668845176696777,1.7126777324331104,1.6756312847137451,1.1949187517166138,0.34714275598526
0.1597597599029541,1.7145140224435054,1.6779202222824097,1.155642032623291,0.38944074511528015
0.1628270149230957,1.716293174666629,1.6802090406417847,1.3036850690841675,0.31168079376220703
0.1658954620361328,1.7180176465665302,1.6824978590011597,1.384252667427063,0.46933698654174805
0.16896724700927734,1.7196878792358374,1.6847867965698242,1.2694437503814697,0.32663461565971375
0.17205476760864258,1.721309462356233,1.6870756149291992,1.1858549118041992,0.32663461565971375
0.17513513565063477,1.7228695297568182,1.6893644332885742,1.0428472757339478,0.3150987923145294
0.178208589553833,1.7243680149256229,1.6916533708572388,1.1808193922042847,0.29202717542648315
0.1812753677368164,1.7258048618901087,1.6939421892166138,1.140535593032837,0.2702372670173645
0.1843419075012207,1.727182750211433,1.6958495378494263,0.9260242581367493,0.3048447370529175
0.18741083145141602,1.7285022842704387,1.6981383562088013,1.1838407516479492,0.23178453743457794
0.19048738479614258,1.7297649354960873,1.7000458240509033,1.1214008331298828,0.3343251645565033
0.1935577392578125,1.7309645169927994,1.7019531726837158,0.9824215769767761,0.41892117261886597
0.1966252326965332,1.7321021545945112,1.7038605213165283,0.9381093978881836,0.3625238537788391
0.199692964553833,1.7331786529989002,1.7057678699493408,1.083131194114685,0.3672236204147339
0.2027590274810791,1.734192986183963,1.7072938680648804,0.8847333192825317,0.4163576662540436
0.20582795143127441,1.7351462397097144,1.7092012166976929,1.0619821548461914,0.4009765684604645
0.20890593528747559,1.7360396210127702,1.7107270956039429,0.9451590776443481,0.4150759279727936
0.21197867393493652,1.7368685287704066,1.7126344442367554,0.8937972187995911,0.27536430954933167
0.21504783630371094,1.737633375608102,1.7141603231430054,0.7558251023292542,0.40653085708618164
0.21811389923095703,1.7383342020895396,1.715686321258545,0.6853284239768982,0.31039902567863464
0.22118282318115234,1.7389721173879136,1.717212200164795,0.8152437806129456,0.4146486520767212
0.22426199913024902,1.7395480113522406,1.7183566093444824,0.5403066873550415,0.29159989953041077
0.2273414134979248,1.7400594678001562,1.7198824882507324,0.7256122827529907,0.28049135208129883
0.23041462898254395,1.740505413893421,1.72102689743042,0.7054703831672668,0.4317387640476227
0.23348045349121094,1.7408859381926591,1.72255277633667,0.8504921197891235,0.27664607763290405
0.23654961585998535,1.7412023583434768,1.723697304725647,0.8504921197891235,0.40909436345100403
0.23961830139160156,1.7414540732533699,1.7248417139053345,0.6400091648101807,0.3351796865463257
0.24269556999206543,1.7416414756090828,1.7256046533584595,0.4295262098312378,0.20999465882778168
0.24576568603515625,1.7417634921148986,1.726749062538147,0.4939803183078766,0.18606851994991302
0.24883317947387695,1.7418205674119107,1.7278934717178345,0.35600823163986206,0.3180895745754242
0.25190281867980957,1.7418127841069293,1.7286564111709595,0.3791714310646057,0.2578469514846802
0.25498366355895996,1.7417396981878943,1.7294193506240845,0.42449072003364563,0.2659647464752197
0.25806736946105957,1.7416010875800394,1.7301822900772095,0.5272144675254822,0.35568779706954956
0.2611410617828369,1.7413978102094156,1.730945348739624,0.46981003880500793,0.3672236204147339
0.26421070098876953,1.7411299941403775,1.731708288192749,0.2069581151008606,0.3851682245731354
0.26727962493896484,1.7407975987309992,1.7320897579193115,0.29356831312179565,0.34158846735954285
0.27034807205200195,1.7404007593781743,1.7328526973724365,0.3318379521369934,0.3044174909591675
0.2734243869781494,1.7399383118756988,1.733234167098999,0.2240787297487259,0.34116122126579285
0.27649807929992676,1.7394118403442973,1.7336156368255615,0.20091554522514343,0.33731594681739807
0.2795677185058594,1.738821995471794,1.7336156368255615,0.17976653575897217,0.3518425226211548
0.2826356887817383,1.7381687174727551,1.733997106552124,0.17775234580039978,0.4125123918056488
0.28570556640625,1.7374514804642571,1.7343785762786865,0.2401922643184662,0.3321889042854309
0.2887752056121826,1.736671000697455,1.7343785762786865,0.09013504534959793,0.40909436345100403
0.2918531894683838,1.7358251366963335,1.7343785762786865,0.03978027030825615,0.35996031761169434
0.29492807388305664,1.73491718719534,1.7343785762786865,-0.11631952226161957,0.4095216393470764
0.29798388481140137,1.7339528833613,1.7343785762786865,-0.11631952226161957,0.30954450368881226
0.3010528087615967,1.7329226087367622,1.7343785762786865,0.18782329559326172,0.34799724817276
0.3041219711303711,1.731830664272316,1.7343785762786865,-0.0639505609869957,0.2223849892616272
0.30719900131225586,1.7306744993425012,1.7343785762786865,0.0961776152253151,0.29459068179130554
0.3102757930755615,1.7294573629870815,1.733997106552124,0.038773175328969955,0.24588388204574585
0.31334447860717773,1.7281830684573736,1.733997106552124,0.12941177189350128,0.18179598450660706
0.31641054153442383,1.7268501283557334,1.7336156368255615,-0.2653696537017822,0.15231555700302124
0.3194766044616699,1.725457973972995,1.733234167098999,-0.32579538226127625,0.13778896629810333
0.32254481315612793,1.7240060861581632,1.7328526973724365,-0.35500115156173706,0.08224612474441528
0.3256213665008545,1.7224917720742414,1.7320897579193115,-0.4476539194583893,0.13095292448997498
0.3286919593811035,1.7209225682195408,1.731708288192749,-0.26134127378463745,0.1266804039478302
0.33176088333129883,1.7192970806961814,1.7313268184661865,-0.16969558596611023,0.07156481593847275
0.33482837677001953,1.7176158737158858,1.7301822900772095,-0.3479514718055725,0.027557794004678726
0.3378946781158447,1.715879513173276,1.7294193506240845,-0.4748454988002777,0.10617227107286453
0.34096384048461914,1.7140863040082033,1.7286564111709595,-0.5262073874473572,0.05404745414853096
0.34404873847961426,1.712228894063565,1.7278934717178345,-0.3811856210231781,0.10617227107286453
0.3471190929412842,1.7103261731055637,1.726749062538147,-0.5967040657997131,0.10061798989772797
0.350186824798584,1.7083719146811538,1.725986123085022,-0.4909590184688568,0.0634470134973526
0.3532602787017822,1.7063614510750944,1.7248417139053345,-0.4567177891731262,0.10916304588317871
0.35632896423339844,1.704302367132834,1.7233158349990845,-0.6118105053901672,0.10403601080179214
0.3594050407409668,1.7021872068355768,1.7221713066101074,-0.7437399625778198,0.07541008293628693
0.3624742031097412,1.700026580952879,1.72102689743042,-0.7810025215148926,0.13821622729301453
0.3655414581298828,1.6978179843357115,1.71950101852417,-0.773952841758728,0.09933622926473618
0.3686075210571289,1.6955617965502359,1.71797513961792,-0.7205767631530762,0.10702677816152573
0.3716764450073242,1.6932558343587156,1.71644926071167,-0.8011444211006165,0.07455558329820633
0.3747537136077881,1.6908965774548037,1.71492338180542,-0.7628747820854187,0.13778896629810333
0.3778254985809326,1.6884954403237826,1.7133973836898804,-0.8283360004425049,0.125825896859169
0.38089442253112793,1.6860514540335607,1.7118715047836304,-1.0045777559280396,0.16128785908222198
0.3839607238769531,1.683565457047328,1.7099641561508179,-1.0257266759872437,0.16470588743686676
0.38703441619873047,1.6810301550291233,1.7080568075180054,-1.142549753189087,0.16470588743686676
0.3901050090789795,1.678455053248402,1.7061493396759033,-0.9874570965766907,0.10916304588317871
0.39318156242370605,1.6758334567650082,1.7042419910430908,-0.8998397588729858,0.20315861701965332
0.3962554931640625,1.6731735892854909,1.7023346424102783,-1.1918975114822388,0.14590676128864288
0.3993260860443115,1.6704771779628615,1.7004272937774658,-1.1012588739395142,0.1736781895160675
0.40239381790161133,1.667744925696001,1.6981383562088013,-1.1314717531204224,0.14804303646087646
0.40546631813049316,1.6649710199374488,1.6962310075759888,-1.2150607109069824,0.09848172962665558
0.40854597091674805,1.6621541279378256,1.6939421892166138,-1.0539253950119019,0.11642633378505707
0.4116222858428955,1.6593048289556043,1.6920348405838013,-1.141542673110962,0.15530632436275482
0.41469264030456543,1.6564267737948684,1.6897459030151367,-1.1939116716384888,0.095918208360672
0.41776204109191895,1.6535164561352875,1.6874570846557617,-1.2583657503128052,0.04251163452863693
0.42083239555358887,1.6505731506276575,1.6851682662963867,-1.2523231506347656,0.11813534796237946
0.42391204833984375,1.64758979840636,1.6828793287277222,-1.455756425857544,0.09207294136285782
0.42698025703430176,1.6445876340765606,1.6805905103683472,-1.4255435466766357,0.12240787595510483
0.43004727363586426,1.6415579271686194,1.6779202222824097,-1.2503089904785156,0.14761577546596527
0.43311429023742676,1.6385006420419048,1.6756312847137451,-1.2885786294937134,0.21084916591644287
0.43618083000183105,1.6354173954378728,1.6729609966278076,-1.5856717824935913,0.1766689568758011
0.43925046920776367,1.6323057044472544,1.6702907085418701,-1.52423894405365,0.15188831090927124
0.44232726097106934,1.6291624954814128,1.667620301246643,-1.6481117010116577,0.15658807754516602
0.4454002380371094,1.6260001041461334,1.665331482887268,-1.5866788625717163,0.10531777143478394
0.44846677780151367,1.6228225196131654,1.662279725074768,-1.2311742305755615,0.11941710859537125
0.45153307914733887,1.619624570013621,1.659609317779541,-1.6330052614212036,0.18179598450660706
0.45460033416748047,1.6164061925602549,1.6569390296936035,-1.3268482685089111,0.08566414564847946
0.45766735076904297,1.613169826305326,1.654268741607666,-1.5312886238098145,0.06472877413034439
0.46073317527770996,1.6099176913255506,1.651598334312439,-1.2785077095031738,0.12326237559318542
0.46379971504211426,1.606648975735464,1.648546576499939,-1.6652323007583618,0.07711909711360931
0.46686792373657227,1.6033638590936716,1.6458762884140015,-1.6430761814117432,0.14932478964328766
0.4699380397796631,1.6000632825884844,1.642824411392212,-1.5192034244537354,0.18606851994991302
0.4729776382446289,1.5967834977152027,1.6401541233062744,-1.7186083793640137,0.13308918476104736
0.4760446548461914,1.5934632293269957,1.6371023654937744,-1.5091325044631958,0.14889752864837646
0.4791109561920166,1.590134020105137,1.6340504884719849,-1.778027057647705,0.1766689568758011
0.48218393325805664,1.586789057764326,1.6309987306594849,-1.60581374168396,0.1437705010175705
0.48525118827819824,1.583443075240639,1.6279468536376953,-1.5866788625717163,0.10318150371313095
0.48831844329833984,1.580091094273597,1.6245136260986328,-1.7115586996078491,0.06900129467248917
0.49138522148132324,1.5767348819455342,1.6218433380126953,-1.78306245803833,0.06601052731275558
0.49445080757141113,1.5733764701930724,1.6187914609909058,-1.539345383644104,0.10318150371313095
0.497516393661499,1.5700158012285266,1.6153582334518433,-1.7286792993545532,0.20914015173912048
0.5005824565887451,1.566653598951498,1.6123063564300537,-1.6511329412460327,0.09292744100093842
0.5036489963531494,1.5632911109450405,1.6092545986175537,-1.8958572149276733,0.17752346396446228
0.5067155361175537,1.5599301083136106,1.6062028408050537,-1.52423894405365,0.18179598450660706
0.509784460067749,1.556569229149265,1.6027694940567017,-1.5866788625717163,0.2655375003814697
0.5128607749938965,1.5532042582391292,1.5993362665176392,-2.0257725715637207,0.11728084087371826
0.5159356594085693,1.5498461115185886,1.5962843894958496,-1.8203250169754028,0.09719996899366379
0.5189776420593262,1.546530300839564,1.592851161956787,-1.8183108568191528,0.11386281996965408
0.522050142288208,1.543188928673578,1.5897992849349976,-1.784069538116455,0.13693445920944214
0.5251166820526123,1.539862994376693,1.5867475271224976,-1.7186083793640137,0.06601052731275558
0.5281846523284912,1.536545698484688,1.5836957693099976,-1.696452260017395,0.1253986358642578
0.5312516689300537,1.533240853051451,1.5802624225616455,-1.6148775815963745,0.1433432549238205
0.5343191623687744,1.5299481416925922,1.5772106647491455,-1.6400549411773682,0.1104447990655899
0.5373859405517578,1.5266700650797753,1.5737773180007935,-1.6037994623184204,0.1587243527173996
0.5404524803161621,1.5234073240866666,1.5707255601882935,-1.7377431392669678,0.17154192924499512
0.543525218963623,1.520154329293586,1.567292332649231,-1.6622110605239868,0.16171512007713318
0.5465912818908691,1.5169259136260405,1.563858985900879,-1.903913974761963,0.14505226910114288
0.5496580600738525,1.5137154431931863,1.560807228088379,-1.8142824172973633,0.063019759953022
0.5527243614196777,1.5105253597001775,1.5573738813400269,-1.940169334411621,0.11984435468912125
0.5557916164398193,1.5073553643354265,1.5539406538009644,-1.5111466646194458,0.18606851994991302
0.5588581562042236,1.5042083611112242,1.5508888959884644,-1.782055377960205,0.11386281996965408
0.5619244575500488,1.5010850184866367,1.5474555492401123,-1.9653468132019043,0.13266193866729736
0.5649800300598145,1.497997048463755,1.5444037914276123,-1.6330052614212036,0.1279621571302414
0.5680487155914307,1.4949215335069395,1.5409704446792603,-1.763927698135376,0.1578698456287384
0.5711154937744141,1.4918748086797677,1.5379186868667603,-1.764934778213501,0.11471732705831528
0.5741829872131348,1.4888553847871961,1.5348668098449707,-1.683359980583191,0.1736781895160675
0.5772509574890137,1.485864634672495,1.5314335823059082,-1.9311054944992065,0.17068742215633392
0.5803177356719971,1.4829052855136493,1.5280003547668457,-1.6430761814117432,0.27835509181022644
0.5833876132965088,1.4799743252750266,1.5249484777450562,-1.5292744636535645,0.18051423132419586
0.586456298828125,1.4770769698242237,1.5218967199325562,-1.6440832614898682,0.1292439103126526
0.5895235538482666,1.4742144789707807,1.5188448429107666,-1.6370337009429932,0.10489051789045334
0.5925915241241455,1.4713859022320643,1.5157930850982666,-1.5997711420059204,0.1420614868402481
0.5956580638885498,1.4685942559036602,1.5127413272857666,-1.6994736194610596,0.08566414564847946
0.598724365234375,1.4658394620456972,1.5093079805374146,-1.525246024131775,0.08352788537740707
0.6017904281616211,1.4631225344982308,1.5062562227249146,-1.6894025802612305,0.14077973365783691
0.6048579216003418,1.460443025515608,1.503204345703125,-1.521217703819275,0.17880521714687347
0.6079263687133789,1.4578023924780783,1.500152587890625,-1.8263676166534424,0.17154192924499512
0.6109786033630371,1.4552160844072253,1.4974822998046875,-1.6199129819869995,0.1604333519935608
0.614051103591919,1.4526542366887827,1.494430422782898,-1.471869945526123,0.13351644575595856
0.617121696472168,1.4501366620832437,1.491378664970398,-1.5806362628936768,0.12112611532211304
0.6201972961425781,1.4476586964188292,1.4887083768844604,-1.5061112642288208,0.1271076500415802
0.6232640743255615,1.4452323196504535,1.485656499862671,-1.467841625213623,0.048493172973394394
0.6263306140899658,1.442851445636796,1.482604742050171,-1.6541543006896973,0.08480964601039886
0.6293983459472656,1.4405158693683533,1.4799343347549438,-1.4859693050384521,0.015594720840454102
0.6324644088745117,1.4382286250047156,1.4772640466690063,-1.5745937824249268,0.07455558329820633
0.6355307102203369,1.4359891058619865,1.4745937585830688,-1.4487067461013794,0.0643015205860138
0.6385972499847412,1.4337981544591483,1.4715418815612793,-1.7880979776382446,0.15487907826900482
0.6416637897491455,1.4316567601499341,1.4692530632019043,-1.4265507459640503,0.1890592873096466
0.6447300910949707,1.4295658784826757,1.4662013053894043,-1.3913023471832275,0.21982146799564362
0.6477959156036377,1.427526430296066,1.4635308980941772,-1.4265507459640503,0.19674982130527496
0.6508617401123047,1.425538843257136,1.4612420797348022,-1.2684366703033447,0.18307773768901825
0.6539278030395508,1.423603706461162,1.4585717916488647,-1.3459830284118652,0.13180743157863617
0.6569836139678955,1.42172809724385,1.4559013843536377,-1.3197985887527466,0.12454413622617722
0.6600518226623535,1.4198988668085248,1.4536125659942627,-1.3026779890060425,0.12198062241077423
0.6631174087524414,1.4181259060425517,1.4509422779083252,-1.538338303565979,0.10745403170585632
0.6661858558654785,1.4164067089915742,1.4486533403396606,-1.4215152263641357,0.1574425846338272
0.6692545413970947,1.4147434679367334,1.4463645219802856,-1.386266827583313,0.10617227107286453
0.6723208427429199,1.4131381629422668,1.4440757036209106,-1.1173723936080933,0.043366141617298126
0.6753873825073242,1.411589957628847,1.4421683549880981,-1.157656192779541,0.06771954149007797
0.6784543991088867,1.4100993265368387,1.4398794174194336,-1.1989470720291138,0.08267337828874588
0.6815218925476074,1.4086668503013307,1.437972068786621,-0.9874570965766907,0.08395513892173767
0.6845879554748535,1.4072939240312903,1.435683250427246,-1.1838407516479492,0.07797360420227051
0.6876544952392578,1.4059801759195443,1.4337759017944336,-1.4144655466079712,0.16214236617088318
0.690720796585083,1.4047264069259557,1.431486964225769,-1.158663272857666,0.16897840797901154
0.6937868595123291,1.4035330683953184,1.4295796155929565,-1.2704509496688843,0.1903410404920578
0.6968531608581543,1.4024004176788052,1.427672266960144,-1.1888761520385742,0.12240787595510483
0.6999216079711914,1.4013282420674515,1.426146388053894,-0.7316548228263855,0.13736172020435333
0.702977180480957,1.400321864439705,1.4238574504852295,-0.9854428768157959,0.13821622729301453
0.7060432434082031,1.399373891356659,1.4223315715789795,-0.73870450258255,0.0318303182721138
0.7091124057769775,1.3984873716598956,1.420424222946167,-0.8303502202033997,0.10916304588317871
0.7121949195861816,1.3976601788518657,1.418898344039917,-1.0368047952651978,0.08865492045879364
0.7152676582336426,1.396898936910572,1.4173723459243774,-0.9179674983024597,0.10446326434612274
0.7183351516723633,1.3962023429299464,1.4158464670181274,-0.8293430805206299,0.17154192924499512
0.7214016914367676,1.3955694891690353,1.4143205881118774,-0.9421377778053284,0.0801098644733429
0.7244701385498047,1.3950000500502255,1.4127947092056274,-0.7789883017539978,0.08694590628147125
0.7275393009185791,1.3944945403187987,1.41165030002594,-0.5634698867797852,0.05105668678879738
0.7306079864501953,1.394053351697406,1.4105058908462524,-0.6490730047225952,0.08395513892173767
0.7336740493774414,1.3936768591557223,1.408979892730713,-0.6359807848930359,0.08480964601039886
0.7367408275604248,1.3933647326377532,1.408216953277588,-0.5362783074378967,0.043793391436338425
0.73980712890625,1.3931172168332153,1.4070725440979004,-0.5674982666969299,0.035675592720508575
0.7428739070892334,1.3929343266623408,1.405928134918213,-0.38924238085746765,0.08993667364120483
0.7459397315979004,1.3928162002184137,1.405165195465088,-0.6057679057121277,0.046784162521362305
0.7489800453186035,1.39276299144462,1.4040207862854004,-0.5614557266235352,0.0117494473233819
0.7520551681518555,1.3927739585488266,1.4032578468322754,-0.6259098052978516,0.04165713116526604
0.755124568939209,1.3928498732162313,1.4024949073791504,-0.4315403997898102,0.09933622926473618
0.7581915855407715,1.3929905325830085,1.4017318487167358,-0.3771572411060333,0.07498283684253693
0.7612576484680176,1.3931958442798147,1.4009689092636108,-0.3157244324684143,0.14547951519489288
0.7643270492553711,1.393466094805625,1.3998245000839233,-0.6259098052978516,0.16427862644195557
0.76739501953125,1.3938008242506674,1.3994430303573608,-0.09214923530817032,0.14847028255462646
0.7704629898071289,1.3942000191142485,1.3990615606307983,-0.29658961296081543,0.21341268718242645
0.7735304832458496,1.3946634540349652,1.3982986211776733,-0.23515678942203522,0.21554894745349884
0.7765967845916748,1.395190796452181,1.3982986211776733,-0.049851223826408386,0.16983291506767273
0.7796628475189209,1.3957819698052072,1.3975356817245483,-0.21602196991443634,0.21127641201019287
0.782728910446167,1.3964367932155168,1.3971542119979858,-0.10020599514245987,0.1574425846338272
0.7857956886291504,1.3971551985955266,1.3967727422714233,-0.3187457025051117,0.1920500546693802
0.7888648509979248,1.397937405983896,1.3967727422714233,0.03675898537039757,0.251865416765213
0.7919421195983887,1.398784906049095,1.3967727422714233,0.02366674318909645,0.28177309036254883
0.7949790954589844,1.3996830723810936,1.3967727422714233,-0.019638361409306526,0.18136873841285706
0.7980501651763916,1.4006533796958454,1.3967727422714233,-0.11229114234447479,0.21597619354724884
0.801119327545166,1.4016850710074507,1.3967727422714233,0.1263904720544815,0.20059509575366974
0.8041918277740479,1.4027795683300448,1.3967727422714233,-0.004531929735094309,0.24930189549922943
0.807260274887085,1.4039338105320485,1.3967727422714233,0.0800640881061554,0.2232394963502884
0.8103363513946533,1.4051518680250539,1.3971542119979858,0.17170977592468262,0.3027084767818451
0.8134071826934814,1.406428260393976,1.3971542119979858,-0.003524834057316184,0.29672694206237793
0.8164746761322021,1.4077630528424039,1.3975356817245483,0.12236209958791733,0.37277790904045105
0.8195409774780273,1.409156551043215,1.3979171514511108,0.1908445805311203,0.35739681124687195
0.8226075172424316,1.4106088601043252,1.3982986211776733,0.32881665229797363,0.35867857933044434
0.8256752490997314,1.4121199332525827,1.3986800909042358,0.29457542300224304,0.3309071362018585
0.8287417888641357,1.4136880351892973,1.3994430303573608,0.40837720036506653,0.34457921981811523
0.83180832862854,1.4153131597067232,1.4002059698104858,0.5654841065406799,0.4757457971572876
0.8348743915557861,1.4169944376808288,1.4009689092636108,0.38924238085746765,0.27493706345558167
0.8379418849945068,1.4187323168129622,1.4021133184432983,0.5231860876083374,0.31338977813720703
0.8409802913665771,1.4205081206770362,1.402876377105713,0.3519798517227173,0.37021440267562866
0.8440465927124023,1.4223544602672327,1.403639316558838,0.46779584884643555,0.2655375003814697
0.8471119403839111,1.4242539975649058,1.4047837257385254,0.580590546131134,0.24802014231681824
0.8501791954040527,1.4262078250924506,1.405928134918213,0.65310138463974,0.2578469514846802
0.8532447814941406,1.4282129461833135,1.4070725440979004,0.6571297645568848,0.191195547580719
0.8563108444213867,1.430269989546285,1.408216953277588,0.7477683424949646,0.21213091909885406
0.8593776226043701,1.4323783815522622,1.409742832183838,0.7356832027435303,0.2672465145587921
0.8624441623687744,1.4345366957707033,1.410887360572815,0.4416113495826721,0.2890363931655884
0.8655104637145996,1.4367441193820756,1.412413239479065,0.9139391183853149,0.2052948772907257
0.8685793876647949,1.4390019488735806,1.413939118385315,0.5735408663749695,0.13308918476104736
0.8716459274291992,1.4413056683217262,1.415464997291565,0.6974136233329773,0.28091859817504883
0.8747122287750244,1.4436559733039986,1.416990876197815,0.8243076205253601,0.2531471848487854
0.8777811527252197,1.4460542375742718,1.4185168743133545,0.9058823585510254,0.27664607763290405
0.8808481693267822,1.4484960467591361,1.4200427532196045,0.9209887981414795,0.382604718208313
0.8839142322540283,1.450981190701813,1.421950101852417,1.0327763557434082,0.3612420856952667
0.8869800567626953,1.4535093011899998,1.423475980758667,1.015655755996704,0.2651102542877197
0.890056848526001,1.456088901084557,1.4253833293914795,1.1153582334518433,0.3364614248275757
0.8931264877319336,1.4587039187553386,1.4272907972335815,1.1798123121261597,0.31168079376220703
0.8961944580078125,1.461357874755123,1.429198145866394,0.8817120790481567,0.35611504316329956
0.8992674350738525,1.4640556205446738,1.4311054944992065,1.0569466352462769,0.30954450368881226
0.9023334980010986,1.4667856530973415,1.433012843132019,0.9975280165672302,0.3808957040309906
0.905400276184082,1.4695536350193277,1.4353017807006836,1.0297551155090332,0.3774776756763458
0.9084692001342773,1.4723598807145215,1.437209129333496,1.2221102714538574,0.3646601140499115
0.9115462303161621,1.4752089744746248,1.439497947692871,1.312748908996582,0.3176623284816742
0.914618968963623,1.4780884415455169,1.4417868852615356,1.244266390800476,0.3197985887527466
0.9176883697509766,1.4809979761446246,1.4440757036209106,1.4305790662765503,0.2505836486816406
0.9207546710968018,1.4839366193910677,1.4463645219802856,1.4436713457107544,0.23520256578922272
0.9238202571868896,1.4869055057816758,1.4490348100662231,1.2029755115509033,0.21469444036483765
0.9268887042999268,1.4899070278393838,1.4513237476348877,1.4597848653793335,0.2501564025878906
0.9299569129943848,1.4929370768776224,1.4536125659942627,1.521217703819275,0.27920958399772644
0.9329774379730225,1.495947033128464,1.4559013843536377,1.139528512954712,0.286900132894516
0.9360435009002686,1.499028643090299,1.4585717916488647,1.2644083499908447,0.2552834451198578
0.9391098022460938,1.5021358292796059,1.4612420797348022,1.3933165073394775,0.3027084767818451
0.9421863555908203,1.5052777086000781,1.4635308980941772,1.223117470741272,0.30569925904273987
0.9452548027038574,1.5084343913999518,1.4662013053894043,1.4154726266860962,0.3676508665084839
0.9483256340026855,1.5116154291870805,1.4688715934753418,1.455756425857544,0.35483330488204956
0.9513921737670898,1.514812705396399,1.4719233512878418,1.4376287460327148,0.32236209511756897
0.9544594287872314,1.5180302161106545,1.4742122888565063,1.557473063468933,0.3514152765274048
0.9575257301330566,1.5212650141507995,1.4772640466690063,1.521217703819275,0.35782405734062195
0.9605920314788818,1.5245168962728324,1.4799343347549438,1.606820821762085,0.3035629689693451
0.9636580944061279,1.5277844007984043,1.4829862117767334,1.6148775815963745,0.251865416765213
0.9667236804962158,1.5310660557848805,1.485656499862671,1.468848705291748,0.18051423132419586
0.9697895050048828,1.5343614074616185,1.4887083768844604,1.521217703819275,0.3005722165107727
0.9728553295135498,1.537668978396027,1.491378664970398,1.468848705291748,0.3526970446109772
0.9759213924407959,1.5409877997587256,1.494430422782898,1.625955581665039,0.3967040479183197
0.9789774417877197,1.5443054976181882,1.4974822998046875,1.5141680240631104,0.4462653398513794
0.9820430278778076,1.5476420622845766,1.5005340576171875,1.7468070983886719,0.2860456109046936
0.9851100444793701,1.5509874790620892,1.5035858154296875,1.6591897010803223,0.4099488854408264
0.9881796836853027,1.5543418186564646,1.506637692451477,1.6360265016555786,0.37192338705062866
0.991255521774292,1.5577077631687695,1.509689450263977,1.612863302230835,0.37320515513420105
0.9943268299102783,1.5610723228777459,1.5127413272857666,1.7397574186325073,0.2681010067462921
0.9973955154418945,1.5644363232068315,1.516174554824829,1.8032044172286987,0.1903410404920578
1.0004613399505615,1.5677982478081336,1.5188448429107666,1.6511329412460327,0.2394750863313675
1.0035290718078613,1.571162075813882,1.5222781896591187,1.542366623878479,0.29159989953041077
1.006598711013794,1.5745265559811719,1.5253299474716187,1.782055377960205,0.3330434262752533
1.009669542312622,1.5778896500181534,1.5283818244934082,1.6742961406707764,0.28006407618522644
1.0127463340759277,1.5812553144299868,1.5318150520324707,1.78104829788208,0.34799724817276
1.0158205032348633,1.584612898835414,1.5352483987808228,1.7176012992858887,0.34244295954704285
1.0188944339752197,1.5879637616722337,1.5383001565933228,1.7347218990325928,0.20999465882778168
1.0219848155975342,1.5913247823086223,1.5417333841323853,1.8314030170440674,0.3368886709213257
1.0250682830810547,1.5946692537904457,1.5447852611541748,1.832410216331482,0.32706186175346375
1.0281357765197754,1.5979862052880065,1.5482184886932373,1.8162965774536133,0.30783551931381226
1.0312020778656006,1.6012904729666706,1.5512703657150269,1.6370337009429932,0.251438170671463
1.0342683792114258,1.604582121465418,1.5547035932540894,1.852552056312561,0.2693827748298645
1.0373361110687256,1.6078614547794796,1.5581368207931519,1.8293888568878174,0.3189440667629242
1.0404043197631836,1.6111262220424418,1.5611886978149414,1.994552493095398,0.23477530479431152
1.0434703826904297,1.614372433252802,1.5642404556274414,1.939162254333496,0.2856183648109436
1.0465366840362549,1.6176014226925315,1.5676738023757935,1.5997711420059204,0.38730448484420776
1.0496039390563965,1.6208127342107805,1.571107029914856,2.0287938117980957,0.29288166761398315
1.0526702404022217,1.6240031789892417,1.574158787727356,1.7870908975601196,0.3454337418079376
1.055736780166626,1.627172819838084,1.5772106647491455,1.8142824172973633,0.26211947202682495
1.0588037967681885,1.6303207188544835,1.580643892288208,1.7256580591201782,0.27664607763290405
1.061873197555542,1.6334476320030373,1.5836957693099976,1.7558709383010864,0.24588388204574585
1.0649418830871582,1.636549220481023,1.58712899684906,1.9854886531829834,0.21640345454216003
1.0679795742034912,1.6395941285149387,1.5901808738708496,1.7176012992858887,0.2651102542877197
1.071047306060791,1.6426424149835748,1.593614101409912,1.8777294158935547,0.28091859817504883
1.0741136074066162,1.6456613057700147,1.596665859222412,1.6471046209335327,0.27750056982040405
1.0771822929382324,1.6486534212350314,1.6000992059707642,1.9623254537582397,0.3804684579372406
1.0802514553070068,1.6516157485417713,1.6031509637832642,1.78104829788208,0.40823987126350403
1.0833213329315186,1.654547398181771,1.6062028408050537,1.7145799398422241,0.3796139359474182
1.0863900184631348,1.657445466169455,1.6096360683441162,1.9683680534362793,0.45011061429977417
1.0894675254821777,1.6603182050593035,1.6126878261566162,1.7024948596954346,0.35910582542419434
1.0925383567810059,1.663150044788362,1.6157397031784058,1.542366623878479,0.3001449704170227
1.0956065654754639,1.6659438270570106,1.6187914609909058,1.6501258611679077,0.2587014436721802
1.09867262840271,1.6686990318669321,1.6222248077392578,1.8042114973068237,0.24588388204574585
1.1017389297485352,1.6714168129663338,1.6252765655517578,1.6330052614212036,0.4120851457118988
1.1048054695129395,1.6740961526921927,1.6279468536376953,1.4064087867736816,0.251010924577713
1.1078743934631348,1.6767378802332829,1.6309987306594849,1.6289769411087036,0.29074540734291077
1.1109507083892822,1.679345129307128,1.6340504884719849,1.7125657796859741,0.32150760293006897
1.113978624343872,1.6818704837823375,1.6371023654937744,1.6702678203582764,0.30911725759506226
1.1170501708984375,1.6843898519488443,1.6401541233062744,1.5030899047851562,0.38944074511528015
1.120117425918579,1.6868621796526464,1.642824411392212,1.8092470169067383,0.34714275598526
1.1231834888458252,1.6892891638187593,1.645494818687439,1.383245587348938,0.37491416931152344
1.1262493133544922,1.6916706897189902,1.648546576499939,1.5756008625030518,0.4163576662540436
1.1293160915374756,1.694006783316708,1.6512168645858765,1.4124513864517212,0.27963683009147644
1.132382869720459,1.6962958293469146,1.654268741607666,1.523231863975525,0.32193484902381897
1.135448694229126,1.6985362885170165,1.6569390296936035,1.4577707052230835,0.2676737606525421
1.1385152339935303,1.7007285542604045,1.659609317779541,1.4265507459640503,0.22452124953269958
1.1415815353393555,1.7028711197777946,1.662279725074768,1.3248341083526611,0.29758143424987793
1.1446480751037598,1.704963522861494,1.6649500131607056,1.456763505935669,0.41721218824386597
1.1477172374725342,1.7070065419090457,1.667620301246643,1.4849622249603271,0.37064164876937866
1.1507833003997803,1.7089956217986286,1.6702907085418701,1.4356145858764648,0.28006407618522644
1.1538496017456055,1.7109322620001646,1.6729609966278076,1.449713945388794,0.37106889486312866
1.1569182872772217,1.7128170304308785,1.6752498149871826,1.299656629562378,0.4142214059829712
1.1599798202514648,1.714643496513296,1.6779202222824097,1.5071183443069458,0.32236209511756897
1.163048505783081,1.7164195152170982,1.6802090406417847,1.4396429061889648,0.3774776756763458
1.166114091873169,1.718138386241116,1.6824978590011597,1.3208056688308716,0.32364386320114136
1.1691803932189941,1.7198016748594824,1.6847867965698242,1.3258411884307861,0.286900132894516
1.1722493171691895,1.721409705973132,1.6870756149291992,1.538338303565979,0.29117265343666077
1.1753273010253906,1.722964927609413,1.6893644332885742,1.1103227138519287,0.26211947202682495
1.1783931255340576,1.7244561282235003,1.6916533708572388,1.3741817474365234,0.3783321976661682
1.1814587116241455,1.7258889029268183,1.6935607194900513,1.1455711126327515,0.2997176945209503
1.1845247745513916,1.727263047484866,1.6958495378494263,1.0297551155090332,0.3667963743209839
1.1875944137573242,1.7285793232311695,1.6981383562088013,1.3721675872802734,0.2843366265296936
1.1906709671020508,1.7298383648590583,1.7000458240509033,1.0519112348556519,0.37064164876937866
1.1937603950500488,1.7310415560986638,1.7019531726837158,0.9391164779663086,0.3693598806858063
1.1968626976013184,1.7321876751043987,1.7038605213165283,1.0639963150024414,0.4291752576828003
1.1999382972717285,1.7332620864788717,1.7057678699493408,0.9602655172348022,0.4137941598892212
1.2029807567596436,1.7342639427484725,1.7072938680648804,0.8384069800376892,0.3612420856952667
1.2060575485229492,1.7352150510455069,1.7092012166976929,0.9723506569862366,0.3971312940120697
1.2091341018676758,1.7361033374328598,1.7107270956039429,0.8011444211006165,0.45566490292549133
1.212202548980713,1.7369264549790022,1.7122529745101929,0.877683699131012,0.4278934895992279
1.2152762413024902,1.7376877659380605,1.7141603231430054,0.7820096015930176,0.3979858160018921
1.2183427810668945,1.7383839757916788,1.715686321258545,0.8253147006034851,0.2988632023334503
1.2214131355285645,1.7390174186333833,1.7168307304382324,0.7467612624168396,0.40653085708618164
1.2244906425476074,1.739588205187496,1.7183566093444824,0.7689173817634583,0.3518425226211548
1.2275631427764893,1.740093800585217,1.71950101852417,0.6017395257949829,0.3855954706668854
1.230635643005371,1.7405349972201358,1.72102689743042,0.6269168853759766,0.2663919925689697
1.2337026596069336,1.7409110160733736,1.7221713066101074,0.810208261013031,0.45096513628959656
1.236771583557129,1.7412227360151902,1.723697304725647,0.5765621662139893,0.30783551931381226
1.2398509979248047,1.7414705207419,1.724460244178772,0.29256123304367065,0.3035629689693451
1.2429299354553223,1.7416530779505897,1.7256046533584595,0.4456397294998169,0.2569924592971802
1.2459774017333984,1.7417695139533504,1.726749062538147,0.4718242287635803,0.2672465145587921
1.2490441799163818,1.7418221104039766,1.7278934717178345,0.5272144675254822,0.3150987923145294
1.2521123886108398,1.7418098852118193,1.7286564111709595,0.5080796480178833,0.32663461565971375
1.2551846504211426,1.7417326585579225,1.7294193506240845,0.39024949073791504,0.3680781126022339
1.258263111114502,1.7415900798247381,1.7301822900772095,0.3962920606136322,0.32535287737846375
1.261338233947754,1.7413825530271634,1.730945348739624,0.2885328531265259,0.3150987923145294
1.2644093036651611,1.7411104382964386,1.731708288192749,0.48491644859313965,0.3138170540332794
1.2674765586853027,1.7407740647178955,1.7320897579193115,0.33989471197128296,0.31338977813720703
1.2705466747283936,1.740372855516015,1.7328526973724365,0.29457542300224304,0.4249027371406555
1.2736310958862305,1.7399049236342667,1.733234167098999,0.27544060349464417,0.3338979184627533
1.2767055034637451,1.739373997544267,1.7336156368255615,0.16969558596611023,0.3338979184627533
1.2797775268554688,1.738779347646786,1.733997106552124,0.16868849098682404,0.40225833654403687
1.2828483581542969,1.7381210765896773,1.733997106552124,-0.1928587704896927,0.38730448484420776
1.2859201431274414,1.73739897706284,1.7343785762786865,0.23414969444274902,0.39114975929260254
1.2889807224273682,1.7366164927084262,1.7343785762786865,-0.08711375296115875,0.3535515367984772
1.2920582294464111,1.735766546506367,1.7343785762786865,0.0317235067486763,0.33902496099472046
1.2951292991638184,1.7348555845370717,1.7343785762786865,0.004531929735094309,0.3544060289859772
1.2981977462768555,1.7338830918173986,1.7343785762786865,-0.27544060349464417,0.30783551931381226
1.3012642860412598,1.7328493407410925,1.7343785762786865,-0.07200732082128525,0.251865416765213
1.304333209991455,1.7317532545592902,1.7343785762786865,0.007553216069936752,0.1903410404920578
1.307413101196289,1.7305917758290013,1.733997106552124,-0.0629434660077095,0.16214236617088318
1.3104898929595947,1.7293704073471374,1.733997106552124,-0.13545434176921844,0.20401312410831451
1.3135595321655273,1.728091517569345,1.7336156368255615,-0.04078736528754234,0.1886320263147354
1.3166263103485107,1.726754088944836,1.7336156368255615,-0.024673838168382645,0.13394369184970856
1.319692611694336,1.7253576757988798,1.733234167098999,-0.18782329559326172,0.11941710859537125
1.3227620124816895,1.7239010928098812,1.7328526973724365,-0.24623483419418335,0.12198062241077423
1.3258421421051025,1.7223808669011225,1.7320897579193115,-0.33888763189315796,0.1271076500415802
1.3289239406585693,1.720801685183041,1.731708288192749,-0.3499656617641449,0.11386281996965408
1.3319804668426514,1.7191786021368447,1.730945348739624,-0.5060654878616333,0.08865492045879364
1.335050106048584,1.7174921785018635,1.7301822900772095,-0.29256123304367065,0.10702677816152573
1.3381187915802002,1.7157504332599567,1.7294193506240845,-0.6249027252197266,0.13052567839622498
1.3412070274353027,1.7139418750969435,1.7286564111709595,-0.3922636806964874,0.08780041337013245
1.3442885875701904,1.7120821910118196,1.7278934717178345,-0.43959715962409973,0.07541008293628693
1.3473618030548096,1.7101734842334857,1.726749062538147,-0.425497829914093,0.13308918476104736
1.3504300117492676,1.708214743777821,1.7256046533584595,-0.5221790075302124,0.022858014330267906
1.353499412536621,1.706202840225493,1.724460244178772,-0.6692149043083191,0.08822766691446304
1.3565788269042969,1.7041324567316123,1.7233158349990845,-0.7638819217681885,0.05703822523355484
1.3596551418304443,1.702013007490695,1.7221713066101074,-0.7568322420120239,0.02371251955628395
1.3627269268035889,1.6998464581640618,1.72102689743042,-0.8303502202033997,0.11514458060264587
1.365795612335205,1.697632792730244,1.71950101852417,-0.7266193628311157,0.0480659194290638
1.3688626289367676,1.6953719165116974,1.71797513961792,-0.6400091648101807,0.05703822523355484
1.371932029724121,1.6930616656996207,1.71644926071167,-0.9381093978881836,0.07626459002494812
1.37497878074646,1.69072220053326,1.71492338180542,-0.737697422504425,0.05661097168922424
1.3780527114868164,1.6883160293630342,1.7133973836898804,-0.5111009478569031,0.13693445920944214
1.3811233043670654,1.6858673996387656,1.7114900350570679,-0.9703364372253418,0.11557183414697647
1.384190559387207,1.6833773681792883,1.7099641561508179,-1.0106202363967896,0.11343556642532349
1.3872594833374023,1.6808428324431854,1.7080568075180054,-0.9924925565719604,0.09976348280906677
1.3903367519378662,1.6782590146533127,1.7061493396759033,-0.9612725973129272,0.1766689568758011
1.3934147357940674,1.6756330989645891,1.7042419910430908,-0.9884641766548157,0.15274280309677124
1.3964898586273193,1.6729691601417989,1.7023346424102783,-0.8565346598625183,0.17752346396446228
1.3995580673217773,1.6702718927912117,1.7004272937774658,-0.9441519975662231,0.14590676128864288
1.402625560760498,1.667536996763645,1.6981383562088013,-1.1214008331298828,0.12069886177778244
1.4056944847106934,1.6647635624239912,1.6962310075759888,-0.9320668578147888,0.12112611532211304
1.4087724685668945,1.6619455403300056,1.6939421892166138,-1.1979399919509888,0.05404745414853096
1.4118452072143555,1.6590970093860258,1.6916533708572388,-1.395330786705017,0.13138018548488617
1.4149177074432373,1.656214484814011,1.6893644332885742,-1.2764934301376343,0.05703822523355484
1.4179842472076416,1.6533045087852516,1.6874570846557617,-1.2724651098251343,0.11557183414697647
1.4210567474365234,1.6503568538267588,1.6851682662963867,-1.2694437503814697,0.11898985505104065
1.4241361618041992,1.6473715058766987,1.6828793287277222,-1.1516135931015015,0.12155336886644363
1.4272115230560303,1.6443601679418844,1.6802090406417847,-1.1516135931015015,0.126253142952919
1.4302787780761719,1.6413281054037956,1.6779202222824097,-1.382238507270813,0.1104447990655899
1.4333457946777344,1.6382687845755048,1.6752498149871826,-1.2875715494155884,0.16128785908222198
1.4364159107208252,1.635179975692557,1.6725795269012451,-1.5725795030593872,0.19461356103420258
1.4394946098327637,1.632057165763506,1.6702907085418701,-1.7186083793640137,0.12283512949943542
1.4425721168518066,1.6289113452173558,1.667620301246643,-1.4174867868423462,0.1595788449048996
1.445648193359375,1.6257439640577263,1.6649500131607056,-1.5846647024154663,0.09335469454526901
1.4487168788909912,1.6225624367428597,1.662279725074768,-1.396337866783142,0.16470588743686676
1.4517853260040283,1.6193606123125872,1.659609317779541,-1.6420691013336182,0.19504082202911377
1.45485520362854,1.6161379284614301,1.6569390296936035,-1.4265507459640503,0.051483940333127975
1.457937240600586,1.612884201044236,1.654268741607666,-1.5010757446289062,0.16513313353061676
1.4609816074371338,1.609653452932812,1.6512168645858765,-1.465827465057373,0.00961318425834179
1.4640564918518066,1.6063745899487833,1.648546576499939,-1.5826505422592163,0.1424887478351593
1.4671311378479004,1.6030813952771965,1.645494818687439,-1.5705653429031372,0.13522544503211975
1.4702019691467285,1.5997789544732617,1.642824411392212,-1.5615015029907227,0.13437095284461975
1.473280906677246,1.5964556554074876,1.639772653579712,-1.5806362628936768,0.16342411935329437
1.47635817527771,1.5931232523492977,1.636720895767212,-1.6017853021621704,0.19546806812286377
1.4794292449951172,1.5897879340059389,1.6336690187454224,-1.8616158962249756,0.15188831090927124
1.4824974536895752,1.5864473584350094,1.6306172609329224,-1.7709773778915405,0.10659952461719513
1.4855647087097168,1.5831007057172173,1.6275653839111328,-1.621927261352539,0.125825896859169
1.4886338710784912,1.5797460954039975,1.6245136260986328,-1.6330052614212036,0.1108720526099205
1.4917120933532715,1.5763769321488053,1.6214618682861328,-1.7014877796173096,0.08908216655254364
1.494786024093628,1.5730090743411005,1.6184099912643433,-1.6178988218307495,0.09036392718553543
1.4978578090667725,1.5696414369473655,1.6153582334518433,-1.5947356224060059,0.14633402228355408
1.500929355621338,1.5662731859598236,1.6123063564300537,-1.5131609439849854,0.09677271544933319
1.503981590270996,1.562926485761442,1.6088731288909912,-1.7095445394515991,0.19546806812286377
1.5070610046386719,1.55955161453258,1.6058213710784912,-1.676310420036316,0.1732509285211563
1.5101373195648193,1.5561830330958055,1.6023880243301392,-1.7004806995391846,0.18521401286125183
1.5132055282592773,1.5528274609790924,1.5993362665176392,-1.851544976234436,0.19632257521152496
1.5162715911865234,1.5494796053166922,1.595902919769287,-1.7578850984573364,0.0643015205860138
1.5193426609039307,1.5461329101521697,1.592851161956787,-1.7075303792953491,0.1279621571302414
1.5224123001098633,1.5427956464333088,1.589417815208435,-1.7488212585449219,0.1288166642189026
1.525480031967163,1.5394695599120725,1.586366057395935,-1.8042114973068237,0.10873579233884811
1.5285465717315674,1.5361550963840738,1.583314299583435,-1.8827649354934692,0.05362020432949066
1.5316126346588135,1.5328527045728757,1.579880952835083,-1.6672464609146118,0.10489051789045334
1.5346794128417969,1.5295623280029327,1.576829195022583,-1.6682536602020264,0.0476386658847332
1.5377466678619385,1.5262854518619122,1.573395848274231,-1.8867933750152588,0.08096437156200409
1.54081392288208,1.523023805822553,1.570344090461731,-1.5856717824935913,0.18008697032928467
1.5438835620880127,1.5197760854734061,1.5669108629226685,-1.7437857389450073,0.12454413622617722
1.546952724456787,1.516546540592516,1.5634775161743164,-1.8978713750839233,0.15231555700302124
1.549978256225586,1.5133813708612416,1.5604257583618164,-1.7024948596954346,0.06472877413034439
1.5530457496643066,1.5101921970499,1.5569924116134644,-1.832410216331482,0.0950637087225914
1.5561127662658691,1.5070247244749841,1.5539406538009644,-1.6299840211868286,0.16171512007713318
1.559185266494751,1.5038740295451882,1.5505073070526123,-1.3782100677490234,0.1108720526099205
1.562251329421997,1.5007534951157353,1.5474555492401123,-1.7508354187011719,0.1600061058998108
1.5653173923492432,1.4976576542426967,1.5440223217010498,-1.680338740348816,0.08737315982580185
1.5683848857879639,1.494586229700315,1.5405889749526978,-1.676310420036316,0.15445181727409363
1.5714523792266846,1.4915418126616544,1.5375372171401978,-1.7337148189544678,0.16513313353061676
1.5745189189910889,1.4885264672725849,1.5344853401184082,-1.683359980583191,0.1732509285211563
1.577585220336914,1.485540593164646,1.5310521125793457,-1.8193179368972778,0.1582970917224884
1.580658197402954,1.4825786624133457,1.5280003547668457,-1.7447928190231323,0.18777751922607422
1.5837249755859375,1.479654190767292,1.5245670080184937,-1.9159990549087524,0.1574425846338272
1.5867938995361328,1.4767602463321101,1.5215152502059937,-1.6309911012649536,0.10873579233884811
1.5898714065551758,1.4738920110852045,1.518463373184204,-1.6863813400268555,0.1600061058998108
1.592947244644165,1.4710602241699104,1.515411615371704,-1.6732890605926514,0.1117265596985817
1.5959813594818115,1.468302058599148,1.512359857559204,-1.6742961406707764,0.05703822523355484
1.5990540981292725,1.4655454513486923,1.5093079805374146,-1.6178988218307495,0.08139162510633469
1.602121114730835,1.4628317953368115,1.5062562227249146,-1.677317500114441,0.11856260150671005
1.6051907539367676,1.460154659917805,1.503204345703125,-1.6732890605926514,0.1595788449048996
1.6082627773284912,1.4575153450638814,1.500152587890625,-1.6178988218307495,0.19461356103420258
1.6113395690917969,1.4549129276883634,1.497100830078125,-1.3651179075241089,0.1424887478351593
1.6144123077392578,1.4523558532065537,1.4940489530563354,-1.3590753078460693,0.10574502497911453
1.6174821853637695,1.4498439400911192,1.491378664970398,-1.7498283386230469,0.06857404112815857
1.6205499172210693,1.447377432098275,1.488326907157898,-1.678324580192566,0.16470588743686676
1.6236162185668945,1.4449565936330513,1.4852750301361084,-1.6017853021621704,0.05062943324446678
1.6266837120056152,1.4425802482919008,1.482604742050171,-1.4325932264328003,0.08480964601039886
1.6297519207000732,1.4402496908369402,1.4795528650283813,-1.4748913049697876,0.08438239246606827
1.632822036743164,1.4379649422393845,1.4768825769424438,-1.4275578260421753,0.13009841740131378
1.635894536972046,1.4357265979417908,1.4742122888565063,-1.4799267053604126,0.08438239246606827
1.638965368270874,1.4335384606259771,1.4715418815612793,-1.5655298233032227,0.1112993061542511
1.6420447826385498,1.4313942096697998,1.4688715934753418,-1.386266827583313,0.20187686383724213
1.6451120376586914,1.4293089975302373,1.4658198356628418,-1.553444743156433,0.10617227107286453
1.6481785774230957,1.4272755011620673,1.4635308980941772,-1.4758983850479126,0.21383993327617645
1.6512446403503418,1.425294287335264,1.4608606100082397,-1.5927214622497559,0.1600061058998108
1.6543118953704834,1.4233650316339215,1.4581903219223022,-1.2372167110443115,0.12027160823345184
1.6573784351348877,1.421489662178893,1.4559013843536377,-1.3741817474365234,0.125825896859169
1.660444974899292,1.419668419103675,1.4532310962677002,-1.2482948303222656,0.10617227107286453
1.6635138988494873,1.4179006266216703,1.4509422779083252,-1.0549324750900269,0.16470588743686676
1.66658353805542,1.4161879866067955,1.4486533403396606,-1.2674295902252197,0.18735027313232422
1.6696507930755615,1.4145328191383526,1.4463645219802856,-1.156649112701416,0.11343556642532349
1.672717809677124,1.4129345091238061,1.4440757036209106,-1.228152871131897,0.08609139919281006
1.6757843494415283,1.4113937543398916,1.4417868852615356,-1.0539253950119019,0.06601052731275558
1.6788508892059326,1.4099108738434247,1.4398794174194336,-0.9068894386291504,0.03781185671687126
1.6819202899932861,1.4084851165811534,1.4375905990600586,-1.1606775522232056,0.046784162521362305
1.6849799156188965,1.407122681666392,1.435683250427246,-1.227145791053772,0.13992522656917572
1.688049554824829,1.4058152712167182,1.4333943128585815,-1.154634952545166,0.09762722253799438
1.6911263465881348,1.404565091267746,1.431486964225769,-1.227145791053772,0.19504082202911377
1.6942014694213867,1.403376353770923,1.4295796155929565,-1.1153582334518433,0.16385138034820557
1.6972768306732178,1.4022487229280163,1.427672266960144,-0.8948042988777161,0.14590676128864288
1.7003512382507324,1.4011830352647583,1.425764799118042,-1.1224079132080078,0.1412069946527481
1.7034187316894531,1.4001815166851834,1.4238574504852295,-0.9371023178100586,0.12112611532211304
1.7064878940582275,1.3992415791445847,1.421950101852417,-1.0257266759872437,0.11557183414697647
1.7095646858215332,1.398362030866653,1.420424222946167,-0.9431448578834534,0.10147249698638916
1.7126355171203613,1.3975471350075388,1.418898344039917,-0.9501945376396179,0.07199206203222275
1.7157025337219238,1.396796324689976,1.4173723459243774,-0.9018539786338806,0.08438239246606827
1.7187693119049072,1.3961088783299311,1.415464997291565,-0.7407187223434448,0.16983291506767273
1.7218358516693115,1.3954850363752032,1.4143205881118774,-0.6571297645568848,0.10617227107286453
1.7249085903167725,1.3949239071046111,1.4127947092056274,-0.8172579407691956,0.11984435468912125
1.727980136871338,1.3944272054689217,1.4112688302993774,-0.687342643737793,0.06643778085708618
1.7310492992401123,1.3939951968976323,1.4101243019104004,-0.6097962856292725,0.13266193866729736
1.7341160774230957,1.3936278920541623,1.408979892730713,-0.6641794443130493,0.02371251955628395
1.7371833324432373,1.3933250246857163,1.4078354835510254,-0.5735408663749695,0.01773098297417164
1.7402493953704834,1.3930868494305235,1.4070725440979004,-0.5574273467063904,0.07797360420227051
1.743318796157837,1.3929131707791245,1.405928134918213,-0.5503776669502258,0.07327382266521454
1.7463879585266113,1.3928043537475052,1.405165195465088,-0.4456397294998169,0.06601052731275558
1.7494544982910156,1.3927604326269405,1.4040207862854004,-0.31270313262939453,0.06729228794574738
1.7525215148925781,1.3927813113322183,1.402876377105713,-0.5151293277740479,0.06985580176115036
1.7555880546569824,1.3928669756205951,1.4021133184432983,-0.5362783074378967,0.11429007351398468
1.7586545944213867,1.3930173918994024,1.4013503789901733,-0.49901577830314636,0.11856260150671005
1.761720895767212,1.3932324850919984,1.4005874395370483,-0.34190890192985535,0.1416342407464981
1.7647874355316162,1.3935122087971286,1.3998245000839233,-0.42247653007507324,0.13479819893836975
1.7678565979003906,1.393856766939878,1.3994430303573608,0.006546120624989271,0.18179598450660706
1.7709269523620605,1.3942659911949389,1.3986800909042358,-0.3620508015155792,0.20914015173912048
1.7739953994750977,1.3947392938145684,1.3982986211776733,-0.22508582472801208,0.16684214770793915
1.7770624160766602,1.3952764676031149,1.3979171514511108,-0.20192264020442963,0.20444037020206451
1.7801308631896973,1.3958778139766386,1.3975356817245483,-0.37111467123031616,0.2057221382856369
1.7831969261169434,1.3965423323844721,1.3971542119979858,-0.07603570818901062,0.19888609647750854
1.786264419555664,1.3972705730207988,1.3967727422714233,-0.0951705202460289,0.21426717936992645
1.7893345355987549,1.3980626737187762,1.3967727422714233,0.03474479168653488,0.21255818009376526
1.7924120426177979,1.3989198784374368,1.3967727422714233,-0.10826276242733002,0.17795071005821228
1.7954950332641602,1.3998417315582858,1.3967727422714233,-0.1918516755104065,0.2223849892616272
1.798570156097412,1.4008238235756842,1.3967727422714233,0.00553902518004179,0.18692301213741302
1.8016488552093506,1.401869310618214,1.3967727422714233,0.0015106431674212217,0.27707332372665405
1.8047206401824951,1.402974139655402,1.3967727422714233,-0.2049439251422882,0.2565651834011078
1.8077905178070068,1.4041394345203095,1.3967727422714233,0.12437628954648972,0.28134584426879883
1.8108675479888916,1.4053683556056393,1.3971542119979858,0.3509727716445923,0.252719908952713
1.813941240310669,1.4066563683864695,1.3975356817245483,0.41744107007980347,0.29074540734291077
1.8169808387756348,1.4079890144558953,1.3975356817245483,0.2361638844013214,0.33817043900489807
1.820054054260254,1.4093954684646461,1.3979171514511108,0.06193637102842331,0.3663691282272339
1.8231215476989746,1.4108580113923408,1.3986800909042358,0.19588007032871246,0.3650873601436615
1.8261873722076416,1.4123778205783322,1.3990615606307983,0.2885328531265259,0.28134584426879883
1.8292534351348877,1.4139552367937962,1.3998245000839233,0.33989471197128296,0.32877087593078613
1.832319974899292,1.4155898172616266,1.4005874395370483,0.0790569931268692,0.31125351786613464
1.8353872299194336,1.4172811152254527,1.4013503789901733,0.4879377484321594,0.37149614095687866
1.838453769683838,1.419027714058152,1.4021133184432983,0.4778667986392975,0.26297399401664734
1.8415205478668213,1.4208294954177665,1.402876377105713,0.581597626209259,0.30740824341773987
1.8445870876312256,1.4226855102875187,1.403639316558838,0.43556877970695496,0.30911725759506226
1.8476536273956299,1.424595207601941,1.405165195465088,0.4949873983860016,0.3138170540332794
1.8507201671600342,1.4265578784233863,1.4063096046447754,0.6228885054588318,0.26169222593307495
1.8537874221801758,1.428573270154847,1.407454013824463,0.6289311051368713,0.29416343569755554
1.856856107711792,1.430641158511624,1.4085984230041504,0.7366903424263,0.2082856446504593
1.8599281311035156,1.4327621788576068,1.409742832183838,0.6913710236549377,0.24802014231681824
1.862983226776123,1.4349212201859023,1.4112688302993774,0.737697422504425,0.2394750863313675
1.8660523891448975,1.4371393126961645,1.4127947092056274,0.7981231212615967,0.21127641201019287
1.8691186904907227,1.4394036695734052,1.413939118385315,0.6238956451416016,0.2548561692237854
1.8721864223480225,1.441716584698373,1.415464997291565,0.7548180222511292,0.26425573229789734
1.8752529621124268,1.444075227750124,1.416990876197815,0.879697859287262,0.23221179842948914
1.8783199787139893,1.4464799901188012,1.4185168743133545,0.8545204997062683,0.3813229501247406
1.8813865184783936,1.4489292313572095,1.420424222946167,1.003570556640625,0.27835509181022644
1.884453296661377,1.4514226080991595,1.421950101852417,0.9773861169815063,0.21042190492153168
1.8875222206115723,1.453960795402962,1.4238574504852295,1.1878690719604492,0.3458609879016876
1.8906002044677734,1.456548799188111,1.425764799118042,1.2059967517852783,0.3356069326400757
1.8936734199523926,1.4591741167537373,1.427672266960144,1.0438544750213623,0.35483330488204956
1.896740198135376,1.4618341210275365,1.4295796155929565,0.8887617588043213,0.31082627177238464
1.8998069763183594,1.464533280680259,1.431486964225769,0.9491874575614929,0.2988632023334503
1.9028737545013428,1.4672705935460475,1.4337759017944336,1.1888761520385742,0.41892117261886597
1.9059429168701172,1.470047214396361,1.4353017807006836,0.9471732378005981,0.41934844851493835
1.9089784622192383,1.4728289963744574,1.4375905990600586,1.1636987924575806,0.38602274656295776
1.9120514392852783,1.4756800771915535,1.439497947692871,1.226138710975647,0.27750056982040405
1.9151215553283691,1.4785626084114187,1.4417868852615356,1.2331883907318115,0.2834821045398712
1.9181878566741943,1.4814745129908726,1.4444571733474731,1.0791027545928955,0.2702372670173645
1.9212567806243896,1.4844208019136578,1.4467459917068481,1.3399405479431152,0.19375905394554138
1.924335241317749,1.487407201397348,1.4490348100662231,1.4779125452041626,0.2369115799665451
1.9274096488952637,1.4904194972658251,1.4517052173614502,1.451728105545044,0.27707332372665405
1.93048095703125,1.4934573974801255,1.4539940357208252,1.1707484722137451,0.252292662858963
1.9335477352142334,1.4965182518513045,1.4566643238067627,1.4849622249603271,0.37576866149902344
1.936617374420166,1.4996082757200702,1.4589532613754272,1.4758983850479126,0.3770504295825958
1.9396965503692627,1.5027331931055814,1.4616235494613647,1.3338979482650757,0.3625238537788391
1.9427735805511475,1.5058800720969847,1.4642938375473022,1.3570611476898193,0.3197985887527466
1.9458439350128174,1.5090430043748109,1.4669642448425293,1.4899977445602417,0.29544517397880554
1.948915958404541,1.512229351118894,1.4696345329284668,1.4386358261108398,0.2886091470718384
1.9519836902618408,1.5154317184297144,1.4723048210144043,1.5061112642288208,0.29672694206237793
1.9550604820251465,1.5186628947249423,1.4749752283096313,1.6319981813430786,0.2984359562397003
1.9581444263458252,1.5219198185796337,1.4776455163955688,1.4245364665985107,0.26211947202682495
1.9612188339233398,1.5251836284817217,1.4806973934173584,1.5101395845413208,0.1886320263147354
1.9642910957336426,1.528460856607072,1.483367681503296,1.557473063468933,0.18350499868392944
1.967360496520996,1.5317494822795832,1.486419439315796,1.5856717824935913,0.2061493843793869
1.9704296588897705,1.5350510702135272,1.4894713163375854,1.7145799398422241,0.24246585369110107
1.9735069274902344,1.5383734141280434,1.492141604423523,1.5463950634002686,0.29117265343666077
1.9765846729278564,1.5417070861345472,1.495193362236023,1.465827465057373,0.26041045784950256
1.9796538352966309,1.545040990088021,1.49786376953125,1.6017853021621704,0.31338977813720703
1.982720136642456,1.548380049558645,1.5012969970703125,1.5937285423278809,0.3979858160018921
1.9857876300811768,1.5517274308184072,1.5039674043655396,1.535317063331604,0.41849392652511597
1.9888575077056885,1.5550832019828673,1.507400631904602,1.5705653429031372,0.3360341787338257
1.9919390678405762,1.5584563102731366,1.510452389717102,1.7145799398422241,0.2651102542877197
1.9949815273284912,1.561789873466328,1.5135042667388916,1.5876859426498413,0.32620736956596375
1.9980578422546387,1.565162571215513,1.5165560245513916,1.7528495788574219,0.15658807754516602
2.001126527786255,1.5685276982889704,1.5196079015731812,1.5806362628936768,0.3321889042854309
2.0041961669921875,1.5718934115726981,1.5226596593856812,1.7155871391296387,0.3202258348464966
2.007279396057129,1.5752723007335099,1.5260928869247437,1.7981688976287842,0.286900132894516
2.0103626251220703,1.5786481951559213,1.5291447639465332,1.6642252206802368,0.3052719831466675
2.013432741165161,1.5820054991270793,1.5325779914855957,1.765941858291626,0.2685282528400421
2.016500473022461,1.5853547278656908,1.5356298685073853,1.7750056982040405,0.37320515513420105
2.019569158554077,1.588698284006174,1.5390630960464478,1.7095445394515991,0.2839093506336212
2.022646903991699,1.5920437174073572,1.5421148538589478,1.683359980583191,0.3655146062374115
2.025723695755005,1.5953788628795857,1.5455482006072998,1.7729915380477905,0.3142443001270294
2.028791666030884,1.598693996015301,1.5489814281463623,1.7870908975601196,0.2390478402376175
2.031860828399658,1.6019987421915187,1.5520333051681519,1.9713892936706543,0.30783551931381226
2.0349323749542236,1.6052931340796395,1.5550850629806519,1.7870908975601196,0.20914015173912048
2.037980318069458,1.608548222729714,1.5585182905197144,1.778027057647705,0.2646830081939697
2.041057586669922,1.611819276711881,1.5619516372680664,1.7891050577163696,0.2851911187171936
2.0441343784332275,1.6150731821432394,1.5650033950805664,1.780041217803955,0.2582741975784302
2.0472095012664795,1.6183074808206175,1.568055272102356,1.5826505422592163,0.3996948301792145
2.0502781867980957,1.6215160250482674,1.5714884996414185,1.8052185773849487,0.40823987126350403
2.053347587585449,1.6247051523286162,1.574540376663208,1.7377431392669678,0.3766231834888458
2.056425094604492,1.6278812631588182,1.5779736042022705,1.9421836137771606,0.5253070592880249
2.059499502182007,1.6310315562287967,1.581406831741333,1.939162254333496,0.2719462811946869
2.0625686645507812,1.634152752609803,1.584840178489685,1.937148094177246,0.3159533143043518
2.0656368732452393,1.6372481277645,1.587891936302185,1.7891050577163696,0.2659647464752197
2.0687036514282227,1.6403160801080399,1.5909438133239746,1.7437857389450073,0.2377660721540451
2.071772813796997,1.643359272782777,1.594377040863037,1.5474021434783936,0.3189440667629242
2.07485032081604,1.646382336332238,1.597428798675537,1.622934341430664,0.38687723875045776
2.0779244899749756,1.6493725985747654,1.6008621454238892,1.782055377960205,0.40695810317993164
2.08097767829895,1.6523121454182241,1.6039139032363892,1.521217703819275,0.3616693317890167
2.0840487480163574,1.6552373428803286,1.6069657802581787,1.7468070983886719,0.3206530809402466
2.0871171951293945,1.6581273401646108,1.6103990077972412,1.7901121377944946,0.31168079376220703
2.090193748474121,1.6609910747274328,1.6134508848190308,1.853559136390686,0.3813229501247406
2.093268394470215,1.6638180553008433,1.6165026426315308,1.9844815731048584,0.2732280492782593
2.096338987350464,1.6666053579264641,1.6195544004440308,1.4960402250289917,0.2898908853530884
2.099407911300659,1.6693542103824208,1.6226062774658203,1.7387503385543823,0.1899137794971466
2.1024763584136963,1.672064697223319,1.6256580352783203,1.7327077388763428,0.43857482075691223
2.1055572032928467,1.6747469547576437,1.6287097930908203,1.454749345779419,0.3813229501247406
2.1086339950561523,1.6773854999612157,1.6317616701126099,1.7699702978134155,0.41806668043136597
2.1117045879364014,1.6799777104886977,1.6348134279251099,1.692423939704895,0.3535515367984772
2.114772319793701,1.6825256217377034,1.6378653049468994,1.5826505422592163,0.32834362983703613
2.1178393363952637,1.685030142611815,1.6409170627593994,1.6189059019088745,0.39157700538635254
2.120912551879883,1.6874958707786916,1.643587350845337,1.541359543800354,0.3518425226211548
2.123981475830078,1.6899134322850387,1.6466392278671265,1.6612039804458618,0.30826276540756226
2.127058267593384,1.6922914239840767,1.649309515953064,1.5705653429031372,0.33902496099472046
2.1301259994506836,1.6946159062066288,1.6519798040390015,1.621927261352539,0.3932860195636749
2.133192300796509,1.6968920345829823,1.655031681060791,1.6340123414993286,0.32407110929489136
2.136258363723755,1.6991198877469493,1.6577019691467285,1.4809339046478271,0.2881819009780884
2.1393282413482666,1.701301497881089,1.6603723764419556,1.3600823879241943,0.3356069326400757
2.1424057483673096,1.703438486544491,1.663042664527893,1.382238507270813,0.33945220708847046
2.145479917526245,1.7055223367619794,1.6657129526138306,1.535317063331604,0.40653085708618164
2.1485509872436523,1.7075525933953728,1.6683833599090576,1.6017853021621704,0.40225833654403687
2.151618003845215,1.7095280514015432,1.6710536479949951,1.3490043878555298,0.4308842718601227
2.1546874046325684,1.7114521646237657,1.6733424663543701,1.299656629562378,0.3633783459663391
2.157764196395874,1.7133271002319759,1.6760128736495972,1.3741817474365234,0.3851682245731354
2.1608405113220215,1.7151471823663018,1.6783016920089722,1.310734748840332,0.31338977813720703
2.1639177799224854,1.7169125642876466,1.6809719800949097,1.2029755115509033,0.37405967712402344
2.1669797897338867,1.7186136759632609,1.6832607984542847,1.1062943935394287,0.2732280492782593
2.170053005218506,1.720264695170549,1.6851682662963867,1.239230990409851,0.27878233790397644
2.1731324195861816,1.721861836009379,1.6878385543823242,1.3026779890060425,0.34415197372436523
2.176208972930908,1.7233997100628986,1.6901273727416992,1.1999542713165283,0.30612650513648987
2.1792783737182617,1.7248758815824454,1.6924163103103638,1.2714580297470093,0.3027084767818451
2.1823458671569824,1.7262925815213466,1.6943236589431763,1.0408331155776978,0.30826276540756226
2.1854121685028076,1.727649702951986,1.6966124773025513,1.230167031288147,0.28220033645629883
2.188481092453003,1.7289483883344399,1.6985198259353638,1.0619821548461914,0.2992904484272003
2.191560745239258,1.730191192781565,1.7004272937774658,1.0448615550994873,0.3172350525856018
2.1946377754211426,1.731372025603021,1.7023346424102783,0.9693293571472168,0.4167849123477936
2.197709321975708,1.7324895893264725,1.7042419910430908,1.017669916152954,0.4620737135410309
2.2007784843444824,1.733544830646621,1.7061493396759033,1.0055848360061646,0.503944456577301
2.203847885131836,1.734538323141,1.7080568075180054,1.0438544750213623,0.3535515367984772
2.2069268226623535,1.7354724091944072,1.7095826864242554,0.8635843396186829,0.38602274656295776
2.209980010986328,1.7363365323432562,1.7111085653305054,0.9683222770690918,0.38858625292778015
2.2130541801452637,1.737143741065524,1.7126344442367554,0.8666056394577026,0.3206530809402466
2.2161223888397217,1.7378862009282225,1.7145417928695679,0.7880522012710571,0.43985655903816223
2.2191896438598633,1.7385650610237218,1.7160677909851074,0.7830166816711426,0.4266117215156555
2.222259759902954,1.739180853931233,1.717212200164795,0.7890592813491821,0.3454337418079376
2.2253382205963135,1.7397341002301532,1.718738079071045,0.6430304646492004,0.3638055920600891
2.228410005569458,1.7402218423512388,1.720263957977295,0.73870450258255,0.31338977813720703
2.2314770221710205,1.7406445608627905,1.7214083671569824,0.8978255987167358,0.34116122126579285
2.2345433235168457,1.741002829693495,1.72255277633667,0.6238956451416016,0.38773176074028015
2.2376132011413574,1.7412969269043788,1.723697304725647,0.6218814253807068,0.32193484902381897
2.240689754486084,1.7415267157885046,1.7248417139053345,0.615838885307312,0.251010924577713
2.2437632083892822,1.741691267351452,1.725986123085022,0.5252002477645874,0.27920958399772644
2.246835231781006,1.7417907532789645,1.7271305322647095,0.45369648933410645,0.3185168206691742
2.2499077320098877,1.741825228518856,1.7278934717178345,0.4949873983860016,0.3001449704170227
2.252981424331665,1.741794635253614,1.7286564111709595,0.3509727716445923,0.24118410050868988
2.256060838699341,1.7416987201079825,1.729800820350647,0.4768596887588501,0.32663461565971375
2.259136199951172,1.7415377703017025,1.7305638790130615,0.3701075613498688,0.37192338705062866
2.2622077465057373,1.7413120832222484,1.7313268184661865,0.43556877970695496,0.2826276123523712
2.2652761936187744,1.7410219093796564,1.731708288192749,0.36003661155700684,0.3176623284816742
2.268343925476074,1.7406672517967992,1.732471227645874,0.23414969444274902,0.40781262516975403
2.2714128494262695,1.7402480067822004,1.7328526973724365,0.3680933713912964,0.3603875935077667
2.2744903564453125,1.7397630130989943,1.733234167098999,0.270405113697052,0.3505607545375824
2.277564764022827,1.7392141200528577,1.7336156368255615,0.5151293277740479,0.43387502431869507
2.2806379795074463,1.7386013266179388,1.733997106552124,0.06495765596628189,0.40823987126350403
2.283707618713379,1.7379254853572734,1.7343785762786865,0.10624857246875763,0.286472886800766
2.2867767810821533,1.7371862915391894,1.7343785762786865,0.047837033867836,0.3142443001270294
2.28985857963562,1.7363804863349492,1.7343785762786865,0.00553902518004179,0.39072251319885254
2.292945623397827,1.735509751017997,1.7343785762786865,-0.022659648209810257,0.4296025037765503
2.2960376739501953,1.734574164349983,1.7343785762786865,-0.14048981666564941,0.3321889042854309
2.2991065979003906,1.733583143355184,1.7343785762786865,-0.20091554522514343,0.32620736956596375
2.302172899246216,1.7325312201518923,1.7343785762786865,-0.1414969116449356,0.29672694206237793
2.305241823196411,1.7314169864915392,1.7343785762786865,-0.1273975670337677,0.3202258348464966
2.308319330215454,1.7302383579113991,1.733997106552124,-0.051865413784980774,0.26169222593307495
2.3113937377929688,1.7290000842594722,1.733997106552124,0.0005035477224737406,0.21597619354724884
2.314464807510376,1.7277029137911883,1.7336156368255615,-0.07100022584199905,0.23135729134082794
2.317537784576416,1.7263451568019588,1.733234167098999,-0.2361638844013214,0.08865492045879364
2.320608615875244,1.7249291164735125,1.7328526973724365,-0.2663767337799072,0.1582970917224884
2.3236887454986572,1.723449838726959,1.732471227645874,-0.4275120198726654,0.11599908769130707
2.3267648220062256,1.7219141373473807,1.7320897579193115,-0.44866102933883667,0.05191119387745857
2.329833984375,1.7203243240560229,1.7313268184661865,-0.40535593032836914,0.06643778085708618
2.3329060077667236,1.7186760420251948,1.730945348739624,-0.1586175262928009,0.03524833917617798
2.3359787464141846,1.7169709571837053,1.7301822900772095,-0.3348592221736908,0.046784162521362305
2.33904767036438,1.7152123026080368,1.7294193506240845,-0.40636301040649414,0.07754635065793991
2.3421247005462646,1.713393787426293,1.728274941444397,-0.6379949450492859,0.07797360420227051
2.3451955318450928,1.7115244912043224,1.727512001991272,-0.497001588344574,0.0019226367585361004
2.3482625484466553,1.709603923480793,1.7263675928115845,-0.4909590184688568,0.08267337828874588
2.3513293266296387,1.7076306643825887,1.725223183631897,-0.5362783074378967,0.13907071948051453
2.354397773742676,1.7056041830853295,1.724460244178772,-0.6611581444740295,0.05191119387745857
2.3574743270874023,1.7035207355528958,1.722934365272522,-0.6027466058731079,0.09677271544933319
2.3605473041534424,1.701388895368929,1.721789836883545,-0.7759670615196228,0.06643778085708618
2.3636209964752197,1.699206551663262,1.7206454277038574,-0.7346761226654053,0.06643778085708618
2.3666937351226807,1.6969757086157802,1.7191195487976074,-0.842435359954834,0.04635690897703171
2.369762659072876,1.6946993874743417,1.7175936698913574,-0.9099107384681702,0.07327382266521454
2.3728408813476562,1.6923685838867608,1.7160677909851074,-1.0609750747680664,0.10318150371313095
2.375922918319702,1.689988018654335,1.7145417928695679,-0.7830166816711426,0.11215381324291229
2.3789849281311035,1.6875773580614148,1.7130159139633179,-0.964293897151947,0.04592965543270111
2.382056474685669,1.685114460477433,1.7111085653305054,-0.8746623992919922,0.10959029197692871
2.3851234912872314,1.6826114096848723,1.7095826864242554,-0.7437399625778198,0.10617227107286453
2.3881924152374268,1.6800639392504042,1.7076753377914429,-0.9250171780586243,0.126253142952919
2.3912718296051025,1.6774656173663196,1.7057678699493408,-0.878690779209137,0.1600061058998108
2.3943495750427246,1.674827493215658,1.7038605213165283,-1.0478827953338623,0.16385138034820557
2.397514581680298,1.67207264304553,1.7015717029571533,-0.9804074168205261,0.09762722253799438
2.400585889816284,1.6693597246964134,1.6996643543243408,-1.2513160705566406,0.1582970917224884
2.4036569595336914,1.666609012903021,1.6973754167556763,-1.1818264722824097,0.20999465882778168
2.406736135482788,1.6638139164797576,1.6954680681228638,-1.0549324750900269,0.1574425846338272
2.4098117351531982,1.6609860012572544,1.6931792497634888,-1.1073014736175537,0.2074311375617981
2.4128847122192383,1.658125554116785,1.6908903121948242,-1.1808193922042847,0.08438239246606827
2.4159581661224365,1.655230793525709,1.6889829635620117,-1.1002517938613892,0.05746547505259514
2.4190385341644287,1.6522966180679592,1.6866941452026367,-1.3016709089279175,0.13864347338676453
2.4221200942993164,1.649329447345556,1.6844053268432617,-1.224124550819397,0.13266193866729736
2.425201416015625,1.6463317559984927,1.6817349195480347,-1.224124550819397,0.11215381324291229
2.428269386291504,1.643317618981873,1.6794461011886597,-1.4587777853012085,0.16171512007713318
2.4313371181488037,1.640275470231812,1.6771572828292847,-1.2523231506347656,0.12368962913751602
2.434403419494629,1.6372076442239285,1.6744868755340576,-1.2885786294937134,0.21170367300510406
2.4374732971191406,1.6341102445361184,1.6718165874481201,-1.2815289497375488,0.21768520772457123
2.4405531883239746,1.6309777621335702,1.6691462993621826,-1.6037994623184204,0.14035248756408691
2.443631410598755,1.6278231480495622,1.666857361793518,-1.3761959075927734,0.07669184356927872
2.4467036724090576,1.6246520648975853,1.6641870737075806,-1.4819409847259521,0.18179598450660706
2.4497735500335693,1.6214620939737383,1.6611353158950806,-1.6501258611679077,0.0950637087225914
2.452866554260254,1.6182277131996574,1.6584649085998535,-1.395330786705017,0.16812390089035034
2.456064462661743,1.6148634215794653,1.655794620513916,-1.3218127489089966,0.07626459002494812
2.4591872692108154,1.6115595949481616,1.652742862701416,-1.535317063331604,0.04165713116526604
2.4623067378997803,1.6082422845981803,1.6504539251327515,-1.3026779890060425,0.09335469454526901
2.4654245376586914,1.604911030267957,1.647020697593689,-1.682352900505066,0.18094147741794586
2.4685237407684326,1.6015853361754475,1.644350290298462,-1.3570611476898193,0.09036392718553543
2.4716031551361084,1.59826799536226,1.641298532485962,-1.782055377960205,0.13009841740131378
2.474689245223999,1.5949318303448454,1.638246774673462,-1.5101395845413208,0.13821622729301453
2.477757453918457,1.5916046915750217,1.6355763673782349,-1.5977569818496704,0.14676126837730408
2.4808237552642822,1.5882705939718678,1.6325246095657349,-1.7115586996078491,0.10189975053071976
2.4838905334472656,1.5849281895778236,1.6294728517532349,-1.5927214622497559,0.13180743157863617
2.486968994140625,1.5815664688499456,1.6260395050048828,-1.7488212585449219,0.1749599426984787
2.4900591373443604,1.5781866215568634,1.6229877471923828,-1.903913974761963,0.05831998214125633
2.493136405944824,1.574816772956854,1.6199358701705933,-1.5927214622497559,0.095918208360672
2.4962117671966553,1.571446202526408,1.6168841123580933,-1.696452260017395,0.10232700407505035
2.4992799758911133,1.5680819247462368,1.6138323545455933,-1.7528495788574219,0.15188831090927124
2.502347230911255,1.564718399233498,1.6107804775238037,-1.6863813400268555,0.1292439103126526
2.5054173469543457,1.5613526940424547,1.6073472499847412,-1.6561684608459473,0.18564125895500183
2.5084943771362305,1.5579816275576437,1.6042953729629517,-1.6481117010116577,0.21042190492153168
2.511566400527954,1.55461951723814,1.6012436151504517,-1.555458903312683,0.10659952461719513
2.5146334171295166,1.5512675956527835,1.5978103876113892,-1.8142824172973633,0.1728236824274063
2.51770281791687,1.5479190263893383,1.594377040863037,-1.9472190141677856,0.1437705010175705
2.520775318145752,1.5445742925058168,1.591325283050537,-1.5675441026687622,0.11215381324291229
2.5238535404205322,1.5412318204670092,1.587891936302185,-1.8716869354248047,0.14975203573703766
2.5269293785095215,1.5379016739446196,1.584840178489685,-1.7246509790420532,0.12283512949943542
2.529977560043335,1.534612296299701,1.581406831741333,-1.7719844579696655,0.08780041337013245
2.533045530319214,1.5313136706867323,1.578355073928833,-1.677317500114441,0.15530632436275482
2.536116600036621,1.5280251021246416,1.575303316116333,-1.7286792993545532,0.15530632436275482
2.5391955375671387,1.5247427861009228,1.571869969367981,-1.623941421508789,0.1424887478351593
2.5422720909118652,1.5214789166027596,1.568818211555481,-1.7105516195297241,0.1288166642189026
2.545344352722168,1.5182366821458988,1.565384864807129,-1.7347218990325928,0.12198062241077423
2.548412799835205,1.5150167178774963,1.5619516372680664,-1.8787364959716797,0.11386281996965408
2.5514817237854004,1.5118156882610467,1.5588998794555664,-1.696452260017395,0.1420614868402481
2.554551601409912,1.5086343003074258,1.5554665327072144,-1.8173037767410278,0.05404745414853096
2.5576303005218506,1.505465688794458,1.5520333051681519,-1.9260700941085815,0.08224612474441528
2.560706615447998,1.5023226382260717,1.5489814281463623,-1.8122682571411133,0.12198062241077423
2.5637755393981934,1.4992113233628406,1.5455482006072998,-1.7578850984573364,0.1412069946527481
2.5668435096740723,1.4961262764824594,1.5424963235855103,-1.7699702978134155,0.1292439103126526
2.569915533065796,1.4930636505092276,1.5390630960464478,-1.7246509790420532,0.19589532911777496
2.5729875564575195,1.4900286791142463,1.5360113382339478,-1.8737010955810547,0.1433432549238205
2.5760724544525146,1.4870099564689816,1.5325779914855957,-1.7437857389450073,0.21042190492153168
2.5791454315185547,1.4840328841441826,1.5295262336730957,-1.6994736194610596,0.2399023473262787
2.5822155475616455,1.4810895782131306,1.5260928869247437,-1.5957427024841309,0.14847028255462646
2.5852837562561035,1.4781801465014648,1.5230411291122437,-1.7760127782821655,0.11514458060264587
2.5883522033691406,1.4753036097640644,1.5199893712997437,-1.767956018447876,0.13266193866729736
2.591430902481079,1.4724518264534578,1.5165560245513916,-1.9149919748306274,0.095918208360672
2.594507932662964,1.4696370474526845,1.513885736465454,-1.676310420036316,0.07327382266521454
2.597578287124634,1.466864756818604,1.5108338594436646,-1.6722819805145264,0.10745403170585632
2.6006460189819336,1.46413216060502,1.5077821016311646,-1.4285649061203003,0.06601052731275558
2.603715658187866,1.461436227339936,1.5047303438186646,-1.6722819805145264,0.13821622729301453
2.6067941188812256,1.4587720938711644,1.501678466796875,-1.5051041841506958,0.08694590628147125
2.609870672225952,1.4561501729400903,1.498626708984375,-1.764934778213501,0.13095292448997498
2.612945318222046,1.4535713679269544,1.4955748319625854,-1.678324580192566,0.07626459002494812
2.615981101989746,1.451066792902586,1.4925230741500854,-1.7397574186325073,0.15487907826900482
2.6190507411956787,1.4485772852714698,1.489852786064148,-1.5655298233032227,0.12967117130756378
2.622119903564453,1.4461323137841466,1.4868009090423584,-1.6360265016555786,0.11685358732938766
2.625196933746338,1.4437263040097126,1.484130620956421,-1.5786221027374268,0.13693445920944214
2.628270387649536,1.4413691956256647,1.481078863143921,-1.5615015029907227,0.15487907826900482
2.6313397884368896,1.4390620599735484,1.4780269861221313,-1.5907073020935059,0.12967117130756378
2.6344082355499268,1.4368033106809357,1.4753566980361938,-1.4205081462860107,0.15530632436275482
2.637479066848755,1.4345913648612847,1.4726864099502563,-1.7186083793640137,0.10275425016880035
2.640556812286377,1.4324240069112066,1.4700160026550293,-1.4285649061203003,0.1762416958808899
2.6436309814453125,1.4303095129941221,1.4673457145690918,-1.6138705015182495,0.18051423132419586
2.6467015743255615,1.4282484950161833,1.4646753072738647,-1.386266827583313,0.1753872036933899
2.6497700214385986,1.426240616719797,1.4620050191879272,-1.3882811069488525,0.17965972423553467
2.6528396606445312,1.4242844168502977,1.4593347311019897,-1.3600823879241943,0.15487907826900482
2.6559219360351562,1.4223736904332587,1.4570459127426147,-1.2221102714538574,0.15616083145141602
2.6589813232421875,1.4205308986781175,1.4543755054473877,-1.4426642656326294,0.1420614868402481
2.6620566844940186,1.4187331401893608,1.4520866870880127,-1.5151751041412354,0.10275425016880035
2.6651251316070557,1.4169947035092787,1.4494163990020752,-1.6189059019088745,0.07156481593847275
2.668192148208618,1.4153129026033062,1.4471274614334106,-1.3389333486557007,0.10061798989772797
2.671262502670288,1.4136858006924762,1.4452201128005981,-1.0901808738708496,0.13009841740131378
2.6743407249450684,1.4121119151060522,1.4429312944412231,-1.313755989074707,0.0472114123404026
2.677414894104004,1.4105980344571678,1.4406423568725586,-1.0559395551681519,0.09079118072986603
2.680488109588623,1.4091430556703897,1.438735008239746,-0.9834287166595459,0.0788281038403511
2.6835575103759766,1.4077487386506555,1.436446189880371,-1.227145791053772,0.05362020432949066
2.6866261959075928,1.4064140637593097,1.4345388412475586,-1.2815289497375488,0.1582970917224884
2.6897053718566895,1.4051349403132456,1.4326313734054565,-1.072053074836731,0.12967117130756378
2.6927835941314697,1.403916879657368,1.4303425550460815,-0.9491874575614929,0.16513313353061676
2.6958627700805664,1.4027595829876,1.428435206413269,-1.1002517938613892,0.10275425016880035
2.69893741607666,1.4016654367994934,1.4265278577804565,-1.1767910718917847,0.1112993061542511
2.701984167098999,1.400642188759476,1.4246203899383545,-0.9421377778053284,0.08224612474441528
2.7050580978393555,1.3996717028879717,1.422713041305542,-0.8595559597015381,0.09164568781852722
2.708137273788452,1.3987622475254737,1.421187162399292,-0.9230029582977295,0.15658807754516602
2.7112133502960205,1.3979166924238489,1.419661283493042,-0.878690779209137,0.042084380984306335
2.714280605316162,1.3971365590636944,1.41775381565094,-0.8726481795310974,0.11258106678724289
2.7173469066619873,1.396419835225353,1.41622793674469,-0.6762645840644836,0.07455558329820633
2.7204132080078125,1.395766534585094,1.41470205783844,-0.9693293571472168,0.10702677816152573
2.7234795093536377,1.395176899630249,1.41317617893219,-0.6802929639816284,0.07199206203222275
2.726546049118042,1.394651110826812,1.4120317697525024,-0.7105058431625366,0.14633402228355408
2.729612350463867,1.3941894450891619,1.410887360572815,-0.5775692462921143,0.05062943324446678
2.7326786518096924,1.3937920304094171,1.409742832183838,-0.5725337862968445,0.03012130968272686
2.735745668411255,1.393458944139327,1.408216953277588,-0.6742504239082336,0.08950942009687424
2.7388124465942383,1.3931904285362944,1.407454013824463,-0.329823762178421,0.07711909711360931
2.74188232421875,1.3929863815790466,1.4063096046447754,-0.5493705868721008,0.04251163452863693
2.7449557781219482,1.3928470589022983,1.4055466651916504,-0.530235767364502,0.08908216655254364
2.7479774951934814,1.392773499701418,1.404402256011963,-0.5262073874473572,0.05532921478152275
2.7510452270507812,1.3927631712523245,1.403639316558838,-0.6631723642349243,0.03311207890510559
2.7541117668151855,1.3928176499362213,1.402876377105713,-0.33888763189315796,0.13437095284461975
2.7571780681610107,1.3929368871336154,1.4017318487167358,-0.47081711888313293,0.07541008293628693
2.760244846343994,1.3931208739400376,1.4009689092636108,-0.3842069208621979,0.14932478964328766
2.7633113861083984,1.393369506693997,1.4005874395370483,-0.3529869616031647,0.11386281996965408
2.7663774490356445,1.3936826511689047,1.3998245000839233,-0.2996108829975128,0.11642633378505707
2.769446611404419,1.3940606390265815,1.3990615606307983,-0.4093843102455139,0.21084916591644287
2.772517442703247,1.394503303856889,1.3986800909042358,-0.35802242159843445,0.22537575662136078
2.775595188140869,1.3950115068324307,1.3979171514511108,-0.22609293460845947,0.18393224477767944
2.778668165206909,1.3955831970378074,1.3975356817245483,-0.33989471197128296,0.20914015173912048
2.7817389965057373,1.3962184326138105,1.3971542119979858,-0.12034790217876434,0.23477530479431152
2.7848076820373535,1.396916843338844,1.3967727422714233,-0.1445181965827942,0.21725794672966003
2.7878763675689697,1.3976785911631677,1.3971542119979858,0.12236209958791733,0.1736781895160675
2.79095721244812,1.3985067861158116,1.3967727422714233,0.0800640881061554,0.2223849892616272
2.794046640396118,1.399400796864211,1.3963912725448608,-0.10725566744804382,0.22452124953269958
2.7971229553222656,1.4003538715781538,1.3967727422714233,0.032730601727962494,0.2074311375617981
2.8001935482025146,1.401367368213272,1.3967727422714233,-0.05589379742741585,0.19375905394554138
2.803262710571289,1.4024421089115142,1.3967727422714233,0.20997940003871918,0.27450981736183167
2.806342124938965,1.4035820487494381,1.3967727422714233,0.23314259946346283,0.29373615980148315
2.8094232082366943,1.4047839417395276,1.3967727422714233,0.014602883718907833,0.3338979184627533
2.8124935626983643,1.4060422339662717,1.3971542119979858,0.15056076645851135,0.2843366265296936
2.815563440322876,1.4073603267751809,1.3975356817245483,0.19588007032871246,0.37106889486312866
2.818633556365967,1.4087380298049064,1.3979171514511108,0.30867475271224976,0.3454337418079376
2.8217062950134277,1.4101759827232887,1.3982986211776733,0.42449072003364563,0.3330434262752533
2.824784278869629,1.4116751023692329,1.3986800909042358,0.34090182185173035,0.35483330488204956
2.827857255935669,1.413229843675552,1.3994430303573608,0.39125657081604004,0.2984359562397003
2.8309309482574463,1.4148423999037998,1.4002059698104858,0.5604485869407654,0.31082627177238464
2.8339803218841553,1.416498384729684,1.4005874395370483,0.23012131452560425,0.3949950337409973
2.837052822113037,1.4182229126765102,1.4017318487167358,0.43657588958740234,0.3185168206691742
2.84013032913208,1.4200059407598893,1.4024949073791504,0.4134126901626587,0.3505607545375824
2.8432023525238037,1.4218407140438125,1.403639316558838,0.7538109421730042,0.32791638374328613
2.8462722301483154,1.4237283385014077,1.404402256011963,0.6208743453025818,0.3326161503791809
2.849343776702881,1.4256704439900278,1.4055466651916504,0.43959715962409973,0.29373615980148315
2.8524134159088135,1.4276640406741568,1.406691074371338,0.45571067929267883,0.24631112813949585
2.855482339859009,1.4297090938310428,1.4078354835510254,0.5634698867797852,0.2236667424440384
2.8585593700408936,1.4318109054733876,1.4093613624572754,0.6410162448883057,0.2557106912136078
2.861632823944092,1.433960825853546,1.4105058908462524,0.739711582660675,0.24887464940547943
2.864701747894287,1.4361571881544226,1.4120317697525024,0.8484779000282288,0.18777751922607422
2.8677690029144287,1.4384010734972252,1.4135576486587524,0.8595559597015381,0.2655375003814697
2.8708391189575195,1.4406949892621195,1.4150835275650024,0.8746623992919922,0.2048676311969757
2.8739264011383057,1.4430492317947365,1.4166094064712524,0.9250171780586243,0.27493706345558167
2.876980781555176,1.445424392052003,1.418135404586792,0.9794003367424011,0.3052719831466675
2.8800530433654785,1.4478587335041948,1.419661283493042,0.8041657209396362,0.2851911187171936
2.883121967315674,1.4503348609909696,1.421187162399292,0.9169604182243347,0.3796139359474182
2.88619065284729,1.4528542767730477,1.4230945110321045,0.8464637398719788,0.27493706345558167
2.889268636703491,1.455424061502225,1.425001859664917,0.9622796773910522,0.286472886800766
2.8923463821411133,1.4580354817756864,1.426909327507019,0.9763790369033813,0.40396735072135925
2.8954222202301025,1.460686102341719,1.4288166761398315,0.9713435769081116,0.2659647464752197
2.8984901905059814,1.463369606814482,1.430724024772644,1.070038914680481,0.27621880173683167
2.901556968688965,1.4660906614828217,1.4326313734054565,1.016662836074829,0.43857482075691223
2.90462589263916,1.4688512342048443,1.4345388412475586,0.845456600189209,0.34287023544311523
2.907702684402466,1.4716556253728055,1.4368276596069336,1.0438544750213623,0.31082627177238464
2.9107766151428223,1.4744931003342174,1.438735008239746,1.2009613513946533,0.3304798901081085
2.913851261138916,1.4773658636827407,1.441023826599121,1.2845501899719238,0.3185168206691742
2.9169273376464844,1.4802735470308654,1.4433127641677856,1.1304646730422974,0.30997177958488464
2.9199798107147217,1.4831910539041475,1.4456015825271606,1.293614149093628,0.23178453743457794
2.9230563640594482,1.486162875665271,1.4482718706130981,1.2754863500595093,0.2078583985567093
2.9261271953582764,1.4891594010691873,1.4505608081817627,1.2734721899032593,0.17752346396446228
2.9291954040527344,1.4921824169532003,1.4528496265411377,1.3479973077774048,0.22836652398109436
2.9322617053985596,1.4952314412331873,1.4555199146270752,1.4889906644821167,0.3975585699081421
2.9353280067443848,1.4983072125453722,1.4578088521957397,1.3318836688995361,0.31082627177238464
2.938396692276001,1.5014110103703011,1.4604791402816772,1.4184939861297607,0.2689555287361145
2.941474199295044,1.5045483265965864,1.4631494283676147,1.6189059019088745,0.43430227041244507
2.9445486068725586,1.5077059074945256,1.4658198356628418,1.4154726266860962,0.34073394536972046
2.9476206302642822,1.5108832480961958,1.4684901237487793,1.4476996660232544,0.35739681124687195
2.950690269470215,1.514079114347463,1.4707789421081543,1.2613869905471802,0.32578012347221375
2.9537599086761475,1.5172947749132017,1.4738308191299438,1.4295719861984253,0.3005722165107727
2.956836223602295,1.520536086749399,1.4765011072158813,1.3902952671051025,0.29587242007255554
2.959909677505493,1.5237918282992744,1.4791713953018188,1.624948501586914,0.20273137092590332
2.9629783630371094,1.5270587031704617,1.4822232723236084,1.5957427024841309,0.2719462811946869
2.9660446643829346,1.530337979617829,1.4852750301361084,1.6048065423965454,0.16983291506767273
2.969111442565918,1.5336314856035091,1.487945318222046,1.6189059019088745,0.3206530809402466
2.9721806049346924,1.5369400641702504,1.4909971952438354,1.5866788625717163,0.3954222798347473
2.975257396697998,1.5402681953374207,1.4940489530563354,1.4336004257202148,0.3522697687149048
2.9783310890197754,1.543603058405386,1.4967193603515625,1.762920618057251,0.3522697687149048
2.981398582458496,1.5469400052471736,1.4997711181640625,1.5594873428344727,0.29416343569755554
2.9844658374786377,1.550284251980159,1.5028228759765625,1.8646372556686401,0.34372472763061523
2.9875247478485107,1.5536256927208758,1.505874752998352,1.6652323007583618,0.2544289231300354
2.9905924797058105,1.5569818386533705,1.508926510810852,1.4889906644821167,0.2736552953720093
2.9936628341674805,1.5603446888577646,1.5119783878326416,1.6904096603393555,0.3296253979206085
2.9967398643493652,1.5637174438666412,1.5150301456451416,1.7186083793640137,0.3202258348464966
2.99981427192688,1.5670886590723614,1.518463373184204,1.69141685962677,0.1766689568758011
3.002889394760132,1.5704607345128303,1.5215152502059937,1.8616158962249756,0.24802014231681824
3.005963087081909,1.5738300595228596,1.5245670080184937,1.7951476573944092,0.29758143424987793
3.009042739868164,1.5772034720356578,1.5280003547668457,1.78507661819458,0.3659418523311615
3.012115716934204,1.5805658741666,1.5310521125793457,1.7206225395202637,0.3185168206691742
3.0151827335357666,1.5839168213970178,1.5344853401184082,1.763927698135376,0.2988632023334503
3.018249273300171,1.5872610757162886,1.5375372171401978,1.8696726560592651,0.31082627177238464
3.0213160514831543,1.5905981761453836,1.5409704446792603,1.8314030170440674,0.3522697687149048
3.0243828296661377,1.59392662339215,1.5440223217010498,1.7186083793640137,0.3492790162563324
3.027448892593384,1.5972444089148217,1.5470740795135498,1.7760127782821655,0.252292662858963
3.03051495552063,1.6005510787746358,1.5505073070526123,1.8253605365753174,0.1745326966047287
3.033581256866455,1.6038456614738759,1.5539406538009644,1.9774318933486938,0.24844738841056824
3.0366485118865967,1.6071276947942323,1.5569924116134644,1.7991759777069092,0.3364614248275757
3.039714813232422,1.6103939196909576,1.5604257583618164,1.5897001028060913,0.32364386320114136
3.0427818298339844,1.613644902655818,1.5634775161743164,1.5735865831375122,0.31168079376220703
3.045851230621338,1.616881179593511,1.5669108629226685,1.8444952964782715,0.35825130343437195
3.048919916152954,1.6200982656765277,1.5699626207351685,1.7609063386917114,0.3667963743209839
3.0519800186157227,1.6232868063957937,1.573395848274231,1.7176012992858887,0.3210803270339966
3.0550472736358643,1.6264620266593013,1.5764477252960205,1.7266651391983032,0.252719908952713
3.0581138134002686,1.6296145384327587,1.579880952835083,1.8052185773849487,0.27707332372665405
3.061182975769043,1.6327465804203611,1.5829328298568726,1.766948938369751,0.26425573229789734
3.0642521381378174,1.635854282224724,1.586366057395935,1.7971618175506592,0.22879377007484436
3.0673186779022217,1.6389338656588404,1.5897992849349976,1.8042114973068237,0.21255818009376526
3.0703861713409424,1.6419877987850715,1.592851161956787,1.8021973371505737,0.22964827716350555
3.073452949523926,1.6450132831336703,1.595902919769287,1.7276722192764282,0.38858625292778015
3.076519012451172,1.6480092151746086,1.5993362665176392,1.7206225395202637,0.287754625082016
3.079585313796997,1.6509754214173429,1.6023880243301392,1.7075303792953491,0.3988403081893921
3.0826592445373535,1.6539178301983688,1.6054397821426392,1.6561684608459473,0.3364614248275757
3.085726499557495,1.6568216416480797,1.6084916591644287,1.7387503385543823,0.39072251319885254
3.088792562484741,1.659691092543844,1.6119248867034912,1.5594873428344727,0.27750056982040405
3.0918614864349365,1.6625288820991426,1.6149767637252808,1.4597848653793335,0.2698100209236145
3.094937562942505,1.6653377511238352,1.6180285215377808,1.5876859426498413,0.221957728266716
3.0979809761047363,1.6680807548742596,1.6210802793502808,1.7206225395202637,0.2663919925689697
3.101052761077881,1.6708119563157755,1.6241321563720703,1.8656443357467651,0.3680781126022339
3.104119300842285,1.6735000321907618,1.6275653839111328,1.832410216331482,0.27792781591415405
3.1071863174438477,1.676149089281086,1.6302357912063599,1.5937285423278809,0.43814754486083984
3.110252857208252,1.678757320489992,1.6332875490188599,1.853559136390686,0.31168079376220703
3.1133196353912354,1.6813243704449805,1.6363393068313599,1.5151751041412354,0.29459068179130554
3.1163861751556396,1.6838488870544321,1.6393911838531494,1.6682536602020264,0.3685053884983063
3.119452714920044,1.686330134330663,1.6424429416656494,1.6873884201049805,0.38602274656295776
3.12251877784729,1.6887668156870514,1.6451133489608765,1.6168917417526245,0.32150760293006897
3.1255862712860107,1.6911595212204238,1.647783637046814,1.5856717824935913,0.24203860759735107
3.1286532878875732,1.6935058537176837,1.650835394859314,1.5876859426498413,0.29459068179130554
3.131720781326294,1.695805671165518,1.653505802154541,1.3268482685089111,0.32706186175346375
3.134787082672119,1.6980568850565716,1.656557559967041,1.7306935787200928,0.3193713426589966
3.1378564834594727,1.7002617643731746,1.6592278480529785,1.3560540676116943,0.3001449704170227
3.140928268432617,1.702418844065141,1.6618982553482056,1.2815289497375488,0.26340124011039734
3.143980026245117,1.704512018284769,1.664568543434143,1.3288624286651611,0.34842449426651
3.147049903869629,1.7065667187956646,1.666857361793518,1.2674295902252197,0.2997176945209503
3.150115489959717,1.7085668403949512,1.6695277690887451,1.3651179075241089,0.38986802101135254
3.1531822681427,1.7105152963230663,1.6721980571746826,1.311741828918457,0.3146715462207794
3.1562490463256836,1.7124105752692582,1.6748683452606201,1.3882811069488525,0.3159533143043518
3.159315347671509,1.7142516914535548,1.6771572828292847,1.4275578260421753,0.3843137323856354
3.1623809337615967,1.7160378500142024,1.6794461011886597,1.2221102714538574,0.3351796865463257
3.1654510498046875,1.717771340732051,1.6821163892745972,1.3651179075241089,0.41763943433761597
3.168529748916626,1.7194534493777354,1.6844053268432617,1.2503089904785156,0.45139238238334656
3.1716036796569824,1.721076149589524,1.6866941452026367,1.072053074836731,0.287754625082016
3.1746702194213867,1.7226377906291146,1.6889829635620117,1.1264362335205078,0.32877087593078613
3.177737236022949,1.7241419920655985,1.6908903121948242,1.1062943935394287,0.286900132894516
3.1808040142059326,1.725587837909733,1.6931792497634888,1.2775006294250488,0.3633783459663391
3.1838736534118652,1.7269761769255572,1.6954680681228638,1.2654154300689697,0.3300526440143585
3.186945676803589,1.7283061255312695,1.6973754167556763,1.2130464315414429,0.29373615980148315
3.1899783611297607,1.729560205536544,1.6996643543243408,1.1073014736175537,0.32620736956596375
3.1930487155914307,1.7307698427841984,1.7015717029571533,1.1032730340957642,0.37448692321777344
3.1961262226104736,1.7319212459590108,1.7034790515899658,1.0388189554214478,0.3497062623500824
3.1992013454437256,1.733010275574142,1.7050049304962158,0.843442440032959,0.3313344120979309
3.202275037765503,1.734036977422489,1.7069122791290283,1.0347905158996582,0.4001220762729645
3.2053465843200684,1.7350008379499826,1.7088197469711304,1.0227054357528687,0.40738537907600403
3.20841383934021,1.7359010208340584,1.7103456258773804,0.9753719568252563,0.37235066294670105
3.211480140686035,1.736738331200106,1.7118715047836304,0.8051728010177612,0.3368886709213257
3.214547872543335,1.7375130944082038,1.7133973836898804,0.7608606219291687,0.4808728098869324
3.217616558074951,1.7382248286934359,1.7153048515319824,0.965300977230072,0.35696956515312195
3.220686912536621,1.7388733540019539,1.7168307304382324,0.8706340193748474,0.43472954630851746
3.2237532138824463,1.7394572950342744,1.71797513961792,0.8343786001205444,0.30783551931381226
3.2268197536468506,1.7399773710864237,1.71950101852417,0.8464637398719788,0.3514152765274048
3.229889154434204,1.7404337366313904,1.7206454277038574,0.6974136233329773,0.3343251645565033
3.2329585552215576,1.7408257068407254,1.7221713066101074,0.7679103016853333,0.3197985887527466
3.23598051071167,1.7411485664483652,1.7233158349990845,0.6450446248054504,0.34457921981811523
3.2390506267547607,1.741412386896397,1.724460244178772,0.6732432842254639,0.28177309036254883
3.2421162128448486,1.741611171939113,1.7256046533584595,0.5533989667892456,0.21939422190189362
3.245182752609253,1.7417453164296814,1.7263675928115845,0.6007324457168579,0.3176623284816742
3.248249053955078,1.741814695797779,1.727512001991272,0.43657588958740234,0.24545662105083466
3.2513158321380615,1.7418192929150615,1.728274941444397,0.6238956451416016,0.3202258348464966
3.254382610321045,1.7417590902490327,1.7294193506240845,0.6279240250587463,0.35953307151794434
3.2574503421783447,1.7416340612163905,1.7301822900772095,0.3701075613498688,0.2988632023334503
3.2605183124542236,1.7414442436446027,1.730945348739624,0.3187457025051117,0.37235066294670105
3.2635855674743652,1.7411897821384281,1.731708288192749,0.4103913903236389,0.37149614095687866
3.2666525840759277,1.7408707618064925,1.7320897579193115,0.4285190999507904,0.22665750980377197
3.2697196006774902,1.7404872838488603,1.732471227645874,0.2996108829975128,0.42362096905708313
3.2727859020233154,1.7400396025830869,1.7328526973724365,0.2875257432460785,0.3330434262752533
3.2758524417877197,1.7395277599719972,1.7336156368255615,0.22609293460845947,0.3044174909591675
3.2789220809936523,1.7389513641044907,1.7336156368255615,0.2583199739456177,0.34244295954704285
3.281977891921997,1.7383141413761227,1.733997106552124,0.30666056275367737,0.44925612211227417
3.285051107406616,1.737609705123514,1.7343785762786865,0.14048981666564941,0.3650873601436615
3.288118362426758,1.7368433170025197,1.7343785762786865,0.05589379742741585,0.37448692321777344
3.291184425354004,1.7360142915667625,1.7343785762786865,0.032730601727962494,0.3650873601436615
3.2942543029785156,1.735121502675989,1.7343785762786865,-0.054886702448129654,0.4633554518222809
3.2973313331604004,1.7341639765620283,1.7343785762786865,0.02366674318909645,0.37448692321777344
3.3004045486450195,1.7331453809373902,1.7343785762786865,-0.143511101603508,0.30783551931381226
3.303475856781006,1.732065636922989,1.7343785762786865,-0.05387960746884346,0.29202717542648315
3.30654239654541,1.730926352645771,1.733997106552124,-0.10121309012174606,0.31125351786613464
3.3096096515655518,1.7297260354971054,1.733997106552124,-0.15559624135494232,0.16684214770793915
3.312676191329956,1.7284656908597598,1.733997106552124,-0.13746853172779083,0.13308918476104736
3.3157434463500977,1.727145198909706,1.7336156368255615,-0.15257495641708374,0.1728236824274063
3.3188109397888184,1.725765227483947,1.733234167098999,-0.24321354925632477,0.10659952461719513
3.3218777179718018,1.7243267318282895,1.7328526973724365,-0.16466011106967926,0.10019073635339737
3.324946403503418,1.7228289822223808,1.732471227645874,-0.2512703239917755,0.07327382266521454
3.3279805183410645,1.7212912562558107,1.7320897579193115,-0.19386588037014008,0.043793391436338425
3.331050395965576,1.7196784476598073,1.7313268184661865,-0.4426184594631195,0.06002899259328842
3.3341174125671387,1.7180105276176556,1.7305638790130615,-0.3620508015155792,0.03012130968272686
3.3371846675872803,1.7162865028345635,1.729800820350647,-0.4103913903236389,0.05703822523355484
3.3402509689331055,1.7145077028589204,1.729037880897522,-0.4939803183078766,0.00747692072764039
3.3433175086975098,1.7126741158985526,1.728274941444397,-0.46880292892456055,-0.0049134050495922565
3.3463869094848633,1.710784772766465,1.7271305322647095,-0.5896543860435486,0.09207294136285782
3.34946346282959,1.7088374726169981,1.725986123085022,-0.6027466058731079,0.09848172962665558
3.3525359630584717,1.7068399524522846,1.7248417139053345,-0.5342641472816467,0.09762722253799438
3.355602979660034,1.70479413015338,1.7240787744522095,-0.3993133306503296,0.08865492045879364
3.3586690425872803,1.7026979070072294,1.72255277633667,-0.44866102933883667,0.10446326434612274
3.3617360591888428,1.7005507574510828,1.7214083671569824,-0.7608606219291687,0.10061798989772797
3.364802360534668,1.6983546409153152,1.720263957977295,-0.6148317456245422,0.09079118072986603
3.3678712844848633,1.6961079371062797,1.718738079071045,-0.6631723642349243,0.1253986358642578
3.3709449768066406,1.6938097365655724,1.717212200164795,-0.8595559597015381,0.0788281038403511
3.373988151550293,1.6914878651593115,1.715686321258545,-0.9602655172348022,0.09762722253799438
3.3770673274993896,1.689092314956073,1.7141603231430054,-0.723598062992096,0.21170367300510406
3.380138874053955,1.6866572796023913,1.7122529745101929,-0.9270313382148743,0.0792553573846817
3.3832056522369385,1.6841816707699222,1.7103456258773804,-0.9612725973129272,0.17026016116142273
3.3862717151641846,1.6816632548057289,1.7088197469711304,-1.0116273164749146,0.24716563522815704
3.3894143104553223,1.6790379373491622,1.7069122791290283,-1.0327763557434082,0.16342411935329437
3.3925366401672363,1.6763864014906336,1.7050049304962158,-1.069031834602356,0.1433432549238205
3.395719051361084,1.673640644580704,1.7027161121368408,-1.1103227138519287,0.1117265596985817
3.3988382816314697,1.670908130805755,1.7008087635040283,-1.1737697124481201,0.14932478964328766
3.40194034576416,1.6681511824466648,1.6989012956619263,-0.9240100979804993,0.20358586311340332
3.4049935340881348,1.6654002532627226,1.6966124773025513,-0.9330739378929138,0.09121843427419662
3.408087968826294,1.6625753265660854,1.6943236589431763,-1.243259310722351,0.09805447608232498
3.4111578464508057,1.6597372246258497,1.6924163103103638,-1.2523231506347656,0.13394369184970856
3.414233922958374,1.6568588951947518,1.6901273727416992,-1.0106202363967896,0.06045624613761902
3.4173033237457275,1.6539534634305397,1.6878385543823242,-1.3349050283432007,0.13650721311569214
3.420372486114502,1.65101602977515,1.6855497360229492,-1.2200961112976074,0.10446326434612274
3.423450231552124,1.6480391177813547,1.6832607984542847,-1.239230990409851,0.15274280309677124
3.426523208618164,1.6450366923700372,1.6809719800949097,-1.0539253950119019,0.1271076500415802
3.4295926094055176,1.6420088289063153,1.6783016920089722,-1.137514352798462,0.1283894032239914
3.432661533355713,1.6389536534317841,1.6760128736495972,-1.1244220733642578,0.17111466825008392
3.435739517211914,1.63586269742608,1.6733424663543701,-1.4577707052230835,0.17752346396446228
3.4388182163238525,1.6327453685544406,1.6706721782684326,-1.5494163036346436,0.095490962266922
3.4419047832489014,1.6295954889653976,1.6683833599090576,-1.4607919454574585,0.16214236617088318
3.4449801445007324,1.6264337390152908,1.6657129526138306,-1.6420691013336182,0.063019759953022
3.448046922683716,1.6232588229136107,1.6626611948013306,-1.4738842248916626,0.07455558329820633
3.4511139392852783,1.6200628779021207,1.6599907875061035,-1.293614149093628,0.04592965543270111
3.4541828632354736,1.6168453312043989,1.657320499420166,-1.449713945388794,0.05191119387745857
3.457263708114624,1.6135967561499518,1.6546502113342285,-1.2795147895812988,0.06216525658965111
3.4603400230407715,1.6103356449695765,1.6519798040390015,-1.4920119047164917,0.095918208360672
3.4634101390838623,1.6070650717813406,1.6489280462265015,-1.5997711420059204,0.03610284626483917
3.466477155685425,1.6037830230935477,1.646257758140564,-1.3208056688308716,0.09036392718553543
3.469545841217041,1.600485626958844,1.6432058811187744,-1.7447928190231323,0.2663919925689697
3.4726247787475586,1.5971648145994526,1.6401541233062744,-1.4960402250289917,0.1758144497871399
3.475700616836548,1.5938361822053093,1.637483835220337,-1.7417715787887573,0.21383993327617645
3.478771686553955,1.5905028187510386,1.6344319581985474,-1.5222247838974,0.13437095284461975
3.4818406105041504,1.5871631511831203,1.6313802003860474,-1.5745937824249268,0.12198062241077423
3.484917402267456,1.5838075062009138,1.6283283233642578,-1.6309911012649536,0.13693445920944214
3.4879894256591797,1.5804509034516543,1.6252765655517578,-1.469855785369873,0.13565270602703094
3.4910740852355957,1.5770755630464048,1.6222248077392578,-1.7266651391983032,0.13522544503211975
3.4941556453704834,1.5736999443911301,1.6191729307174683,-1.7457998991012573,0.02713054046034813
3.49723219871521,1.5703274134080172,1.6161211729049683,-1.6017853021621704,0.0643015205860138
3.50030255317688,1.5669605461639438,1.6126878261566162,-1.5040971040725708,0.07028305530548096
3.503370523452759,1.563596416361302,1.6096360683441162,-1.761913537979126,0.14676126837730408
3.5064375400543213,1.5602347048407776,1.6062028408050537,-1.7105516195297241,0.2065766453742981
3.509506940841675,1.5568730042506,1.6031509637832642,-1.5474021434783936,0.20871290564537048
3.5125765800476074,1.5535149182128596,1.6000992059707642,-1.7105516195297241,0.1587243527173996
3.5156431198120117,1.5501653396237254,1.596665859222412,-1.8273746967315674,0.13607995212078094
3.5187108516693115,1.5468208208415755,1.593614101409912,-1.763927698135376,0.11898985505104065
3.521777391433716,1.5434852026725736,1.5901808738708496,-1.8253605365753174,0.14590676128864288
3.5248472690582275,1.540154806571592,1.58712899684906,-1.7951476573944092,0.0638742670416832
3.5279204845428467,1.5368309024878222,1.5836957693099976,-1.7609063386917114,0.0796826109290123
3.530980110168457,1.533532977277404,1.580643892288208,-1.692423939704895,0.10360875725746155
3.5340471267700195,1.5302396077179239,1.5772106647491455,-1.7317006587982178,0.13736172020435333
3.5371146202087402,1.5269594887766316,1.574158787727356,-1.7065231800079346,0.15188831090927124
3.540181875228882,1.523694605092683,1.5707255601882935,-1.8193179368972778,0.16983291506767273
3.543248176574707,1.5204469212051697,1.5676738023757935,-1.527260184288025,0.20358586311340332
3.546314239501953,1.5172168755161277,1.5642404556274414,-1.8132753372192383,0.1882047802209854
3.5493814945220947,1.5140041687216403,1.5611886978149414,-1.7478141784667969,0.08438239246606827
3.552448272705078,1.5108117481138377,1.5577553510665894,-1.7558709383010864,0.08566414564847946
3.5555155277252197,1.5076398066545706,1.5547035932540894,-1.7760127782821655,0.042084380984306335
3.5585825443267822,1.504490264298442,1.5512703657150269,-1.8092470169067383,0.1424887478351593
3.561648368835449,1.501365253651915,1.5478370189666748,-1.7719844579696655,0.0963454619050026
3.5647149085998535,1.498263985311501,1.5447852611541748,-1.7598992586135864,0.0950637087225914
3.567781448364258,1.495188342390248,1.5417333841323853,-1.6692607402801514,0.125825896859169
3.5708506107330322,1.4921368709423886,1.5383001565933228,-1.6622110605239868,0.20999465882778168
3.5739316940307617,1.4891016595159074,1.5348668098449707,-1.7588921785354614,0.22537575662136078
3.576981544494629,1.4861260708327422,1.5314335823059082,-1.9018996953964233,0.20273137092590332
3.58005690574646,1.4831557748989699,1.5283818244934082,-1.7014877796173096,0.13949798047542572
3.5831267833709717,1.4802221046292796,1.5253299474716187,-1.8878004550933838,0.18094147741794586
3.586195468902588,1.4773219480697526,1.5222781896591187,-1.762920618057251,0.06045624613761902
3.589266538619995,1.4744530240238867,1.519226312637329,-1.681345820426941,0.0796826109290123
3.592346429824829,1.4716105759077869,1.5157930850982666,-1.5715724229812622,0.1117265596985817
3.5954246520996094,1.468805468687427,1.5127413272857666,-1.6178988218307495,0.04464789852499962
3.598491907119751,1.4660469981842421,1.509689450263977,-1.6883955001831055,0.19333180785179138
3.6015584468841553,1.4633267605783618,1.506637692451477,-1.7498283386230469,0.05874723568558693
3.6046254634857178,1.4606447042167598,1.5039674043655396,-1.5292744636535645,0.1924773007631302
3.607692241668701,1.4580024548570454,1.50091552734375,-1.7045090198516846,0.1587243527173996
3.6107585430145264,1.4554011848440582,1.49786376953125,-1.450721025466919,0.19931334257125854
3.6138250827789307,1.4528412483735307,1.4948118925094604,-1.680338740348816,0.10147249698638916
3.616891622543335,1.450323799621761,1.4917601346969604,-1.6531472206115723,0.12454413622617722
3.6199584007263184,1.4478495825026236,1.4887083768844604,-1.8263676166534424,0.125825896859169
3.6229779720306396,1.4454567753939163,1.485656499862671,-1.4819409847259521,0.07754635065793991
3.6260440349578857,1.4430720034951356,1.4829862117767334,-1.449713945388794,0.10019073635339737
3.629110813140869,1.440732791493202,1.4803158044815063,-1.450721025466919,0.06515602022409439
3.6321768760681152,1.4384410986060843,1.4776455163955688,-1.3077133893966675,0.07071030884981155
3.6352436542510986,1.436196706526092,1.4749752283096313,-1.3349050283432007,0.06729228794574738
3.638310432434082,1.4340009886919185,1.4719233512878418,-1.6722819805145264,0.14077973365783691
3.6413769721984863,1.43185492525599,1.4692530632019043,-1.4899977445602417,0.1429159939289093
3.644444227218628,1.4297586573934213,1.4665827751159668,-1.3449759483337402,0.1741054356098175
3.6475112438201904,1.4277136269960524,1.4639123678207397,-1.2503089904785156,0.2048676311969757
3.6505777835845947,1.425720734389479,1.4612420797348022,-1.4275578260421753,0.16855116188526154
3.653644323348999,1.4237803974601988,1.4589532613754272,-1.315770149230957,0.11728084087371826
3.6567108631134033,1.4218933365202147,1.4562828540802002,-1.4859693050384521,0.09335469454526901
3.6597776412963867,1.4200601117006988,1.4536125659942627,-1.3409476280212402,0.13522544503211975
3.6628429889678955,1.4182823692220552,1.4513237476348877,-1.5655298233032227,0.1749599426984787
3.6659090518951416,1.4165595053559235,1.4490348100662231,-1.1324788331985474,0.17068742215633392
3.6689841747283936,1.414887738608172,1.4467459917068481,-1.3308765888214111,0.0784008577466011
3.6720550060272217,1.4132750799537852,1.4444571733474731,-1.0911879539489746,0.11557183414697647
3.6751322746276855,1.4117165575709374,1.4421683549880981,-1.1667200326919556,0.10232700407505035
3.678213596343994,1.4102142569144553,1.440260887145996,-1.0549324750900269,0.024139773100614548
3.6812851428985596,1.4087753173671813,1.437972068786621,-0.9924925565719604,0.13009841740131378
3.6843528747558594,1.4073970933932511,1.4360647201538086,-1.158663272857666,0.08267337828874588
3.687419891357422,1.4060785740729558,1.4337759017944336,-1.3530327081680298,0.13223467767238617
3.690490245819092,1.4048185837901983,1.4318684339523315,-1.1647058725357056,0.14804303646087646
3.6935696601867676,1.403615609246435,1.429961085319519,-1.0791027545928955,0.14975203573703766
3.6966464519500732,1.402474853880572,1.4280537366867065,-1.068024754524231,0.14505226910114288
3.699714183807373,1.4013987804181187,1.426146388053894,-1.0589609146118164,0.12283512949943542
3.7027812004089355,1.4003845688784973,1.424238920211792,-1.0791027545928955,0.05447470769286156
3.7058494091033936,1.3994319798227381,1.4223315715789795,-0.8756694793701172,0.08865492045879364
3.70892071723938,1.3985409058591567,1.4208056926727295,-0.8615701794624329,0.10403601080179214
3.7119803428649902,1.397715703461807,1.4192798137664795,-0.8011444211006165,0.0963454619050026
3.7150511741638184,1.3969504923158649,1.4173723459243774,-0.8585488796234131,0.10360875725746155
3.7181174755096436,1.3962496827741413,1.4158464670181274,-0.9230029582977295,0.08822766691446304
3.7211875915527344,1.3956116063516326,1.4143205881118774,-0.8162508606910706,0.07113756239414215
3.7242579460144043,1.3950373696613716,1.41317617893219,-0.8726481795310974,0.08993667364120483
3.7273237705230713,1.3945279437576554,1.41165030002594,-0.5866330862045288,0.07071030884981155
3.7303898334503174,1.3940825911946484,1.4105058908462524,-0.7004348635673523,0.08352788537740707
3.73345685005188,1.3937014108397647,1.4093613624572754,-0.7346761226654053,0.06515602022409439
3.736523389816284,1.3933847369739842,1.408216953277588,-0.618860125541687,0.04464789852499962
3.7395901679992676,1.3931326058009121,1.4070725440979004,-0.44866102933883667,0.027557794004678726
3.7426559925079346,1.3929451862996092,1.405928134918213,-0.615838885307312,0.05404745414853096
3.745723009109497,1.392822424435109,1.405165195465088,-0.4768596887588501,0.09378194808959961
3.7487895488739014,1.3927644552195029,1.4040207862854004,-0.43959715962409973,0.095490962266922
3.751858949661255,1.3927713126699406,1.4032578468322754,-0.6390020847320557,0.0796826109290123
3.7549312114715576,1.392843175733964,1.4024949073791504,-0.4778667986392975,0.07284656912088394
3.757995367050171,1.392979594910675,1.4017318487167358,-0.4637674391269684,0.10873579233884811
3.7610621452331543,1.3931808234038794,1.4005874395370483,-0.4103913903236389,0.07156481593847275
3.7641289234161377,1.3934466974283757,1.4002059698104858,-0.2673838436603546,0.10745403170585632
3.7671945095062256,1.3937769773047533,1.3994430303573608,-0.3821927309036255,0.19974060356616974
3.770260810852051,1.3941717308744015,1.3986800909042358,-0.4436255395412445,0.2078583985567093
3.773329734802246,1.3946311621251035,1.3986800909042358,-0.14753948152065277,0.15402457118034363
3.776413917541504,1.3951575537191956,1.3979171514511108,-0.23918516933918,0.1741054356098175
3.779489278793335,1.395746801906373,1.3975356817245483,-0.15056076645851135,0.15530632436275482
3.782562255859375,1.3963995686941018,1.3971542119979858,-0.0629434660077095,0.23263904452323914
3.785632371902466,1.3971153460832861,1.3971542119979858,-0.05387960746884346,0.2240939885377884
3.7887015342712402,1.3978941939571632,1.3967727422714233,-0.31270313262939453,0.2364843189716339
3.791780471801758,1.3987388167105068,1.3967727422714233,-0.004531929735094309,0.23135729134082794
3.794856071472168,1.3996455005345052,1.3967727422714233,0.054886702448129654,0.16812390089035034
3.797927141189575,1.400613314734669,1.3967727422714233,0.05085831880569458,0.25955596566200256
3.8009793758392334,1.4016366835335146,1.3967727422714233,0.011581597849726677,0.2373388260602951
3.8040459156036377,1.4027262009942674,1.3967727422714233,0.1586175262928009,0.20956741273403168
3.807111978530884,1.403876626758217,1.3967727422714233,0.06797894090414047,0.21725794672966003
3.8101789951324463,1.405088084614152,1.3971542119979858,0.015609979629516602,0.2860456109046936
3.8132452964782715,1.4063594727855282,1.3971542119979858,0.047837033867836,0.3633783459663391
3.8163135051727295,1.4076914413271273,1.3975356817245483,0.26335546374320984,0.3770504295825958
3.819383144378662,1.4090833854941371,1.3979171514511108,0.035751886665821075,0.3779049217700958
3.822450637817383,1.4105331458298702,1.3982986211776733,0.30867475271224976,0.3783321976661682
3.825517416000366,1.412040777771052,1.3990615606307983,0.27745479345321655,0.3996948301792145
3.8285863399505615,1.4136071680060427,1.3994430303573608,0.23314259946346283,0.35483330488204956
3.831655740737915,1.4152309562555612,1.4002059698104858,0.654108464717865,0.29074540734291077
3.8347220420837402,1.4169095745792029,1.4009689092636108,0.28047609329223633,0.26083773374557495
3.8377885818481445,1.4186441478838299,1.4017318487167358,0.5594415068626404,0.24930189549922943
3.84085750579834,1.4204353167138346,1.402876377105713,0.5715266466140747,0.23392081260681152
3.843928813934326,1.422282543125136,1.403639316558838,0.5866330862045288,0.2228122353553772
3.846980094909668,1.4241711983418888,1.4047837257385254,0.5423209071159363,0.2693827748298645
3.8500492572784424,1.42612398703727,1.405928134918213,0.652094304561615,0.23434805870056152
3.8531157970428467,1.4281275356667331,1.4070725440979004,0.48390936851501465,0.20871290564537048
3.856182336807251,1.430182746495752,1.408216953277588,0.6087892055511475,0.26297399401664734
3.8592488765716553,1.4322888565676437,1.409742832183838,0.8283360004425049,0.252292662858963
3.8623151779174805,1.4344449144596316,1.410887360572815,0.7981231212615967,0.2578469514846802
3.8653814792633057,1.436650281680187,1.412413239479065,0.8474708199501038,0.26254671812057495
3.868448257446289,1.4389044938801048,1.413939118385315,0.9199817180633545,0.24203860759735107
3.8715174198150635,1.4412081828165952,1.4150835275650024,0.724605143070221,0.2668192684650421
3.8745944499969482,1.4435648433275512,1.416990876197815,0.8857404589653015,0.22665750980377197
3.877668619155884,1.445965494598425,1.418135404586792,0.808194100856781,0.29758143424987793
3.8807413578033447,1.4484102619134775,1.4200427532196045,1.0096131563186646,0.4129396378993988
3.8838083744049072,1.4508946646982923,1.421950101852417,0.7125200033187866,0.26340124011039734
3.886875629425049,1.453422489415944,1.423475980758667,0.9582512974739075,0.24332036077976227
3.889949321746826,1.4559980435523754,1.4253833293914795,1.153627872467041,0.3048447370529175
3.8930461406707764,1.4586349522297484,1.4272907972335815,1.0509041547775269,0.29031816124916077
3.8961188793182373,1.461292018226333,1.429198145866394,1.0086060762405396,0.3005722165107727
3.8991870880126953,1.463984590017769,1.4311054944992065,1.0952162742614746,0.2997176945209503
3.9022531509399414,1.466713631441376,1.433012843132019,1.1062943935394287,0.34287023544311523
3.905319929122925,1.4694806487407832,1.434920310974121,0.9894712567329407,0.3672236204147339
3.9083874225616455,1.4722846403229757,1.437209129333496,1.4487067461013794,0.3364614248275757
3.9114577770233154,1.4751265879058568,1.4391164779663086,1.1002517938613892,0.2646830081939697
3.9145243167877197,1.477999241014297,1.4414052963256836,1.3067063093185425,0.27707332372665405
3.917591094970703,1.4809052696127536,1.4440757036209106,1.3369191884994507,0.32321658730506897
3.9206578731536865,1.4838433726996285,1.4463645219802856,1.3439688682556152,0.31253528594970703
3.923724412918091,1.4868122273926148,1.4486533403396606,1.2372167110443115,0.21597619354724884
3.9267914295196533,1.489811427303948,1.4509422779083252,1.4416571855545044,0.2646830081939697
3.929860830307007,1.4928417641612666,1.4536125659942627,1.3429617881774902,0.26041045784950256
3.9329326152801514,1.495902176744708,1.4559013843536377,1.4960402250289917,0.30698099732398987
3.9359772205352783,1.4989617545980896,1.4585717916488647,1.5786221027374268,0.25998321175575256
3.939044237136841,1.502069132795366,1.4608606100082397,1.2049896717071533,0.2689555287361145
3.942110776901245,1.5052002426556155,1.4635308980941772,1.2835431098937988,0.26169222593307495
3.9451770782470703,1.5083541568889736,1.4662013053894043,1.4366216659545898,0.33987945318222046
3.9482436180114746,1.5115301951132485,1.4688715934753418,1.5282673835754395,0.4125123918056488
3.95131254196167,1.5147294270961686,1.4715418815612793,1.5997711420059204,0.3603875935077667
3.9543840885162354,1.5179509610583761,1.4742122888565063,1.382238507270813,0.30911725759506226
3.9574506282806396,1.5211855763630373,1.4772640466690063,1.6904096603393555,0.3347524106502533
3.9605162143707275,1.524436294092509,1.4799343347549438,1.7155871391296387,0.191622793674469
3.963582754135132,1.5277039299530164,1.482604742050171,1.3741817474365234,0.2505836486816406
3.966648817062378,1.530985750759466,1.485656499862671,1.5040971040725708,0.22922103106975555
3.9697155952453613,1.5342818156889289,1.4887083768844604,1.6138705015182495,0.2390478402376175
3.9727840423583984,1.5375919405214424,1.491378664970398,1.60984206199646,0.27536430954933167
3.9758617877960205,1.5409231844206266,1.494430422782898,1.676310420036316,0.3202258348464966
3.9789376258850098,1.5442622156645305,1.4974822998046875,1.627969741821289,0.3535515367984772
3.981978178024292,1.5475714002652559,1.5005340576171875,1.6027923822402954,0.34842449426651
3.9850475788116455,1.5509192786197998,1.503204345703125,1.5040971040725708,0.3693598806858063
3.988115072250366,1.554271160682315,1.5062562227249146,1.6138705015182495,0.34158846735954285
3.9911837577819824,1.5576291848770254,1.509689450263977,1.7367360591888428,0.3193713426589966
3.994260549545288,1.560999685037536,1.512359857559204,1.6330052614212036,0.28049135208129883
3.997331380844116,1.5643660014011354,1.5157930850982666,1.9764248132705688,0.24802014231681824
4.0003981590271,1.5677289624255861,1.5188448429107666,1.780041217803955,0.24631112813949585
4.003465175628662,1.571092022727863,1.5222781896591187,1.6481117010116577,0.2386205792427063
4.006531715393066,1.574453149560954,1.5253299474716187,1.9562828540802002,0.3202258348464966
4.00960111618042,1.5778147498385915,1.5283818244934082,1.6400549411773682,0.34287023544311523
4.012671232223511,1.581173218464522,1.5318150520324707,1.8062256574630737,0.33987945318222046
4.0157389640808105,1.5845239202818528,1.5348668098449707,1.782055377960205,0.32877087593078613
4.018805503845215,1.5878669220757198,1.5379186868667603,1.8203250169754028,0.27664607763290405
4.0218729972839355,1.5912033219174353,1.5413519144058228,1.7548638582229614,0.43814754486083984
4.024940013885498,1.594530323248693,1.5447852611541748,1.9633325338363647,0.27450981736183167
4.027979850769043,1.5978178638285845,1.5478370189666748,1.7377431392669678,0.30869001150131226
4.031048774719238,1.601125561936375,1.5508888959884644,1.7095445394515991,0.2236667424440384
4.034117937088013,1.6044209360553134,1.5543221235275269,1.9139848947525024,0.1437705010175705
4.037196636199951,1.6077126772794472,1.5577553510665894,1.8827649354934692,0.29245442152023315
4.040271282196045,1.6109849908202605,1.560807228088379,1.6722819805145264,0.2890363931655884
4.0433433055877686,1.6142382284470476,1.5642404556274414,1.8867933750152588,0.24887464940547943
4.046414136886597,1.617472723871091,1.567292332649231,1.7548638582229614,0.4150759279727936
4.049480676651001,1.6206840580761324,1.5707255601882935,1.7457998991012573,0.38944074511528015
4.052550792694092,1.6238792816441379,1.5737773180007935,1.6531472206115723,0.3206530809402466
4.055620193481445,1.6270527124405116,1.5772106647491455,1.853559136390686,0.31039902567863464
4.058686256408691,1.6302005026328985,1.5802624225616455,1.7246509790420532,0.16385138034820557
4.061753511428833,1.6333261567645,1.5836957693099976,1.7548638582229614,0.26297399401664734
4.064819812774658,1.63642632542314,1.58712899684906,1.852552056312561,0.13351644575595856
4.067888498306274,1.6395032137204981,1.5901808738708496,1.8112611770629883,0.26083773374557495
4.070920467376709,1.6425169273268596,1.5932326316833496,1.6048065423965454,0.29416343569755554
4.073980808258057,1.6455311545187632,1.596665859222412,1.8001830577850342,0.27536430954933167
4.077049970626831,1.6485250166869874,1.5997177362442017,1.7941405773162842,0.30869001150131226
4.080116510391235,1.6514861519760657,1.6031509637832642,1.7991759777069092,0.42148470878601074
4.083183765411377,1.6544167116119008,1.6062028408050537,1.7609063386917114,0.33731594681739807
4.086249589920044,1.6573135689848062,1.6092545986175537,1.5806362628936768,0.3616693317890167
4.089318513870239,1.660179900918671,1.6123063564300537,1.7196154594421387,0.24246585369110107
4.092395544052124,1.663019129743908,1.6157397031784058,1.7045090198516846,0.2535744309425354
4.09546971321106,1.6658199886265184,1.6184099912643433,1.5977569818496704,0.28134584426879883
4.098541259765625,1.6685817467077773,1.6218433380126953,1.8142824172973633,0.23135729134082794
4.101608514785767,1.6713020009976995,1.6248950958251953,1.5796291828155518,0.2552834451198578
4.104675054550171,1.6739830049764977,1.6279468536376953,1.7518424987792969,0.16427862644195557
4.107741355895996,1.6766241983378138,1.6309987306594849,1.5494163036346436,0.287754625082016
4.1108078956604,1.6792250113068243,1.6340504884719849,1.6491187810897827,0.2386205792427063
4.113874673843384,1.6817844688039485,1.636720895767212,1.4074158668518066,0.2364843189716339
4.116941690444946,1.6843016107301103,1.639772653579712,1.5776150226593018,0.45352864265441895
4.119983911514282,1.6867554796807172,1.642824411392212,1.6692607402801514,0.42063018679618835
4.123052597045898,1.6891864734272073,1.645494818687439,1.7931334972381592,0.19674982130527496
4.126118421554565,1.6915699501625436,1.6481651067733765,1.556465983390808,0.3962768018245697
4.129192352294922,1.6939134310263686,1.6512168645858765,1.5866788625717163,0.32492560148239136
4.132258892059326,1.6962042156624535,1.6538872718811035,1.4769054651260376,0.34671550989151
4.135325193405151,1.69844697178985,1.656557559967041,1.4195010662078857,0.23349355161190033
4.138392210006714,1.700641552956518,1.659609317779541,1.6410620212554932,0.2651102542877197
4.141459941864014,1.7027871098564367,1.662279725074768,1.3338979482650757,0.2681010067462921
4.144526958465576,1.704881845284114,1.6649500131607056,1.226138710975647,0.3309071362018585
4.1475934982299805,1.7069251737004643,1.667620301246643,1.466834545135498,0.32834362983703613
4.150665760040283,1.7089203332975047,1.6699092388153076,1.2885786294937134,0.3031357228755951
4.153732776641846,1.7108594490797095,1.6725795269012451,1.4023804664611816,0.2668192684650421
4.156799077987671,1.712744818295838,1.6752498149871826,1.314763069152832,0.2582741975784302
4.159868478775024,1.714578023157233,1.6775387525558472,1.2684366703033447,0.2719462811946869
4.16294002532959,1.7163576729788874,1.6802090406417847,1.2835431098937988,0.3949950337409973
4.165980339050293,1.7180645542091546,1.6824978590011597,1.2613869905471802,0.3800412118434906
4.169049263000488,1.71973169872951,1.6847867965698242,1.2140535116195679,0.35611504316329956
4.172117471694946,1.7213417964081832,1.6866941452026367,1.0962233543395996,0.27920958399772644
4.175185441970825,1.7228945255576964,1.6893644332885742,1.141542673110962,0.4001220762729645
4.178252696990967,1.7243890948066765,1.6916533708572388,1.067017674446106,0.2655375003814697
4.181319952011108,1.7258253177583434,1.6935607194900513,0.9854428768157959,0.1886320263147354
4.184387445449829,1.7272027657536997,1.6958495378494263,1.1485923528671265,0.24374762177467346
4.187453746795654,1.7285203125918724,1.6977568864822388,0.99853515625,0.2710917890071869
4.190521955490112,1.7297787796274267,1.6996643543243408,1.0921950340270996,0.29245442152023315
4.193598985671997,1.7309802182297322,1.7019531726837158,1.0398260354995728,0.4103761315345764
4.196670770645142,1.7321185830508095,1.7034790515899658,1.1516135931015015,0.3693598806858063
4.199738025665283,1.7331940070717802,1.7053864002227783,0.845456600189209,0.3937132954597473
4.202804088592529,1.734207432620447,1.7072938680648804,0.8373998403549194,0.4009765684604645
4.2058703899383545,1.7351589850522264,1.7092012166976929,1.1475852727890015,0.37235066294670105
4.208938360214233,1.7360486969460345,1.7107270956039429,0.9320668578147888,0.3642328381538391
4.211980581283569,1.7368690237017397,1.7122529745101929,0.9501945376396179,0.32535287737846375
4.215049505233765,1.7376337743047148,1.7137788534164429,0.7256122827529907,0.443701833486557
4.218116998672485,1.7383348784713397,1.7153048515319824,0.9230029582977295,0.4112306535243988
4.22118353843689,1.7389722586315752,1.7168307304382324,0.8827191591262817,0.3954222798347473
4.224250316619873,1.7395459481055127,1.7183566093444824,0.99853515625,0.3633783459663391
4.227316856384277,1.7400556447250044,1.7198824882507324,0.810208261013031,0.29159989953041077
4.230382919311523,1.7405011420667194,1.7206454277038574,0.7145342230796814,0.4283207356929779
4.233452558517456,1.7408827660968664,1.7221713066101074,0.6289311051368713,0.2894636392593384
4.236522674560547,1.7411998619850821,1.7233158349990845,0.6047608256340027,0.3450064957141876
4.239588975906372,1.7414519740487329,1.724460244178772,0.548363447189331,0.32578012347221375
4.242655515670776,1.7416394548775775,1.7256046533584595,0.6279240250587463,0.23562981188297272
4.245721101760864,1.7417621846486342,1.726749062538147,0.6984207034111023,0.30911725759506226
4.248787879943848,1.7418201961500341,1.727512001991272,0.39024949073791504,0.29159989953041077
4.251856565475464,1.741813383146543,1.7286564111709595,0.5392996072769165,0.2740825414657593
4.254929065704346,1.741741562444668,1.7294193506240845,0.5644770264625549,0.37021440267562866
4.2579779624938965,1.7416060277653092,1.7301822900772095,0.45067521929740906,0.32492560148239136
4.261044502258301,1.741405184513093,1.730945348739624,0.3831998109817505,0.3360341787338257
4.264110565185547,1.7411397515827955,1.7313268184661865,0.2220645397901535,0.2834821045398712
4.267176628112793,1.7408098012787945,1.7320897579193115,0.20897230505943298,0.3189440667629242
4.270243167877197,1.7404153897207322,1.732471227645874,0.13444724678993225,0.37021440267562866
4.273309230804443,1.7399567859363154,1.7328526973724365,0.24623483419418335,0.32748913764953613
4.276375770568848,1.7394340175325786,1.7336156368255615,0.24724192917346954,0.32706186175346375
4.279442310333252,1.7388473449068744,1.7336156368255615,0.14552529156208038,0.37491416931152344
4.282508373260498,1.7381970919172043,1.733997106552124,0.26033416390419006,0.37491416931152344
4.285574436187744,1.7374834136187831,1.733997106552124,0.03776608034968376,0.34671550989151
4.288616418838501,1.7367129213589656,1.7343785762786865,-0.07704280316829681,0.3697871267795563
4.291682958602905,1.7358735676650454,1.7343785762786865,-0.01762416958808899,0.42233920097351074
4.294749021530151,1.7349717765923716,1.7343785762786865,-0.16365301609039307,0.383031964302063
4.297815799713135,1.7340075250530749,1.7343785762786865,0.038773175328969955,0.4573739171028137
4.300884485244751,1.732980716760835,1.7343785762786865,0.06797894090414047,0.3300526440143585
4.303956508636475,1.7318910965366971,1.7343785762786865,0.07402151823043823,0.27750056982040405
4.3069775104522705,1.7307597674164195,1.733997106552124,-0.3338521420955658,0.19845883548259735
4.310043573379517,1.7295513461306713,1.733997106552124,-0.16163882613182068,0.22964827716350555
4.313111066818237,1.7282821022204184,1.7336156368255615,-0.27443352341651917,0.13650721311569214
4.316179037094116,1.7269528456191128,1.7336156368255615,-0.019638361409306526,0.126253142952919
4.319244861602783,1.7255652546772517,1.733234167098999,-0.12941177189350128,0.16427862644195557
4.3223114013671875,1.7241185911877035,1.7328526973724365,-0.07200732082128525,0.06942854821681976
4.3253772258758545,1.7226140667792254,1.732471227645874,-0.2875257432460785,0.12283512949943542
4.32844352722168,1.7210516616992575,1.731708288192749,-0.3519798517227173,0.06601052731275558
4.331510066986084,1.7194320572363087,1.7313268184661865,-0.5896543860435486,0.05276569724082947
4.334576368331909,1.7177561063788047,1.7305638790130615,-0.42146944999694824,0.03994812071323395
4.337643384933472,1.7160238970525314,1.729800820350647,-0.269398033618927,0.09335469454526901
4.340710163116455,1.7142365979586625,1.729037880897522,-0.5100938677787781,0.03866636008024216
4.343777179718018,1.7123945949141572,1.728274941444397,-0.5211718678474426,-0.014312963001430035
4.346843719482422,1.7104990076599855,1.7271305322647095,-0.2845044732093811,0.07455558329820633
4.349912643432617,1.708548722120169,1.725986123085022,-0.547356367111206,0.04422064498066902
4.352981328964233,1.706546073963283,1.7248417139053345,-0.5342641472816467,0.06558327376842499
4.356050491333008,1.704491335003899,1.723697304725647,-0.7638819217681885,0.10104524344205856
4.359116077423096,1.7023880595353589,1.72255277633667,-0.6672007441520691,0.0634470134973526
4.362184762954712,1.7002324613456443,1.72102689743042,-0.7356832027435303,0.07669184356927872
4.365254640579224,1.6980265765730262,1.7198824882507324,-0.9018539786338806,0.11300831288099289
4.368321180343628,1.6957745310120205,1.7183566093444824,-0.6702220439910889,0.09848172962665558
4.371387720108032,1.6934747889565336,1.717212200164795,-0.8041657209396362,0.0784008577466011
4.374454021453857,1.691128388382268,1.7153048515319824,-0.7961089611053467,0.08609139919281006
4.377519845962524,1.6887363988124091,1.7137788534164429,-0.8353856801986694,0.19674982130527496
4.380586385726929,1.6862987727933798,1.7118715047836304,-1.0599679946899414,0.14889752864837646
4.383653163909912,1.6838167733189875,1.7103456258773804,-0.8897688388824463,0.14077973365783691
4.386719703674316,1.6812917076838887,1.7084382772445679,-0.7951018810272217,0.19888609647750854
4.389786958694458,1.6787237183249935,1.7065308094024658,-0.9713435769081116,0.16983291506767273
4.392855644226074,1.6761131164823801,1.7046234607696533,-1.154634952545166,0.1112993061542511
4.395925283432007,1.6734612304349696,1.7027161121368408,-1.0559395551681519,0.15060654282569885
4.398983001708984,1.6707803786185422,1.7004272937774658,-1.2623941898345947,0.1416342407464981
4.402052640914917,1.6680506555819636,1.6985198259353638,-1.1365071535110474,0.1758144497871399
4.4051196575164795,1.6652858322658743,1.6966124773025513,-1.2070038318634033,0.11941710859537125
4.408185958862305,1.6624852769019383,1.6943236589431763,-1.1848478317260742,0.1288166642189026
4.411253213882446,1.6596485011211528,1.6920348405838013,-1.2634012699127197,0.12112611532211304
4.414320707321167,1.656777199454962,1.6901273727416992,-1.0750744342803955,0.043366141617298126
4.41738748550415,1.653873338674291,1.6878385543823242,-1.141542673110962,0.07028305530548096
4.420454263687134,1.6509373313964784,1.6855497360229492,-1.1747767925262451,0.11343556642532349
4.42352032661438,1.6479709632610549,1.6832607984542847,-1.4990615844726562,0.12155336886644363
4.426586866378784,1.6449741858207558,1.6809719800949097,-1.1647058725357056,0.0801098644733429
4.4296534061431885,1.6419485705170933,1.6786831617355347,-1.300663709640503,0.1758144497871399
4.432720184326172,1.638895002110672,1.6760128736495972,-1.3338979482650757,0.1587243527173996
4.435786485671997,1.6358153294093973,1.6733424663543701,-1.450721025466919,0.18564125895500183
4.438856601715088,1.6327063445093801,1.6706721782684326,-1.4064087867736816,0.16427862644195557
4.44192910194397,1.629570576840014,1.6683833599090576,-1.4205081462860107,0.05746547505259514
4.444984197616577,1.6264295572146372,1.6657129526138306,-1.4839551448822021,0.13266193866729736
4.448068141937256,1.623236781696872,1.6626611948013306,-1.5131609439849854,0.125825896859169
4.451142311096191,1.6200332201112306,1.6603723764419556,-1.2905927896499634,0.11642633378505707
4.454215049743652,1.616811486232852,1.657320499420166,-1.61185622215271,-0.0006408789195120335
4.457288026809692,1.6135710428503678,1.6546502113342285,-1.606820821762085,0.08609139919281006
4.460354804992676,1.6103199352569912,1.6519798040390015,-1.5000686645507812,0.009185931645333767
4.46342134475708,1.6070531066071505,1.649309515953064,-1.3550468683242798,0.06515602022409439
4.466487646102905,1.603771773230884,1.646257758140564,-1.1798123121261597,0.13308918476104736
4.4695539474487305,1.6004768996839005,1.6432058811187744,-1.7226366996765137,0.19589532911777496
4.472620964050293,1.5971689361452308,1.640535593032837,-1.398352026939392,0.15317006409168243
4.475688219070435,1.593849619643765,1.637483835220337,-1.6360265016555786,0.16470588743686676
4.478755235671997,1.5905206988006488,1.6344319581985474,-1.8062256574630737,0.15146104991436005
4.481821298599243,1.5871841912073137,1.6313802003860474,-1.4920119047164917,0.08267337828874588
4.484890699386597,1.5838366575608984,1.6283283233642578,-1.558480143547058,0.11813534796237946
4.4879608154296875,1.5804821885707745,1.6252765655517578,-1.466834545135498,0.07156481593847275
4.491034984588623,1.5771183739922916,1.6218433380126953,-1.8142824172973633,0.04293888807296753
4.494101047515869,1.573759776896961,1.6191729307174683,-1.69141685962677,0.08181887865066528
4.497167110443115,1.570398779636474,1.6157397031784058,-1.9321125745773315,0.05661097168922424
4.500233888626099,1.5670358451622721,1.6126878261566162,-1.7598992586135864,0.14077973365783691
4.503301382064819,1.5636722217218408,1.6096360683441162,-1.4849622249603271,0.15402457118034363
4.506368160247803,1.5603107267503513,1.6065843105316162,-1.7165942192077637,0.18564125895500183
4.509434223175049,1.5569526069539927,1.6031509637832642,-1.9119707345962524,0.23093003034591675
4.512501001358032,1.5535975424367714,1.6000992059707642,-1.608834981918335,0.1753872036933899
4.515567779541016,1.5502475626321757,1.596665859222412,-1.6501258611679077,0.20401312410831451
4.518635272979736,1.5469031323525557,1.593614101409912,-1.8948501348495483,0.18435950577259064
4.521702289581299,1.5435667939282443,1.5901808738708496,-1.8404669761657715,0.09036392718553543
4.524768590927124,1.5402400407699377,1.58712899684906,-1.768963098526001,0.15658807754516602
4.527834892272949,1.5369233286825594,1.58407723903656,-1.5645227432250977,0.05191119387745857
4.530905485153198,1.5336132709841543,1.580643892288208,-1.8847790956497192,0.12069886177778244
4.533981800079346,1.5303096165867447,1.577592134475708,-1.7578850984573364,0.12283512949943542
4.537051439285278,1.527026902188245,1.574158787727356,-1.5494163036346436,0.12454413622617722
4.5401177406311035,1.523762710463001,1.571107029914856,-1.7739986181259155,0.15658807754516602
4.543184518814087,1.5205141719638267,1.5676738023757935,-1.7508354187011719,0.1429159939289093
4.546251058578491,1.5172832521316255,1.5642404556274414,-1.7518424987792969,0.14847028255462646
4.5493762493133545,1.5140096461082062,1.5611886978149414,-1.833417296409607,0.19589532911777496
4.552443504333496,1.5108166958687064,1.5577553510665894,-1.678324580192566,0.12326237559318542
4.5555100440979,1.507645458020697,1.5547035932540894,-1.627969741821289,0.056183718144893646
4.558577060699463,1.5044958750125281,1.5512703657150269,-1.9582971334457397,0.12069886177778244
4.561646223068237,1.5013674324234592,1.5478370189666748,-1.936141014099121,0.11215381324291229
4.564715623855591,1.498263264900116,1.5447852611541748,-1.6450904607772827,0.07028305530548096
4.567782163619995,1.495187628089435,1.5417333841323853,-1.6309911012649536,0.07583733648061752
4.5708489418029785,1.4921385227604702,1.5383001565933228,-1.5745937824249268,0.1907682865858078
4.573915719985962,1.4891173211467155,1.5348668098449707,-1.7407644987106323,0.21939422190189362
4.576980113983154,1.4861274596107557,1.5318150520324707,-1.7196154594421387,0.16855116188526154
4.58004903793335,1.4831633343088984,1.5287632942199707,-1.6601969003677368,0.16470588743686676
4.583115577697754,1.4802327548728942,1.5253299474716187,-1.7870908975601196,0.0638742670416832
4.586184978485107,1.4773318060017262,1.5222781896591187,-1.7951476573944092,0.14761577546596527
4.589253902435303,1.474464758369527,1.5188448429107666,-1.7236438989639282,0.08993667364120483
4.59232234954834,1.471632662128572,1.5157930850982666,-1.7347218990325928,0.08395513892173767
4.5953898429870605,1.4688369853848593,1.5127413272857666,-1.7095445394515991,0.03610284626483917
4.598456382751465,1.4660787329999425,1.509689450263977,-1.761913537979126,0.13864347338676453
4.601522445678711,1.4633584742609553,1.506637692451477,-1.8152894973754883,0.09250018745660782
4.60459041595459,1.4606751309065171,1.5039674043655396,-1.6209200620651245,0.15616083145141602
4.607657432556152,1.458032219571392,1.5005340576171875,-1.7901121377944946,0.15445181727409363
4.610727548599243,1.4554272725223658,1.49786376953125,-1.7226366996765137,0.1283894032239914
4.6137988567352295,1.4528629629942122,1.4948118925094604,-1.683359980583191,0.10360875725746155
4.616866588592529,1.4503441764896083,1.4917601346969604,-1.556465983390808,0.1736781895160675
4.6199328899383545,1.4478699824562928,1.4887083768844604,-1.627969741821289,0.02713054046034813
4.622978210449219,1.4454565881834538,1.4860379695892334,-1.380224347114563,0.08480964601039886
4.6260457038879395,1.4430707178817594,1.4829862117767334,-1.3429617881774902,0.09378194808959961
4.6291117668151855,1.4407320713336809,1.4803158044815063,-1.468848705291748,-0.005767910275608301
4.632178783416748,1.438439687776235,1.4776455163955688,-1.4628061056137085,0.09762722253799438
4.635245084762573,1.4361956709134074,1.4749752283096313,-1.5322957038879395,0.07498283684253693
4.638312101364136,1.4339998071901048,1.4719233512878418,-1.7407644987106323,0.15103380382061005
4.641378879547119,1.431853605996283,1.4692530632019043,-1.6531472206115723,0.14975203573703766
4.644445419311523,1.4297578525563144,1.4665827751159668,-1.398352026939392,0.2232394963502884
4.647512435913086,1.4277128421587884,1.4639123678207397,-1.5907073020935059,0.20187686383724213
4.650578737258911,1.4257201227495218,1.4612420797348022,-1.4769054651260376,0.21768520772457123
4.653646230697632,1.4237792071005169,1.4589532613754272,-1.1999542713165283,0.18478675186634064
4.656713008880615,1.4218920348937192,1.4562828540802002,-1.5101395845413208,0.18094147741794586
4.6597795486450195,1.4200589884872692,1.4539940357208252,-1.3530327081680298,0.09890898317098618
4.662846803665161,1.4182801911969762,1.4513237476348877,-1.2382237911224365,0.15274280309677124
4.665918588638306,1.416554233467573,1.4490348100662231,-1.3711605072021484,0.059601739048957825
4.668983459472656,1.4148881208600956,1.4467459917068481,-1.1163653135299683,0.12368962913751602
4.672053098678589,1.413276063871013,1.4444571733474731,-1.0227054357528687,0.10531777143478394
4.675119400024414,1.411722957324893,1.4421683549880981,-1.2493019104003906,0.04892042279243469
4.678185939788818,1.410227479864865,1.440260887145996,-1.230167031288147,0.02883955091238022
4.6812522411346436,1.4087904191060496,1.437972068786621,-1.2915998697280884,0.10916304588317871
4.684318780899048,1.4074120850602208,1.4360647201538086,-1.0086060762405396,0.13095292448997498
4.6873860359191895,1.406092802734212,1.434157371520996,-1.0277409553527832,0.13223467767238617
4.6904520988464355,1.4048338682693318,1.4318684339523315,-0.99853515625,0.1595788449048996
4.693519115447998,1.4036348611646157,1.429961085319519,-1.1193865537643433,0.18735027313232422
4.69658637046814,1.4024965414706936,1.4280537366867065,-0.8766765594482422,0.11001754552125931
4.699652671813965,1.4014197528642058,1.426146388053894,-0.9874570965766907,0.0792553573846817
4.702719688415527,1.400404302021333,1.424238920211792,-0.8857404589653015,0.13864347338676453
4.705786466598511,1.3994508960544916,1.422713041305542,-0.931059718132019,0.13223467767238617
4.708855390548706,1.3985592060327636,1.4208056926727295,-0.8857404589653015,0.11215381324291229
4.711925506591797,1.3977299425401828,1.4192798137664795,-0.8958113789558411,0.09933622926473618
4.714977502822876,1.396968108932005,1.41775381565094,-0.931059718132019,0.11941710859537125
4.718044757843018,1.3962655685892336,1.4158464670181274,-0.9683222770690918,0.20187686383724213
4.721113204956055,1.3956263122198531,1.41470205783844,-0.8212863206863403,0.10702677816152573
4.7241809368133545,1.3950509894744538,1.41317617893219,-0.7447471022605896,0.0963454619050026
4.72724723815918,1.394539881164058,1.41165030002594,-0.6772716641426086,0.06216525658965111
4.730314493179321,1.3940927648105743,1.4105058908462524,-0.5111009478569031,0.06771954149007797
4.733381748199463,1.3937099753938198,1.4093613624572754,-0.6752575039863586,0.05746547505259514
4.736449241638184,1.3933916328490366,1.408216953277588,-0.5262073874473572,0.07113756239414215
4.739515542984009,1.3931379737354401,1.4070725440979004,-0.5644770264625549,0.04422064498066902
4.742582082748413,1.3929489437754317,1.4063096046447754,-0.45470359921455383,0.008758679032325745
4.74564790725708,1.392824656820834,1.405165195465088,-0.3852140009403229,0.05917448550462723
4.748714923858643,1.3927650967974214,1.404402256011963,-0.5423209071159363,0.10873579233884811
4.751781225204468,1.3927703379550962,1.403639316558838,-0.44866102933883667,0.08780041337013245
4.754850625991821,1.3928404604454394,1.4024949073791504,-0.45571067929267883,0.11215381324291229
4.757919549942017,1.3929754396551106,1.4017318487167358,-0.46880292892456055,0.15359731018543243
4.760979890823364,1.393174582164185,1.4009689092636108,-0.5795834064483643,0.15573357045650482
4.764049530029297,1.3934390000790233,1.4002059698104858,-0.5030441880226135,0.18051423132419586
4.767116546630859,1.3937677794255183,1.3994430303573608,-0.3701075613498688,0.16983291506767273
4.770183563232422,1.3941609963911066,1.3990615606307983,-0.35500115156173706,0.1570153385400772
4.773249864578247,1.3946183907790128,1.3982986211776733,-0.1888303905725479,0.20999465882778168
4.776317596435547,1.3951401352272257,1.3979171514511108,-0.1747310608625412,0.15445181727409363
4.77938437461853,1.395725645500399,1.3975356817245483,-0.2361638844013214,0.22537575662136078
4.782451629638672,1.3963749623259096,1.3971542119979858,-0.21098649501800537,0.24075685441493988
4.785518407821655,1.3970876427400896,1.3971542119979858,-0.22609293460845947,0.21683070063591003
4.788585901260376,1.3978637064343526,1.3967727422714233,-0.04280155524611473,0.191195547580719
4.791653633117676,1.3987027739555584,1.3967727422714233,-0.05992217734456062,0.24161134660243988
4.794721603393555,1.3996045482130308,1.3967727422714233,-0.054886702448129654,0.24332036077976227
4.797788381576538,1.4005682446999386,1.3967727422714233,0.10222018510103226,0.2561379373073578
4.800857305526733,1.401594583032687,1.3967727422714233,0.1596246212720871,0.2052948772907257
4.803927183151245,1.4026828767018236,1.3967727422714233,0.1888303905725479,0.2719462811946869
4.806980133056641,1.4038259056629538,1.3967727422714233,0.21501487493515015,0.2574197053909302
4.810049057006836,1.4050355345008188,1.3967727422714233,-0.09013504534959793,0.3155260682106018
4.813117980957031,1.4063054916869273,1.3971542119979858,-0.1102769523859024,0.3509880304336548
4.816190242767334,1.4076367837975121,1.3975356817245483,0.1284046620130539,0.30783551931381226
4.819258689880371,1.4090258027326086,1.3979171514511108,0.35701534152030945,0.3783321976661682
4.822326183319092,1.410473189044407,1.3982986211776733,0.38823530077934265,0.40140384435653687
4.8253936767578125,1.4119788275995888,1.3986800909042358,0.32881665229797363,0.3330434262752533
4.828459978103638,1.413541540436467,1.3994430303573608,0.3167315125465393,0.3005722165107727
4.831526517868042,1.4151614495112426,1.4002059698104858,0.6400091648101807,0.3210803270339966
4.834592580795288,1.4168375691598802,1.4009689092636108,0.4426184594631195,0.33859768509864807
4.8376593589782715,1.4185699353162768,1.4017318487167358,0.2683909237384796,0.27835509181022644
4.840725898742676,1.4203573792285957,1.4024949073791504,0.3006179928779602,0.3988403081893921
4.843792200088501,1.4221992245440056,1.403639316558838,0.3922636806964874,0.3027084767818451
4.846858978271484,1.424095223403262,1.404402256011963,0.6329594850540161,0.34158846735954285
4.849925518035889,1.4260442360643204,1.4055466651916504,0.5211718678474426,0.26254671812057495
4.852977752685547,1.4280362271511862,1.406691074371338,0.5765621662139893,0.2070038914680481
4.856044292449951,1.4300891285948536,1.408216953277588,0.5533989667892456,0.24417486786842346
4.859110116958618,1.4321924674473114,1.4093613624572754,0.7054703831672668,0.2202487289905548
4.862176179885864,1.434346105477239,1.410887360572815,0.810208261013031,0.251010924577713
4.865243434906006,1.436549947850141,1.4120317697525024,0.6672007441520691,0.2894636392593384
4.868309736251831,1.438801640631479,1.4135576486587524,0.6722362041473389,0.21084916591644287
4.871376991271973,1.4411017481242614,1.4150835275650024,0.8595559597015381,0.20358586311340332
4.874443292617798,1.4434479863317968,1.4166094064712524,0.9360952377319336,0.18777751922607422
4.877509832382202,1.4458403799428132,1.4185168743133545,0.7658960819244385,0.2240939885377884
4.880576848983765,1.4482782426872638,1.4200427532196045,0.7991302609443665,0.3001449704170227
4.883645057678223,1.4507612740212805,1.4215686321258545,0.8464637398719788,0.3009994626045227
4.886712074279785,1.453286622474026,1.423475980758667,1.159670352935791,0.3334706723690033
4.8897788524627686,1.455854105248669,1.4253833293914795,1.0357977151870728,0.30655375123023987
4.892848014831543,1.4584650077445078,1.4272907972335815,1.0639963150024414,0.29587242007255554
4.895919322967529,1.4611182469804576,1.429198145866394,1.1908903121948242,0.26254671812057495
4.898982763290405,1.4638040761446347,1.4311054944992065,1.2070038318634033,0.3843137323856354
4.90205192565918,1.4665333692592142,1.433012843132019,1.083131194114685,0.3018539845943451
4.905119895935059,1.4692990493876656,1.434920310974121,1.0650033950805664,0.41934844851493835
4.908186674118042,1.4721000458260427,1.4368276596069336,1.1284503936767578,0.3501335084438324
4.911253929138184,1.47493682972892,1.4391164779663086,1.1274433135986328,0.4133669137954712
4.914320468902588,1.477807241368196,1.4414052963256836,1.0428472757339478,0.2839093506336212
4.917386531829834,1.4807104185592612,1.4436942338943481,1.4094300270080566,0.20102235674858093
4.920454025268555,1.483647104428538,1.4459830522537231,1.2029755115509033,0.14804303646087646
4.92352032661438,1.4866137020374068,1.4486533403396606,1.4215152263641357,0.27664607763290405
4.926586627960205,1.4896102453475881,1.4509422779083252,1.1969329118728638,0.2390478402376175
4.9296534061431885,1.4926360947813686,1.4532310962677002,1.453742265701294,0.2531471848487854
4.932719469070435,1.495688947869191,1.4559013843536377,1.3691462278366089,0.43985655903816223
4.93578577041626,1.498768614503951,1.4581903219223022,1.3610894680023193,0.2890363931655884
4.9388532638549805,1.5018749272427743,1.4608606100082397,1.3902952671051025,0.27493706345558167
4.941919803619385,1.5050045630623126,1.4635308980941772,1.4265507459640503,0.3360341787338257
4.944980621337891,1.5081514182577276,1.4662013053894043,1.3560540676116943,0.24417486786842346
4.948049783706665,1.5113288141762835,1.4688715934753418,1.314763069152832,0.29672694206237793
4.951122522354126,1.5145307593242696,1.4715418815612793,1.2875715494155884,0.24502937495708466
4.954190254211426,1.5177471057231382,1.4742122888565063,1.5645227432250977,0.32321658730506897
4.957257270812988,1.5209811028677915,1.4768825769424438,1.4456855058670044,0.3185168206691742
4.96032452583313,1.5242325508676067,1.4799343347549438,1.5776150226593018,0.30911725759506226
4.963390827178955,1.5274989731477309,1.482604742050171,1.5745937824249268,0.2685282528400421
4.966456890106201,1.5307799099646728,1.485656499862671,1.7045090198516846,0.3014267086982727
4.9695234298706055,1.5340749104394376,1.488326907157898,1.5897001028060913,0.29159989953041077
4.97258996963501,1.5373822422302537,1.491378664970398,1.5766079425811768,0.4159304201602936
4.975656509399414,1.5407006775551064,1.494430422782898,1.6722819805145264,0.3612420856952667
4.978724956512451,1.5440310574901897,1.497100830078125,1.6712749004364014,0.3317616581916809
4.9817914962768555,1.5473680054928496,1.500152587890625,1.5695582628250122,0.2898908853530884
4.984858274459839,1.5507126102837696,1.503204345703125,1.5111466646194458,0.32535287737846375
4.9879255294799805,1.5540638923345589,1.5062562227249146,1.6873884201049805,0.19803158938884735
4.990977048873901,1.5574028591055709,1.5093079805374146,1.7478141784667969,0.39157700538635254
4.994045257568359,1.5607637502953449,1.512359857559204,1.7256580591201782,0.2723735272884369
4.99711275100708,1.5641262834952092,1.5157930850982666,1.7437857389450073,0.2587014436721802
5.000179290771484,1.5674889469395694,1.5188448429107666,1.8847790956497192,0.21554894745349884
5.003245830535889,1.5708515373947338,1.5218967199325562,1.7518424987792969,0.19931334257125854
5.006313323974609,1.5742138515633206,1.5249484777450562,1.680338740348816,0.24289311468601227
5.009379625320435,1.5775722896491833,1.5283818244934082,1.8706797361373901,0.29159989953041077
5.012446165084839,1.5809271727523286,1.5314335823059082,1.7971618175506592,0.3625238537788391
5.0155134201049805,1.5842777748313208,1.5348668098449707,1.9159990549087524,0.32193484902381897
5.018580436706543,1.5876218087810445,1.5379186868667603,1.7931334972381592,0.3001449704170227
5.021648168563843,1.5909590705858139,1.5413519144058228,1.7508354187011719,0.3650873601436615
5.024716854095459,1.5942885729817071,1.5444037914276123,1.766948938369751,0.30826276540756226
5.027783393859863,1.5976057221924407,1.5474555492401123,1.6702678203582764,0.32278934121131897
5.030851602554321,1.6009134140623285,1.5508888959884644,1.698466420173645,0.16256961226463318
5.033923387527466,1.6042124442638845,1.5543221235275269,1.698466420173645,0.21896696090698242
5.036982536315918,1.607484237099866,1.5573738813400269,1.835431456565857,0.3180895745754242
5.040056467056274,1.610756881020193,1.560807228088379,1.7306935787200928,0.3454337418079376
5.043129920959473,1.6140128078828926,1.5642404556274414,1.908949375152588,0.3462882339954376
5.046196222305298,1.6172437968853712,1.567292332649231,1.5866788625717163,0.32578012347221375
5.04926323890686,1.6204569923610554,1.570344090461731,1.7337148189544678,0.3693598806858063
5.052330732345581,1.6236509402601402,1.5737773180007935,1.782055377960205,0.31210803985595703
5.055397987365723,1.6268237073415264,1.576829195022583,1.7337148189544678,0.37320515513420105
5.058467388153076,1.6299765603581888,1.5802624225616455,1.761913537979126,0.30954450368881226
5.061537504196167,1.6331068261072672,1.5836957693099976,1.8293888568878174,0.2202487289905548
5.064603567123413,1.6362085189570552,1.5867475271224976,1.78104829788208,0.23135729134082794
5.067670106887817,1.639285112333153,1.5897992849349976,1.8052185773849487,0.2715190351009369
5.070736885070801,1.6423352158566569,1.5932326316833496,1.5997711420059204,0.24972915649414062
5.073803186416626,1.645356989162444,1.5962843894958496,1.7065231800079346,0.2381933331489563
5.0768723487854,1.648352565565597,1.5997177362442017,1.935133934020996,0.3193713426589966
5.079942464828491,1.65131891509989,1.6027694940567017,1.7135728597640991,0.3518425226211548
5.082980394363403,1.6542233937069986,1.6058213710784912,1.7457998991012573,0.2856183648109436
5.086050033569336,1.6571260156092036,1.6088731288909912,1.525246024131775,0.43472954630851746
5.089117527008057,1.6599932273364955,1.6123063564300537,1.9170061349868774,0.2689555287361145
5.092190504074097,1.662831036838815,1.6153582334518433,1.7065231800079346,0.2740825414657593
5.095256805419922,1.6656271823028617,1.6184099912643433,1.7216296195983887,0.2655375003814697
5.098326683044434,1.6683900254717552,1.6214618682861328,1.6843671798706055,0.2544289231300354
5.10139536857605,1.671114205533833,1.6248950958251953,1.6622110605239868,0.27707332372665405
5.104461908340454,1.6737979256406819,1.6275653839111328,1.7055160999298096,0.221530482172966
5.10753059387207,1.6764439437920349,1.6306172609329224,1.6742961406707764,0.3638055920600891
5.110600233078003,1.6790501881258373,1.6336690187454224,1.5957427024841309,0.27750056982040405
5.113666534423828,1.6816120947974467,1.636720895767212,1.6360265016555786,0.35825130343437195
5.116733074188232,1.6841317633259398,1.639772653579712,1.6350194215774536,0.3633783459663391
5.119799852371216,1.686608248326668,1.6424429416656494,1.6491187810897827,0.286900132894516
5.122868537902832,1.6890419314450225,1.645494818687439,1.454749345779419,0.3526970446109772
5.125940561294556,1.6914329271029878,1.6481651067733765,1.452735185623169,0.5137712955474854
5.12898063659668,1.6937535293973704,1.6512168645858765,1.5735865831375122,0.221530482172966
5.132049798965454,1.6960495284745105,1.6538872718811035,1.622934341430664,0.3932860195636749
5.1351165771484375,1.6982959195967822,1.656557559967041,1.554451823234558,0.2240939885377884
5.1381916999816895,1.7004995835870633,1.6592278480529785,1.467841625213623,0.3855954706668854
5.1412575244903564,1.702647082658169,1.662279725074768,1.5484092235565186,0.37320515513420105
5.144323825836182,1.704744679620172,1.6649500131607056,1.4225223064422607,0.3313344120979309
5.147390842437744,1.7067917294104982,1.6672388315200806,1.3399405479431152,0.4001220762729645
5.15045690536499,1.708786364397593,1.6699092388153076,1.3187915086746216,0.2847638726234436
5.153524875640869,1.710729680506932,1.6725795269012451,1.4285649061203003,0.30783551931381226
5.156591176986694,1.7126186851016227,1.6752498149871826,1.4054017066955566,0.29288166761398315
5.159657955169678,1.7144540296669226,1.6775387525558472,1.2513160705566406,0.4308842718601227
5.162724256515503,1.7162344622546872,1.6798275709152222,1.4094300270080566,0.3334706723690033
5.165791034698486,1.7179598755405872,1.6821163892745972,1.6390478610992432,0.3514152765274048
5.168858289718628,1.7196296029562528,1.6844053268432617,1.2019684314727783,0.3356069326400757
5.171924829483032,1.721242382237566,1.6866941452026367,1.1103227138519287,0.30954450368881226
5.1749773025512695,1.7227910060385647,1.6889829635620117,1.138521432876587,0.34757000207901
5.178045988082886,1.7242902000284066,1.6912717819213867,1.3600823879241943,0.3044174909591675
5.181114673614502,1.7257310300507849,1.6935607194900513,0.9119248986244202,0.2078583985567093
5.184181213378906,1.7271120148663783,1.6958495378494263,1.2462806701660156,0.23349355161190033
5.187248706817627,1.72843407150796,1.6977568864822388,1.2170748710632324,0.3620965778827667
5.190316200256348,1.7296962702292944,1.6996643543243408,1.08615243434906,0.40439459681510925
5.1933839321136475,1.7308982332306542,1.7015717029571533,0.9592584371566772,0.3697871267795563
5.196452617645264,1.7320397587904186,1.7034790515899658,0.9924925565719604,0.40823987126350403
5.199520826339722,1.7331198763997127,1.7053864002227783,0.9189745783805847,0.39029526710510254
5.202587366104126,1.7341378295857617,1.7069122791290283,0.8817120790481567,0.27835509181022644
5.20565390586853,1.735093844655673,1.7088197469711304,0.9874570965766907,0.3638055920600891
5.2087202072143555,1.7359874996523004,1.7103456258773804,0.879697859287262,0.33817043900489807
5.211789846420288,1.736819410023639,1.7122529745101929,0.7940947413444519,0.3009994626045227
5.214860677719116,1.7375885458116578,1.7137788534164429,0.7135271430015564,0.42105746269226074
5.217928647994995,1.7382936574746588,1.7153048515319824,1.0398260354995728,0.3462882339954376
5.220977783203125,1.7389314845816342,1.7168307304382324,0.7115129232406616,0.40781262516975403
5.22404408454895,1.7395093726888247,1.71797513961792,0.9139391183853149,0.3142443001270294
5.2271106243133545,1.7400233760132047,1.71950101852417,0.5936827659606934,0.4142214059829712
5.23017692565918,1.7404732238473906,1.7206454277038574,0.6077821254730225,0.26169222593307495
5.233243465423584,1.7408588191473813,1.721789836883545,0.6400091648101807,0.3612420856952667
5.236309766769409,1.7411799588337615,1.7233158349990845,0.5906614661216736,0.3625238537788391
5.239376544952393,1.7414365910674103,1.724460244178772,0.5916685461997986,0.3343251645565033
5.242442846298218,1.7416285407911452,1.7256046533584595,0.6460517048835754,0.3048447370529175
5.245509386062622,1.7417557890583737,1.7263675928115845,0.40737012028694153,0.27536430954933167
5.2485761642456055,1.741818273530726,1.727512001991272,0.5664911866188049,0.3018539845943451
5.251642465591431,1.7418159639953315,1.7286564111709595,0.6823071837425232,0.32748913764953613
5.254709720611572,1.741748845120459,1.7294193506240845,0.4103913903236389,0.2561379373073578
5.2577784061431885,1.7416168558438307,1.729800820350647,0.10926985740661621,0.3766231834888458
5.260846853256226,1.7414200792196146,1.730945348739624,0.5705195665359497,0.2561379373073578
5.263915538787842,1.7411585578213629,1.7313268184661865,0.31270313262939453,0.29715418815612793
5.266979932785034,1.7408329028484044,1.7320897579193115,0.40434882044792175,0.3321889042854309
5.2700488567352295,1.740442290415001,1.732471227645874,0.3147173225879669,0.29459068179130554
5.273115158081055,1.7399877157300012,1.733234167098999,0.3016250729560852,0.4586556851863861
5.276181221008301,1.739469084057859,1.7336156368255615,0.2381780743598938,0.2984359562397003
5.279247999191284,1.738886411690022,1.7336156368255615,0.05085831880569458,0.3779049217700958
5.2823145389556885,1.7382400812043834,1.733997106552124,0.2653696537017822,0.3014267086982727
5.285381078720093,1.7375302897222065,1.7343785762786865,0.05891508236527443,0.34372472763061523
5.288455486297607,1.7367552364443344,1.7343785762786865,0.02064545638859272,0.3300526440143585
5.2915215492248535,1.7359193107774493,1.7343785762786865,0.09114214032888412,0.3027084767818451
5.294588804244995,1.7350204436513113,1.7343785762786865,-0.08308537304401398,0.3052719831466675
5.29765510559082,1.7340595901975377,1.7343785762786865,0.16768139600753784,0.3851682245731354
5.300720930099487,1.7330370011384684,1.7343785762786865,-0.14048981666564941,0.2386205792427063
5.303788185119629,1.7319523911942942,1.7343785762786865,-0.027695124968886375,0.29159989953041077
5.306857585906982,1.7308058030634732,1.733997106552124,-0.04582284390926361,0.2394750863313675
5.309926748275757,1.7295984965869604,1.733997106552124,-0.10826276242733002,0.252292662858963
5.312977313995361,1.7283386958584517,1.733997106552124,-0.12236209958791733,0.13223467767238617
5.316043853759766,1.7270126695209476,1.7336156368255615,-0.1284046620130539,0.1903410404920578
5.319109678268433,1.7256276801360102,1.733234167098999,-0.3781643509864807,0.095490962266922
5.322175979614258,1.7241837101850503,1.7328526973724365,-0.3157244324684143,0.08352788537740707
5.325241804122925,1.7226817445500302,1.732471227645874,-0.27946898341178894,0.0476386658847332
5.328308343887329,1.7211217500087455,1.731708288192749,-0.3519798517227173,0.06942854821681976
5.331374168395996,1.7195050331084771,1.7313268184661865,-0.10423437505960464,0.09292744100093842
5.334441423416138,1.7178310427869041,1.7305638790130615,-0.3952849507331848,0.013031205162405968
5.3375091552734375,1.716100868606966,1.729800820350647,-0.3821927309036255,0.05276569724082947
5.340575218200684,1.7143163954712983,1.729037880897522,-0.48693063855171204,0.05532921478152275
5.343641757965088,1.7124770692929385,1.7278934717178345,-0.4305332899093628,0.02371251955628395
5.346707820892334,1.710584144674331,1.7271305322647095,-0.4285190999507904,0.04251163452863693
5.349777460098267,1.7086357416055704,1.725986123085022,-0.6299381852149963,0.11471732705831528
5.352846145629883,1.7066353912040881,1.7248417139053345,-0.7487754821777344,0.02841229923069477
5.355915307998657,1.7045829171456788,1.723697304725647,-0.5644770264625549,0.095490962266922
5.358979940414429,1.7024825313979965,1.72255277633667,-0.5695124864578247,0.08096437156200409
5.362058639526367,1.7003220361451914,1.72102689743042,-0.7074845433235168,0.09805447608232498
5.3651275634765625,1.698118859555162,1.7198824882507324,-0.810208261013031,0.03482108935713768
5.368193626403809,1.6958691623037019,1.7183566093444824,-0.9028610587120056,0.11984435468912125
5.371259927749634,1.6935715677889152,1.7168307304382324,-0.963286817073822,0.09719996899366379
5.374326229095459,1.691227101875484,1.7153048515319824,-0.7769741415977478,0.08609139919281006
5.377392768859863,1.6888364471299349,1.7137788534164429,-0.9491874575614929,0.09335469454526901
5.3804590702056885,1.686400862625623,1.7122529745101929,-0.9461661577224731,0.13052567839622498
5.383525133132935,1.6839212628022449,1.7103456258773804,-1.0267337560653687,0.12198062241077423
5.386591196060181,1.6813983802409482,1.7088197469711304,-0.773952841758728,0.16598764061927795
5.389658451080322,1.678832145741252,1.7065308094024658,-1.0629892349243164,0.1416342407464981
5.392725467681885,1.6762246892365902,1.7050049304962158,-0.965300977230072,0.16684214770793915
5.395792484283447,1.6735767811556508,1.7027161121368408,-1.0911879539489746,0.08523689955472946
5.398861408233643,1.6708877214603026,1.7008087635040283,-1.1485923528671265,0.11813534796237946
5.401930332183838,1.668160144188101,1.6985198259353638,-1.3570611476898193,0.1271076500415802
5.404979944229126,1.665412578503543,1.6966124773025513,-1.0438544750213623,0.07412832975387573
5.408053159713745,1.6626073063187476,1.6943236589431763,-1.1868619918823242,0.11514458060264587
5.411119699478149,1.6597727047355506,1.6924163103103638,-1.223117470741272,0.1437705010175705
5.4141857624053955,1.6569042203530178,1.6901273727416992,-1.3369191884994507,0.061310749500989914
5.417253017425537,1.6540013451282094,1.6882200241088867,-1.2200961112976074,0.06515602022409439
5.420319557189941,1.6510669539702132,1.6855497360229492,-1.451728105545044,0.10147249698638916
5.423386096954346,1.6481014631282576,1.6832607984542847,-1.1606775522232056,0.13693445920944214
5.426452398300171,1.6451062075145055,1.6809719800949097,-1.3369191884994507,0.20914015173912048
5.429518461227417,1.6420823057523783,1.6786831617355347,-1.3016709089279175,0.1441977620124817
5.432584762573242,1.6390304099658517,1.6760128736495972,-1.4829480648040771,0.2061493843793869
5.435650825500488,1.6359521273413205,1.6733424663543701,-1.5645227432250977,0.2552834451198578
5.43871808052063,1.632847152484271,1.6710536479949951,-1.3540397882461548,0.11984435468912125
5.441784858703613,1.6297183186517934,1.6683833599090576,-1.3913023471832275,0.15146104991436005
5.44485330581665,1.6265645853816695,1.6657129526138306,-1.400366187095642,0.1441977620124817
5.447922945022583,1.6233875831572013,1.663042664527893,-1.4154726266860962,0.1279621571302414
5.450979948043823,1.6202029197500543,1.6603723764419556,-1.4446784257888794,0.12240787595510483
5.454050779342651,1.6169841997013903,1.6577019691467285,-1.3711605072021484,0.07327382266521454
5.457117795944214,1.6137510132235107,1.6546502113342285,-1.525246024131775,0.10232700407505035
5.460183620452881,1.6105018410894831,1.6519798040390015,-1.3902952671051025,0.030548561364412308
5.463250160217285,1.6072358722074458,1.649309515953064,-1.5131609439849854,0.048493172973394394
5.4663169384002686,1.6039548194486053,1.646257758140564,-1.4235293865203857,0.0638742670416832
5.4693827629089355,1.600661180874158,1.643587350845337,-1.536324143409729,0.16812390089035034
5.472450256347656,1.597353357713733,1.640535593032837,-1.539345383644104,0.14547951519489288
5.475520133972168,1.5940317843630865,1.637483835220337,-1.6501258611679077,0.18350499868392944
5.478589296340942,1.5907010401742054,1.6344319581985474,-1.6471046209335327,0.10531777143478394
5.481655597686768,1.587364707740411,1.6313802003860474,-1.5181963443756104,0.1292439103126526
5.484722375869751,1.5840204044868595,1.6287097930908203,-1.6360265016555786,0.15445181727409363
5.487789630889893,1.580669368927078,1.6256580352783203,-1.7004806995391846,0.12198062241077423
5.490857839584351,1.5773123209925213,1.6222248077392578,-1.6622110605239868,0.0942092016339302
5.493927717208862,1.5739497204298185,1.6191729307174683,-1.465827465057373,0.02243076264858246
5.4969775676727295,1.5706066013649043,1.6161211729049683,-1.7609063386917114,0.07711909711360931
5.500043630599976,1.5672444863429924,1.6130692958831787,-1.6682536602020264,0.08993667364120483
5.503112077713013,1.5638797750247113,1.6100175380706787,-1.7941405773162842,0.16598764061927795
5.506180047988892,1.560516854644091,1.6065843105316162,-1.7004806995391846,0.15146104991436005
5.509246349334717,1.55715827897215,1.6035324335098267,-1.8616158962249756,0.20444037020206451
5.5123131275177,1.553802943437421,1.6004806756973267,-1.7498283386230469,0.10574502497911453
5.515379428863525,1.5504531368232572,1.5970473289489746,-1.6742961406707764,0.16855116188526154
5.518447160720825,1.547108022251589,1.5939955711364746,-1.8575875759124756,0.125825896859169
5.521514415740967,1.5437709246756222,1.590562343597412,-1.69745934009552,0.07669184356927872
5.524580717086792,1.5404435964064558,1.58712899684906,-1.8444952964782715,0.08224612474441528
5.527647256851196,1.5371259761336178,1.58407723903656,-1.6309911012649536,0.13479819893836975
5.530714273452759,1.5338190413250619,1.5810253620147705,-1.6712749004364014,0.1266804039478302
5.533781051635742,1.5305247922714593,1.577592134475708,-1.7588921785354614,0.0946364551782608
5.536848545074463,1.5272434311309249,1.574158787727356,-1.78104829788208,0.16171512007713318
5.539914846420288,1.5239782129857284,1.571107029914856,-1.7921262979507446,0.15616083145141602
5.542980432510376,1.5207298277942591,1.568055272102356,-1.7891050577163696,0.1728236824274063
5.546049118041992,1.517495459622305,1.564621925354004,-1.9321125745773315,0.1882047802209854
5.549122333526611,1.514274870510974,1.5611886978149414,-1.5997711420059204,0.10617227107286453
5.552187919616699,1.5110819695959643,1.5581368207931519,-1.8706797361373901,0.09762722253799438
5.555254697799683,1.507908693416021,1.5547035932540894,-1.762920618057251,0.05532921478152275
5.558321237564087,1.5047577097711378,1.5516518354415894,-1.8636301755905151,0.07113756239414215
5.561387300491333,1.5016304253708392,1.5482184886932373,-1.8162965774536133,0.14505226910114288
5.564453601837158,1.4985272687781481,1.5451667308807373,-1.5343098640441895,0.09250018745660782
5.567520380020142,1.4954491593415355,1.5417333841323853,-1.7085374593734741,0.08352788537740707
5.570587635040283,1.4923972521015825,1.5386816263198853,-1.6904096603393555,0.14035248756408691
5.573654651641846,1.4893733951147061,1.5352483987808228,-1.7750056982040405,0.18777751922607422
5.576720952987671,1.4863791679831655,1.5321965217590332,-1.7115586996078491,0.16598764061927795
5.579787492752075,1.483414744322529,1.5287632942199707,-1.621927261352539,0.16897840797901154
5.5828564167022705,1.4804791903847383,1.5257114171981812,-1.8646372556686401,0.09719996899366379
5.585930824279785,1.4775707561446974,1.5222781896591187,-1.8888075351715088,0.13778896629810333
5.5889811515808105,1.474718185618158,1.519226312637329,-1.694438099861145,0.06900129467248917
5.592055797576904,1.4718772874517725,1.516174554824829,-1.7760127782821655,0.1112993061542511
5.595129489898682,1.4690728622545677,1.513122797012329,-1.6319981813430786,0.10531777143478394
5.5982019901275635,1.466306135611964,1.5100709199905396,-1.7921262979507446,0.06771954149007797
5.601269245147705,1.4635816702973157,1.5070191621780396,-1.692423939704895,0.06515602022409439
5.604337215423584,1.46089510172408,1.5039674043655396,-1.6692607402801514,0.16940565407276154
5.607403993606567,1.4582490886207045,1.50091552734375,-1.4799267053604126,0.095918208360672
5.610470771789551,1.4556435619761203,1.49786376953125,-1.5604944229125977,0.2048676311969757
5.613538026809692,1.4530790937899891,1.495193362236023,-1.467841625213623,0.14633402228355408
5.616604804992676,1.4505574335414408,1.492141604423523,-1.7004806995391846,0.14505226910114288
5.61967134475708,1.4480793065333852,1.489089846611023,-1.5856717824935913,0.13650721311569214
5.622739315032959,1.4456443101121903,1.486419439315796,-1.3661249876022339,0.13394369184970856
5.625805616378784,1.4432558028365214,1.483367681503296,-1.5745937824249268,0.11471732705831528
5.628875017166138,1.4409109903298625,1.4806973934173584,-1.6863813400268555,0.06601052731275558
5.631946802139282,1.4386114156469978,1.4776455163955688,-1.4416571855545044,0.08267337828874588
5.634980916976929,1.4363870935749325,1.4749752283096313,-1.3369191884994507,0.056183718144893646
5.638050079345703,1.4341854823792815,1.4723048210144043,-1.679331660270691,0.13180743157863617
5.641116619110107,1.4320351866681418,1.4696345329284668,-1.557473063468933,0.1266804039478302
5.644186019897461,1.4299331668687971,1.4669642448425293,-1.4476996660232544,0.1758144497871399
5.647254943847656,1.4278825487630997,1.4642938375473022,-1.3379262685775757,0.13778896629810333
5.650321960449219,1.4258849903072108,1.4616235494613647,-1.3338979482650757,0.11001754552125931
5.653389930725098,1.4239393463167802,1.4589532613754272,-1.2714580297470093,0.13437095284461975
5.656456232070923,1.4220479837859623,1.4566643238067627,-1.2714580297470093,0.16598764061927795
5.659522533416748,1.4202105319853502,1.4539940357208252,-1.229159951210022,0.13095292448997498
5.662589073181152,1.4184275364414403,1.4513237476348877,-1.5745937824249268,0.06601052731275558
5.665655612945557,1.416699804031421,1.4490348100662231,-1.315770149230957,0.13394369184970856
5.668722152709961,1.4150279761420408,1.4467459917068481,-1.3479973077774048,0.0634470134973526
5.6717894077301025,1.4134123032856492,1.4448386430740356,-1.0307621955871582,0.14718852937221527
5.674855947494507,1.41185413874596,1.4425498247146606,-1.2331883907318115,0.03353932872414589
5.677925109863281,1.4103524191984789,1.440260887145996,-1.1012588739395142,0.03353932872414589
5.68097996711731,1.4089156513750623,1.4383535385131836,-1.1304646730422974,0.08480964601039886
5.684046983718872,1.4075318613747387,1.4360647201538086,-1.0428472757339478,0.08865492045879364
5.687116384506226,1.406206391375859,1.434157371520996,-1.073060154914856,0.13180743157863617
5.690192937850952,1.404937954240566,1.432249903678894,-1.0992447137832642,0.14077973365783691
5.693266868591309,1.403731185832479,1.429961085319519,-0.9924925565719604,0.1288166642189026
5.696340084075928,1.4025856887923915,1.4280537366867065,-1.089173674583435,0.13565270602703094
5.699411869049072,1.4015020926265946,1.426146388053894,-1.0962233543395996,0.07626459002494812
5.702479124069214,1.4004817147973028,1.424238920211792,-1.0247195959091187,0.16940565407276154
5.705552816390991,1.3995213449675739,1.422713041305542,-0.7930876612663269,0.09121843427419662
5.7086193561553955,1.3986255639905494,1.4208056926727295,-0.8061798810958862,0.05233844369649887
5.7116858959198,1.3977923972410442,1.4192798137664795,-0.9824215769767761,0.1266804039478302
5.714752435684204,1.3970221540158618,1.41775381565094,-0.6712291240692139,0.13907071948051453
5.7178192138671875,1.3963150677462988,1.41622793674469,-0.8978255987167358,0.1279621571302414
5.720885753631592,1.3956715108619664,1.4143205881118774,-1.0438544750213623,0.10489051789045334
5.723955154418945,1.395091153671268,1.41317617893219,-0.6047608256340027,0.08566414564847946
5.726980447769165,1.3945818070610445,1.41165030002594,-0.7558251023292542,0.0796826109290123
5.7300496101379395,1.3941288415281659,1.4105058908462524,-0.7618677020072937,0.08993667364120483
5.7331156730651855,1.3937406294144532,1.4093613624572754,-0.6319524049758911,0.10104524344205856
5.73618483543396,1.3934165302302395,1.408216953277588,-0.6128175854682922,0.06771954149007797
5.739253044128418,1.3931571600383346,1.4070725440979004,-0.5987182259559631,0.063019759953022
5.742319822311401,1.3929625801566492,1.4063096046447754,-0.5332570672035217,0.10189975053071976
5.745387077331543,1.3928327116827575,1.405165195465088,-0.4315403997898102,0.056183718144893646
5.748454809188843,1.3927676330563221,1.404402256011963,-0.5100938677787781,0.10531777143478394
5.751520395278931,1.3927673711853585,1.4032578468322754,-0.40636301040649414,0.06686503440141678
5.754586935043335,1.392831888124461,1.4024949073791504,-0.3640649914741516,0.07028305530548096
5.75765323638916,1.3929611575116678,1.4017318487167358,-0.40737012028694153,0.126253142952919
5.760719060897827,1.393155098671436,1.4009689092636108,-0.546349287033081,0.14590676128864288
5.7637858390808105,1.3934137451813533,1.4002059698104858,-0.5241931676864624,0.12368962913751602
5.766855001449585,1.393737227093907,1.3998245000839233,-0.16163882613182068,0.1582970917224884
5.7699244022369385,1.3941252808258604,1.3990615606307983,-0.5020371079444885,0.12027160823345184
5.772980451583862,1.394575632071531,1.3982986211776733,-0.002517738612368703,0.13180743157863617
5.776051759719849,1.3950923890895086,1.3982986211776733,-0.16365301609039307,0.24161134660243988
5.779120922088623,1.3956728427421004,1.3975356817245483,-0.20897230505943298,0.2074311375617981
5.782187223434448,1.3963164855533456,1.3975356817245483,-0.2512703239917755,0.2240939885377884
5.7852561473846436,1.3970242217981494,1.3971542119979858,-0.1898374855518341,0.1424887478351593
5.788334369659424,1.39779769710218,1.3967727422714233,-0.035751886665821075,0.191622793674469
5.791409015655518,1.3986335653297342,1.3967727422714233,-0.0800640881061554,0.19333180785179138
5.7944817543029785,1.399531799242613,1.3967727422714233,-0.03474479168653488,0.20956741273403168
5.797550678253174,1.4004913316165264,1.3967727422714233,-0.004531929735094309,0.15402457118034363
5.800616979598999,1.4015119825544569,1.3967727422714233,-0.08308537304401398,0.21939422190189362
5.803684234619141,1.4025945127340076,1.3967727422714233,-0.046829938888549805,0.21383993327617645
5.806750774383545,1.4037379384727324,1.3967727422714233,0.018631266430020332,0.2672465145587921
5.80981707572937,1.4049419846014808,1.3971542119979858,0.14854657649993896,0.3155260682106018
5.81288743019104,1.4062080016063725,1.3971542119979858,0.03978027030825615,0.3539787828922272
5.815958261489868,1.4075341774311585,1.3975356817245483,0.09013504534959793,0.45224690437316895
5.8189780712127686,1.4088963209084524,1.3979171514511108,0.3368734121322632,0.3138170540332794
5.822044849395752,1.4103380079921914,1.3982986211776733,0.20393683016300201,0.3526970446109772
5.825110912322998,1.4118376137656845,1.3990615606307983,0.2885328531265259,0.32449835538864136
5.828177452087402,1.4133951577567476,1.3994430303573608,0.29457542300224304,0.4112306535243988
5.8312437534332275,1.415009705309725,1.4002059698104858,0.3932707607746124,0.2646830081939697
5.834310293197632,1.4166809081242753,1.4009689092636108,0.3187457025051117,0.3518425226211548
5.837377071380615,1.418408158911788,1.4017318487167358,0.3932707607746124,0.2676737606525421
5.840446949005127,1.4201925178765435,1.402876377105713,0.7789883017539978,0.3347524106502533
5.843516111373901,1.4220311688876786,1.403639316558838,0.65108722448349,0.32449835538864136
5.8465821743011475,1.4239218991750828,1.4047837257385254,0.530235767364502,0.27493706345558167
5.849651098251343,1.4258676749343326,1.4055466651916504,0.5231860876083374,0.2202487289905548
5.852720022201538,1.4278660334888689,1.4070725440979004,0.5654841065406799,0.27963683009147644
5.855786323547363,1.429914457883437,1.408216953277588,0.8313573002815247,0.221530482172966
5.8588550090789795,1.432015525215289,1.4093613624572754,0.5040512681007385,0.28220033645629883
5.861926555633545,1.43416891069751,1.410887360572815,0.7477683424949646,0.19504082202911377
5.8649821281433105,1.4363602934253605,1.412413239479065,0.773952841758728,0.23093003034591675
5.868051290512085,1.438610002586346,1.4135576486587524,0.7930876612663269,0.27750056982040405
5.871118545532227,1.4409061217625334,1.4150835275650024,0.8998397588729858,0.2364843189716339
5.87418532371521,1.443248813371278,1.4166094064712524,0.9703364372253418,0.1736781895160675
5.877251625061035,1.4456371859145523,1.418135404586792,0.6228885054588318,0.2834821045398712
5.880319356918335,1.4480718592249537,1.419661283493042,0.9441519975662231,0.28006407618522644
5.883387804031372,1.450551408287659,1.4215686321258545,0.9512016773223877,0.3646601140499115
5.8864569664001465,1.4530749421374851,1.4230945110321045,1.0216983556747437,0.3932860195636749
5.889533996582031,1.4556475812436394,1.425001859664917,1.0277409553527832,0.2732280492782593
5.892605543136597,1.4582572546638446,1.426909327507019,1.0277409553527832,0.25998321175575256
5.895672798156738,1.4609038066741313,1.4288166761398315,0.8474708199501038,0.35483330488204956
5.898739576339722,1.463589451165555,1.4311054944992065,0.9602655172348022,0.3022812306880951
5.901806116104126,1.4663133860505522,1.433012843132019,0.9733577370643616,0.35825130343437195
5.904872417449951,1.469074591260831,1.434920310974121,1.1324788331985474,0.33774319291114807
5.907941102981567,1.4718744414320246,1.4368276596069336,0.8494849801063538,0.26211947202682495
5.910977602005005,1.4746798439255093,1.4391164779663086,1.0478827953338623,0.2980087101459503
5.914043664932251,1.477546761127752,1.4414052963256836,1.2331883907318115,0.2202487289905548
5.917111396789551,1.4804485717861913,1.4436942338943481,1.2493019104003906,0.20144960284233093
5.920178413391113,1.4833819587869441,1.4459830522537231,1.1506065130233765,0.2377660721540451
5.923245429992676,1.4863465055550524,1.4482718706130981,1.294621229171753,0.2386205792427063
5.92631196975708,1.48934064336037,1.4505608081817627,1.2070038318634033,0.3343251645565033
5.929377555847168,1.492362774660741,1.4532310962677002,1.137514352798462,0.20144960284233093
5.932443857192993,1.4954134195496804,1.4555199146270752,1.3902952671051025,0.3142443001270294
5.9355103969573975,1.4984909842088716,1.4581903219223022,1.4174867868423462,0.41934844851493835
5.938576936721802,1.5015940900183378,1.4604791402816772,1.4487067461013794,0.2659647464752197
5.941642999649048,1.5047210968595761,1.4631494283676147,1.6843671798706055,0.32193484902381897
5.944709539413452,1.5078718164930038,1.4658198356628418,1.4124513864517212,0.2997176945209503
5.9477763175964355,1.511044842332399,1.4684901237487793,1.2493019104003906,0.3197985887527466
5.95084285736084,1.5142385031124097,1.4711604118347168,1.4396429061889648,0.2992904484272003
5.953909873962402,1.5174523602217374,1.4738308191299438,1.5071183443069458,0.25998321175575256
5.956979990005493,1.5206880006917602,1.4765011072158813,1.5625085830688477,0.3996948301792145
5.960049152374268,1.523939969435663,1.4795528650283813,1.6037994623184204,0.2505836486816406
5.963115692138672,1.5272052603072155,1.4822232723236084,1.400366187095642,0.2719462811946869
5.966182708740234,1.5304859438680907,1.4852750301361084,1.5735865831375122,0.2078583985567093
5.96924901008606,1.533779525557269,1.488326907157898,1.7035019397735596,0.2702372670173645
5.972316026687622,1.5370863188131896,1.4909971952438354,1.539345383644104,0.3313344120979309
5.975383043289185,1.540404328946362,1.4940489530563354,1.61185622215271,0.3039902448654175
5.978449106216431,1.5437312875793576,1.4967193603515625,1.521217703819275,0.30612650513648987
5.981516122817993,1.5470680288435659,1.500152587890625,1.8303959369659424,0.22623026371002197
5.984585523605347,1.5504148826159558,1.5028228759765625,1.6863813400268555,0.3364614248275757
5.987664222717285,1.553778179624302,1.505874752998352,1.8021973371505737,0.23135729134082794
5.9907379150390625,1.557141052089787,1.508926510810852,1.6652323007583618,0.40268558263778687
5.993886947631836,1.5605902687802375,1.5119783878326416,1.8575875759124756,0.3356069326400757
5.997068166732788,1.5640773995373072,1.515411615371704,1.8726940155029297,0.27536430954933167
6.000188589096069,1.567499143686674,1.5188448429107666,1.8223391771316528,0.24972915649414062
6.003299713134766,1.5709106137835538,1.5218967199325562,1.5695582628250122,0.2587014436721802
6.006410837173462,1.5743207013239964,1.5249484777450562,1.8102540969848633,0.3155260682106018
6.009510040283203,1.5777150539017608,1.5283818244934082,1.8404669761657715,0.2997176945209503
6.012578725814819,1.581072092838489,1.5318150520324707,1.8475165367126465,0.37106889486312866
6.015648126602173,1.5844247897262091,1.5348668098449707,1.5776150226593018,0.27707332372665405
6.018723249435425,1.587777346220327,1.5379186868667603,1.6581826210021973,0.26382848620414734
6.021794319152832,1.5911178523044576,1.5413519144058228,1.8777294158935547,0.286900132894516
6.024874210357666,1.5944590434594448,1.5447852611541748,1.9452048540115356,0.29074540734291077
6.027949571609497,1.5977851702652188,1.5478370189666748,1.784069538116455,0.251865416765213
6.030980825424194,1.60105245757342,1.5512703657150269,1.833417296409607,0.2706645429134369
6.03404974937439,1.6043478680253054,1.5543221235275269,1.934126853942871,0.22708477079868317
6.037118434906006,1.6076292465621895,1.5573738813400269,1.8596017360687256,0.2740825414657593
6.040195465087891,1.6109044905466194,1.560807228088379,1.7860838174819946,0.24802014231681824
6.04326605796814,1.6141566334080688,1.563858985900879,1.7437857389450073,0.3347524106502533
6.046334505081177,1.6173890787237946,1.567292332649231,1.69745934009552,0.26211947202682495
6.049400806427002,1.62060066281938,1.5707255601882935,1.8283817768096924,0.3168078064918518
6.052469491958618,1.623794934078937,1.5737773180007935,1.7518424987792969,0.3150987923145294
6.055546998977661,1.6269772912015759,1.576829195022583,1.8273746967315674,0.3193713426589966
6.058624267578125,1.6301370887737379,1.5802624225616455,1.8857861757278442,0.34842449426651
6.0616984367370605,1.6332702462463902,1.5836957693099976,1.6682536602020264,0.2646830081939697
6.064769506454468,1.6363756673797745,1.58712899684906,1.7699702978134155,0.251865416765213
6.067837715148926,1.6394525101222508,1.5901808738708496,1.78306245803833,0.29758143424987793
6.070906400680542,1.6425030075180906,1.5932326316833496,1.6632181406021118,0.30612650513648987
6.073978662490845,1.6455290510888145,1.596665859222412,1.6511329412460327,0.3779049217700958
6.077052116394043,1.6485270993710364,1.5997177362442017,1.5333027839660645,0.40268558263778687
6.080120801925659,1.651490274353955,1.6027694940567017,1.527260184288025,0.286472886800766
6.0831873416900635,1.6544201098342486,1.6062028408050537,1.6883955001831055,0.30698099732398987
6.086256742477417,1.657320288702563,1.6092545986175537,1.625955581665039,0.382604718208313
6.089335680007935,1.6601958377077497,1.6123063564300537,1.7457998991012573,0.35953307151794434
6.092414379119873,1.6630364000826343,1.6153582334518433,1.5937285423278809,0.28006407618522644
6.0954906940460205,1.6658389790396306,1.6187914609909058,1.8001830577850342,0.2211032211780548
6.098557710647583,1.6685964377414653,1.6218433380126953,1.6400549411773682,0.24075685441493988
6.101624011993408,1.6713156477596574,1.6248950958251953,1.7407644987106323,0.32834362983703613
6.1046929359436035,1.673998523070979,1.6279468536376953,1.7719844579696655,0.3535515367984772
6.107769727706909,1.676648448737643,1.6309987306594849,1.6682536602020264,0.44028380513191223
6.110841989517212,1.6792536954167485,1.6340504884719849,1.7256580591201782,0.252719908952713
6.113910675048828,1.681814263925453,1.6371023654937744,1.7105516195297241,0.3044174909591675
6.116978406906128,1.684331483076603,1.639772653579712,1.627969741821289,0.26254671812057495
6.120053768157959,1.6868113171213839,1.642824411392212,1.7186083793640137,0.3779049217700958
6.123129844665527,1.6892470875677432,1.645494818687439,1.3268482685089111,0.31125351786613464
6.126197338104248,1.6916306975571758,1.648546576499939,1.7317006587982178,0.29672694206237793
6.129266977310181,1.6939697393561193,1.6512168645858765,1.4970474243164062,0.29288166761398315
6.132336378097534,1.6962614833856366,1.654268741607666,1.5322957038879395,0.27750056982040405
6.135403394699097,1.698503536729807,1.6569390296936035,1.5756008625030518,0.24374762177467346
6.138472080230713,1.7006980454368612,1.659609317779541,1.4597848653793335,0.2672465145587921
6.141547918319702,1.7028479014182638,1.662279725074768,1.3369191884994507,0.4167849123477936
6.144620180130005,1.7049447183584394,1.6649500131607056,1.4748913049697876,0.3667963743209839
6.1476898193359375,1.7069885196261225,1.667620301246643,1.453742265701294,0.37405967712402344
6.150756120681763,1.708978219155354,1.6702907085418701,1.2825360298156738,0.27621880173683167
6.1538245677948,1.71091666574547,1.6729609966278076,1.3913023471832275,0.47019150853157043
6.156904458999634,1.7128086580084187,1.6752498149871826,1.3177844285964966,0.3967040479183197
6.159980535507202,1.7146439168799261,1.6775387525558472,1.223117470741272,0.35825130343437195
6.1630494594573975,1.7164200585779557,1.6802090406417847,1.3248341083526611,0.3334706723690033
6.1661152839660645,1.7181390438016995,1.6824978590011597,1.3590753078460693,0.3168078064918518
6.16918420791626,1.719803708979265,1.6847867965698242,1.3349050283432007,0.3005722165107727
6.172262668609619,1.7214165769943945,1.6870756149291992,1.386266827583313,0.40311282873153687
6.175338983535767,1.7229707199142645,1.6893644332885742,1.2150607109069824,0.2847638726234436
6.178407192230225,1.7244628362049192,1.6916533708572388,1.3530327081680298,0.2851911187171936
6.1814727783203125,1.7258953421167869,1.6939421892166138,1.4849622249603271,0.27493706345558167
6.184538841247559,1.727269215452087,1.6958495378494263,1.1264362335205078,0.23093003034591675
6.187607526779175,1.7285848178037275,1.6981383562088013,0.9602655172348022,0.2240939885377884
6.19068717956543,1.7298448391385401,1.7000458240509033,1.0206912755966187,0.30740824341773987
6.193769931793213,1.7310451749284028,1.7019531726837158,1.141542673110962,0.2839093506336212
6.196840286254883,1.732179619576116,1.7038605213165283,1.2805218696594238,0.31039902567863464
6.199907064437866,1.7332514866269384,1.7057678699493408,0.9058823585510254,0.38773176074028015
6.202982425689697,1.7342644756014876,1.7072938680648804,0.8867475390434265,0.38944074511528015
6.206060409545898,1.735215906303457,1.7092012166976929,1.1485923528671265,0.4945448935031891
6.209134340286255,1.736103403830756,1.7107270956039429,0.9149461984634399,0.3625238537788391
6.21220588684082,1.7369273160893532,1.7122529745101929,0.7185626029968262,0.3996948301792145
6.21527624130249,1.7376877659380605,1.7137788534164429,0.8404211401939392,0.31082627177238464
6.218353509902954,1.738386300252817,1.715686321258545,0.8686197996139526,0.34671550989151
6.2214272022247314,1.739020173828087,1.7168307304382324,0.8192721605300903,0.26041045784950256
6.2245032787323,1.7395904161677127,1.7183566093444824,0.7155413031578064,0.287327378988266
6.227575302124023,1.7400956736509008,1.7198824882507324,0.8112154006958008,0.22793926298618317
6.230646848678589,1.7405364882317855,1.72102689743042,0.46477454900741577,0.29202717542648315
6.233723163604736,1.7409133130724521,1.7221713066101074,0.5634698867797852,0.3488517701625824
6.236795425415039,1.7412249046890957,1.7233158349990845,0.615838885307312,0.3146715462207794
6.239878177642822,1.741472417578329,1.7248417139053345,0.5443350672721863,0.3163805603981018
6.242959976196289,1.7416545377905313,1.7256046533584595,0.4949873983860016,0.30911725759506226
6.24603796005249,1.7417711796296822,1.726749062538147,0.5201647877693176,0.26041045784950256
6.249104976654053,1.7418224980672121,1.7278934717178345,0.6279240250587463,0.2997176945209503
6.252171277999878,1.741809016157927,1.7286564111709595,0.5695124864578247,0.3313344120979309
6.255239248275757,1.7417306982005962,1.7294193506240845,0.5121080279350281,0.24631112813949585
6.258318662643433,1.741586907791961,1.7301822900772095,0.4285190999507904,0.2740825414657593
6.261397361755371,1.7413779256394821,1.730945348739624,0.5342641472816467,0.29758143424987793
6.264468193054199,1.741104587596825,1.731708288192749,0.21300068497657776,0.3791866898536682
6.267534494400024,1.7407670907070187,1.7320897579193115,0.35701534152030945,0.27792781591415405
6.270602226257324,1.7403650022362709,1.7328526973724365,0.18580910563468933,0.27579155564308167
6.2736780643463135,1.7398972965493533,1.733234167098999,0.30867475271224976,0.3488517701625824
6.2767493724823,1.7393659565615924,1.7336156368255615,0.03675898537039757,0.2672465145587921
6.279816627502441,1.7387713666961118,1.733997106552124,0.11631952226161957,0.4317387640476227
6.2828850746154785,1.7381128207156298,1.733997106552124,0.002517738612368703,0.33774319291114807
6.285953760147095,1.7373907235118444,1.7343785762786865,0.1928587704896927,0.33902496099472046
6.2889838218688965,1.7366156685008325,1.7343785762786865,0.18480201065540314,0.37192338705062866
6.292068004608154,1.735763746269192,1.7343785762786865,-0.18077363073825836,0.3791866898536682
6.295142650604248,1.7348514876799435,1.7343785762786865,-0.08812084794044495,0.3142443001270294
6.298210859298706,1.7338788027257315,1.7343785762786865,0.004531929735094309,0.3505607545375824
6.301277160644531,1.7328448707911406,1.7343785762786865,-0.10322728008031845,0.27920958399772644
6.304348468780518,1.7317476516658126,1.7343785762786865,-0.0317235067486763,0.2672465145587921
6.3074257373809814,1.7305868842467806,1.733997106552124,-0.049851223826408386,0.24930189549922943
6.31049919128418,1.7293666242304493,1.733997106552124,-0.016617074608802795,0.2565651834011078
6.31355881690979,1.7280918225490165,1.7336156368255615,-0.2563057839870453,0.221530482172966
6.316627025604248,1.7267537700946638,1.733234167098999,-0.15458914637565613,0.1117265596985817
6.319695234298706,1.7253564562612622,1.733234167098999,-0.046829938888549805,0.15530632436275482
6.322772026062012,1.7238962452473519,1.7328526973724365,-0.24522773921489716,0.10360875725746155
6.325846433639526,1.7223787081194486,1.7320897579193115,-0.4416113495826721,0.06729228794574738
6.328919410705566,1.720804048817481,1.731708288192749,-0.20897230505943298,0.08438239246606827
6.331982135772705,1.7191777005409827,1.7313268184661865,-0.5926756858825684,0.08651865273714066
6.335050821304321,1.717491779013197,1.7301822900772095,-0.35701534152030945,0.11898985505104065
6.338125944137573,1.715746308839517,1.7294193506240845,-0.32680246233940125,0.06173800304532051
6.341217756271362,1.713935495344808,1.7286564111709595,-0.46578162908554077,0.04934767633676529
6.344289064407349,1.7120818990280222,1.7278934717178345,-0.48592355847358704,0.06558327376842499
6.347356557846069,1.7101767875071885,1.726749062538147,-0.3962920606136322,0.01730373129248619
6.350423097610474,1.7082192169083101,1.7256046533584595,-0.5725337862968445,0.08694590628147125
6.353496789932251,1.7062045814277753,1.724460244178772,-0.7024490833282471,0.13223467767238617
6.356580972671509,1.7041309961161717,1.7233158349990845,-0.688349723815918,0.10873579233884811
6.3596484661102295,1.7020176615582345,1.7221713066101074,-0.8122224807739258,0.13095292448997498
6.362715005874634,1.6998549620365337,1.72102689743042,-0.7336690425872803,0.063019759953022
6.36578106880188,1.697643398968684,1.71950101852417,-0.7588464021682739,0.12326237559318542
6.368849754333496,1.6953815071312666,1.71797513961792,-0.7175555229187012,0.09164568781852722
6.371928691864014,1.6930642035756887,1.71644926071167,-0.8635843396186829,0.08566414564847946
6.374981880187988,1.6907197974323613,1.71492338180542,-0.6943923234939575,0.06472877413034439
6.378053903579712,1.6883150874165593,1.7133973836898804,-0.9542229175567627,0.13266193866729736
6.381120681762695,1.6858695099849714,1.7118715047836304,-0.8706340193748474,0.10959029197692871
6.3841869831085205,1.6833802967284555,1.7099641561508179,-0.9471732378005981,0.08822766691446304
6.38726019859314,1.6808422367761913,1.7080568075180054,-0.9230029582977295,0.1903410404920578
6.39034628868103,1.6782509421784244,1.7065308094024658,-1.073060154914856,0.13180743157863617
6.39341926574707,1.6756292042287215,1.7042419910430908,-1.1153582334518433,0.1117265596985817
6.396495342254639,1.6729643742120641,1.7023346424102783,-0.930052638053894,0.19589532911777496
6.399565935134888,1.6702649265574607,1.7000458240509033,-1.1979399919509888,0.1728236824274063
6.402629613876343,1.6675333582541225,1.6981383562088013,-1.0468757152557373,0.1903410404920578
6.40571928024292,1.664741005331227,1.6962310075759888,-1.0438544750213623,0.10959029197692871
6.408787727355957,1.661931481215208,1.6939421892166138,-1.074067234992981,0.08908216655254364
6.41185450553894,1.6590883370604466,1.6920348405838013,-1.0780956745147705,0.06558327376842499
6.4149229526519775,1.6562095352792638,1.6897459030151367,-1.142549753189087,0.08822766691446304
6.417980909347534,1.6533076937851026,1.6874570846557617,-1.1848478317260742,0.08865492045879364
6.421052932739258,1.6503605329425575,1.6851682662963867,-1.1868619918823242,0.06173800304532051
6.4241204261779785,1.6473868379870789,1.6828793287277222,-1.470862865447998,0.10189975053071976
6.427186965942383,1.644384329292948,1.6802090406417847,-1.3298695087432861,0.0950637087225914
6.430253744125366,1.641352964959248,1.6779202222824097,-1.2885786294937134,0.17196917533874512
6.433320045471191,1.638294580479195,1.6752498149871826,-1.3308765888214111,0.19290456175804138
6.436386823654175,1.6352093602119562,1.6725795269012451,-1.3711605072021484,0.21554894745349884
6.439454078674316,1.6320984376342487,1.6702907085418701,-1.3590753078460693,0.14590676128864288
6.442519664764404,1.6289651579586397,1.667620301246643,-1.4144655466079712,0.11941710859537125
6.445586442947388,1.6258077660820194,1.6649500131607056,-1.5745937824249268,0.0950637087225914
6.448653221130371,1.6226286481213554,1.662279725074768,-1.525246024131775,0.07797360420227051
6.451719760894775,1.6194292339625604,1.659609317779541,-1.4899977445602417,0.14932478964328766
6.454787015914917,1.6162097120750172,1.6569390296936035,-1.3761959075927734,0.13394369184970856
6.4578537940979,1.612972526781274,1.6538872718811035,-1.8062256574630737,0.13052567839622498
6.460922718048096,1.6097160984543686,1.6512168645858765,-1.5907073020935059,0.06900129467248917
6.463980197906494,1.606456126557077,1.648546576499939,-1.5957427024841309,0.13693445920944214
6.4670491218566895,1.6031694198997906,1.645494818687439,-1.7760127782821655,0.09933622926473618
6.470115661621094,1.599871942460887,1.642824411392212,-1.558480143547058,0.23050278425216675
6.4731833934783936,1.5965610817189528,1.6401541233062744,-1.5796291828155518,0.21255818009376526
6.47624945640564,1.593241156926593,1.6371023654937744,-1.5433738231658936,0.16983291506767273
6.479315757751465,1.5899113428877079,1.6336690187454224,-1.5897001028060913,0.09164568781852722
6.4823830127716064,1.5865720938706265,1.6309987306594849,-1.7961547374725342,0.0942092016339302
6.485452651977539,1.5832230806452314,1.6275653839111328,-1.7186083793640137,0.09207294136285782
6.48853063583374,1.579859014317269,1.6245136260986328,-1.8072327375411987,0.15616083145141602
6.491604804992676,1.576494425439489,1.6218433380126953,-1.5453879833221436,0.06515602022409439
6.494676113128662,1.5731295391550943,1.6184099912643433,-1.7045090198516846,0.03823911026120186
6.497748374938965,1.5697614334620342,1.6153582334518433,-1.902906894683838,0.10788128525018692
6.500824928283691,1.566387701608745,1.6123063564300537,-1.6178988218307495,0.1253986358642578
6.5038981437683105,1.5630179670531197,1.6088731288909912,-1.8827649354934692,0.21554894745349884
6.506987571716309,1.559632064324974,1.6058213710784912,-1.8606088161468506,0.1587243527173996
6.510059356689453,1.5562683569149092,1.6023880243301392,-1.612863302230835,0.12240787595510483
6.5131261348724365,1.5529142278409551,1.5993362665176392,-1.6853742599487305,0.10788128525018692
6.516201972961426,1.5495555532952792,1.5962843894958496,-1.8193179368972778,0.15060654282569885
6.519279479980469,1.546201686394549,1.592851161956787,-1.6410620212554932,0.15530632436275482
6.522353172302246,1.542859847168668,1.5897992849349976,-1.7558709383010864,0.11856260150671005
6.525424957275391,1.5395291853898099,1.586366057395935,-1.6380407810211182,0.11514458060264587
6.528491735458374,1.5362142682205198,1.583314299583435,-1.6299840211868286,0.08865492045879364
6.531558513641357,1.5329108899666937,1.579880952835083,-1.7105516195297241,0.08737315982580185
6.53462553024292,1.5296200218412934,1.576829195022583,-1.8837720155715942,0.043793391436338425
6.5376927852630615,1.5263428890142594,1.573395848274231,-1.9290913343429565,0.15487907826900482
6.540759325027466,1.5230817237401837,1.570344090461731,-1.69141685962677,0.1108720526099205
6.543825626373291,1.5198372223921144,1.5669108629226685,-1.8112611770629883,0.11813534796237946
6.546892404556274,1.5166098347054524,1.563858985900879,-1.7709773778915405,0.13180743157863617
6.5499587059021,1.513401762186173,1.5604257583618164,-1.6622110605239868,0.11642633378505707
6.553038835525513,1.5101993620498098,1.5569924116134644,-1.907942295074463,0.15487907826900482
6.556106328964233,1.5070313495944407,1.5539406538009644,-1.9018996953964233,0.10702677816152573
6.559172630310059,1.5038869397204853,1.5505073070526123,-1.7317006587982178,0.12283512949943542
6.562238693237305,1.5007663059114027,1.5474555492401123,-1.6571755409240723,0.08181887865066528
6.565305233001709,1.49766988139982,1.5440223217010498,-1.78104829788208,0.1112993061542511
6.568370819091797,1.494600253651082,1.5409704446792603,-1.7266651391983032,0.20059509575366974
6.57143759727478,1.491556416843405,1.5375372171401978,-1.8293888568878174,0.1762416958808899
6.5745038986206055,1.488541166533935,1.5344853401184082,-1.6430761814117432,0.1886320263147354
6.577570199966431,1.4855551465036685,1.5314335823059082,-1.7981688976287842,0.2505836486816406
6.580636262893677,1.4825996936910713,1.5280003547668457,-1.7709773778915405,0.15530632436275482
6.583702802658081,1.4796752193357792,1.5245670080184937,-1.7538566589355469,0.16086061298847198
6.586772203445435,1.4767805885043914,1.5215152502059937,-1.7427786588668823,0.10916304588317871
6.58985161781311,1.4739103437740915,1.518463373184204,-1.7216296195983887,0.08780041337013245
6.5929274559021,1.4710783290367244,1.515411615371704,-1.6017853021621704,0.12326237559318542
6.595981121063232,1.468302273933532,1.512359857559204,-1.682352900505066,0.0643015205860138
6.599059343338013,1.4655407779144232,1.5093079805374146,-1.765941858291626,0.08780041337013245
6.602129697799683,1.4628242551138615,1.5062562227249146,-1.5967497825622559,0.10830853879451752
6.605198383331299,1.4601480553065906,1.503204345703125,-1.7528495788574219,0.17111466825008392
6.608264684677124,1.4575137189773815,1.500152587890625,-1.5675441026687622,0.1433432549238205
6.611330986022949,1.4549201294673793,1.497100830078125,-1.5504233837127686,0.13607995212078094
6.614399433135986,1.45236647849205,1.4940489530563354,-1.7196154594421387,0.12454413622617722
6.617474794387817,1.4498499356212255,1.4909971952438354,-1.5292744636535645,0.10147249698638916
6.620543956756592,1.4473821815101364,1.488326907157898,-1.5081254243850708,0.14847028255462646
6.623610734939575,1.4449608826807643,1.4852750301361084,-1.6440832614898682,0.043793391436338425
6.6266770362854,1.4425853698992812,1.482604742050171,-1.4728771448135376,0.10574502497911453
6.629745244979858,1.4402547106566677,1.4795528650283813,-1.5040971040725708,0.1108720526099205
6.6328160762786865,1.4379693316048658,1.4768825769424438,-1.3892881870269775,0.12198062241077423
6.635883569717407,1.4357345009813132,1.4742122888565063,-1.4033875465393066,0.07626459002494812
6.638951063156128,1.433548539001301,1.4715418815612793,-1.4426642656326294,0.11429007351398468
6.641984224319458,1.4314358897081387,1.4688715934753418,-1.5927214622497559,0.1578698456287384
6.645053863525391,1.4293480717043032,1.4662013053894043,-1.5997711420059204,0.1570153385400772
6.648120641708374,1.4273134403412833,1.4635308980941772,-1.4436713457107544,0.21255818009376526
6.651194095611572,1.4253265228798309,1.4612420797348022,-1.3641108274459839,0.08566414564847946
6.654260873794556,1.4233966881722968,1.4581903219223022,-1.4990615844726562,0.08395513892173767
6.657327175140381,1.4215205677686034,1.4559013843536377,-1.4889906644821167,0.0946364551782608
6.660393953323364,1.419698274761136,1.4532310962677002,-1.5695582628250122,0.10189975053071976
6.6634602546691895,1.4179310521951456,1.4509422779083252,-1.3892881870269775,0.13138018548488617
6.666528940200806,1.4162179591997657,1.4486533403396606,-1.2764934301376343,0.13650721311569214
6.669598340988159,1.4145606485065543,1.4459830522537231,-1.293614149093628,0.12368962913751602
6.672664642333984,1.4129617296145776,1.4440757036209106,-1.1294575929641724,0.10104524344205856
6.675731182098389,1.4114199763949988,1.4417868852615356,-1.2915998697280884,0.04464789852499962
6.678797721862793,1.409936087728444,1.4398794174194336,-1.0982376337051392,0.03952086716890335
6.681864261627197,1.4085106144794572,1.4375905990600586,-1.1717555522918701,0.054901961237192154
6.684932708740234,1.4071432543128197,1.435683250427246,-1.1788052320480347,0.10446326434612274
6.6879823207855225,1.405843265641109,1.4333943128585815,-1.1516135931015015,0.09805447608232498
6.691061496734619,1.4045908156570615,1.431486964225769,-1.2775006294250488,0.16385138034820557
6.6941328048706055,1.4034022308294039,1.4295796155929565,-1.087159514427185,0.1578698456287384
6.697207689285278,1.4022733991355607,1.427672266960144,-0.9703364372253418,0.16598764061927795
6.700347185134888,1.401184399486155,1.425764799118042,-0.931059718132019,0.0963454619050026
6.7034218311309814,1.4001805360675748,1.4238574504852295,-1.0569466352462769,0.14547951519489288
6.706491708755493,1.3992404496998512,1.4223315715789795,-0.7044632434844971,0.029266804456710815
6.709559917449951,1.3983633452161144,1.420424222946167,-0.9582512974739075,0.08053711801767349
6.712626934051514,1.397549324738963,1.418898344039917,-0.9602655172348022,0.07071030884981155
6.7156994342803955,1.3967970515241108,1.4173723459243774,-0.8464637398719788,0.1766689568758011
6.7187910079956055,1.3961042410800513,1.415464997291565,-0.878690779209137,0.1728236824274063
6.721866607666016,1.3954791022078805,1.4143205881118774,-0.844449520111084,0.15103380382061005
6.724944353103638,1.3949177541184967,1.4127947092056274,-0.7799954414367676,0.10531777143478394
6.727980852127075,1.3944270972957342,1.4112688302993774,-0.7920805811882019,0.09292744100093842
6.731050968170166,1.393994979500021,1.4101243019104004,-0.6128175854682922,0.07498283684253693
6.734117746353149,1.393627709711175,1.408979892730713,-0.4597390592098236,0.06472877413034439
6.737184047698975,1.393324961591147,1.4078354835510254,-0.6118105053901672,0.0625925064086914
6.740249872207642,1.3930868174153084,1.4070725440979004,-0.5554131269454956,0.06643778085708618
6.743319272994995,1.3929131488349693,1.405928134918213,-0.6410162448883057,0.0625925064086914
6.746388912200928,1.3928043300176378,1.4047837257385254,-0.5382925271987915,0.011322194710373878
6.749455451965332,1.3927604290455418,1.4040207862854004,-0.6198672652244568,0.1104447990655899
6.752521991729736,1.3927813196172012,1.4032578468322754,-0.5282215476036072,0.10104524344205856
6.755589485168457,1.3928670306957114,1.4021133184432983,-0.37212178111076355,0.11685358732938766
6.758656740188599,1.39301751980989,1.4013503789901733,-0.4587319791316986,0.08694590628147125
6.761723279953003,1.3932326774850812,1.4005874395370483,-0.400320440530777,0.11728084087371826
6.764789581298828,1.3935124271299149,1.3998245000839233,-0.4748454988002777,0.19418631494045258
6.7678563594818115,1.3938567376672646,1.3994430303573608,-0.3972991406917572,0.11728084087371826
6.770925283432007,1.3942657512498524,1.3986800909042358,-0.2381780743598938,0.1770962029695511
6.773983001708984,1.3947372523088155,1.3982986211776733,-0.3449302017688751,0.14804303646087646
6.777052164077759,1.3952745654917733,1.3979171514511108,-0.329823762178421,0.24161134660243988
6.780118227005005,1.3958752067590574,1.3975356817245483,-0.173723965883255,0.21341268718242645
6.783186912536621,1.3965400588260724,1.3971542119979858,-0.23213550448417664,0.21725794672966003
6.786266326904297,1.397271045512991,1.3967727422714233,-0.1102769523859024,0.19674982130527496
6.789342641830444,1.3980648486410114,1.3967727422714233,-0.2371709793806076,0.2061493843793869
6.7924110889434814,1.3989196030340378,1.3967727422714233,-0.10624857246875763,0.252292662858963
6.795457124710083,1.3998300141501225,1.3967727422714233,0.2069581151008606,0.28091859817504883
6.798525333404541,1.4008090614738042,1.3963912725448608,-0.03675898537039757,0.18649576604366302
6.8015923500061035,1.4018495633385837,1.3967727422714233,0.014602883718907833,0.21042190492153168
6.804659366607666,1.402951501685708,1.3967727422714233,-0.14552529156208038,0.27621880173683167
6.807725667953491,1.4041141890196958,1.3971542119979858,0.28047609329223633,0.2826276123523712
6.810791492462158,1.4053372487056772,1.3971542119979858,0.11732661724090576,0.22580300271511078
6.813864231109619,1.4066233643646802,1.3975356817245483,0.0629434660077095,0.31125351786613464
6.816936016082764,1.4079689396087784,1.3975356817245483,0.3207598924636841,0.35739681124687195
6.819977283477783,1.4093596152101082,1.3979171514511108,0.2210574448108673,0.3163805603981018
6.823044776916504,1.4108206967656858,1.3986800909042358,0.2563057839870453,0.42020294070243835
6.826111078262329,1.4123392998666686,1.3990615606307983,0.3338521420955658,0.3142443001270294
6.829177379608154,1.4139154172958193,1.3998245000839233,0.43456166982650757,0.2984359562397003
6.8322434425354,1.415548334867287,1.4002059698104858,0.46578162908554077,0.40653085708618164
6.835309743881226,1.4172377004318366,1.4009689092636108,0.12236209958791733,0.3138170540332794
6.838376998901367,1.418983313514792,1.4017318487167358,0.4798809885978699,0.3039902448654175
6.84144401550293,1.4207838670039927,1.402876377105713,0.6390020847320557,0.29672694206237793
6.844510555267334,1.4226385332123281,1.4040207862854004,0.5674982666969299,0.3146715462207794
6.847576856613159,1.4245467488630816,1.4047837257385254,0.4295262098312378,0.2557106912136078
6.85064435005188,1.4265087204399627,1.4063096046447754,0.7004348635673523,0.2531471848487854
6.853710889816284,1.428522353401579,1.407454013824463,0.5554131269454956,0.21768520772457123
6.85677695274353,1.4305871769052394,1.4085984230041504,0.617853045463562,0.3018539845943451
6.859845876693726,1.4327047312642944,1.409742832183838,0.737697422504425,0.21298542618751526
6.862917184829712,1.4348740295540927,1.4112688302993774,0.7477683424949646,0.26083773374557495
6.865979909896851,1.4370863704661352,1.412413239479065,0.8394140601158142,0.251438170671463
6.869049549102783,1.439352084759648,1.413939118385315,0.8605630397796631,0.2394750863313675
6.872117280960083,1.441663938421373,1.415464997291565,0.8222934603691101,0.3044174909591675
6.875183582305908,1.4440213548799676,1.416990876197815,0.8887617588043213,0.34287023544311523
6.87825083732605,1.4464252806088067,1.418898344039917,0.7548180222511292,0.27707332372665405
6.881326675415039,1.4488810114251267,1.420424222946167,0.8122224807739258,0.3001449704170227
6.884404897689819,1.4513829218061975,1.421950101852417,0.8726481795310974,0.29117265343666077
6.8874804973602295,1.4539260030291044,1.4238574504852295,0.930052638053894,0.2740825414657593
6.890557050704956,1.4565122264569852,1.425764799118042,0.9320668578147888,0.3338979184627533
6.8936262130737305,1.4591334825429763,1.427672266960144,1.08212411403656,0.4001220762729645
6.896692752838135,1.461792668059532,1.4295796155929565,1.0116273164749146,0.2728008031845093
6.899758815765381,1.4644905956783238,1.431486964225769,0.9582512974739075,0.2587014436721802
6.9028260707855225,1.467227745639715,1.4333943128585815,1.073060154914856,0.3501335084438324
6.905892848968506,1.4700016258137514,1.4353017807006836,1.1475852727890015,0.3509880304336548
6.90896201133728,1.4728138272146052,1.4375905990600586,1.2764934301376343,0.29117265343666077
6.9120423793792725,1.475671620769679,1.4398794174194336,1.2211031913757324,0.3514152765274048
6.915109157562256,1.4785509010321087,1.4421683549880981,1.3419547080993652,0.2082856446504593
6.918175458908081,1.4814626746196502,1.4444571733474731,1.244266390800476,0.18350499868392944
6.9212446212768555,1.4844090669310799,1.4467459917068481,1.398352026939392,0.18393224477767944
6.9243223667144775,1.487394648791464,1.4490348100662231,1.4336004257202148,0.20187686383724213
6.927397012710571,1.4904070568886816,1.4517052173614502,1.3429617881774902,0.22537575662136078
6.930469512939453,1.4934460261305735,1.4539940357208252,1.4899977445602417,0.24161134660243988
6.933535814285278,1.4965063023359557,1.4562828540802002,1.4255435466766357,0.2582741975784302
6.936603307723999,1.4995940573059972,1.4589532613754272,1.470862865447998,0.22580300271511078
6.939669370651245,1.502705502196266,1.4616235494613647,1.3036850690841675,0.24203860759735107
6.942735910415649,1.505841405650597,1.4642938375473022,1.5061112642288208,0.32364386320114136
6.94580340385437,1.5090011073229794,1.4669642448425293,1.4819409847259521,0.3326161503791809
6.948869705200195,1.5121812215350903,1.4696345329284668,1.396337866783142,0.3189440667629242
6.951939105987549,1.5153850365943786,1.4723048210144043,1.6017853021621704,0.35526055097579956
6.954980850219727,1.5185790329120716,1.4749752283096313,1.523231863975525,0.2663919925689697
6.958049774169922,1.5218195976628774,1.4776455163955688,1.4910048246383667,0.25998321175575256
6.961116075515747,1.525074278927431,1.4806973934173584,1.7145799398422241,0.3620965778827667
6.964182615280151,1.5283448852411772,1.483367681503296,1.556465983390808,0.2232394963502884
6.967248439788818,1.5316291822136063,1.486419439315796,1.4748913049697876,0.252719908952713
6.970314979553223,1.5349274830170743,1.489089846611023,1.5836576223373413,0.2582741975784302
6.973381996154785,1.5382383142499052,1.492141604423523,1.5081254243850708,0.3338979184627533
6.976450204849243,1.5415612275617563,1.4948118925094604,1.5010757446289062,0.33817043900489807
6.9795167446136475,1.5448918883897889,1.49786376953125,1.4446784257888794,0.31168079376220703
6.982585430145264,1.548233203966243,1.50091552734375,1.6722819805145264,0.46549171209335327
6.985669136047363,1.5515980096548558,1.5039674043655396,1.6370337009429932,0.35483330488204956
6.988746404647827,1.5549616653007796,1.5070191621780396,1.7891050577163696,0.27621880173683167
6.991818904876709,1.5583247083488294,1.5100709199905396,1.8656443357467651,0.38602274656295776
6.9948890209198,1.561688480200117,1.513122797012329,1.678324580192566,0.34201571345329285
6.997963905334473,1.5650595659022324,1.5165560245513916,1.6894025802612305,0.2561379373073578
7.001042604446411,1.5684356681864406,1.5196079015731812,1.5967497825622559,0.2394750863313675
7.004109621047974,1.571798535633927,1.5226596593856812,1.7941405773162842,0.27664607763290405
7.007176160812378,1.575159207342765,1.5260928869247437,1.681345820426941,0.27536430954933167
7.010242700576782,1.5785169586287722,1.5291447639465332,1.8696726560592651,0.21982146799564362
7.013312578201294,1.5818741905715594,1.5321965217590332,1.9431906938552856,0.3526970446109772
7.016383647918701,1.5852272978515696,1.5356298685073853,1.6873884201049805,0.3343251645565033
7.019450902938843,1.5885695753678706,1.5386816263198853,1.8112611770629883,0.27664607763290405
7.022521734237671,1.5919078330740424,1.5421148538589478,1.682352900505066,0.40225833654403687
7.025607347488403,1.5952529281413843,1.5451667308807373,1.8142824172973633,0.252292662858963
7.028681755065918,1.598575424551862,1.5485999584197998,1.9975738525390625,0.30612650513648987
7.031753301620483,1.6018831728410954,1.5516518354415894,1.7971618175506592,0.38644999265670776
7.034823179244995,1.605176251444742,1.5550850629806519,1.8414740562438965,0.2740825414657593
7.037893533706665,1.6084557439145823,1.5585182905197144,1.8898146152496338,0.2232394963502884
7.040965795516968,1.6117219399732274,1.561570167541504,1.69141685962677,0.2881819009780884
7.044044017791748,1.614977868522596,1.5650033950805664,1.7186083793640137,0.27536430954933167
7.047110557556152,1.6182037056190408,1.568055272102356,1.8444952964782715,0.47104600071907043
7.050176382064819,1.6214098971610114,1.5714884996414185,1.60782790184021,0.40482184290885925
7.053243398666382,1.6245972427947935,1.574540376663208,1.8011902570724487,0.3155260682106018
7.056309938430786,1.6277628179676105,1.5779736042022705,1.6289769411087036,0.35654231905937195
7.0593767166137695,1.6309061881296367,1.5810253620147705,1.8565804958343506,0.26254671812057495
7.0624425411224365,1.634024972868422,1.5844587087631226,1.8867933750152588,0.27792781591415405
7.065508842468262,1.637119475216397,1.587891936302185,1.837445616722107,0.3146715462207794
7.068575382232666,1.6401882971974733,1.5909438133239746,1.6863813400268555,0.23562981188297272
7.071642875671387,1.643230999624002,1.5939955711364746,1.7317006587982178,0.24460211396217346
7.074710130691528,1.6462452606003417,1.597428798675537,1.8958572149276733,0.3492790162563324
7.077779769897461,1.6492325066843505,1.6004806756973267,1.7226366996765137,0.2710917890071869
7.080851316452026,1.6521911000773557,1.6039139032363892,1.6994736194610596,0.30655375123023987
7.0839316844940186,1.6551264331570308,1.6069657802581787,1.7880979776382446,0.32193484902381897
7.086980581283569,1.6579993815083882,1.6100175380706787,1.8112611770629883,0.35996031761169434
7.090056419372559,1.6608639839148887,1.6130692958831787,1.7105516195297241,0.3531242907047272
7.093125343322754,1.663687317949675,1.6165026426315308,1.989517092704773,0.18735027313232422
7.096192359924316,1.6664730904812448,1.6195544004440308,1.696452260017395,0.2582741975784302
7.099258661270142,1.6692213959473112,1.6226062774658203,1.452735185623169,0.14847028255462646
7.102324962615967,1.6719318681326008,1.6256580352783203,1.6138705015182495,0.30826276540756226
7.105392932891846,1.6746049443471605,1.6287097930908203,1.626962661743164,0.24930189549922943
7.108459234237671,1.6772367242809558,1.6317616701126099,1.5745937824249268,0.38986802101135254
7.111526012420654,1.6798280955588611,1.6348134279251099,1.6652323007583618,0.3206530809402466
7.1145923137664795,1.682377290522354,1.637483835220337,1.6632181406021118,0.45181962847709656
7.117658853530884,1.6848839623016099,1.640535593032837,1.400366187095642,0.3672236204147339
7.120729207992554,1.6873500168607976,1.643587350845337,1.6591897010803223,0.42063018679618835
7.123806953430176,1.6897771655220142,1.646257758140564,1.69544517993927,0.3988403081893921
7.126882076263428,1.6921565017477462,1.6489280462265015,1.5957427024841309,0.26169222593307495
7.129955053329468,1.694487613486861,1.6519798040390015,1.683359980583191,0.26126497983932495
7.132980823516846,1.6967365889551558,1.655031681060791,1.7347218990325928,0.14718852937221527
7.136052846908569,1.698972076400222,1.657320499420166,1.465827465057373,0.3044174909591675
7.139129638671875,1.7011618605461347,1.6603723764419556,1.6732890605926514,0.3180895745754242
7.1422014236450195,1.7032981745261715,1.663042664527893,1.5715724229812622,0.3847409784793854
7.145269155502319,1.7053811079195933,1.6657129526138306,1.4184939861297607,0.2860456109046936
7.148335695266724,1.7074119592918686,1.6683833599090576,1.3913023471832275,0.3949950337409973
7.151402473449707,1.7093909458126322,1.6706721782684326,1.450721025466919,0.3150987923145294
7.154468774795532,1.7113168774488896,1.6733424663543701,1.4285649061203003,0.43729305267333984
7.157536029815674,1.7131899250971185,1.6756312847137451,1.2543374300003052,0.4607919454574585
7.160602331161499,1.7150082288291877,1.6783016920089722,1.153627872467041,0.30698099732398987
7.16371488571167,1.7167978822146435,1.6805905103683472,1.3167773485183716,0.3697871267795563
7.166898012161255,1.7185689693024373,1.6828793287277222,1.2472877502441406,0.3202258348464966
7.169998407363892,1.7202358594885587,1.6851682662963867,1.2805218696594238,0.382604718208313
7.1731178760528564,1.721854428526243,1.6878385543823242,1.2724651098251343,0.31338977813720703
7.17623496055603,1.72341245282685,1.6901273727416992,1.1979399919509888,0.2834821045398712
7.179334402084351,1.724902284340712,1.6924163103103638,0.9934996366500854,0.3210803270339966
7.1824047565460205,1.7263192029920404,1.6943236589431763,1.1647058725357056,0.34372472763061523
7.185471534729004,1.727675392239673,1.6966124773025513,1.300663709640503,0.34372472763061523
7.18854284286499,1.7289739041557994,1.6985198259353638,1.1888761520385742,0.29672694206237793
7.191622972488403,1.7302156776856175,1.7004272937774658,1.0055848360061646,0.33945220708847046
7.1946985721588135,1.7313947403642216,1.7023346424102783,1.0418401956558228,0.3920042812824249
7.197766304016113,1.7325097418538637,1.7042419910430908,0.9109178185462952,0.43772029876708984
7.200833320617676,1.7335631234577216,1.7061493396759033,1.068024754524231,0.42020294070243835
7.203902006149292,1.734555283824567,1.7076753377914429,1.137514352798462,0.3454337418079376
7.206981658935547,1.735488475927751,1.7095826864242554,0.8222934603691101,0.4813000559806824
7.210060119628906,1.7363583687624933,1.7111085653305054,0.8605630397796631,0.3526970446109772
7.213130712509155,1.737163029546816,1.7126344442367554,0.7759670615196228,0.3193713426589966
7.216199159622192,1.737903966385352,1.7141603231430054,0.722590982913971,0.3932860195636749
7.2192771434783936,1.7385834948109733,1.7160677909851074,0.724605143070221,0.33945220708847046
7.222356796264648,1.739199275562897,1.717212200164795,0.6440375447273254,0.24332036077976227
7.225435018539429,1.7397504511412127,1.718738079071045,0.7165483832359314,0.35526055097579956
7.228505611419678,1.7402359900091056,1.720263957977295,0.8122224807739258,0.41977569460868835
7.231576204299927,1.7406571571172538,1.7214083671569824,0.8041657209396362,0.34671550989151
7.234653472900391,1.74101450066502,1.72255277633667,0.5856260061264038,0.3159533143043518
7.237729072570801,1.7413067602670087,1.723697304725647,0.652094304561615,0.3180895745754242
7.2408058643341064,1.7415341136480187,1.7248417139053345,0.6299381852149963,0.32449835538864136
7.24387788772583,1.7416961489617133,1.725986123085022,0.5342641472816467,0.30655375123023987
7.246946573257446,1.7417931383470848,1.7271305322647095,0.5423209071159363,0.3142443001270294
7.2499823570251465,1.7418252567762789,1.7278934717178345,0.687342643737793,0.3462882339954376
7.253050088882446,1.741793208529561,1.7286564111709595,0.43355458974838257,0.34799724817276
7.25612735748291,1.741695927662446,1.729800820350647,0.2986038029193878,0.29202717542648315
7.259200096130371,1.7415337361391752,1.7305638790130615,0.4305332899093628,0.34244295954704285
7.2622668743133545,1.7413071025628,1.7313268184661865,0.4124055802822113,0.3142443001270294
7.265333890914917,1.7410158342223623,1.731708288192749,0.051865413784980774,0.3838864862918854
7.2684032917022705,1.7406597527528436,1.732471227645874,0.40233463048934937,0.3535515367984772
7.2714762687683105,1.740238664326161,1.7328526973724365,0.09013504534959793,0.287754625082016
7.274551868438721,1.739752661259909,1.733234167098999,0.3147173225879669,0.32663461565971375
7.277620553970337,1.7392035662538143,1.7336156368255615,0.2049439251422882,0.3642328381538391
7.280686378479004,1.7385911644505403,1.7336156368255615,0.04582284390926361,0.3962768018245697
7.28375244140625,1.737915145945662,1.7343785762786865,0.08207827806472778,0.31338977813720703
7.286830425262451,1.7371728089725533,1.7343785762786865,0.11229114234447479,0.40183109045028687
7.289914131164551,1.7363653785153268,1.7343785762786865,-0.004531929735094309,0.41977569460868835
7.2929887771606445,1.7354971297085995,1.7343785762786865,0.022659648209810257,0.48599985241889954
7.296059608459473,1.7345673014844114,1.7343785762786865,0.17170977592468262,0.35611504316329956
7.299128532409668,1.7335758372501198,1.7343785762786865,-0.0015106431674212217,0.3189440667629242
7.302200555801392,1.7325214526212918,1.7343785762786865,0.009567406959831715,0.2685282528400421
7.305270195007324,1.7314064002055387,1.7343785762786865,-0.06596475094556808,0.21084916591644287
7.308337450027466,1.7302312375023405,1.733997106552124,-0.16868849098682404,0.23477530479431152
7.311403751373291,1.7289959522658034,1.733997106552124,-0.08912795037031174,0.13821622729301453
7.3144707679748535,1.7277003379557467,1.7336156368255615,-0.05387960746884346,0.1420614868402481
7.317537307739258,1.7263453720995448,1.7336156368255615,-0.13142596185207367,0.10574502497911453
7.320606708526611,1.7249300142707304,1.733234167098999,-0.24824902415275574,0.1279621571302414
7.323686361312866,1.7234510064581705,1.7328526973724365,-0.1112840473651886,0.048493172973394394
7.326765775680542,1.7219136522484242,1.7320897579193115,-0.2875257432460785,0.07498283684253693
7.329840660095215,1.720320803818605,1.731708288192749,-0.1586175262928009,0.03012130968272686
7.332911491394043,1.7186730491938444,1.730945348739624,-0.4768596887588501,0.0792553573846817
7.335981845855713,1.7169692090067856,1.7301822900772095,-0.41844815015792847,0.037384603172540665
7.339059591293335,1.7152053636281264,1.7294193506240845,-0.29256123304367065,0.027557794004678726
7.342130899429321,1.7133900685566297,1.7286564111709595,-0.5141222476959229,0.03311207890510559
7.345198154449463,1.7115228717075726,1.727512001991272,-0.5685054063796997,0.03823911026120186
7.348264217376709,1.7096028639439351,1.7263675928115845,-0.6339665651321411,0.06857404112815857
7.351330041885376,1.7076301980585868,1.7256046533584595,-0.5634698867797852,0.07071030884981155
7.354397773742676,1.7056041830853292,1.7240787744522095,-0.6007324457168579,0.08181887865066528
7.357464551925659,1.703527436337792,1.722934365272522,-0.6651865243911743,0.0801098644733429
7.360531568527222,1.7013999397879802,1.721789836883545,-0.6621652841567993,0.09292744100093842
7.363597869873047,1.699223156445835,1.7206454277038574,-0.5916685461997986,0.1117265596985817
7.366665363311768,1.6969965292630103,1.7191195487976074,-0.6974136233329773,0.09677271544933319
7.369734048843384,1.6947208286954796,1.7175936698913574,-0.842435359954834,0.13821622729301453
7.372801780700684,1.6923984858013705,1.7160677909851074,-0.7366903424263,0.1271076500415802
7.375868320465088,1.6900305930053094,1.7145417928695679,-0.8243076205253601,0.11514458060264587
7.378938436508179,1.6876142951497608,1.7130159139633179,-0.8323643803596497,0.1736781895160675
7.3819801807403564,1.6851761715144482,1.7111085653305054,-0.9894712567329407,0.10959029197692871
7.385056257247925,1.6826667431796165,1.7095826864242554,-0.6964064836502075,0.11728084087371826
7.38813042640686,1.6801158134265044,1.7076753377914429,-1.0075989961624146,0.15616083145141602
7.391206979751587,1.6775207643941485,1.7057678699493408,-0.9673151969909668,0.10617227107286453
7.394278049468994,1.6748892624177705,1.7038605213165283,-1.1939116716384888,0.10873579233884811
7.397345304489136,1.6722210419945363,1.7019531726837158,-1.2170748710632324,0.16342411935329437
7.400413513183594,1.6695130029953664,1.6996643543243408,-1.0921950340270996,0.18478675186634064
7.403482675552368,1.6667661159307743,1.6977568864822388,-1.0650033950805664,0.16598764061927795
7.40654993057251,1.663983979318283,1.6954680681228638,-1.2311742305755615,0.11813534796237946
7.409615993499756,1.6611670331627222,1.6935607194900513,-1.071045994758606,0.10659952461719513
7.412681818008423,1.6583154717869624,1.6912717819213867,-1.226138710975647,0.0796826109290123
7.415748119354248,1.6554296842810636,1.6889829635620117,-1.153627872467041,0.05575646460056305
7.4188151359558105,1.6525104980887255,1.6866941452026367,-1.2714580297470093,0.20315861701965332
7.421885251998901,1.6495566688204468,1.6847867965698242,-1.2775006294250488,0.0801098644733429
7.424966096878052,1.6465617474558298,1.6821163892745972,-1.4064087867736816,0.12497138977050781
7.428054094314575,1.6435300679805893,1.6798275709152222,-1.3600823879241943,0.1433432549238205
7.431126594543457,1.640485117640372,1.6771572828292847,-1.142549753189087,0.16598764061927795
7.434195280075073,1.6374167209880266,1.6744868755340576,-1.5030899047851562,0.16812390089035034
7.437265157699585,1.6343210485654365,1.6721980571746826,-1.452735185623169,0.18692301213741302
7.44034218788147,1.631193139876009,1.6695277690887451,-1.621927261352539,0.1437705010175705
7.443417549133301,1.6280430624330564,1.666857361793518,-1.379217267036438,0.1288166642189026
7.446496486663818,1.624866600251828,1.6641870737075806,-1.2160677909851074,0.16299687325954437
7.449574947357178,1.621669088473007,1.661516785621643,-1.3631036281585693,0.05191119387745857
7.452642440795898,1.618462731693001,1.658846378326416,-1.5615015029907227,0.10617227107286453
7.455708980560303,1.6152383726757704,1.6561760902404785,-1.3892881870269775,0.08822766691446304
7.458775281906128,1.611996467365537,1.6531243324279785,-1.3923094272613525,0.061310749500989914
7.461844205856323,1.6087351753556602,1.6504539251327515,-1.5222247838974,0.06045624613761902
7.464916229248047,1.6054551579092475,1.6474021673202515,-1.8032044172286987,0.05233844369649887
7.4679789543151855,1.6021709136822744,1.644731879234314,-1.7105516195297241,0.12454413622617722
7.471046686172485,1.5988683537188455,1.642061471939087,-1.5615015029907227,0.15146104991436005
7.474119663238525,1.595548386543387,1.639009714126587,-1.5876859426498413,0.05703822523355484
7.477185964584351,1.5922251314630003,1.6359578371047974,-1.7276722192764282,0.13565270602703094
7.480252027511597,1.5888928814547143,1.6329060792922974,-1.7196154594421387,0.13607995212078094
7.483322381973267,1.5855479347875523,1.6298543214797974,-1.5443809032440186,0.08908216655254364
7.486400842666626,1.5821873371884663,1.6268024444580078,-1.6853742599487305,0.09762722253799438
7.489477157592773,1.578823514995003,1.6237506866455078,-1.6027923822402954,0.07241931557655334
7.492546558380127,1.5754629586388686,1.6203173398971558,-1.7518424987792969,0.2057221382856369
7.4956135749816895,1.5721019769958158,1.6176470518112183,-1.6048065423965454,0.09292744100093842
7.4986793994903564,1.5687405165425767,1.6145952939987183,-1.540352463722229,0.13522544503211975
7.50174617767334,1.5653774729722383,1.6115434169769287,-1.6471046209335327,0.11557183414697647
7.5048136711120605,1.5620143563595008,1.6081101894378662,-1.8142824172973633,0.1587243527173996
7.507880926132202,1.5586534614454566,1.6046768426895142,-1.9804531335830688,0.24844738841056824
7.5109474658966064,1.5552965575496975,1.6016250848770142,-1.557473063468933,0.15103380382061005
7.513977289199829,1.5519842153750816,1.5985733270645142,-1.780041217803955,0.15445181727409363
7.5170464515686035,1.548634527299673,1.595139980316162,-1.7417715787887573,0.13565270602703094
7.520117521286011,1.5452897024642325,1.592088222503662,-1.9653468132019043,0.13266193866729736
7.523193359375,1.5419478961328048,1.58865487575531,-1.7377431392669678,0.1595788449048996
7.526261806488037,1.5386235505582098,1.58560311794281,-1.6642252206802368,0.0963454619050026
7.5293285846710205,1.5353116601472327,1.58255136013031,-1.680338740348816,0.05874723568558693
7.532395601272583,1.5320113877216675,1.579118013381958,-1.6481117010116577,0.10659952461719513
7.5354626178741455,1.528724216727849,1.576066255569458,-1.7427786588668823,0.08950942009687424
7.538532495498657,1.5254483218775328,1.572632908821106,-1.7870908975601196,0.1271076500415802
7.541609764099121,1.5221801648933961,1.5691996812820435,-1.778027057647705,0.12112611532211304
7.544684410095215,1.518931635693169,1.566147804260254,-1.8767223358154297,0.06601052731275558
7.547755479812622,1.5157049010776378,1.5627145767211914,-1.8072327375411987,0.11813534796237946
7.550824165344238,1.5124998562672614,1.559281349182129,-1.936141014099121,0.09378194808959961
7.55389142036438,1.5093166602159065,1.5562294721603394,-1.8001830577850342,0.12967117130756378
7.556957721710205,1.506155976095613,1.5527962446212769,-1.9864957332611084,0.07541008293628693
7.559980630874634,1.50306222713879,1.5497443675994873,-1.683359980583191,0.07156481593847275
7.563049554824829,1.4999450930746874,1.5463111400604248,-1.9139848947525024,0.14633402228355408
7.566116094589233,1.49685539141063,1.5432593822479248,-1.7045090198516846,0.10788128525018692
7.569182634353638,1.4937918380785726,1.5398260354995728,-1.7729915380477905,0.13992522656917572
7.572249174118042,1.4907555703625646,1.5367742776870728,-1.8424811363220215,0.18692301213741302
7.575315952301025,1.4877474826950978,1.5333409309387207,-1.8797436952590942,0.13907071948051453
7.578382968902588,1.4847686987008142,1.5302891731262207,-1.834424376487732,0.1749599426984787
7.581451654434204,1.4818189638129504,1.5272372961044312,-1.6561684608459473,0.18393224477767944
7.58452844619751,1.4788933386200949,1.5238040685653687,-1.8444952964782715,0.11599908769130707
7.587604761123657,1.4760011952751595,1.5207523107528687,-1.61185622215271,0.07669184356927872
7.590682744979858,1.47314161731065,1.517700433731079,-1.5171892642974854,0.07626459002494812
7.593746185302734,1.4703305130276827,1.514648675918579,-1.8847790956497192,0.03524833917617798
7.596808195114136,1.4675566185553381,1.5115967988967896,-1.6662393808364868,0.09677271544933319
7.599881649017334,1.4648094809154035,1.508163571357727,-1.8092470169067383,0.12967117130756378
7.602957487106323,1.4620984734620477,1.5054932832717896,-1.69343101978302,0.10275425016880035
7.606043100357056,1.4594183271792422,1.50244140625,-1.5826505422592163,0.11514458060264587
7.609112501144409,1.4567924880297258,1.4993896484375,-1.5957427024841309,0.1292439103126526
7.6121838092803955,1.4542061531549135,1.496337890625,-1.6732890605926514,0.06643778085708618
7.615256071090698,1.451661146590371,1.4932860136032104,-1.7035019397735596,0.06686503440141678
7.618326902389526,1.449160380951252,1.490615725517273,-1.6853742599487305,0.1441977620124817
7.621397018432617,1.4467041593497818,1.4875638484954834,-1.3369191884994507,0.11685358732938766
7.624479055404663,1.4442835338225226,1.4845120906829834,-1.6853742599487305,0.06216525658965111
7.627549171447754,1.4419181298442951,1.481841802597046,-1.5061112642288208,0.05746547505259514
7.630617380142212,1.4396008030895704,1.4787899255752563,-1.5715724229812622,0.05831998214125633
7.633683681488037,1.4373323270657286,1.4761196374893188,-1.4920119047164917,0.09719996899366379
7.636753797531128,1.4351093568942195,1.4734493494033813,-1.3892881870269775,0.11599908769130707
7.63983154296875,1.4329302315501264,1.4707789421081543,-1.5111466646194458,0.18777751922607422
7.642909526824951,1.4308011877414673,1.4681086540222168,-1.4043946266174316,0.1446250081062317
7.6459801197052,1.4287281204735711,1.4650568962097168,-1.4386358261108398,0.19760432839393616
7.649048805236816,1.4267078680298448,1.4627679586410522,-1.5604944229125977,0.15188831090927124
7.6521155834198,1.4247410846946695,1.4600976705551147,-1.552437663078308,0.0792553573846817
7.6551833152771,1.422826642096895,1.4578088521957397,-1.449713945388794,0.1894865334033966
7.65825080871582,1.4209660137669382,1.4551384449005127,-1.1949187517166138,0.1108720526099205
7.661317348480225,1.4191602930502707,1.4524681568145752,-1.5051041841506958,0.09762722253799438
7.664384603500366,1.4174091615623268,1.4501793384552002,-1.1113297939300537,0.06558327376842499
7.667450904846191,1.4157142156567848,1.4478904008865356,-1.2049896717071533,0.095918208360672
7.670517921447754,1.4140751557691191,1.4456015825271606,-1.067017674446106,0.04251163452863693
7.673584222793579,1.412493354736782,1.4433127641677856,-1.1516135931015015,0.024139773100614548
7.6766510009765625,1.4109687783004692,1.441023826599121,-1.311741828918457,0.056183718144893646
7.6797168254852295,1.4095026899085084,1.4391164779663086,-1.1717555522918701,0.04635690897703171
7.682786226272583,1.4080935430051862,1.437209129333496,-1.0962233543395996,0.0946364551782608
7.685863733291626,1.4067401195348541,1.434920310974121,-1.154634952545166,0.13522544503211975
7.688940763473511,1.4054469207218991,1.433012843132019,-1.2120393514633179,0.18179598450660706
7.691980361938477,1.4042288459889376,1.430724024772644,-0.8726481795310974,0.11770809441804886
7.6950602531433105,1.403055289451899,1.4288166761398315,-1.153627872467041,0.18350499868392944
7.698132276535034,1.4019459968610195,1.426909327507019,-0.8484779000282288,0.13693445920944214
7.701199531555176,1.4008998838480586,1.425001859664917,-0.9038681387901306,0.12069886177778244
7.704266786575317,1.399915569583558,1.423475980758667,-1.0327763557434082,0.05105668678879738
7.707333326339722,1.3989936274088024,1.4215686321258545,-0.8937972187995911,0.040375370532274246
7.710400581359863,1.398133969672508,1.4200427532196045,-0.7125200033187866,0.09719996899366379
7.713467359542847,1.3973372569325935,1.4185168743133545,-0.8202792406082153,0.05233844369649887
7.716533422470093,1.396603810209002,1.416990876197815,-0.844449520111084,0.15274280309677124
7.719599962234497,1.3959336092702768,1.415464997291565,-0.7971160411834717,0.15359731018543243
7.722668886184692,1.395326575090864,1.4135576486587524,-0.722590982913971,0.10489051789045334
7.725747108459473,1.3947819310025926,1.412413239479065,-0.65310138463974,0.10360875725746155
7.728820323944092,1.394302545301084,1.410887360572815,-0.65310138463974,0.0472114123404026
7.7318902015686035,1.3938880741300053,1.409742832183838,-0.5876401662826538,0.09805447608232498
7.734960079193115,1.3935381160954878,1.4085984230041504,-0.582604706287384,0.05746547505259514
7.737985134124756,1.3932565016541867,1.4078354835510254,-0.4637674391269684,0.019439993426203728
7.741067886352539,1.3930341978741785,1.406691074371338,-0.5544060468673706,0.09719996899366379
7.744142770767212,1.3928775870546373,1.4055466651916504,-0.6007324457168579,0.07711909711360931
7.747214078903198,1.3927861457406827,1.4047837257385254,-0.46779584884643555,0.07327382266521454
7.750280857086182,1.3927596792049384,1.4040207862854004,-0.34190890192985535,0.04122987762093544
7.753347635269165,1.3927980145663146,1.402876377105713,-0.5151293277740479,0.08096437156200409
7.756413698196411,1.392901105989417,1.4021133184432983,-0.35902953147888184,0.08780041337013245
7.7594826221466064,1.3930691033960567,1.4013503789901733,-0.44966810941696167,0.095918208360672
7.762551784515381,1.3933018989618913,1.4005874395370483,-0.41844815015792847,0.1446250081062317
7.765620946884155,1.3935993955850625,1.3998245000839233,-0.38924238085746765,0.24631112813949585
7.768689870834351,1.3939614520039445,1.3990615606307983,-0.3791714310646057,0.17880521714687347
7.77175760269165,1.3943877760390915,1.3986800909042358,-0.2371709793806076,0.1441977620124817
7.774823904037476,1.3948780937140906,1.3982986211776733,-0.27544060349464417,0.22922103106975555
7.77789044380188,1.3954324524227508,1.3975356817245483,-0.3328450322151184,0.1886320263147354
7.780959367752075,1.3960511161100306,1.3975356817245483,-0.15257495641708374,0.24332036077976227
7.7840423583984375,1.3967367223602654,1.3971542119979858,0.09919890016317368,0.26425573229789734
7.787127256393433,1.3974868086704337,1.3967727422714233,-0.26436254382133484,0.21469444036483765
7.790210962295532,1.3983003621526886,1.3967727422714233,-0.03474479168653488,0.2386205792427063
7.793281555175781,1.399173491755643,1.3967727422714233,-0.11329823732376099,0.19632257521152496
7.796358823776245,1.4001112994840093,1.3963912725448608,-0.0015106431674212217,0.27579155564308167
7.799432277679443,1.4011103263571576,1.3967727422714233,0.22609293460845947,0.20187686383724213
7.80250096321106,1.4021696296349349,1.3967727422714233,0.07502861320972443,0.2689555287361145
7.80556845664978,1.4032898700694036,1.3967727422714233,-0.030716411769390106,0.2826276123523712
7.808635473251343,1.4044708427507802,1.3971542119979858,0.21300068497657776,0.30911725759506226
7.811704158782959,1.4057129704227442,1.3971542119979858,0.21199358999729156,0.3526970446109772
7.814772844314575,1.4070151652331806,1.3975356817245483,0.19588007032871246,0.35696956515312195
7.8178391456604,1.4083758620721092,1.3979171514511108,0.40334174036979675,0.3172350525856018
7.820908069610596,1.409796783709515,1.3982986211776733,0.3157244324684143,0.32321658730506897
7.823981285095215,1.4112783730524925,1.3986800909042358,0.20292973518371582,0.29117265343666077
7.827057361602783,1.4128195923186917,1.3990615606307983,0.19890135526657104,0.3817501962184906
7.830124378204346,1.4144137203630653,1.3998245000839233,0.40535593032836914,0.37064164876937866
7.83319091796875,1.416064358191897,1.4005874395370483,0.5141222476959229,0.3291981518268585
7.836259603500366,1.4177723502404955,1.4013503789901733,0.7548180222511292,0.32578012347221375
7.839336156845093,1.4195405188717318,1.4021133184432983,0.4748454988002777,0.2689555287361145
7.842406511306763,1.4213601673157903,1.4032578468322754,0.5956969261169434,0.29117265343666077
7.8454749584198,1.423232944230178,1.404402256011963,0.5956969261169434,0.3005722165107727
7.848541498184204,1.4251580530226666,1.405165195465088,0.6077821254730225,0.2881819009780884
7.8516082763671875,1.427136082185797,1.4063096046447754,0.580590546131134,0.24460211396217346
7.85467529296875,1.429166309522515,1.4078354835510254,0.6702220439910889,0.21853971481323242
7.857741594314575,1.4312473380329025,1.408979892730713,0.6480659246444702,0.25998321175575256
7.860812187194824,1.4333818809828527,1.4101243019104004,0.8162508606910706,0.2826276123523712
7.86388373374939,1.435566953144864,1.41165030002594,0.772945761680603,0.26041045784950256
7.866952657699585,1.4377991572955904,1.41317617893219,0.7004348635673523,0.2736552953720093
7.869978189468384,1.4400469339756097,1.41470205783844,0.7276264429092407,0.22964827716350555
7.873045206069946,1.442372459905056,1.41622793674469,0.8484779000282288,0.32791638374328613
7.876112222671509,1.4447443743082231,1.4173723459243774,0.8001373410224915,0.2381933331489563
7.879179954528809,1.4471623653872185,1.4192798137664795,0.9673151969909668,0.2715190351009369
7.88224983215332,1.4496267249587134,1.4208056926727295,0.9733577370643616,0.2531471848487854
7.8853278160095215,1.4521415407589149,1.422713041305542,1.1324788331985474,0.27963683009147644
7.888404130935669,1.4546980252557764,1.424238920211792,0.931059718132019,0.3138170540332794
7.891480207443237,1.4572963720801542,1.426146388053894,0.9894712567329407,0.2843366265296936
7.89455246925354,1.459932508863683,1.4280537366867065,1.0770885944366455,0.2997176945209503
7.897629499435425,1.462612833886476,1.429961085319519,1.2482948303222656,0.3629510998725891
7.9007017612457275,1.465328041449837,1.4318684339523315,0.9965209364891052,0.3509880304336548
7.90376877784729,1.4680765103638491,1.434157371520996,0.8706340193748474,0.38644999265670776
7.906835556030273,1.4708616047345162,1.4360647201538086,1.0337834358215332,0.3522697687149048
7.909904718399048,1.4736847093767425,1.4383535385131836,1.1918975114822388,0.40909436345100403
7.912982225418091,1.4765504402536531,1.4406423568725586,1.2059967517852783,0.2843366265296936
7.916051626205444,1.4794424172588105,1.4429312944412231,1.1616846323013306,0.2582741975784302
7.919118404388428,1.4823645551384015,1.4452201128005981,1.2372167110443115,0.23306630551815033
7.922187328338623,1.4853203031027415,1.4475089311599731,1.4164797067642212,0.12454413622617722
7.92526388168335,1.4883139897724047,1.4501793384552002,1.3419547080993652,0.2505836486816406
7.928339242935181,1.4913360103994489,1.4520866870880127,1.0549324750900269,0.1741054356098175
7.931410551071167,1.4943823524204358,1.4547569751739502,1.242252230644226,0.32278934121131897
7.934479713439941,1.4974536885727194,1.4574273824691772,1.3046921491622925,0.32791638374328613
7.937551259994507,1.5005534111603955,1.4597162008285522,1.455756425857544,0.29288166761398315
7.940627574920654,1.5036828596516962,1.4623864889144897,1.5151751041412354,0.3009994626045227
7.943705081939697,1.506837299038865,1.4650568962097168,1.4789196252822876,0.23306630551815033
7.946772575378418,1.5100039691583607,1.4677271842956543,1.5010757446289062,0.442847341299057
7.9498395919799805,1.5131914225334628,1.4703974723815918,1.2915998697280884,0.2681010067462921
7.952909231185913,1.516401717082216,1.4730678796768188,1.622934341430664,0.21853971481323242
7.955983638763428,1.5196359723561417,1.4757381677627563,1.6148775815963745,0.3608148396015167
7.9590535163879395,1.5228832058465527,1.4784084558486938,1.6450904607772827,0.22836652398109436
7.962119817733765,1.5261431499809104,1.4814603328704834,1.5997711420059204,0.2676737606525421
7.965192794799805,1.5294255139016242,1.4845120906829834,1.7528495788574219,0.2535744309425354
7.968259334564209,1.5327150748157026,1.487182378768921,1.4648202657699585,0.2211032211780548
7.971325874328613,1.5360174718581199,1.4902342557907104,1.5866788625717163,0.32877087593078613
7.97439169883728,1.539330704844295,1.492904543876648,1.4728771448135376,0.2702372670173645
7.977457761764526,1.5426545720314984,1.495956301689148,1.4910048246383667,0.37363240122795105
7.980524301528931,1.545988101659793,1.4990081787109375,1.4779125452041626,0.4573739171028137
7.983593940734863,1.5493329209378766,1.5020599365234375,1.6481117010116577,0.3210803270339966
7.986672878265381,1.5526945817795343,1.505111813545227,1.7971618175506592,0.2826276123523712
7.989752292633057,1.5560622274819091,1.508163571357727,1.8102540969848633,0.3462882339954376
7.992825269699097,1.5594270250930162,1.511215329170227,1.7266651391983032,0.23392081260681152
7.995902061462402,1.5627989367121298,1.5142672061920166,1.7518424987792969,0.38687723875045776
7.998979330062866,1.5661730504877134,1.517700433731079,1.839459776878357,0.2886091470718384
8.002047777175903,1.5695379096480389,1.5207523107528687,1.833417296409607,0.23007553815841675
8.005115032196045,1.5729006275437716,1.5238040685653687,1.7508354187011719,0.2578469514846802
8.008181810379028,1.5762607402791902,1.5268558263778687,1.6360265016555786,0.3937132954597473
8.011247634887695,1.5796164799414245,1.5302891731262207,1.612863302230835,0.23520256578922272
8.014314413070679,1.5829686882338891,1.5333409309387207,1.7306935787200928,0.2728008031845093
8.017381429672241,1.586315335979701,1.5363928079605103,1.8777294158935547,0.4103761315345764
8.0204496383667,1.589656216113011,1.5398260354995728,1.8948501348495483,0.26083773374557495
8.023530006408691,1.5930019738841064,1.5432593822479248,1.8162965774536133,0.3048447370529175
8.026608943939209,1.596336554330203,1.5463111400604248,1.5302815437316895,0.34372472763061523
8.029682636260986,1.5996546130718243,1.5497443675994873,1.8998855352401733,0.34030669927597046
8.032753229141235,1.602957274654501,1.5527962446212769,1.8817578554153442,0.23263904452323914
8.035820007324219,1.6062425835368417,1.5562294721603394,1.8827649354934692,0.31039902567863464
8.038893461227417,1.6095205339297827,1.559281349182129,1.8203250169754028,0.22665750980377197
8.041982412338257,1.6127991441335403,1.5627145767211914,1.9542686939239502,0.4795910716056824
8.045060157775879,1.6160488139534732,1.566147804260254,1.8444952964782715,0.31296253204345703
8.0481276512146,1.6192695190224484,1.5691996812820435,1.941176414489746,0.31210803985595703
8.05119514465332,1.6224709165780586,1.572632908821106,1.7770198583602905,0.3009994626045227
8.054261922836304,1.6256510782067866,1.5756847858428955,1.7719844579696655,0.3326161503791809
8.057328224182129,1.6288090825754156,1.579118013381958,1.8465094566345215,0.24203860759735107
8.060394048690796,1.6319437678973396,1.5821698904037476,1.8555734157562256,0.18350499868392944
8.063460350036621,1.6350549457275154,1.58560311794281,1.8062256574630737,0.26126497983932495
8.066526412963867,1.6381407329840854,1.58865487575531,1.7729915380477905,0.3048447370529175
8.069592714309692,1.6412004641970699,1.592088222503662,1.8052185773849487,0.3048447370529175
8.072659492492676,1.6442332320904214,1.595139980316162,1.6048065423965454,0.1882047802209854
8.075726985931396,1.6472381299853807,1.5985733270645142,1.8173037767410278,0.25998321175575256
8.0787935256958,1.6502124108590444,1.6016250848770142,1.8263676166534424,0.3603875935077667
8.081861734390259,1.653157502667297,1.6046768426895142,1.6380407810211182,0.35526055097579956
8.084941625595093,1.656081713872048,1.6081101894378662,1.4930189847946167,0.3975585699081421
8.087980270385742,1.6589341842844996,1.6111619472503662,1.7105516195297241,0.252292662858963
8.091057300567627,1.6617886440704421,1.6142138242721558,1.7186083793640137,0.49753567576408386
8.094130516052246,1.6646043108618485,1.6172655820846558,1.6299840211868286,0.14847028255462646
8.097207069396973,1.6673866936632782,1.6203173398971558,1.610849142074585,0.2052948772907257
8.100276708602905,1.6701255490594904,1.6233692169189453,1.6591897010803223,0.2386205792427063
8.103344917297363,1.672824902968791,1.6264209747314453,1.6491187810897827,0.24631112813949585
8.10641098022461,1.6754831908864536,1.6294728517532349,1.7075303792953491,0.46506446599960327
8.109478235244751,1.6781023375637953,1.6329060792922974,1.8223391771316528,0.43430227041244507
8.112544775009155,1.6806797327185496,1.6359578371047974,1.9321125745773315,0.29501792788505554
8.115611553192139,1.6832152304811938,1.6386282444000244,1.5645227432250977,0.40225833654403687
8.118678092956543,1.685707495378973,1.6416800022125244,1.7609063386917114,0.2890363931655884
8.121747493743896,1.6881580643838936,1.644350290298462,1.5625085830688477,0.28006407618522644
8.124825477600098,1.6905703436347363,1.647020697593689,1.3459830284118652,0.29330891370773315
8.127897500991821,1.6929319792120479,1.650072455406189,1.3258411884307861,0.24844738841056824
8.130968809127808,1.69524627313995,1.652742862701416,1.5977569818496704,0.2668192684650421
8.134045839309692,1.6975170967559954,1.655794620513916,1.536324143409729,0.11898985505104065
8.137115478515625,1.6997339670887275,1.6584649085998535,1.527260184288025,0.22665750980377197
8.140192031860352,1.7019063977808517,1.6611353158950806,1.3570611476898193,0.3206530809402466
8.143260717391968,1.7040231665602408,1.663805603981018,1.4910048246383667,0.34842449426651
8.146328449249268,1.7060884715744522,1.6664758920669556,1.243259310722351,0.32407110929489136
8.149394750595093,1.7081012842883314,1.6687648296356201,1.1707484722137451,0.3180895745754242
8.152463674545288,1.710063486845971,1.6718165874481201,1.5091325044631958,0.40268558263778687
8.155532836914062,1.7119727522053974,1.6741054058074951,1.4164797067642212,0.3351796865463257
8.158599853515625,1.7138269376249038,1.6763943433761597,1.230167031288147,0.27621880173683167
8.161665916442871,1.7156261569271085,1.6790646314620972,1.2130464315414429,0.3526970446109772
8.164732456207275,1.7173705942716426,1.6813534498214722,1.4114443063735962,0.3945677876472473
8.167799472808838,1.7190595762331349,1.6836423873901367,1.1848478317260742,0.30826276540756226
8.170865774154663,1.720691825936824,1.6859312057495117,1.3298695087432861,0.21170367300510406
8.17393445968628,1.72226834051282,1.6882200241088867,1.2734721899032593,0.20315861701965332
8.17698049545288,1.723776244265001,1.6905088424682617,1.2583657503128052,0.3189440667629242
8.180049657821655,1.725237623420889,1.6931792497634888,1.3721675872802734,0.22494849562644958
8.18311882019043,1.7266402681561666,1.6950865983963013,1.0559395551681519,0.2364843189716339
8.186196565628052,1.7279873301697146,1.6969939470291138,1.0096131563186646,0.3334706723690033
8.189273118972778,1.7292738137756327,1.6989012956619263,1.00054931640625,0.3368886709213257
8.192344665527344,1.7304978258840147,1.7008087635040283,1.0055848360061646,0.3791866898536682
8.195421934127808,1.7316631631606378,1.7027161121368408,1.08413827419281,0.38986802101135254
8.19849443435669,1.7327653905041718,1.7046234607696533,0.8978255987167358,0.4466926157474518
8.201563358306885,1.7338047750255152,1.7065308094024658,1.0911879539489746,0.3676508665084839
8.204630851745605,1.7347818077685246,1.7080568075180054,0.878690779209137,0.503944456577301
8.207697868347168,1.7356964872988543,1.7099641561508179,0.8756694793701172,0.29074540734291077
8.210764408111572,1.7365485030410448,1.7114900350570679,0.878690779209137,0.3971312940120697
8.213831663131714,1.7373378624722824,1.7130159139633179,0.8333714604377747,0.251010924577713
8.216902017593384,1.7380647681778163,1.71492338180542,1.0509041547775269,0.3954222798347473
8.21998119354248,1.7387299342330098,1.71644926071167,0.7628747820854187,0.443701833486557
8.223059892654419,1.7393308437872945,1.7175936698913574,0.7316548228263855,0.40439459681510925
8.226136207580566,1.7398669894132637,1.7191195487976074,0.7507896423339844,0.37235066294670105
8.22920536994934,1.7403376392721783,1.7206454277038574,0.7689173817634583,0.45352864265441895
8.232272148132324,1.7407436489271828,1.721789836883545,0.7930876612663269,0.32193484902381897
8.235339403152466,1.7410853062734026,1.722934365272522,0.7517967224121094,0.33945220708847046
8.238409280776978,1.7413626255783627,1.7240787744522095,0.5614557266235352,0.3492790162563324
8.241486072540283,1.7415755895337832,1.7248417139053345,0.44866102933883667,0.32663461565971375
8.244567632675171,1.7417235994648477,1.725986123085022,0.5372854471206665,0.3180895745754242
8.247640371322632,1.7418060761755894,1.7271305322647095,0.4748454988002777,0.30655375123023987
8.25071096420288,1.7418235164353704,1.7278934717178345,0.34291601181030273,0.3646601140499115
8.253778219223022,1.7417760809632457,1.729037880897522,0.45571067929267883,0.2894636392593384
8.256844758987427,1.741663875329678,1.729800820350647,0.37111467123031616,0.35739681124687195
8.25991439819336,1.7414867261209452,1.7305638790130615,0.5090867280960083,0.3159533143043518
8.262982606887817,1.74124490771023,1.7313268184661865,0.3167315125465393,0.3356069326400757
8.266052722930908,1.740938231915429,1.731708288192749,0.42046234011650085,0.3155260682106018
8.269120693206787,1.7405672250841633,1.732471227645874,0.29155412316322327,0.49796292185783386
8.272187948226929,1.7401319423209032,1.7328526973724365,0.2563057839870453,0.31168079376220703
8.27525520324707,1.7396324663106597,1.733234167098999,0.1596246212720871,0.3633783459663391
8.278321743011475,1.7390691214053138,1.7336156368255615,0.18178072571754456,0.3454337418079376
8.281389474868774,1.7384417515828874,1.733997106552124,0.2049439251422882,0.31210803985595703
8.284458875656128,1.7377504033331364,1.733997106552124,0.1263904720544815,0.37363240122795105
8.287537574768066,1.7369932753060624,1.7343785762786865,0.10926985740661621,0.4095216393470764
8.290613889694214,1.7361733085580189,1.7343785762786865,0.052872512489557266,0.43558403849601746
8.293689250946045,1.7352905312387308,1.7343785762786865,-0.04280155524611473,0.24246585369110107
8.296765804290771,1.7343446499457378,1.7343785762786865,-0.016617074608802795,0.3539787828922272
8.299835920333862,1.7333385227530744,1.7343785762786865,-0.05992217734456062,0.3356069326400757
8.302904605865479,1.7322711222337477,1.7343785762786865,-0.10926985740661621,0.37277790904045105
8.30597972869873,1.7311399588819483,1.733997106552124,-0.1425040066242218,0.2531471848487854
8.309048891067505,1.7299499993113956,1.7343785762786865,0.06797894090414047,0.2403295934200287
8.312114715576172,1.7287009455587459,1.7336156368255615,-0.1253833770751953,0.19760432839393616
8.315181970596313,1.7273913753167456,1.7336156368255615,-0.14955367147922516,0.16598764061927795
8.31824779510498,1.726022995992213,1.733234167098999,-0.2220645397901535,0.1600061058998108
8.321316480636597,1.724594359230977,1.7328526973724365,-0.40434882044792175,0.10360875725746155
8.32439374923706,1.723103004499474,1.732471227645874,-0.2653696537017822,0.14975203573703766
8.32746696472168,1.7215554817404763,1.7320897579193115,-0.19386588037014008,0.06729228794574738
8.330533504486084,1.7199539906306756,1.7313268184661865,-0.41844815015792847,0.07199206203222275
8.333600282669067,1.7182956957695252,1.730945348739624,-0.270405113697052,0.06985580176115036
8.336669445037842,1.7165799807257383,1.7301822900772095,-0.3197528123855591,0.0643015205860138
8.3397536277771,1.7147999469700002,1.729037880897522,-0.3791714310646057,0.05276569724082947
8.342824220657349,1.7129727299594335,1.728274941444397,-0.5705195665359497,0.0476386658847332
8.345891952514648,1.711093066964286,1.727512001991272,-0.47081711888313293,0.07113756239414215
8.348958253860474,1.7091608930135953,1.7263675928115845,-0.6027466058731079,0.04165713116526604
8.351978302001953,1.7072063888224127,1.725223183631897,-0.6087892055511475,0.09719996899366379
8.355045795440674,1.7051696122229716,1.7240787744522095,-0.6762645840644836,0.07626459002494812
8.358112096786499,1.7030824408359513,1.722934365272522,-0.6228885054588318,0.07412832975387573
8.361178636550903,1.7009446997293194,1.7214083671569824,-0.65310138463974,0.1446250081062317
8.364245414733887,1.698757170833031,1.720263957977295,-0.6601510643959045,0.049774929881095886
8.367312669754028,1.6965204791376525,1.718738079071045,-0.615838885307312,0.1104447990655899
8.370380640029907,1.6942352533482126,1.717212200164795,-0.7870450615882874,0.12198062241077423
8.37344741821289,1.6919037738412024,1.715686321258545,-0.8404211401939392,0.0796826109290123
8.376513957977295,1.6895262142162188,1.7141603231430054,-0.9058823585510254,0.13778896629810333
8.379580974578857,1.6871028974207052,1.7126344442367554,-0.8514991998672485,0.18777751922607422
8.382649898529053,1.6846335411116233,1.7107270956039429,-1.0337834358215332,0.1412069946527481
8.385726928710938,1.6821138616945792,1.7088197469711304,-0.964293897151947,0.18478675186634064
8.388800382614136,1.6795542678336592,1.7072938680648804,-1.1203936338424683,0.15402457118034363
8.39188003540039,1.6769475222387724,1.7053864002227783,-1.1506065130233765,0.15060654282569885
8.394962787628174,1.6742970352664441,1.7034790515899658,-0.9743648171424866,0.13095292448997498
8.398053646087646,1.6715992766069414,1.7011902332305908,-1.1314717531204224,0.16128785908222198
8.40112566947937,1.668878975847571,1.6992828845977783,-1.1032730340957642,0.06814679503440857
8.40419340133667,1.6661247070313936,1.6969939470291138,-1.1073014736175537,0.16983291506767273
8.407259941101074,1.6633348116556483,1.6950865983963013,-1.1777981519699097,0.16385138034820557
8.410326957702637,1.6605088203123983,1.6927977800369263,-1.1979399919509888,0.14932478964328766
8.413393259048462,1.6576488844874766,1.6908903121948242,-1.2190890312194824,0.12967117130756378
8.416460037231445,1.6547549582680317,1.6886014938354492,-1.1324788331985474,0.13308918476104736
8.41952657699585,1.6518287869559556,1.6863126754760742,-1.0478827953338623,0.0796826109290123
8.422595500946045,1.6488689217683792,1.6840238571166992,-1.2704509496688843,0.08053711801767349
8.42567253112793,1.645870788302542,1.6813534498214722,-1.2885786294937134,0.11770809441804886
8.428746700286865,1.6428461124761087,1.6790646314620972,-1.3167773485183716,0.11984435468912125
8.431818962097168,1.6397951516930231,1.6767758131027222,-1.2352025508880615,0.1604333519935608
8.4348886013031,1.6367198138036145,1.6741054058074951,-1.3510185480117798,0.08566414564847946
8.437961339950562,1.6336155062641728,1.6714351177215576,-1.2634012699127197,0.16171512007713318
8.44104790687561,1.6304723421926053,1.6687648296356201,-1.537331223487854,0.12967117130756378
8.444123029708862,1.6273172009026005,1.6664758920669556,-1.4446784257888794,0.15402457118034363
8.447195529937744,1.6241423708188483,1.6634241342544556,-1.3379262685775757,0.15658807754516602
8.450263977050781,1.6209505836426774,1.660753846168518,-1.4446784257888794,0.12240787595510483
8.453330993652344,1.6177403538800732,1.658083438873291,-1.4910048246383667,0.08310063183307648
8.456397533416748,1.6145118938646743,1.6554131507873535,-1.300663709640503,0.10019073635339737
8.459464311599731,1.611265651493134,1.652742862701416,-1.4446784257888794,0.02371251955628395
8.462530612945557,1.6080035908376826,1.650072455406189,-1.681345820426941,0.0792553573846817
8.465596914291382,1.60472641927655,1.647020697593689,-1.4325932264328003,0.06216525658965111
8.468663692474365,1.6014348403988654,1.644350290298462,-1.3711605072021484,0.08224612474441528
8.471730470657349,1.5981305848143812,1.641298532485962,-1.5856717824935913,0.2070038914680481
8.474796533584595,1.5948156539054965,1.638246774673462,-1.556465983390808,0.17068742215633392
8.47786283493042,1.591490249750865,1.6355763673782349,-1.6581826210021973,0.08865492045879364
8.480932235717773,1.58815248944125,1.6325246095657349,-1.681345820426941,0.06985580176115036
8.483980178833008,1.5848303827798136,1.6290913820266724,-1.7165942192077637,0.1292439103126526
8.487059116363525,1.5814679675697028,1.6260395050048828,-1.5816433429718018,0.14761577546596527
8.490136861801147,1.5781015520644945,1.6229877471923828,-1.8575875759124756,0.0634470134973526
8.493207931518555,1.5747384085573606,1.6199358701705933,-1.5917143821716309,0.10019073635339737
8.496284008026123,1.5713670036069323,1.6168841123580933,-1.7770198583602905,0.012603952549397945
8.499357461929321,1.5679969525762802,1.6134508848190308,-1.7377431392669678,0.12454413622617722
8.502424955368042,1.5646331744086188,1.6107804775238037,-1.834424376487732,0.12155336886644363
8.505492448806763,1.561270384015342,1.6073472499847412,-1.7115586996078491,0.14804303646087646
8.508559942245483,1.55790983054295,1.6042953729629517,-1.679331660270691,0.2223849892616272
8.51162600517273,1.5545543268543076,1.6008621454238892,-1.7880979776382446,0.23221179842948914
8.514692306518555,1.551203290087887,1.5978103876113892,-1.7377431392669678,0.18692301213741302
8.517759323120117,1.5478574456462821,1.5947585105895996,-1.8857861757278442,0.1253986358642578
8.520827293395996,1.544517781389545,1.591325283050537,-1.78306245803833,0.13650721311569214
8.523913383483887,1.5411669327358712,1.587891936302185,-1.6491187810897827,0.095918208360672
8.526980638504028,1.5378462653485856,1.584840178489685,-1.7951476573944092,0.09933622926473618
8.530050039291382,1.5345342230541605,1.581406831741333,-1.7145799398422241,0.11300831288099289
8.533117294311523,1.5312366666014128,1.578355073928833,-1.69745934009552,0.06558327376842499
8.536184072494507,1.5279530108056683,1.575303316116333,-1.5856717824935913,0.11471732705831528
8.539254665374756,1.5246799045340567,1.571869969367981,-1.7276722192764282,0.095490962266922
8.542333841323853,1.5214135776894997,1.568818211555481,-1.7558709383010864,0.13778896629810333
8.545405864715576,1.518171949639638,1.565384864807129,-1.7911192178726196,0.08480964601039886
8.54847502708435,1.5149516148887927,1.5619516372680664,-1.692423939704895,0.14590676128864288
8.551540851593018,1.511754213946188,1.5588998794555664,-1.6873884201049805,0.08694590628147125
8.554608821868896,1.5085752048821899,1.5554665327072144,-1.6692607402801514,0.11001754552125931
8.55767560005188,1.5054192361116496,1.5520333051681519,-1.7367360591888428,0.11770809441804886
8.560742378234863,1.5022862400855055,1.5489814281463623,-1.6189059019088745,0.01773098297417164
8.563809156417847,1.4991773800478965,1.5455482006072998,-1.8787364959716797,0.15487907826900482
8.566875457763672,1.4960942877042813,1.5424963235855103,-1.6360265016555786,0.11001754552125931
8.569942235946655,1.4930371489032128,1.5390630960464478,-1.7135728597640991,0.11557183414697647
8.572978019714355,1.4900380568744442,1.5360113382339478,-1.8807507753372192,0.20315861701965332
8.57604432106018,1.4870373517997986,1.5329594612121582,-1.782055377960205,0.16385138034820557
8.579111337661743,1.4840657457343613,1.5295262336730957,-1.8052185773849487,0.19803158938884735
8.58218264579773,1.481120952893683,1.5260928869247437,-1.7870908975601196,0.14547951519489288
8.585259675979614,1.4782028531150029,1.5230411291122437,-1.7276722192764282,0.0963454619050026
8.588337182998657,1.4753176083044561,1.5199893712997437,-1.6642252206802368,0.09079118072986603
8.591413974761963,1.4724674104608488,1.516937494277954,-1.8072327375411987,0.10702677816152573
8.59448528289795,1.4696576347390606,1.513885736465454,-1.6491187810897827,0.05233844369649887
8.597561597824097,1.4668797258589028,1.5108338594436646,-1.6571755409240723,0.13095292448997498
8.600635766983032,1.4641412293551408,1.5077821016311646,-1.7468070983886719,0.10531777143478394
8.603704690933228,1.4614457899139035,1.5047303438186646,-1.5453879833221436,0.10104524344205856
8.60677194595337,1.4587911385931707,1.501678466796875,-1.764934778213501,0.1283894032239914
8.609840631484985,1.456175575269112,1.498626708984375,-1.4033875465393066,0.14932478964328766
8.61291217803955,1.4535989391281183,1.4955748319625854,-1.6904096603393555,0.0643015205860138
8.61597728729248,1.451069913750175,1.4925230741500854,-1.5695582628250122,0.1420614868402481
8.619043827056885,1.4485828434294197,1.489852786064148,-1.3872740268707275,0.06515602022409439
8.622112274169922,1.4461383360633722,1.4868009090423584,-1.60581374168396,0.04122987762093544
8.625189542770386,1.4437320282266866,1.4837491512298584,-1.627969741821289,0.08480964601039886
8.628262281417847,1.441375351117426,1.481078863143921,-1.4628061056137085,0.061310749500989914
8.63132929801941,1.4390698644292184,1.4784084558486938,-1.5474021434783936,0.13565270602703094
8.634395360946655,1.436812687206519,1.4757381677627563,-1.2533302307128906,0.08737315982580185
8.637465000152588,1.4346013852159811,1.4726864099502563,-1.6622110605239868,0.11642633378505707
8.64054536819458,1.4324319729566335,1.4700160026550293,-1.3872740268707275,0.12069886177778244
8.643619298934937,1.4303174522868098,1.4673457145690918,-1.542366623878479,0.16513313353061676
8.646690845489502,1.4282556066784484,1.4646753072738647,-1.4225223064422607,0.1578698456287384
8.649757146835327,1.426248932372125,1.4620050191879272,-1.5222247838974,0.08950942009687424
8.65282392501831,1.424294309713232,1.4593347311019897,-1.5051041841506958,0.1723964363336563
8.655890941619873,1.4223926347714664,1.4570459127426147,-1.4064087867736816,0.18393224477767944
8.65895700454712,1.420545333879008,1.4543755054473877,-1.3369191884994507,0.09719996899366379
8.661981105804443,1.4187766589750026,1.4520866870880127,-1.2603799104690552,0.08224612474441528
8.665050029754639,1.4170365883281777,1.4497978687286377,-1.2875715494155884,0.09890898317098618
8.668116331100464,1.415353799181064,1.4475089311599731,-1.2331883907318115,0.11770809441804886
8.67118239402771,1.413727529713655,1.4448386430740356,-1.2845501899719238,0.1112993061542511
8.674248695373535,1.4121581306414803,1.4429312944412231,-1.0801098346710205,0.08267337828874588
8.677315473556519,1.410646082548747,1.441023826599121,-0.9471732378005981,0.03610284626483917
8.680381298065186,1.4091926383621296,1.438735008239746,-0.8323643803596497,0.059601739048957825
8.68345022201538,1.4077964779952308,1.436446189880371,-1.1143511533737183,0.12112611532211304
8.686528205871582,1.4064557611258457,1.4345388412475586,-1.2785077095031738,0.10916304588317871
8.689604759216309,1.405175779244039,1.4326313734054565,-1.1244220733642578,0.11984435468912125
8.692679166793823,1.4039572028920768,1.4303425550460815,-1.2553445100784302,0.12967117130756378
8.69575572013855,1.4027987864562363,1.428435206413269,-0.966308057308197,0.11001754552125931
8.698829174041748,1.401702908510809,1.4265278577804565,-1.1445640325546265,0.16684214770793915
8.701899528503418,1.4006697915315305,1.425001859664917,-0.9874570965766907,0.06045624613761902
8.704967737197876,1.3996993408202822,1.4230945110321045,-0.7598535418510437,0.0942092016339302
8.708040714263916,1.398789810702893,1.421187162399292,-0.8504921197891235,0.09805447608232498
8.7111074924469,1.3979447412984685,1.419661283493042,-0.8565346598625183,0.11386281996965408
8.71418046951294,1.397161031467283,1.418135404586792,-0.8373998403549194,0.0801098644733429
8.717247009277344,1.3964421873568902,1.4166094064712524,-0.8545204997062683,0.09890898317098618
8.72031569480896,1.3957863316534522,1.4150835275650024,-0.8041657209396362,0.11258106678724289
8.723393440246582,1.395192579840713,1.4135576486587524,-0.8474708199501038,0.05661097168922424
8.72646975517273,1.3946634155206188,1.4120317697525024,-0.8021515011787415,0.1283894032239914
8.729538202285767,1.394199851501711,1.410887360572815,-0.739711582660675,0.08053711801767349
8.732611179351807,1.3938000828834327,1.409742832183838,-0.4426184594631195,0.04165713116526604
8.735677480697632,1.3934656482944152,1.4085984230041504,-0.7004348635673523,0.05746547505259514
8.738747119903564,1.3931954747913915,1.407454013824463,-0.48491644859313965,0.059601739048957825
8.741824388504028,1.3929896322463633,1.4063096046447754,-0.4587319791316986,0.03439383581280708
8.744901657104492,1.3928489497099736,1.4055466651916504,-0.4587319791316986,0.09164568781852722
8.747977495193481,1.392773499701418,1.404402256011963,-0.37413597106933594,0.09933622926473618
8.751045227050781,1.3927631712523245,1.403639316558838,-0.6430304646492004,0.016876477748155594
8.754112005233765,1.3928176566903596,1.4024949073791504,-0.4144197702407837,0.08181887865066528
8.757178783416748,1.392936922499165,1.4017318487167358,-0.39125657081604004,0.12155336886644363
8.760245561599731,1.3931209243967653,1.4009689092636108,-0.47081711888313293,0.11599908769130707
8.763313293457031,1.3933696814431396,1.4005874395370483,-0.3942778706550598,0.19974060356616974
8.766379594802856,1.3936828928972567,1.3998245000839233,-0.4939803183078766,0.2070038914680481
8.769445896148682,1.3940605434275999,1.3990615606307983,-0.2502632141113281,0.1117265596985817
8.772512674331665,1.3945025665797979,1.3986800909042358,-0.2079652100801468,0.16214236617088318
8.77557921409607,1.3950087026754456,1.3982986211776733,-0.2653696537017822,0.24118410050868988
8.778645277023315,1.3955787020786283,1.3979171514511108,-0.2532845139503479,0.2360570728778839
8.78171443939209,1.3962130997635065,1.3975356817245483,-0.16163882613182068,0.16214236617088318
8.784781694412231,1.396910662440863,1.3971542119979858,-0.05992217734456062,0.19632257521152496
8.787850856781006,1.3976719982320611,1.3967727422714233,-0.09819180518388748,0.14804303646087646
8.790931224822998,1.3984995351609162,1.3967727422714233,-0.04582284390926361,0.18692301213741302
8.793984174728394,1.399382092930518,1.3967727422714233,0.08509956300258636,0.21982146799564362
8.79706621170044,1.4003357260852665,1.3963912725448608,-0.10423437505960464,0.1907682865858078
8.800137281417847,1.4013482398223926,1.3967727422714233,0.21602196991443634,0.21426717936992645
8.803205966949463,1.4024216812983117,1.3967727422714233,0.06898603588342667,0.22922103106975555
8.806272268295288,1.4035555081469373,1.3967727422714233,0.20091554522514343,0.2706645429134369
8.809339761734009,1.4047505858164864,1.3971542119979858,0.12437628954648972,0.2826276123523712
8.812406539916992,1.4060057417152787,1.3971542119979858,0.16667430102825165,0.31210803985595703
8.815472841262817,1.407320572307469,1.3975356817245483,0.20192264020442963,0.29074540734291077
8.818542003631592,1.4086960898211822,1.3979171514511108,0.11329823732376099,0.40781262516975403
8.821616172790527,1.410132971838367,1.3982986211776733,0.2986038029193878,0.35568779706954956
8.824700832366943,1.4116336899468305,1.3986800909042358,0.3358663320541382,0.37576866149902344
8.827775478363037,1.4131877226708494,1.3994430303573608,0.3328450322151184,0.34757000207901
8.830851078033447,1.4147997752701233,1.4002059698104858,0.4456397294998169,0.30954450368881226
8.83392333984375,1.4164669307643387,1.4009689092636108,0.45470359921455383,0.3031357228755951
8.836980104446411,1.4181814533968287,1.4017318487167358,0.4164339601993561,0.32535287737846375
8.840056896209717,1.4199627516027924,1.4024949073791504,0.4909590184688568,0.2574197053909302
8.843127965927124,1.421795643484945,1.403639316558838,0.5604485869407654,0.3180895745754242
8.846194744110107,1.423680033377419,1.404402256011963,0.4587319791316986,0.2894636392593384
8.84926152229309,1.4256177448074907,1.4055466651916504,0.5262073874473572,0.2672465145587921
8.85238766670227,1.4276471006238507,1.406691074371338,0.5634698867797852,0.24844738841056824
8.855462551116943,1.4296957424259809,1.4078354835510254,0.6440375447273254,0.21298542618751526
8.858528852462769,1.4317898100421371,1.4093613624572754,0.7971160411834717,0.2381933331489563
8.861595153808594,1.433934172489009,1.410887360572815,0.8041657209396362,0.2223849892616272
8.864661455154419,1.4361280338379006,1.4120317697525024,0.8162508606910706,0.24631112813949585
8.86772894859314,1.438371460987065,1.4135576486587524,0.8323643803596497,0.19931334257125854
8.870797872543335,1.4406638568359122,1.41470205783844,0.7951018810272217,0.2223849892616272
8.87386703491211,1.443003517699624,1.4166094064712524,0.9048752784729004,0.20273137092590332
8.876936435699463,1.4453895844105902,1.418135404586792,0.8575417995452881,0.34287023544311523
8.879977226257324,1.4477981196271,1.419661283493042,0.8555275797843933,0.32663461565971375
8.88304328918457,1.4502708333101946,1.421187162399292,0.8353856801986694,0.22580300271511078
8.886110305786133,1.4527877647050305,1.4230945110321045,0.9894712567329407,0.34329748153686523
8.889178991317749,1.4553486210337225,1.425001859664917,1.018676996231079,0.21298542618751526
8.892256021499634,1.4579582251813,1.426909327507019,1.0911879539489746,0.3497062623500824
8.89533281326294,1.460608488710199,1.4288166761398315,0.877683699131012,0.2851911187171936
8.898409605026245,1.4632986217653288,1.430724024772644,0.9078965187072754,0.33987945318222046
8.901479244232178,1.4660212306693639,1.4326313734054565,0.843442440032959,0.34671550989151
8.904545545578003,1.4687784889569517,1.4345388412475586,1.1697413921356201,0.34415197372436523
8.907611608505249,1.471572094262275,1.4368276596069336,1.308720588684082,0.3663691282272339
8.91067886352539,1.4744023295226312,1.438735008239746,1.1818264722824097,0.28006407618522644
8.913745403289795,1.477266392492134,1.441023826599121,1.2543374300003052,0.3655146062374115
8.916812419891357,1.4801643289176205,1.4436942338943481,1.4104372262954712,0.24075685441493988
8.919882535934448,1.4830975972331293,1.4456015825271606,1.3318836688995361,0.3317616581916809
8.922955513000488,1.4860649710933487,1.4482718706130981,1.4990615844726562,0.20401312410831451
8.926052570343018,1.489086232410905,1.4505608081817627,1.2744792699813843,0.21597619354724884
8.929125785827637,1.4921135104002554,1.4528496265411377,1.2110322713851929,0.24289311468601227
8.932193756103516,1.4951635808119805,1.4555199146270752,1.1606775522232056,0.41721218824386597
8.93526029586792,1.4982390118638202,1.4578088521957397,1.296635389328003,0.2834821045398712
8.938329219818115,1.501342498309844,1.4604791402816772,1.465827465057373,0.18606851994991302
8.94140625,1.5044787991580217,1.4631494283676147,1.4930189847946167,0.22964827716350555
8.94448733329773,1.507642755184584,1.4654383659362793,1.4134584665298462,0.3304798901081085
8.947559118270874,1.510819417155492,1.4684901237487793,1.6511329412460327,0.38944074511528015
8.950625896453857,1.5140118868739363,1.4711604118347168,1.551430583000183,0.3667963743209839
8.95369267463684,1.517224138987808,1.4738308191299438,1.4446784257888794,0.27621880173683167
8.956758499145508,1.520453973367623,1.4765011072158813,1.4215152263641357,0.35867857933044434
8.959825277328491,1.5237022001365979,1.4791713953018188,1.5786221027374268,0.2736552953720093
8.962894201278687,1.5269689008337024,1.4822232723236084,1.5977569818496704,0.3022812306880951
8.965966939926147,1.5302546820933618,1.484893560409546,1.5816433429718018,0.2548561692237854
8.96904444694519,1.5335593989886305,1.487945318222046,1.6360265016555786,0.32748913764953613
8.972111225128174,1.5368651429212228,1.4909971952438354,1.6460975408554077,0.33731594681739807
8.975177526473999,1.5401816675436433,1.493667483329773,1.60984206199646,0.3193713426589966
8.978245258331299,1.5435098090017394,1.4967193603515625,1.6309911012649536,0.2710917890071869
8.981311559677124,1.5468452281906708,1.4997711181640625,1.7014877796173096,0.24631112813949585
8.98437786102295,1.5501882367855957,1.5028228759765625,1.8021973371505737,0.3039902448654175
8.987447500228882,1.5535412429446833,1.505874752998352,1.7447928190231323,0.2223849892616272
8.990525007247925,1.5569079769746934,1.508926510810852,1.6471046209335327,0.32321658730506897
8.993600368499756,1.560276242419903,1.5119783878326416,1.6682536602020264,0.2544289231300354
8.996676921844482,1.563648434448267,1.5150301456451416,1.7236438989639282,0.2736552953720093
8.999747276306152,1.567015190223358,1.518463373184204,1.834424376487732,0.2561379373073578
9.002815961837769,1.5703802192382876,1.5215152502059937,1.7417715787887573,0.2988632023334503
9.005886316299438,1.573745929266539,1.5245670080184937,1.7075303792953491,0.30698099732398987
9.00895881652832,1.5771115869306052,1.5276188850402832,1.6662393808364868,0.42148470878601074
9.01203727722168,1.5804801029094153,1.5310521125793457,1.8193179368972778,0.4296025037765503
9.015104532241821,1.5838314519950338,1.5341038703918457,1.5917143821716309,0.29330891370773315
9.018171310424805,1.5871761388869536,1.5375372171401978,1.8072327375411987,0.34329748153686523
9.021240234375,1.5905157753334793,1.5405889749526978,1.8575875759124756,0.4167849123477936
9.024317502975464,1.5938558214840888,1.5440223217010498,1.8616158962249756,0.32449835538864136
9.027393102645874,1.5971841341969313,1.5470740795135498,1.8424811363220215,0.2860456109046936
9.030466318130493,1.6004987177097973,1.5505073070526123,1.7286792993545532,0.2381933331489563
9.033537149429321,1.6037983635598596,1.5535591840744019,1.988510012626648,0.2078583985567093
9.036606788635254,1.60708314645781,1.5569924116134644,1.5635156631469727,0.2565651834011078
9.039673566818237,1.610350087442265,1.5604257583618164,1.9864957332611084,0.2561379373073578
9.04274034500122,1.613601041594792,1.5634775161743164,1.5796291828155518,0.33817043900489807
9.045806646347046,1.6168343004732666,1.566529393196106,1.8414740562438965,0.3454337418079376
9.048875570297241,1.6200519121915904,1.5699626207351685,1.9129778146743774,0.29202717542648315
9.051947593688965,1.6232531269641455,1.573395848274231,1.8706797361373901,0.286900132894516
9.05498456954956,1.6263973314644964,1.5764477252960205,1.767956018447876,0.287754625082016
9.058053970336914,1.629553235188496,1.579880952835083,1.9572900533676147,0.29758143424987793
9.06112003326416,1.6326825888797027,1.5829328298568726,1.7870908975601196,0.20059509575366974
9.06419324874878,1.6357948895894614,1.5859845876693726,1.4980545043945312,0.35996031761169434
9.067263126373291,1.638878310932857,1.589417815208435,1.5745937824249268,0.2535744309425354
9.070337057113647,1.6419391172320623,1.592851161956787,1.676310420036316,0.2984359562397003
9.07341718673706,1.6449781660090457,1.595902919769287,1.7216296195983887,0.2710917890071869
9.076489448547363,1.6479804687423174,1.5993362665176392,1.763927698135376,0.30911725759506226
9.079559564590454,1.650950640546003,1.6023880243301392,1.540352463722229,0.37363240122795105
9.0826256275177,1.6538858242942864,1.6054397821426392,1.5594873428344727,0.3539787828922272
9.085691690444946,1.6567888719044845,1.6088731288909912,1.8223391771316528,0.4454108476638794
9.088762283325195,1.6596629209479992,1.6119248867034912,1.682352900505066,0.2894636392593384
9.091843128204346,1.6625120107400315,1.6145952939987183,1.6753032207489014,0.35996031761169434
9.094928741455078,1.665329747792693,1.6180285215377808,1.836438536643982,0.2501564025878906
9.097981214523315,1.66808096832836,1.6210802793502808,1.60984206199646,0.2202487289905548
9.101053953170776,1.6708130088156734,1.6245136260986328,1.4436713457107544,0.2582741975784302
9.10412311553955,1.6735033517400661,1.6271839141845703,1.4476996660232544,0.32877087593078613
9.10720157623291,1.676162168422826,1.6302357912063599,1.5735865831375122,0.30612650513648987
9.110275983810425,1.678776834712548,1.6332875490188599,1.7246509790420532,0.3659418523311615
9.113346338272095,1.68134653756193,1.6363393068313599,1.5937285423278809,0.38773176074028015
9.11641263961792,1.6838704868335903,1.6393911838531494,1.626962661743164,0.3343251645565033
9.119481801986694,1.686353459594471,1.642061471939087,1.5151751041412354,0.34714275598526
9.122560977935791,1.6888000407605197,1.6451133489608765,1.692423939704895,0.3317616581916809
9.125637292861938,1.6911989324758578,1.647783637046814,1.552437663078308,0.287327378988266
9.128705739974976,1.6935455755011628,1.650835394859314,1.383245587348938,0.2386205792427063
9.131772756576538,1.6958442301063474,1.653505802154541,1.69141685962677,0.30911725759506226
9.134839057922363,1.6980946281968659,1.6561760902404785,1.399359107017517,0.18606851994991302
9.137908458709717,1.7002986768579513,1.6592278480529785,1.539345383644104,0.24673838913440704
9.140984535217285,1.7024578889059163,1.6618982553482056,1.5071183443069458,0.29758143424987793
9.144062995910645,1.7045682254481835,1.664568543434143,1.4638131856918335,0.3206530809402466
9.147135257720947,1.7066231101382687,1.6672388315200806,1.5433738231658936,0.29715418815612793
9.1502046585083,1.7086242369423699,1.6695277690887451,1.308720588684082,0.34372472763061523
9.153274059295654,1.7105727991073776,1.6721980571746826,1.3520256280899048,0.2851911187171936
9.156352043151855,1.712473296352474,1.6748683452606201,1.5312886238098145,0.29373615980148315
9.159425973892212,1.7143170999254234,1.6771572828292847,1.300663709640503,0.21255818009376526
9.162495613098145,1.7161036009962818,1.6798275709152222,1.3197985887527466,0.27792781591415405
9.165562629699707,1.7178332918532682,1.6821163892745972,1.4446784257888794,0.35782405734062195
9.168628692626953,1.7195065682500212,1.6844053268432617,1.2462806701660156,0.3497062623500824
9.171697616577148,1.7211248377680552,1.6866941452026367,1.244266390800476,0.3309071362018585
9.174774169921875,1.7226897202504288,1.6889829635620117,1.3177844285964966,0.35782405734062195
9.177848100662231,1.7241952775499514,1.6912717819213867,1.3751888275146484,0.28134584426879883
9.18092155456543,1.7256420867060678,1.6935607194900513,1.2704509496688843,0.23178453743457794
9.183979749679565,1.7270231031490948,1.6954680681228638,1.1979399919509888,0.3206530809402466
9.18704867362976,1.7283496785749393,1.6973754167556763,1.087159514427185,0.33774319291114807
9.190126895904541,1.7296201180105204,1.6996643543243408,1.0267337560653687,0.30954450368881226
9.193201303482056,1.7308283750512055,1.7015717029571533,0.99853515625,0.4155031740665436
9.196277141571045,1.731976130165579,1.7034790515899658,1.0801098346710205,0.3783321976661682
9.19934868812561,1.7330609058142752,1.7053864002227783,0.9673151969909668,0.3685053884983063
9.202426195144653,1.734085866999938,1.7069122791290283,0.8937972187995911,0.42319372296333313
9.205506086349487,1.7350491871533533,1.7088197469711304,0.963286817073822,0.48215457797050476
9.20858359336853,1.7359490147062626,1.7103456258773804,0.8948042988777161,0.41977569460868835
9.211653470993042,1.736783786960503,1.7122529745101929,0.8182650208473206,0.2890363931655884
9.214720010757446,1.7375546970623863,1.7137788534164429,0.8323643803596497,0.27579155564308167
9.217787504196167,1.7382626108350987,1.7153048515319824,0.9723506569862366,0.38986802101135254
9.220858573913574,1.7389077298937696,1.7168307304382324,0.9048752784729004,0.4099488854408264
9.223935604095459,1.7394900175359016,1.71797513961792,0.6672007441520691,0.3685053884983063
9.226980686187744,1.7400028959213805,1.71950101852417,0.7326619625091553,0.3296253979206085
9.230057716369629,1.7404569349435415,1.7206454277038574,0.689356803894043,0.3300526440143585
9.233128547668457,1.7408455303112926,1.7221713066101074,0.6359807848930359,0.3514152765274048
9.23619818687439,1.741169403789966,1.7233158349990845,0.6923781037330627,0.30997177958488464
9.239274978637695,1.7414291266134074,1.724460244178772,0.6470588445663452,0.4167849123477936
9.24234652519226,1.7416234952189233,1.7256046533584595,0.4788738787174225,0.2651102542877197
9.245414972305298,1.7417528374354225,1.7263675928115845,0.5765621662139893,0.27536430954933167
9.248482465744019,1.7418173240563959,1.7271305322647095,0.3016250729560852,0.38858625292778015
9.251548767089844,1.7418169941227428,1.728274941444397,0.4889448285102844,0.29117265343666077
9.25462555885315,1.7417515514892046,1.729037880897522,0.3539940416812897,0.2693827748298645
9.257703065872192,1.741620872598434,1.729800820350647,0.24623483419418335,0.3676508665084839
9.260775089263916,1.7414254208566173,1.7305638790130615,0.3761501610279083,0.32877087593078613
9.26384449005127,1.741165344116112,1.7313268184661865,0.26436254382133484,0.2552834451198578
9.266914129257202,1.7408405722044653,1.7320897579193115,0.4285190999507904,0.3031357228755951
9.269980430603027,1.7404517019759689,1.732471227645874,0.4103913903236389,0.4137941598892212
9.273059129714966,1.7399965973274034,1.7328526973724365,0.3368734121322632,0.38815900683403015
9.276135921478271,1.7394772121332183,1.733234167098999,0.018631266430020332,0.3317616581916809
9.279207468032837,1.7388945283513335,1.7336156368255615,0.21501487493515015,0.38687723875045776
9.282274961471558,1.7382488276749337,1.733997106552124,0.07804989814758301,0.40268558263778687
9.285341501235962,1.737539853607458,1.733997106552124,0.1112840473651886,0.4005493223667145
9.288410902023315,1.73676692864184,1.7343785762786865,0.13344015181064606,0.4411383271217346
9.291486740112305,1.7359291528809848,1.7343785762786865,0.17170977592468262,0.31253528594970703
9.29456114768982,1.7350288273112175,1.7343785762786865,-0.09013504534959793,0.3492790162563324
9.297637939453125,1.734065142003065,1.7343785762786865,-0.06495765596628189,0.2672465145587921
9.300707817077637,1.7330415061558084,1.7343785762786865,-0.04884412884712219,0.32278934121131897
9.303776741027832,1.7319565518505429,1.7343785762786865,-0.17775234580039978,0.3193713426589966
9.306856870651245,1.7308060773514766,1.733997106552124,-0.24321354925632477,0.2360570728778839
9.309938430786133,1.7295937854762289,1.733997106552124,-0.22005034983158112,0.1723964363336563
9.312980651855469,1.7283372849231424,1.7336156368255615,-0.13344015181064606,0.15017929673194885
9.316050052642822,1.7270099287937288,1.7336156368255615,-0.1888303905725479,0.1732509285211563
9.319116592407227,1.725624490070952,1.733234167098999,-0.269398033618927,0.1253986358642578
9.322186708450317,1.724178555252017,1.7328526973724365,-0.22710002958774567,0.11898985505104065
9.32526421546936,1.7226705521227588,1.732471227645874,-0.4093843102455139,0.12326237559318542
9.328339576721191,1.7211055666227386,1.731708288192749,-0.1918516755104065,0.01516746822744608
9.331411123275757,1.7194851997761544,1.730945348739624,-0.4124055802822113,0.03781185671687126
9.334482192993164,1.7178084143953316,1.7305638790130615,-0.5100938677787781,0.06173800304532051
9.337550401687622,1.7160772278646947,1.729800820350647,-0.4919661283493042,0.10574502497911453
9.340627193450928,1.7142856732522411,1.729037880897522,-0.40233463048934937,0.02713054046034813
9.343701839447021,1.7124404915162237,1.7278934717178345,-0.4909590184688568,0.0036316472105681896
9.346773862838745,1.7105427841178276,1.726749062538147,-0.5846189260482788,0.06985580176115036
9.349844455718994,1.708592628288285,1.725986123085022,-0.7084916234016418,0.08139162510633469
9.352917671203613,1.7065881459241892,1.7248417139053345,-0.7951018810272217,0.10531777143478394
9.355984210968018,1.7045362500840788,1.723697304725647,-0.773952841758728,0.0634470134973526
9.359066009521484,1.7024228154984287,1.72255277633667,-0.7447471022605896,0.11642633378505707
9.362133026123047,1.700269215741844,1.72102689743042,-0.8333714604377747,0.021149003878235817
9.36520004272461,1.69806623557435,1.7198824882507324,-0.7195696830749512,0.0788281038403511
9.368266105651855,1.6958154006315573,1.7183566093444824,-0.7477683424949646,0.10788128525018692
9.371335744857788,1.6935141603151496,1.7168307304382324,-0.8927901387214661,0.09164568781852722
9.374412775039673,1.6911602579961638,1.7153048515319824,-0.7961089611053467,0.09933622926473618
9.377493619918823,1.688757053025357,1.7133973836898804,-1.0911879539489746,0.06814679503440857
9.380565404891968,1.6863156018285097,1.7118715047836304,-0.8645914196968079,0.16427862644195557
9.383634328842163,1.6838321498746678,1.7103456258773804,-0.9401236176490784,0.13949798047542572
9.386703252792358,1.6813053675041154,1.7084382772445679,-0.9119248986244202,0.20230410993099213
9.38978910446167,1.6787219072318058,1.7065308094024658,-1.0509041547775269,0.18265049159526825
9.392866611480713,1.6761037132538958,1.7046234607696533,-0.9230029582977295,0.13864347338676453
9.395938634872437,1.673449609036627,1.7027161121368408,-0.8575417995452881,0.125825896859169
9.399053573608398,1.6707180499680654,1.7008087635040283,-0.9119248986244202,0.14505226910114288
9.40217661857605,1.6679396122507788,1.6985198259353638,-0.8243076205253601,0.2574197053909302
9.405298709869385,1.6651232877053996,1.6966124773025513,-1.0579537153244019,0.16086061298847198
9.408416748046875,1.6622730466108444,1.6943236589431763,-1.1103227138519287,0.15658807754516602
9.411536693572998,1.6593845748411906,1.6920348405838013,-1.2613869905471802,0.18307773768901825
9.41463565826416,1.6564804924267178,1.6897459030151367,-1.3550468683242798,0.09207294136285782
9.417707920074463,1.6535680530671222,1.6874570846557617,-1.3056992292404175,0.1416342407464981
9.420787572860718,1.6506163441960506,1.6855497360229492,-1.2513160705566406,0.13138018548488617
9.423866033554077,1.6476345983554683,1.6828793287277222,-1.3077133893966675,0.08993667364120483
9.426933765411377,1.6446333421175041,1.6805905103683472,-1.3359121084213257,0.22580300271511078
9.429977655410767,1.6416270086686826,1.6779202222824097,-1.3530327081680298,0.1758144497871399
9.43304705619812,1.6385679503976376,1.6756312847137451,-1.4295719861984253,0.16214236617088318
9.4361252784729,1.6354734780066016,1.6729609966278076,-1.3570611476898193,0.18521401286125183
9.43920612335205,1.6323508327685783,1.6706721782684326,-1.4416571855545044,0.15274280309677124
9.442292213439941,1.6291984319946153,1.6680018901824951,-1.3369191884994507,0.13437095284461975
9.445360898971558,1.6260407286751952,1.6649500131607056,-1.4910048246383667,0.08395513892173767
9.448426961898804,1.622863911971506,1.662279725074768,-1.3872740268707275,0.12112611532211304
9.451493740081787,1.6196657236071823,1.659609317779541,-1.6591897010803223,0.06173800304532051
9.454572677612305,1.6164352950399443,1.6569390296936035,-1.6340123414993286,0.07711909711360931
9.457653760910034,1.6131842050141882,1.654268741607666,-1.69745934009552,0.019439993426203728
9.460721254348755,1.6099303681047528,1.651598334312439,-1.3923094272613525,0.08822766691446304
9.463788032531738,1.6066614569659947,1.6489280462265015,-1.6299840211868286,0.08139162510633469
9.466854095458984,1.603378695957203,1.6458762884140015,-1.6017853021621704,0.14975203573703766
9.46992564201355,1.600076636351403,1.642824411392212,-1.6732890605926514,0.12326237559318542
9.472981452941895,1.5967793745750796,1.6401541233062744,-1.836438536643982,0.17752346396446228
9.476056575775146,1.593450304294697,1.636720895767212,-1.682352900505066,0.16299687325954437
9.479124784469604,1.5901189860430227,1.6340504884719849,-1.7216296195983887,0.12027160823345184
9.482192039489746,1.5867802238998552,1.6309987306594849,-1.625955581665039,0.11258106678724289
9.485259294509888,1.583434223884428,1.6279468536376953,-1.5745937824249268,0.1412069946527481
9.488334894180298,1.580073102366107,1.6248950958251953,-1.9260700941085815,0.1108720526099205
9.491432666778564,1.5766829281375305,1.6218433380126953,-1.7327077388763428,0.1275349110364914
9.494505167007446,1.573316894277991,1.6187914609909058,-1.558480143547058,0.051483940333127975
9.497581720352173,1.5699441709908413,1.6153582334518433,-1.9734035730361938,0.09335469454526901
9.500651836395264,1.5665775160525712,1.6123063564300537,-1.386266827583313,0.11685358732938766
9.503732442855835,1.5631996262196202,1.6092545986175537,-1.5604944229125977,0.1753872036933899
9.506814002990723,1.5598222248313134,1.6058213710784912,-1.7558709383010864,0.14847028255462646
9.509885787963867,1.5564583227774136,1.6027694940567017,-1.4346075057983398,0.1424887478351593
9.512967586517334,1.5530875116889582,1.5993362665176392,-1.7750056982040405,0.1574425846338272
9.516051054000854,1.5497202055808599,1.5962843894958496,-1.5756008625030518,0.09292744100093842
9.519118070602417,1.5463774052950894,1.592851161956787,-1.9119707345962524,0.19461356103420258
9.522186279296875,1.5430410770848013,1.5897992849349976,-1.8444952964782715,0.08523689955472946
9.525253534317017,1.5397147941615856,1.5867475271224976,-1.4789196252822876,0.11471732705831528
9.528320074081421,1.5363995256149636,1.583314299583435,-1.780041217803955,0.08950942009687424
9.531386852264404,1.5330954690291092,1.5802624225616455,-1.6330052614212036,0.125825896859169
9.534454107284546,1.5298035986262448,1.576829195022583,-1.5957427024841309,0.06857404112815857
9.537521123886108,1.5265259058958467,1.5737773180007935,-1.7427786588668823,0.14035248756408691
9.540587902069092,1.5232636046071653,1.570344090461731,-1.6652323007583618,0.24802014231681824
9.543654203414917,1.5200181540242623,1.567292332649231,-1.7176012992858887,0.16256961226463318
9.546720743179321,1.516790000053072,1.563858985900879,-1.8686655759811401,0.11728084087371826
9.549787282943726,1.513580594081672,1.560807228088379,-1.6370337009429932,0.05233844369649887
9.552853345870972,1.510391621879447,1.5573738813400269,-1.6682536602020264,0.06857404112815857
9.555922746658325,1.5072203296394422,1.5539406538009644,-1.8475165367126465,0.07284656912088394
9.558977127075195,1.504086732934119,1.5508888959884644,-1.8847790956497192,0.07028305530548096
9.562043190002441,1.5009645640603837,1.5474555492401123,-1.8072327375411987,0.06601052731275558
9.565109491348267,1.4978667705318944,1.5444037914276123,-1.4738842248916626,0.08053711801767349
9.568176031112671,1.4947945080413645,1.5409704446792603,-1.7427786588668823,0.15017929673194885
9.571242570877075,1.4917491589453398,1.5379186868667603,-1.851544976234436,0.20358586311340332
9.574311256408691,1.4887297525345748,1.5344853401184082,-1.9814603328704834,0.15317006409168243
9.577380180358887,1.485739320610828,1.5314335823059082,-1.7427786588668823,0.1600061058998108
9.580446720123291,1.4827814983313652,1.5283818244934082,-1.7911192178726196,0.11642633378505707
9.583513259887695,1.4798550490404878,1.5249484777450562,-1.7568780183792114,0.1591515988111496
9.58658218383789,1.4769588220017074,1.5218967199325562,-1.694438099861145,0.13821622729301453
9.589648485183716,1.4740986133480973,1.5188448429107666,-1.6199129819869995,0.05105668678879738
9.59271502494812,1.4712727773222836,1.5157930850982666,-1.5997711420059204,0.05874723568558693
9.595784425735474,1.4684800004447096,1.512359857559204,-1.5927214622497559,0.05447470769286156
9.598862171173096,1.4657165325190509,1.509689450263977,-1.6168917417526245,0.1600061058998108
9.601935386657715,1.4629950317609104,1.5062562227249146,-1.6894025802612305,0.10232700407505035
9.604978322982788,1.4603386558692502,1.503204345703125,-1.7135728597640991,0.12240787595510483
9.608046770095825,1.4576996013024368,1.5005340576171875,-1.7014877796173096,0.15017929673194885
9.611114025115967,1.4551022829235198,1.4974822998046875,-1.6340123414993286,0.095490962266922
9.614181518554688,1.4525464353217061,1.494430422782898,-1.8737010955810547,0.1266804039478302
9.617248058319092,1.4500339860131886,1.491378664970398,-1.5131609439849854,0.08822766691446304
9.620314598083496,1.4475650665644828,1.488326907157898,-1.6863813400268555,0.0963454619050026
9.6233811378479,1.4451405935134791,1.485656499862671,-1.6702678203582764,0.08780041337013245
9.626450777053833,1.4427590854843775,1.482604742050171,-1.7186083793640137,0.045075152069330215
9.629523992538452,1.4404212082297438,1.4799343347549438,-1.4728771448135376,0.05020218342542648
9.632593393325806,1.4381334482181631,1.4772640466690063,-1.4084229469299316,0.1570153385400772
9.635660171508789,1.4358956183702,1.4745937585830688,-1.4215152263641357,0.06558327376842499
9.638726949691772,1.433706574558505,1.4715418815612793,-1.5071183443069458,0.12967117130756378
9.641793251037598,1.4315674583032778,1.4688715934753418,-1.6370337009429932,0.2082856446504593
9.644862174987793,1.4294769546983774,1.4662013053894043,-1.3590753078460693,0.2061493843793869
9.647931098937988,1.4274376919302818,1.4639123678207397,-1.1798123121261597,0.20144960284233093
9.650980234146118,1.4254630741469176,1.4612420797348022,-1.1445640325546265,0.09848172962665558
9.654051542282104,1.423526723502383,1.4585717916488647,-1.52021062374115,0.1288166642189026
9.657118082046509,1.4216467904321706,1.4559013843536377,-1.4617990255355835,0.1108720526099205
9.660184621810913,1.419820925410989,1.4536125659942627,-1.1042801141738892,0.03439383581280708
9.663250923156738,1.4180499418118748,1.4513237476348877,-1.1314717531204224,0.05276569724082947
9.666317224502563,1.4163343529068109,1.4486533403396606,-1.3419547080993652,0.07284656912088394
9.669383764266968,1.4146746686321245,1.4463645219802856,-1.3721675872802734,0.10617227107286453
9.672449827194214,1.4130718855002202,1.4440757036209106,-1.1828335523605347,0.06771954149007797
9.675516128540039,1.4115262179373738,1.4421683549880981,-1.1485923528671265,0.06002899259328842
9.678583145141602,1.4100380262233918,1.4398794174194336,-1.2513160705566406,0.039093613624572754
9.681649446487427,1.408608556832144,1.437972068786621,-1.2815289497375488,0.0796826109290123
9.684715509414673,1.4072380907838136,1.435683250427246,-1.2029755115509033,0.07199206203222275
9.687782287597656,1.405926724375558,1.4337759017944336,-1.1757839918136597,0.11728084087371826
9.690849542617798,1.404675081198274,1.431486964225769,-1.0750744342803955,0.1587243527173996
9.693918943405151,1.4034830225296746,1.4295796155929565,-1.2644083499908447,0.1762416958808899
9.696980237960815,1.402354795065912,1.427672266960144,-1.015655755996704,0.11898985505104065
9.700054168701172,1.4012833100232014,1.425764799118042,-0.9038681387901306,0.11471732705831528
9.703127145767212,1.4002740535597207,1.424238920211792,-0.9471732378005981,0.063019759953022
9.70619535446167,1.3993284809736568,1.4223315715789795,-1.0770885944366455,0.05874723568558693
9.709263324737549,1.3984453957500516,1.4208056926727295,-1.0247195959091187,0.06173800304532051
9.71233320236206,1.3976245597024772,1.418898344039917,-0.7487754821777344,0.13009841740131378
9.71540379524231,1.3968666775101894,1.4173723459243774,-0.7759670615196228,0.0801098644733429
9.718470811843872,1.3961730016600358,1.4158464670181274,-0.8192721605300903,0.15231555700302124
9.721537590026855,1.395542916767946,1.4143205881118774,-0.8897688388824463,0.11514458060264587
9.724604368209839,1.394976600389993,1.4127947092056274,-0.8857404589653015,0.07071030884981155
9.727670669555664,1.39447433591547,1.41165030002594,-0.7900663614273071,0.13565270602703094
9.730737447738647,1.3940361536208383,1.4101243019104004,-0.6359807848930359,0.07455558329820633
9.733803510665894,1.3936623789655116,1.4093613624572754,-0.7044632434844971,0.024994278326630592
9.736870527267456,1.3933529547990844,1.408216953277588,-0.5171434879302979,0.04892042279243469
9.73993992805481,1.3931079571216185,1.4070725440979004,-0.3761501610279083,0.10318150371313095
9.742980480194092,1.3929291346761838,1.405928134918213,-0.5654841065406799,0.04422064498066902
9.746049165725708,1.3928131802226733,1.405165195465088,-0.4889448285102844,0.06942854821681976
9.74911618232727,1.3927620985592117,1.4040207862854004,-0.46880292892456055,0.04592965543270111
9.752182245254517,1.392775813627832,1.4032578468322754,-0.4456397294998169,0.09292744100093842
9.7552490234375,1.3928543202455823,1.4024949073791504,-0.5886473059654236,0.1266804039478302
9.758315324783325,1.3929975663126468,1.4017318487167358,-0.4738384187221527,0.1570153385400772
9.76138186454773,1.393205524512099,1.4009689092636108,-0.5946898460388184,0.1587243527173996
9.764448165893555,1.3934780853197046,1.3998245000839233,-0.460746169090271,0.18051423132419586
9.76751446723938,1.3938151612225078,1.3994430303573608,-0.2502632141113281,0.16214236617088318
9.770581722259521,1.3942167619716828,1.3990615606307983,-0.19588007032871246,0.18094147741794586
9.773648738861084,1.3946826048977286,1.3982986211776733,-0.38722819089889526,0.20144960284233093
9.776715278625488,1.3952124583628742,1.3979171514511108,-0.26033416390419006,0.17111466825008392
9.779781579971313,1.3958061444645038,1.3975356817245483,-0.23414969444274902,0.16256961226463318
9.782850503921509,1.3964640709447953,1.3971542119979858,-0.15660333633422852,0.19760432839393616
9.785919904708862,1.3971856297269019,1.3971542119979858,-0.05690089240670204,0.21127641201019287
9.788983583450317,1.3979689333947656,1.3967727422714233,-0.16264592111110687,0.16598764061927795
9.792052984237671,1.3988166164878086,1.3967727422714233,-0.24824902415275574,0.16214236617088318
9.79512333869934,1.3997272521880406,1.3967727422714233,-0.1576104313135147,0.11514458060264587
9.798200130462646,1.4007023532317975,1.3967727422714233,-0.06596475094556808,0.1890592873096466
9.801274061203003,1.4017387183092491,1.3967727422714233,0.051865413784980774,0.2847638726234436
9.804343461990356,1.4028351750165975,1.3967727422714233,0.1284046620130539,0.21127641201019287
9.807410478591919,1.403991874364407,1.3971542119979858,0.003524834057316184,0.33945220708847046
9.810480117797852,1.4052102814251488,1.3971542119979858,0.10826276242733002,0.29159989953041077
9.813549280166626,1.406488776664159,1.3975356817245483,0.2522774040699005,0.251010924577713
9.816616535186768,1.4078262190573854,1.3975356817245483,-0.008560311049222946,0.3197985887527466
9.81968379020691,1.409222887733491,1.3979171514511108,0.051865413784980774,0.383031964302063
9.82275104522705,1.4106782639647526,1.3982986211776733,0.35802242159843445,0.35611504316329956
9.825817584991455,1.4121914475376824,1.3990615606307983,0.1596246212720871,0.2988632023334503
9.828886985778809,1.4137637014655449,1.3998245000839233,0.5252002477645874,0.29159989953041077
9.831959009170532,1.415394472702652,1.4002059698104858,0.4919661283493042,0.5000991821289062
9.835041761398315,1.4170878263196378,1.4009689092636108,0.4134126901626587,0.32236209511756897
9.838108777999878,1.4188284583536188,1.4017318487167358,0.34392309188842773,0.3031357228755951
9.84117579460144,1.4206242218280976,1.402876377105713,0.5715266466140747,0.35996031761169434
9.844242811203003,1.422474449893798,1.4040207862854004,0.7195696830749512,0.26211947202682495
9.847309350967407,1.4243781553120365,1.4047837257385254,0.39125657081604004,0.2574197053909302
9.850375652313232,1.4263347606351908,1.405928134918213,0.6349737048149109,0.21255818009376526
9.853443145751953,1.4283444766465883,1.407454013824463,0.8625772595405579,0.25955596566200256
9.8565092086792,1.4304048332068287,1.4085984230041504,0.6933852434158325,0.20016784965991974
9.859575510025024,1.4325161568824074,1.409742832183838,0.6118105053901672,0.21597619354724884
9.862642049789429,1.434677675767436,1.4112688302993774,0.8122224807739258,0.3168078064918518
9.865708589553833,1.4368884252410643,1.412413239479065,0.9109178185462952,0.3163805603981018
9.868775606155396,1.4391479396191482,1.413939118385315,0.5755550265312195,0.26340124011039734
9.871842622756958,1.4414550398831116,1.415464997291565,0.739711582660675,0.30612650513648987
9.874908685684204,1.4438081302160275,1.416990876197815,0.8988326787948608,0.23562981188297272
9.877983093261719,1.4462136380396646,1.4185168743133545,0.8666056394577026,0.26297399401664734
9.881052494049072,1.4486602976152414,1.420424222946167,0.9260242581367493,0.38602274656295776
9.884118795394897,1.4511485421141304,1.421950101852417,0.9914854764938354,0.32321658730506897
9.887186050415039,1.453680689916879,1.4238574504852295,0.9753719568252563,0.29715418815612793
9.890252828598022,1.4562546300496995,1.425764799118042,1.071045994758606,0.26340124011039734
9.893321752548218,1.4588716411505986,1.4272907972335815,1.0589609146118164,0.31253528594970703
9.89639925956726,1.4615364514367661,1.4295796155929565,1.0579537153244019,0.2886091470718384
9.899472951889038,1.464237426615196,1.431486964225769,1.1949187517166138,0.30655375123023987
9.902544736862183,1.4669751259518464,1.4333943128585815,0.8414282202720642,0.3505607545375824
9.905614137649536,1.4697480254747173,1.4353017807006836,1.1445640325546265,0.3808957040309906
9.908680200576782,1.4725541298000122,1.437209129333496,1.0438544750213623,0.3979858160018921
9.911747694015503,1.4753967265576704,1.439497947692871,1.0972304344177246,0.3462882339954376
9.914813995361328,1.4782723345253626,1.4417868852615356,1.2855573892593384,0.252719908952713
9.917880296707153,1.4811809842818695,1.4440757036209106,1.3046921491622925,0.30911725759506226
9.920950174331665,1.4841250441377694,1.4467459917068481,1.3902952671051025,0.24460211396217346
9.923983335494995,1.4870642852472853,1.4490348100662231,1.225131630897522,0.27750056982040405
9.92705249786377,1.4900680675709375,1.4513237476348877,1.138521432876587,0.30783551931381226
9.930120706558228,1.4930996203165667,1.4536125659942627,1.1042801141738892,0.2693827748298645
9.933194398880005,1.4961642370362032,1.4562828540802002,1.3530327081680298,0.3039902448654175
9.936261892318726,1.4992491219753754,1.4585717916488647,1.4064087867736816,0.2723735272884369
9.939327955245972,1.502357826213554,1.4612420797348022,1.3510185480117798,0.2676737606525421
9.942394495010376,1.5054911176474652,1.4639123678207397,1.228152871131897,0.2860456109046936
9.945460557937622,1.5086468590623354,1.4665827751159668,1.78306245803833,0.3779049217700958
9.948527097702026,1.5118248604888176,1.4692530632019043,1.5121538639068604,0.29629969596862793
9.951593160629272,1.5150229542154987,1.4719233512878418,1.4174867868423462,0.30783551931381226
9.954660415649414,1.5182417004758006,1.4745937585830688,1.5010757446289062,0.33859768509864807
9.95772647857666,1.5214774028819105,1.4772640466690063,1.5343098640441895,0.3150987923145294
9.960793495178223,1.5247311221406052,1.4803158044815063,1.608834981918335,0.3146715462207794
9.96385931968689,1.5279993726101202,1.4829862117767334,1.6178988218307495,0.21640345454216003
9.966928720474243,1.5312860404716455,1.4860379695892334,1.5725795030593872,0.32834362983703613
9.969980716705322,1.534567351990708,1.489089846611023,1.6511329412460327,0.3689326345920563
9.973060131072998,1.5378903342627006,1.4917601346969604,1.6138705015182495,0.4257572293281555
9.976126194000244,1.5412098461211043,1.4948118925094604,1.8636301755905151,0.3142443001270294
9.979192018508911,1.5445387783559172,1.4974822998046875,1.4235293865203857,0.2992904484272003
9.982258081436157,1.5478764132937695,1.5005340576171875,1.540352463722229,0.33731594681739807
9.985326051712036,1.551223336526068,1.5035858154296875,1.7317006587982178,0.3766231834888458
9.988395929336548,1.554578316708285,1.506637692451477,1.554451823234558,0.24203860759735107
9.991476058959961,1.5579492534346773,1.509689450263977,1.7095445394515991,0.32449835538864136
9.994557619094849,1.5613252572188911,1.513122797012329,1.767956018447876,0.2851911187171936
9.997634410858154,1.5646982693874438,1.516174554824829,1.7609063386917114,0.39114975929260254
10.000707149505615,1.5680678063058047,1.5196079015731812,1.7709773778915405,0.18735027313232422
10.003777742385864,1.5714347017459447,1.5222781896591187,1.7075303792953491,0.3629510998725891
10.006858110427856,1.5748107650731464,1.5257114171981812,1.8092470169067383,0.2992904484272003
10.009936332702637,1.578181663590069,1.5287632942199707,1.7125657796859741,0.3779049217700958
10.012982845306396,1.5815138311670551,1.5321965217590332,1.7971618175506592,0.34329748153686523
10.01605224609375,1.5848657603506833,1.5352483987808228,1.4336004257202148,0.38644999265670776
10.01912546157837,1.588215306687289,1.5383001565933228,1.7024948596954346,0.37021440267562866
10.022195816040039,1.5915539449291287,1.5417333841323853,1.6380407810211182,0.3612420856952667
10.025272846221924,1.5948907827684824,1.5451667308807373,1.6702678203582764,0.3787594437599182
10.02834415435791,1.5982111293511496,1.5482184886932373,1.938155174255371,0.2702372670173645
10.03141188621521,1.6015161165321652,1.5512703657150269,1.7035019397735596,0.3172350525856018
10.034478425979614,1.6048071122062786,1.5547035932540894,1.8847790956497192,0.1924773007631302
10.037548065185547,1.6080874860283236,1.5581368207931519,1.934126853942871,0.2698100209236145
10.040626525878906,1.611362045268467,1.5611886978149414,1.7196154594421387,0.3176623284816742
10.043700218200684,1.6146150838514013,1.564621925354004,1.904921054840088,0.29715418815612793
10.046772003173828,1.617848470782022,1.5676738023757935,1.6853742599487305,0.4411383271217346
10.049839973449707,1.6210590456602547,1.571107029914856,1.7105516195297241,0.38773176074028015
10.05291223526001,1.6242540905942742,1.574158787727356,1.7367360591888428,0.2992904484272003
10.055984258651733,1.6274276651617174,1.577592134475708,1.7498283386230469,0.2381933331489563
10.059067487716675,1.630590287684757,1.580643892288208,1.8243534564971924,0.3193713426589966
10.06213641166687,1.6337146490281464,1.58407723903656,1.7276722192764282,0.3317616581916809
10.065203428268433,1.6368123954884959,1.5875104665756226,1.5987640619277954,0.24972915649414062
10.068270683288574,1.6398845637309094,1.590562343597412,1.7719844579696655,0.2894636392593384
10.071340084075928,1.6429318916013815,1.593614101409912,1.7407644987106323,0.4471198618412018
10.074418306350708,1.6459597229241973,1.5970473289489746,1.6491187810897827,0.2860456109046936
10.077492475509644,1.648954199412913,1.6004806756973267,1.923048734664917,0.3044174909591675
10.080564260482788,1.6519159228470885,1.6035324335098267,1.7337148189544678,0.4095216393470764
10.083632469177246,1.654842731188352,1.6065843105316162,1.832410216331482,0.34799724817276
10.086700916290283,1.6577372263873322,1.6096360683441162,1.681345820426941,0.4137941598892212
10.089778184890747,1.6606062791712417,1.6126878261566162,1.4950331449508667,0.3667963743209839
10.092856407165527,1.6634413209907932,1.6161211729049683,1.6591897010803223,0.3535515367984772
10.09593391418457,1.6662397507810631,1.6191729307174683,1.6511329412460327,0.4120851457118988
10.098981618881226,1.668974624273385,1.6226062774658203,1.9975738525390625,0.29459068179130554
10.102057695388794,1.6716971466778618,1.6252765655517578,1.6541543006896973,0.5090714693069458
10.105128049850464,1.6743757144068805,1.6283283233642578,1.6390478610992432,0.32407110929489136
10.108204364776611,1.6770195137016437,1.6313802003860474,1.6672464609146118,0.2655375003814697
10.11127758026123,1.679619717419187,1.6344319581985474,1.8263676166534424,0.40738537907600403
10.114346981048584,1.6821748908337628,1.637483835220337,1.5111466646194458,0.26211947202682495
10.117414474487305,1.68468578894822,1.6401541233062744,1.5091325044631958,0.3326161503791809
10.1204833984375,1.687154220230343,1.6432058811187744,1.4597848653793335,0.5159075260162354
10.12356162071228,1.6895853611940563,1.6458762884140015,1.5725795030593872,0.47830930352211
10.126633644104004,1.6919659996036158,1.6489280462265015,1.521217703819275,0.443274587392807
10.129701375961304,1.694296961695153,1.6519798040390015,1.5463950634002686,0.3155260682106018
10.13276982307434,1.696581266052957,1.6546502113342285,1.4295719861984253,0.2240939885377884
10.135838747024536,1.6988178584448137,1.657320499420166,1.5111466646194458,0.3210803270339966
10.138918399810791,1.7010131099568244,1.6599907875061035,1.6309911012649536,0.2574197053909302
10.141981840133667,1.7031471342414586,1.6626611948013306,1.4980545043945312,0.3932860195636749
10.145059585571289,1.7052404377728632,1.6657129526138306,1.4648202657699585,0.251010924577713
10.148130416870117,1.7072776275187984,1.6680018901824951,1.315770149230957,0.3176623284816742
10.15119743347168,1.7092602716226013,1.6706721782684326,1.5292744636535645,0.27835509181022644
10.154266595840454,1.7111915281284564,1.6729609966278076,1.3258411884307861,0.3326161503791809
10.157344818115234,1.7130747365093675,1.6756312847137451,1.3278553485870361,0.4257572293281555
10.160418510437012,1.714900762209959,1.6779202222824097,1.2885786294937134,0.383459210395813
10.163488149642944,1.7166694365194086,1.6802090406417847,1.1073014736175537,0.41849392652511597
10.166555643081665,1.7183813674049728,1.6828793287277222,1.230167031288147,0.3300526440143585
10.16962480545044,1.720038060046752,1.6851682662963867,1.4255435466766357,0.4637826979160309
10.172701597213745,1.721641857581294,1.6874570846557617,1.0408331155776978,0.29031816124916077
10.175774097442627,1.7231858560416842,1.6893644332885742,1.1465781927108765,0.37363240122795105
10.17884111404419,1.724669157035953,1.6920348405838013,1.4094300270080566,0.35953307151794434
10.181910514831543,1.7260951015650412,1.6939421892166138,1.089173674583435,0.3458609879016876
10.184977531433105,1.7274609449473766,1.6962310075759888,0.9864500164985657,0.3052719831466675
10.188047170639038,1.7287684018644507,1.6981383562088013,1.2905927896499634,0.3185168206691742
10.191126108169556,1.7300194795052337,1.7000458240509033,0.999542236328125,0.3958495557308197
10.194202184677124,1.7312085809196769,1.7019531726837158,1.071045994758606,0.46933698654174805
10.197278499603271,1.7323365376180582,1.7038605213165283,0.8867475390434265,0.3680781126022339
10.200350046157837,1.7334012288032994,1.7057678699493408,0.9320668578147888,0.3347524106502533
10.20341968536377,1.7344034503485237,1.7072938680648804,0.931059718132019,0.3497062623500824
10.206498861312866,1.735346333047271,1.7092012166976929,0.9703364372253418,0.35654231905937195
10.209582805633545,1.736227627576817,1.7107270956039429,0.8061798810958862,0.4005493223667145
10.212653160095215,1.7370420298551525,1.7126344442367554,1.1697413921356201,0.4607919454574585
10.21571969985962,1.7377923649805973,1.7141603231430054,0.8837262392044067,0.43772029876708984
10.218786478042603,1.7384794562641661,1.715686321258545,0.8363927602767944,0.2698100209236145
10.221855878829956,1.7391034937609176,1.717212200164795,0.7266193628311157,0.4009765684604645
10.224935293197632,1.7396653532466315,1.7183566093444824,0.6490730047225952,0.40781262516975403
10.227980375289917,1.7401574958876571,1.7198824882507324,0.6722362041473389,0.37576866149902344
10.231050491333008,1.7405896236867822,1.72102689743042,0.7084916234016418,0.37491416931152344
10.23411774635315,1.740956955587287,1.72255277633667,0.5967040657997131,0.2723735272884369
10.237186908721924,1.7412599560504562,1.723697304725647,0.6702220439910889,0.3326161503791809
10.240265130996704,1.7414988715443838,1.7248417139053345,0.7860379815101624,0.3689326345920563
10.24333930015564,1.7416724367045493,1.7256046533584595,0.4325474798679352,0.221957728266716
10.24640941619873,1.7417808439576081,1.726749062538147,0.5121080279350281,0.3505607545375824
10.249476671218872,1.741824314318134,1.7278934717178345,0.6460517048835754,0.26340124011039734
10.252543210983276,1.7418029754136595,1.7286564111709595,0.48390936851501465,0.3804684579372406
10.255613327026367,1.7417167146095918,1.7294193506240845,0.3318379521369934,0.32278934121131897
10.25869083404541,1.7415651088827173,1.7301822900772095,0.30766767263412476,0.286472886800766
10.261765718460083,1.7413485566809417,1.730945348739624,0.20091554522514343,0.27963683009147644
10.264839887619019,1.7410671104263749,1.731708288192749,0.3016250729560852,0.2728008031845093
10.267913341522217,1.740720920407351,1.7320897579193115,0.04582284390926361,0.26425573229789734
10.270979881286621,1.740311054546791,1.7328526973724365,0.2724193036556244,0.43643853068351746
10.274056673049927,1.7398352663592276,1.733234167098999,0.32478827238082886,0.35996031761169434
10.277130126953125,1.7392956169894376,1.7336156368255615,0.35902953147888184,0.35867857933044434
10.2801992893219,1.7386927142250617,1.733997106552124,0.20292973518371582,0.45310139656066895
10.283267736434937,1.7380262363189254,1.733997106552124,0.24220645427703857,0.4167849123477936
10.286338329315186,1.7372957653458023,1.7343785762786865,0.14653238654136658,0.4133669137954712
10.28941798210144,1.7364995816742623,1.7343785762786865,-0.04582284390926361,0.3924315273761749
10.292494297027588,1.735641010571853,1.7343785762786865,-0.03675898537039757,0.3650873601436615
10.295564889907837,1.7347213164011157,1.7343785762786865,0.0961776152253151,0.3855954706668854
10.298641681671143,1.7337372578323809,1.7343785762786865,0.029709314927458763,0.3838864862918854
10.301717281341553,1.7326914133942968,1.7343785762786865,-0.05387960746884346,0.22708477079868317
10.304793119430542,1.731583716212244,1.7343785762786865,0.0005035477224737406,0.30826276540756226
10.307876110076904,1.730411868961127,1.733997106552124,-0.07704280316829681,0.28177309036254883
10.310952186584473,1.7291816488246567,1.733997106552124,-0.13344015181064606,0.22452124953269958
10.31398057937622,1.7279114227589165,1.7336156368255615,-0.1596246212720871,0.21683070063591003
10.317051410675049,1.726564018029313,1.7336156368255615,-0.11430533230304718,0.10659952461719513
10.320120334625244,1.7251582132299599,1.7328526973724365,-0.23314259946346283,0.08310063183307648
10.323198080062866,1.7236894189342553,1.732471227645874,-0.3962920606136322,0.0796826109290123
10.326271772384644,1.7221641897102433,1.732471227645874,-0.20997940003871918,0.059601739048957825
10.329343318939209,1.7205823239538756,1.731708288192749,-0.2653696537017822,0.07541008293628693
10.332411289215088,1.718945307571524,1.730945348739624,-0.6561226844787598,0.01602197252213955
10.335512638092041,1.7172332095597889,1.7301822900772095,-0.3147173225879669,0.014740215614438057
10.338688611984253,1.7154209155761433,1.7294193506240845,-0.46779584884643555,0.10232700407505035
10.341859817504883,1.7135524904339992,1.7286564111709595,-0.42348363995552063,0.08737315982580185
10.345056295394897,1.711610415513713,1.7278934717178345,-0.5332570672035217,0.033966582268476486
10.348177194595337,1.7096580903549972,1.7263675928115845,-0.5574273467063904,0.06942854821681976
10.351296424865723,1.707652112222569,1.7256046533584595,-0.6581368446350098,0.05191119387745857
10.354395627975464,1.7056056182567882,1.7240787744522095,-0.6953994035720825,0.08950942009687424
10.357465505599976,1.7035267826253038,1.722934365272522,-0.686335563659668,0.08950942009687424
10.360533237457275,1.7013987684723462,1.721789836883545,-0.6943923234939575,0.13138018548488617
10.363600492477417,1.699221273569287,1.7206454277038574,-0.7517967224121094,0.08096437156200409
10.366666555404663,1.69699565452885,1.7191195487976074,-0.6682078242301941,0.10659952461719513
10.36973261833191,1.6947219006484484,1.7175936698913574,-0.7699244618415833,0.0788281038403511
10.372799158096313,1.6924004911473929,1.7160677909851074,-0.8303502202033997,0.09250018745660782
10.375869750976562,1.6900294777043763,1.7145417928695679,-1.0569466352462769,0.10147249698638916
10.378939151763916,1.6876137269646183,1.7130159139633179,-0.7598535418510437,0.11642633378505707
10.381977081298828,1.6851786779528226,1.7111085653305054,-1.1083085536956787,0.1899137794971466
10.385042667388916,1.6826779251082622,1.7095826864242554,-0.9602655172348022,0.16171512007713318
10.388108491897583,1.6801341648050219,1.7076753377914429,-1.0257266759872437,0.13522544503211975
10.391182661056519,1.6775414398118866,1.7057678699493408,-1.1969329118728638,0.15146104991436005
10.394248008728027,1.674915199003153,1.7038605213165283,-1.0418401956558228,0.17154192924499512
10.397313356399536,1.6722490363732774,1.7019531726837158,-1.1002517938613892,0.13565270602703094
10.400379180908203,1.669543517139401,1.6996643543243408,-1.1616846323013306,0.1924773007631302
10.403445482254028,1.6667996272676529,1.6977568864822388,-1.1183794736862183,0.15530632436275482
10.406510829925537,1.664019673530523,1.6954680681228638,-1.1294575929641724,0.1288166642189026
10.409579277038574,1.6612009746190788,1.6935607194900513,-1.089173674583435,0.15359731018543243
10.412645101547241,1.6583498241690304,1.6912717819213867,-1.1294575929641724,0.035675592720508575
10.415711641311646,1.6554642092648206,1.6889829635620117,-1.2311742305755615,0.06472877413034439
10.418779850006104,1.6525442652884166,1.6866941452026367,-1.242252230644226,0.1570153385400772
10.421854734420776,1.649586182938601,1.6847867965698242,-1.137514352798462,0.06857404112815857
10.424926042556763,1.6466008776931271,1.6821163892745972,-1.1465781927108765,0.13864347338676453
10.427980422973633,1.6436027344585384,1.6798275709152222,-1.153627872467041,0.11429007351398468
10.431047439575195,1.6405639100585174,1.6771572828292847,-1.2744792699813843,0.18478675186634064
10.434115409851074,1.637496919081432,1.6748683452606201,-1.399359107017517,0.11728084087371826
10.43718433380127,1.6344028762935274,1.6721980571746826,-1.2724651098251343,0.13394369184970856
10.440251111984253,1.6312860705040626,1.6695277690887451,-1.4054017066955566,0.095490962266922
10.44331693649292,1.6281464847939553,1.6672388315200806,-1.4456855058670044,0.16641488671302795
10.446382761001587,1.624984318711109,1.6641870737075806,-1.5876859426498413,0.16171512007713318
10.449448823928833,1.6218004972227458,1.6618982553482056,-1.4174867868423462,0.05703822523355484
10.452515363693237,1.6185959471316156,1.658846378326416,-1.5161821842193604,0.11215381324291229
10.4555823802948,1.6153718489026612,1.6561760902404785,-1.4356145858764648,0.0634470134973526
10.458647727966309,1.6121316653051188,1.653505802154541,-1.5826505422592163,0.10446326434612274
10.461716890335083,1.608870786091333,1.6504539251327515,-1.5826505422592163,0.10574502497911453
10.464783668518066,1.6055969960930305,1.647783637046814,-1.5222247838974,0.1279621571302414
10.467849493026733,1.6023100085846202,1.644731879234314,-1.69141685962677,0.10873579233884811
10.470916271209717,1.5990089991074468,1.642061471939087,-1.4869763851165771,0.1753872036933899
10.473980188369751,1.5956993092409106,1.639009714126587,-1.5826505422592163,0.13052567839622498
10.477050065994263,1.592372623346881,1.6359578371047974,-1.454749345779419,0.08480964601039886
10.480116367340088,1.5890404978755617,1.6329060792922974,-1.7226366996765137,0.09250018745660782
10.483182668685913,1.5857003000800691,1.6302357912063599,-1.5000686645507812,0.11001754552125931
10.486249685287476,1.5823524883104725,1.6268024444580078,-1.5715724229812622,0.10873579233884811
10.489316463470459,1.578999344881291,1.6237506866455078,-1.698466420173645,0.12411688268184662
10.492382526397705,1.5756426382453297,1.6206988096237183,-1.5725795030593872,0.12411688268184662
10.495448589324951,1.5722828326862464,1.6176470518112183,-1.6350194215774536,0.08438239246606827
10.498515844345093,1.5689198678588059,1.6145952939987183,-1.557473063468933,0.1253986358642578
10.501582384109497,1.5655570828858862,1.6115434169769287,-1.8223391771316528,0.10189975053071976
10.50464916229248,1.5621946807466964,1.6081101894378662,-1.854566216468811,0.16769665479660034
10.507715702056885,1.55883443245303,1.6050583124160767,-1.7981688976287842,0.11386281996965408
10.51078200340271,1.5554775848442892,1.6020065546035767,-1.6612039804458618,0.14035248756408691
10.513851165771484,1.5521219969559035,1.5985733270645142,-1.8314030170440674,0.16470588743686676
10.5169198513031,1.5487725703517359,1.5955214500427246,-1.8303959369659424,0.10531777143478394
10.519980430603027,1.545438847960578,1.592088222503662,-1.8303959369659424,0.08865492045879364
10.523056507110596,1.5420963900512434,1.5890363454818726,-1.69745934009552,0.10873579233884811
10.526127576828003,1.538768760633843,1.5859845876693726,-1.4789196252822876,0.1283894032239914
10.529193878173828,1.5354568927043293,1.58255136013031,-1.6440832614898682,0.08480964601039886
10.532260656356812,1.5321563290146036,1.579118013381958,-1.761913537979126,0.06942854821681976
10.535327434539795,1.5288688109048785,1.576066255569458,-1.5705653429031372,0.10104524344205856
10.5383939743042,1.525595812875808,1.5730143785476685,-1.784069538116455,0.13736172020435333
10.541460037231445,1.5223387991291426,1.569581151008606,-1.7206225395202637,0.18051423132419586
10.544526815414429,1.5190977144409978,1.566147804260254,-2.0197298526763916,0.08053711801767349
10.547595024108887,1.51587302473214,1.563096046447754,-1.8948501348495483,0.16214236617088318
10.550662517547607,1.512668189174597,1.5596628189086914,-1.8193179368972778,0.05746547505259514
10.553740501403809,1.5094727898271916,1.5566109418869019,-1.5987640619277954,0.08822766691446304
10.556824445724487,1.5062928911379925,1.5527962446212769,-1.990524172782898,0.0634470134973526
10.559903144836426,1.5031412444044168,1.5497443675994873,-1.7337148189544678,0.05831998214125633
10.562979698181152,1.50001577297959,1.5463111400604248,-1.8606088161468506,0.13565270602703094
10.566049575805664,1.4969221392949235,1.5432593822479248,-1.7538566589355469,0.14889752864837646
10.569119215011597,1.4938549232465401,1.5398260354995728,-1.9975738525390625,0.1288166642189026
10.572198629379272,1.4908053889193456,1.5367742776870728,-1.7337148189544678,0.16940565407276154
10.575275421142578,1.4877870480510549,1.5337224006652832,-1.677317500114441,0.1283894032239914
10.578345537185669,1.4848048710907154,1.5302891731262207,-1.8283817768096924,0.18606851994991302
10.581413745880127,1.4818552113355166,1.5272372961044312,-1.8626229763031006,0.13351644575595856
10.584480047225952,1.4789391067926867,1.5241855382919312,-1.6581826210021973,0.13009841740131378
10.587548732757568,1.476053567686915,1.5207523107528687,-1.7609063386917114,0.09036392718553543
10.590625762939453,1.473194239418821,1.517700433731079,-1.5816433429718018,0.07199206203222275
10.593706130981445,1.4703670385518681,1.514648675918579,-1.7095445394515991,0.07626459002494812
10.596782207489014,1.4675800070315286,1.5115967988967896,-1.6481117010116577,0.06900129467248917
10.599854230880737,1.4648338205695985,1.5085450410842896,-1.6048065423965454,0.1108720526099205
10.602926254272461,1.462125805968706,1.5054932832717896,-1.6601969003677368,0.14847028255462646
10.606002807617188,1.459453066129849,1.50244140625,-1.5504233837127686,0.13864347338676453
10.609084367752075,1.4568163707041208,1.4993896484375,-1.557473063468933,0.13479819893836975
10.612156391143799,1.4542290569753957,1.496337890625,-1.61185622215271,0.05746547505259514
10.615227222442627,1.4516848453737294,1.493667483329773,-1.7588921785354614,0.08224612474441528
10.618295907974243,1.4491854034569596,1.490615725517273,-1.452735185623169,0.0792553573846817
10.621374368667603,1.4467221169306301,1.4875638484954834,-1.612863302230835,0.08096437156200409
10.624452352523804,1.4443043094157668,1.4845120906829834,-1.5846647024154663,0.0784008577466011
10.627530336380005,1.4419325001919727,1.481841802597046,-1.6007782220840454,0.05874723568558693
10.630599021911621,1.4396145282453654,1.4791713953018188,-1.5443809032440186,0.09079118072986603
10.633666515350342,1.4373448932300366,1.4761196374893188,-1.6521400213241577,0.09805447608232498
10.636734962463379,1.435122845636326,1.4734493494033813,-1.5292744636535645,0.11728084087371826
10.639812469482422,1.432943582192613,1.4707789421081543,-1.7206225395202637,0.16470588743686676
10.642888069152832,1.4308158542460794,1.4681086540222168,-1.4336004257202148,0.13095292448997498
10.645965099334717,1.4287381363571607,1.4654383659362793,-1.4779125452041626,0.24759289622306824
10.649048566818237,1.4267080229709452,1.4627679586410522,-1.3500114679336548,0.1600061058998108
10.652115106582642,1.4247413864040277,1.4600976705551147,-1.4950331449508667,0.16897840797901154
10.655184507369995,1.4228259085486006,1.4578088521957397,-1.2493019104003906,0.05362020432949066
10.65826153755188,1.4209596010413232,1.4551384449005127,-1.2764934301376343,0.17923247814178467
10.661333560943604,1.4191508919534312,1.4528496265411377,-1.386266827583313,0.08908216655254364
10.664400100708008,1.4174004548264145,1.4501793384552002,-1.140535593032837,0.08523689955472946
10.667466878890991,1.4157055325294903,1.4478904008865356,-1.2120393514633179,0.0788281038403511
10.670539617538452,1.414063763013062,1.4456015825271606,-1.2200961112976074,0.09677271544933319
10.673624277114868,1.4124730709902358,1.4433127641677856,-1.0770885944366455,0.0314030684530735
10.676698446273804,1.410945646473518,1.441023826599121,-1.2019684314727783,0.0788281038403511
10.679770946502686,1.4094773333794357,1.4391164779663086,-1.1153582334518433,0.0625925064086914
10.682841300964355,1.4080687976855355,1.437209129333496,-1.1878690719604492,0.08950942009687424
10.68591022491455,1.4067201325179608,1.4353017807006836,-1.0509041547775269,0.10061798989772797
10.688984632492065,1.4054289199247538,1.433012843132019,-1.1183794736862183,0.0950637087225914
10.692065954208374,1.4041954050664018,1.430724024772644,-1.143556833267212,0.16726939380168915
10.69513726234436,1.403026732331535,1.4288166761398315,-1.1717555522918701,0.1587243527173996
10.698213577270508,1.401917474501394,1.426909327507019,-1.072053074836731,0.14505226910114288
10.701284885406494,1.4008716552333302,1.4253833293914795,-0.9250171780586243,0.0472114123404026
10.70435380935669,1.3998885482579917,1.423475980758667,-0.965300977230072,0.06216525658965111
10.707429885864258,1.398965610088275,1.4215686321258545,-1.0418401956558228,0.07669184356927872
10.710500955581665,1.3981068977873523,1.4200427532196045,-0.877683699131012,0.14889752864837646
10.713567733764648,1.3973122458011937,1.4185168743133545,-0.9230029582977295,0.10019073635339737
10.716634750366211,1.3965806509872833,1.4166094064712524,-0.8132295608520508,0.14932478964328766
10.719704389572144,1.395911905064734,1.4150835275650024,-0.844449520111084,0.10574502497911453
10.722781658172607,1.3953054853659652,1.4135576486587524,-0.7024490833282471,0.15658807754516602
10.725856065750122,1.3947638340390816,1.412413239479065,-0.7538109421730042,0.06002899259328842
10.728930711746216,1.3942865250859802,1.4112688302993774,-0.7487754821777344,0.063019759953022
10.731980085372925,1.3938769101221808,1.409742832183838,-0.43758296966552734,0.11813534796237946
10.735046863555908,1.3935291619019137,1.4085984230041504,-0.5846189260482788,0.07412832975387573
10.738113641738892,1.3932459298789992,1.407454013824463,-0.48189517855644226,0.02670328877866268
10.741180181503296,1.3930273336954546,1.406691074371338,-0.6369878649711609,0.03353932872414589
10.744246244430542,1.3928734488718653,1.4055466651916504,-0.8132295608520508,0.06942854821681976
10.747312307357788,1.3927842935011185,1.4047837257385254,-0.6430304646492004,0.08908216655254364
10.750378370285034,1.3927599006701041,1.403639316558838,-0.6128175854682922,0.12155336886644363
10.753445863723755,1.3928003133862674,1.402876377105713,-0.39125657081604004,0.06045624613761902
10.756512880325317,1.3929055217420685,1.4021133184432983,-0.548363447189331,0.09036392718553543
10.7595796585083,1.3930754721848708,1.4013503789901733,-0.22609293460845947,0.125825896859169
10.762646436691284,1.3933101072746192,1.4005874395370483,-0.3449302017688751,0.12497138977050781
10.76571273803711,1.393609288352258,1.3998245000839233,-0.41945526003837585,0.19504082202911377
10.768779039382935,1.3939729358261166,1.3990615606307983,-0.32780957221984863,0.15445181727409363
10.771848201751709,1.3944013440400755,1.3986800909042358,-0.3469443917274475,0.21683070063591003
10.774923086166382,1.3948950229735324,1.3982986211776733,-0.1576104313135147,0.1882047802209854
10.777979850769043,1.3954495733461714,1.3979171514511108,-0.15458914637565613,0.16342411935329437
10.781049966812134,1.3960703486859938,1.3975356817245483,-0.13444724678993225,0.16171512007713318
10.784116268157959,1.3967539452447213,1.3971542119979858,-0.20897230505943298,0.20401312410831451
10.7871835231781,1.3975010831054069,1.3971542119979858,-0.12236209958791733,0.21597619354724884
10.790250778198242,1.3983112820412598,1.3967727422714233,-0.26033416390419006,0.17752346396446228
10.793318033218384,1.3991842411415094,1.3967727422714233,-0.11329823732376099,0.2377660721540451
10.796387434005737,1.4001203123374308,1.3967727422714233,0.08912795037031174,0.2377660721540451
10.799463272094727,1.4011207173670017,1.3967727422714233,0.02668802998960018,0.19931334257125854
10.802536487579346,1.4021822527666676,1.3967727422714233,0.21803615987300873,0.2390478402376175
10.80560564994812,1.4033038276352425,1.3967727422714233,-0.06697184592485428,0.2702372670173645
10.808681726455688,1.404489116741005,1.3971542119979858,0.07603570818901062,0.29202717542648315
10.811754703521729,1.405733933810732,1.3971542119979858,0.13041886687278748,0.3146715462207794
10.814822673797607,1.4070368032952638,1.3975356817245483,0.20393683016300201,0.3843137323856354
10.81788945198059,1.408398679134432,1.3979171514511108,0.08409246802330017,0.34671550989151
10.820962905883789,1.4098227071985923,1.3982986211776733,0.10524147748947144,0.31296253204345703
10.824058532714844,1.411316365735721,1.3986800909042358,0.0961776152253151,0.38730448484420776
10.827132940292358,1.4128581885047689,1.3994430303573608,0.30666056275367737,0.37363240122795105
10.83020567893982,1.4144567526938225,1.3998245000839233,0.4124055802822113,0.32620736956596375
10.83327603340149,1.4161109772230214,1.4005874395370483,0.5554131269454956,0.4804455637931824
10.83634352684021,1.417819844714753,1.4017318487167358,0.5292286276817322,0.3202258348464966
10.839410543441772,1.4195839568985982,1.4024949073791504,0.38722819089889526,0.26169222593307495
10.84247636795044,1.4214022024054305,1.4032578468322754,0.5241931676864624,0.3291981518268585
10.845542907714844,1.4232750245867842,1.404402256011963,0.5403066873550415,0.29245442152023315
10.848610162734985,1.425201765845428,1.405165195465088,0.5181506276130676,0.2535744309425354
10.85167646408081,1.4271806564483083,1.406691074371338,0.6913710236549377,0.27963683009147644
10.854743719100952,1.4292121923307206,1.4078354835510254,0.7860379815101624,0.2689555287361145
10.857810258865356,1.4312945200566787,1.408979892730713,0.6923781037330627,0.26169222593307495
10.860878944396973,1.4334288441997516,1.4105058908462524,0.7105058431625366,0.21768520772457123
10.863950490951538,1.435614991359241,1.41165030002594,0.73870450258255,0.23392081260681152
10.866980075836182,1.4378193183209629,1.41317617893219,0.722590982913971,0.2736552953720093
10.870047092437744,1.4400986631133015,1.41470205783844,0.8041657209396362,0.24673838913440704
10.873116254806519,1.4424268848140889,1.4158464670181274,0.7789883017539978,0.30826276540756226
10.876189231872559,1.4448045196929316,1.41775381565094,0.7709315419197083,0.27707332372665405
10.879267692565918,1.4472321814422746,1.4192798137664795,0.9169604182243347,0.2702372670173645
10.882334470748901,1.4496952933689378,1.4208056926727295,0.8655985593795776,0.29373615980148315
10.885401248931885,1.452202067676772,1.422713041305542,0.966308057308197,0.2369115799665451
10.888467788696289,1.4547513737892173,1.424238920211792,1.0599679946899414,0.30612650513648987
10.891534328460693,1.4573424585238517,1.4265278577804565,1.155642032623291,0.29672694206237793
10.894603729248047,1.4599768342603119,1.428435206413269,1.0267337560653687,0.34244295954704285
10.89768099784851,1.462658028595676,1.429961085319519,1.1314717531204224,0.4304569959640503
10.900753021240234,1.4653736691535004,1.4318684339523315,1.0509041547775269,0.40524908900260925
10.903825998306274,1.4681281410635216,1.434157371520996,1.2130464315414429,0.40524908900260925
10.906895875930786,1.4709167466908737,1.4360647201538086,1.1818264722824097,0.3526970446109772
10.90996766090393,1.4737429735862073,1.437972068786621,0.879697859287262,0.3018539845943451
10.913045406341553,1.4766096325343177,1.440260887145996,1.0942091941833496,0.2732280492782593
10.916111946105957,1.4794995813256362,1.4425498247146606,1.3540397882461548,0.2710917890071869
10.919181108474731,1.4824246345436802,1.4448386430740356,1.1969329118728638,0.2540016770362854
10.922258138656616,1.4853888660449175,1.4475089311599731,1.3943235874176025,0.1758144497871399
10.925333738327026,1.4883823117336834,1.4497978687286377,1.2523231506347656,0.22964827716350555
10.928406476974487,1.4914023992066554,1.4524681568145752,1.1203936338424683,0.32321658730506897
10.93147587776184,1.4944474470087132,1.4547569751739502,1.4617990255355835,0.3044174909591675
10.934541940689087,1.497516232384626,1.4574273824691772,1.4406499862670898,0.2364843189716339
10.937608480453491,1.500611395955758,1.4600976705551147,1.677317500114441,0.27835509181022644
10.940677404403687,1.5037337485325601,1.4623864889144897,1.2472877502441406,0.26126497983932495
10.943746328353882,1.5068797326886871,1.4650568962097168,1.4910048246383667,0.31296253204345703
10.946812629699707,1.5100454618149983,1.4677271842956543,1.4225223064422607,0.30655375123023987
10.949879169464111,1.5132326880114233,1.4703974723815918,1.3943235874176025,0.30826276540756226
10.952949047088623,1.516443484360658,1.4730678796768188,1.5474021434783936,0.27493706345558167
10.95598316192627,1.5196354693167013,1.4757381677627563,1.3741817474365234,0.2723735272884369
10.959052562713623,1.5228821944474344,1.4784084558486938,1.5725795030593872,0.21725794672966003
10.962119579315186,1.5261428958962797,1.4814603328704834,1.5816433429718018,0.3005722165107727
10.965185403823853,1.5294176018917347,1.4845120906829834,1.610849142074585,0.14505226910114288
10.968251943588257,1.532707130390965,1.487182378768921,1.5131609439849854,0.3304798901081085
10.971321105957031,1.5360123274049964,1.489852786064148,1.4769054651260376,0.2074311375617981
10.97439980506897,1.5393394795349453,1.4932860136032104,1.6682536602020264,0.37491416931152344
10.977474212646484,1.5426724319213148,1.495956301689148,1.682352900505066,0.3779049217700958
10.980542421340942,1.546007823806852,1.4990081787109375,1.7760127782821655,0.34372472763061523
10.983610153198242,1.5493506056109267,1.5020599365234375,1.5222247838974,0.3321889042854309
10.986679553985596,1.55270187688779,1.505111813545227,1.6319981813430786,0.3514152765274048
10.989758253097534,1.5560687503257633,1.508163571357727,1.9119707345962524,0.3138170540332794
10.99283242225647,1.559434860789143,1.511215329170227,1.7427786588668823,0.20102235674858093
10.995913982391357,1.562812005153,1.5142672061920166,1.698466420173645,0.3014267086982727
10.99897837638855,1.5661720046883243,1.517700433731079,1.768963098526001,0.24161134660243988
11.00205135345459,1.5695418311512777,1.5207523107528687,1.765941858291626,0.2843366265296936
11.005179405212402,1.5729711835404137,1.5238040685653687,1.6742961406707764,0.2693827748298645
11.008257150650024,1.5763432499751173,1.5272372961044312,1.679331660270691,0.29459068179130554
11.011328935623169,1.5797054120148546,1.5302891731262207,1.8112611770629883,0.3022812306880951
11.014396905899048,1.5830587839900208,1.5333409309387207,1.8424811363220215,0.3488517701625824
11.017463684082031,1.5864049981041304,1.5367742776870728,1.8303959369659424,0.5073624849319458
11.020533084869385,1.5897469680220497,1.5398260354995728,1.5625085830688477,0.286900132894516
11.023612260818481,1.59309118849148,1.5432593822479248,1.6662393808364868,0.32535287737846375
11.026683807373047,1.5964175033335786,1.5463111400604248,1.8082398176193237,0.31125351786613464
11.029751300811768,1.5997286033976763,1.5497443675994873,1.7317006587982178,0.287327378988266
11.032818078994751,1.603026886893394,1.5527962446212769,1.8817578554153442,0.3155260682106018
11.035884380340576,1.6063113928992183,1.5562294721603394,1.994552493095398,0.3800412118434906
11.038957595825195,1.6095887723221554,1.5596628189086914,1.782055377960205,0.28006407618522644
11.042060375213623,1.6128816772674717,1.5627145767211914,1.768963098526001,0.40482184290885925
11.045133352279663,1.6161258799829241,1.566147804260254,1.60782790184021,0.252292662858963
11.048203468322754,1.6193488833642782,1.5691996812820435,1.761913537979126,0.33774319291114807
11.051270246505737,1.6225490446022273,1.572632908821106,1.6481117010116577,0.3770504295825958
11.054337501525879,1.6257291824103433,1.576066255569458,1.7468070983886719,0.2569924592971802
11.0574049949646,1.6288878611961337,1.579118013381958,1.8021973371505737,0.3945677876472473
11.060471057891846,1.6320222027753206,1.58255136013031,2.052963972091675,0.21896696090698242
11.063538551330566,1.635133967506252,1.58560311794281,1.837445616722107,0.3454337418079376
11.066604614257812,1.6382190983418994,1.58865487575531,1.69544517993927,0.2663919925689697
11.069671154022217,1.6412783807983327,1.592088222503662,1.6863813400268555,0.21640345454216003
11.072737693786621,1.6443101973864807,1.595139980316162,1.7095445394515991,0.26041045784950256
11.075804471969604,1.6473136549593947,1.5985733270645142,1.7226366996765137,0.30569925904273987
11.07887053489685,1.6502867115593267,1.6016250848770142,1.5625085830688477,0.30783551931381226
11.081936597824097,1.6532289677056637,1.6050583124160767,1.851544976234436,0.47147324681282043
11.084980010986328,1.6561179514721256,1.6081101894378662,2.040879011154175,0.5423972010612488
11.088050127029419,1.6589993720500376,1.6111619472503662,1.6642252206802368,0.3351796865463257
11.091127634048462,1.661853481271246,1.6142138242721558,1.6168917417526245,0.32877087593078613
11.094201803207397,1.6646691973046877,1.6172655820846558,1.692423939704895,0.2240939885377884
11.097278594970703,1.66745093931175,1.6203173398971558,1.6632181406021118,0.2719462811946869
11.100348234176636,1.6701889149372573,1.6237506866455078,1.5333027839660645,0.1749599426984787
11.10341763496399,1.6728884068000758,1.6264209747314453,1.540352463722229,0.30911725759506226
11.106495141983032,1.6755555977271974,1.6294728517532349,1.5816433429718018,0.29544517397880554
11.10956859588623,1.67817887769811,1.6329060792922974,1.6501258611679077,0.4915541410446167
11.112638235092163,1.680757628784364,1.6355763673782349,1.6873884201049805,0.32150760293006897
11.115705013275146,1.6832918287058194,1.6386282444000244,1.5040971040725708,0.2886091470718384
11.118774175643921,1.6857848790631762,1.6416800022125244,1.4436713457107544,0.3693598806858063
11.121852397918701,1.6882410291880368,1.644731879234314,1.6350194215774536,0.26083773374557495
11.124933004379272,1.6906537862944575,1.647020697593689,1.553444743156433,0.34116122126579285
11.12798023223877,1.6929949359798726,1.650072455406189,1.467841625213623,0.29288166761398315
11.131050825119019,1.6953074244851445,1.6531243324279785,1.4205081462860107,0.3014267086982727
11.13411831855774,1.6975700023867109,1.655794620513916,1.4758983850479126,0.21512168645858765
11.137188196182251,1.699785889097808,1.6584649085998535,1.5171892642974854,0.35782405734062195
11.140265703201294,1.701957805482328,1.6611353158950806,1.4910048246383667,0.2061493843793869
11.143339395523071,1.7040767734667779,1.6641870737075806,1.8132753372192383,0.3210803270339966
11.146410703659058,1.7061431416785797,1.6664758920669556,1.2563515901565552,0.3180895745754242
11.149479627609253,1.7081562601422386,1.6691462993621826,1.4436713457107544,0.35910582542419434
11.152548789978027,1.7101171545672065,1.6718165874481201,1.4205081462860107,0.3031357228755951
11.155626773834229,1.7120303435314483,1.6744868755340576,1.5645227432250977,0.32321658730506897
11.158704042434692,1.7138889739116976,1.6767758131027222,1.5433738231658936,0.3851682245731354
11.161774158477783,1.7156886731004657,1.6790646314620972,1.456763505935669,0.3779049217700958
11.164847612380981,1.7174350208268088,1.6817349195480347,1.295628309249878,0.33902496099472046
11.167934894561768,1.7191328572948001,1.6836423873901367,1.1757839918136597,0.40439459681510925
11.170984029769897,1.720753639159095,1.6863126754760742,1.3681391477584839,0.35910582542419434
11.174066543579102,1.722334908500316,1.6886014938354492,1.3681391477584839,0.19888609647750854
11.177135229110718,1.723851318126937,1.6908903121948242,1.2170748710632324,0.21853971481323242
11.180201768875122,1.7253085277548665,1.6927977800369263,1.1707484722137451,0.2728008031845093
11.183267593383789,1.7267067576470672,1.6950865983963013,1.0428472757339478,0.34671550989151
11.18633770942688,1.7280476684106136,1.6969939470291138,1.0307621955871582,0.26340124011039734
11.18941593170166,1.7293320655945315,1.6992828845977783,0.8666056394577026,0.24161134660243988
11.1924889087677,1.730553816035673,1.7011902332305908,1.0791027545928955,0.3685053884983063
11.19555926322937,1.7317137394645237,1.7030975818634033,1.1717555522918701,0.3526970446109772
11.198636293411255,1.7328147946774288,1.7046234607696533,0.9431448578834534,0.4291752576828003
11.20171046257019,1.7338530444288942,1.7065308094024658,1.0539253950119019,0.43344777822494507
11.204782247543335,1.7348284208877818,1.7084382772445679,0.808194100856781,0.4462653398513794
11.207862615585327,1.7357438531529206,1.7099641561508179,0.7457541823387146,0.3146715462207794
11.210940837860107,1.7365956141650523,1.7118715047836304,0.8333714604377747,0.39072251319885254
11.213980436325073,1.7373745456589125,1.7133973836898804,0.7920805811882019,0.45438316464424133
11.21705174446106,1.7380985928974968,1.7145417928695679,0.7276264429092407,0.3761959373950958
11.220122337341309,1.7387588879393416,1.7160677909851074,0.6913710236549377,0.29159989953041077
11.22320008277893,1.739356675742193,1.7175936698913574,0.737697422504425,0.3505607545375824
11.226272344589233,1.7398892272718227,1.7191195487976074,0.7860379815101624,0.40140384435653687
11.229342937469482,1.7403572293918688,1.720263957977295,0.6571297645568848,0.31168079376220703
11.23241138458252,1.7407605551234382,1.721789836883545,0.7306477427482605,0.382177472114563
11.235478401184082,1.7410992611232587,1.722934365272522,0.5846189260482788,0.31125351786613464
11.238550186157227,1.7413738005874237,1.7240787744522095,0.532249927520752,0.27878233790397644
11.241629600524902,1.7415839344841295,1.725223183631897,0.42046234011650085,0.17196917533874512
11.244705200195312,1.7417286825319351,1.7263675928115845,0.46981003880500793,0.2856183648109436
11.247771978378296,1.741808156166991,1.7271305322647095,0.4798809885978699,0.29031816124916077
11.250838279724121,1.7418228369086521,1.728274941444397,0.5523918271064758,0.3356069326400757
11.253907442092896,1.7417726597076402,1.729037880897522,0.35802242159843445,0.3176623284816742
11.256978511810303,1.741657507603893,1.729800820350647,0.42146944999694824,0.3454337418079376
11.260052680969238,1.741477219966368,1.7305638790130615,0.3811856210231781,0.28134584426879883
11.263125658035278,1.7412320551577336,1.7313268184661865,0.4124055802822113,0.2672465145587921
11.266194820404053,1.740922472252031,1.731708288192749,0.3529869616031647,0.3996948301792145
11.269261598587036,1.7405486379416182,1.732471227645874,0.3147173225879669,0.26297399401664734
11.27233076095581,1.7401101100053993,1.7328526973724365,0.27946898341178894,0.3514152765274048
11.275408744812012,1.7396057794909003,1.733234167098999,0.34291601181030273,0.3625238537788391
11.27848219871521,1.7390378870050593,1.7336156368255615,0.269398033618927,0.35483330488204956
11.281556367874146,1.738405795029704,1.733997106552124,0.173723965883255,0.3462882339954376
11.284626245498657,1.7377108799727523,1.7343785762786865,0.08107118308544159,0.3505607545375824
11.287696123123169,1.7369525625800686,1.7343785762786865,0.20091554522514343,0.4304569959640503
11.290773868560791,1.7361289388705952,1.7343785762786865,0.16566720604896545,0.32535287737846375
11.29384732246399,1.7352434592766621,1.7343785762786865,-0.14653238654136658,0.37405967712402344
11.296919584274292,1.7342957294973325,1.7343785762786865,0.05387960746884346,0.3808957040309906
11.299981594085693,1.7332892446633874,1.7343785762786865,-0.02870221994817257,0.32150760293006897
11.30306339263916,1.7322142180355564,1.7343785762786865,-0.054886702448129654,0.2663919925689697
11.306140899658203,1.7310789825354729,1.733997106552124,0.08509956300258636,0.23093003034591675
11.309209823608398,1.7298859304559764,1.733997106552124,-0.051865413784980774,0.22922103106975555
11.31227707862854,1.7286331228254288,1.733997106552124,-0.15458914637565613,0.14975203573703766
11.315343379974365,1.7273208100687159,1.7336156368255615,-0.10725566744804382,0.1741054356098175
11.318361520767212,1.725971100322094,1.733234167098999,-0.0800640881061554,0.16684214770793915
11.321430683135986,1.724540059899352,1.7328526973724365,-0.10423437505960464,0.1266804039478302
11.324509859085083,1.7230455895958052,1.732471227645874,-0.2834973633289337,0.09976348280906677
11.327590703964233,1.7214919641570023,1.7320897579193115,-0.329823762178421,0.0036316472105681896
11.33066177368164,1.719885763370962,1.7313268184661865,-0.2583199739456177,0.11728084087371826
11.333731412887573,1.7182235355565343,1.7305638790130615,-0.40233463048934937,0.10617227107286453
11.336801767349243,1.7165047572882621,1.729800820350647,-0.46779584884643555,0.04464789852499962
11.339879989624023,1.714725831490439,1.729037880897522,-0.4436255395412445,0.06088349595665932
11.342954874038696,1.7128937744941626,1.728274941444397,-0.4748454988002777,0.02371251955628395
11.345980405807495,1.711038073976618,1.7271305322647095,-0.45470359921455383,0.001495384145528078
11.349049091339111,1.7091028467592349,1.7263675928115845,-0.5111009478569031,0.08694590628147125
11.352115154266357,1.7071166227396934,1.725223183631897,-0.723598062992096,-0.015594720840454102
11.35518193244934,1.705078026387696,1.7240787744522095,-0.582604706287384,0.06814679503440857
11.358248472213745,1.7029884362782899,1.722934365272522,-0.5886473059654236,0.08908216655254364
11.361315488815308,1.7008481350197764,1.7214083671569824,-0.8363927602767944,0.10489051789045334
11.364381790161133,1.6986587547934622,1.720263957977295,-0.7578393220901489,0.14761577546596527
11.367448091506958,1.6964206149438112,1.718738079071045,-0.7528038620948792,0.07113756239414215
11.370517015457153,1.694132570661576,1.717212200164795,-0.9159532785415649,0.08224612474441528
11.373595476150513,1.691790036886168,1.715686321258545,-0.9733577370643616,0.0801098644733429
11.37666940689087,1.689404475120983,1.7141603231430054,-0.9340810179710388,0.1424887478351593
11.37974238395691,1.6869741240588283,1.7126344442367554,-0.9350880980491638,0.07284656912088394
11.382809162139893,1.6845041936144203,1.7107270956039429,-0.9713435769081116,0.1279621571302414
11.385875940322876,1.6819907438009694,1.7088197469711304,-1.1999542713165283,0.2390478402376175
11.388946056365967,1.679431903003643,1.7072938680648804,-1.0388189554214478,0.17752346396446228
11.39197850227356,1.676863493225322,1.7053864002227783,-1.1183794736862183,0.11728084087371826
11.39505386352539,1.6742181146245274,1.7034790515899658,-0.9219958782196045,0.18136873841285706
11.398130178451538,1.6715319744242594,1.7011902332305908,-1.2472877502441406,0.16086061298847198
11.401201009750366,1.6688117818041848,1.6992828845977783,-1.1274433135986328,0.14889752864837646
11.404270887374878,1.6660546588044052,1.6973754167556763,-0.9512016773223877,0.1907682865858078
11.407351970672607,1.6632505281591348,1.6947051286697388,-1.2110322713851929,0.11001754552125931
11.410430192947388,1.6604130898320746,1.6927977800369263,-1.2493019104003906,0.05874723568558693
11.413498878479004,1.6575497697337003,1.6905088424682617,-1.1304646730422974,0.08609139919281006
11.416567325592041,1.654653122772515,1.6886014938354492,-1.158663272857666,0.04892042279243469
11.419636011123657,1.6517237756517749,1.6863126754760742,-1.1284503936767578,0.13736172020435333
11.422712326049805,1.6487556419292329,1.6840238571166992,-1.2563515901565552,0.16684214770793915
11.425785303115845,1.6457603430424244,1.6813534498214722,-1.4738842248916626,0.13138018548488617
11.428856372833252,1.6427376781550465,1.6790646314620972,-1.4859693050384521,0.10318150371313095
11.431922912597656,1.6396914429776535,1.6763943433761597,-1.5302815437316895,0.15530632436275482
11.434980630874634,1.636627208904948,1.6741054058074951,-1.2634012699127197,0.1253986358642578
11.4380521774292,1.6335233536090892,1.6714351177215576,-1.2623941898345947,0.19760432839393616
11.44113039970398,1.630388005425039,1.6687648296356201,-1.2926069498062134,0.09079118072986603
11.444211959838867,1.6272256176282247,1.6664758920669556,-1.1727626323699951,0.16556039452552795
11.447284936904907,1.624049663167527,1.6634241342544556,-1.2160677909851074,0.08438239246606827
11.450355529785156,1.6208550385025793,1.660753846168518,-1.4225223064422607,0.14847028255462646
11.453425884246826,1.6176407274788263,1.658083438873291,-1.4829480648040771,0.13522544503211975
11.456504821777344,1.614398616059428,1.6554131507873535,-1.397344946861267,0.15658807754516602
11.459580898284912,1.611141912511652,1.6523613929748535,-1.4779125452041626,0.0472114123404026
11.462650537490845,1.6078756950960102,1.6496909856796265,-1.3399405479431152,0.06985580176115036
11.465717554092407,1.6045971909833157,1.647020697593689,-1.4336004257202148,0.1266804039478302
11.468786716461182,1.6013025258813638,1.6439688205718994,-1.3882811069488525,0.16940565407276154
11.471868753433228,1.5979813150487217,1.641298532485962,-1.469855785369873,0.20401312410831451
11.474955081939697,1.5946439480620074,1.638246774673462,-1.5081254243850708,0.24289311468601227
11.47803807258606,1.5912999214437704,1.6351948976516724,-1.6209200620651245,0.08267337828874588
11.48110818862915,1.5879609059050301,1.6321431398391724,-1.764934778213501,0.06729228794574738
11.484175443649292,1.584617321627557,1.6290913820266724,-1.7357289791107178,0.11429007351398468
11.487244129180908,1.5812657390923992,1.6256580352783203,-1.7991759777069092,0.2394750863313675
11.490323305130005,1.5778974791923746,1.6229877471923828,-1.78104829788208,0.11813534796237946
11.493399620056152,1.5745283845945475,1.6195544004440308,-1.7276722192764282,0.09805447608232498
11.496471643447876,1.5711612916409774,1.6165026426315308,-1.7437857389450073,0.07370107620954514
11.499547719955444,1.567788312550372,1.6134508848190308,-1.5886930227279663,0.09890898317098618
11.502619981765747,1.5644193309060241,1.6103990077972412,-1.8092470169067383,0.1288166642189026
11.5056893825531,1.561054555248342,1.6073472499847412,-1.7317006587982178,0.12368962913751602
11.508766889572144,1.5576832235586837,1.6039139032363892,-1.5081254243850708,0.20956741273403168
11.511840581893921,1.5543196563309667,1.6008621454238892,-1.6410620212554932,0.16470588743686676
11.514911651611328,1.5509637908369918,1.597428798675537,-1.7317006587982178,0.2052948772907257
11.517980337142944,1.547616602798092,1.594377040863037,-1.6742961406707764,0.15616083145141602
11.521052122116089,1.5442733599819902,1.5909438133239746,-1.696452260017395,0.07455558329820633
11.524128913879395,1.5409332641701265,1.587891936302185,-1.6340123414993286,0.10489051789045334
11.527199268341064,1.5376099756106223,1.5844587087631226,-1.7468070983886719,0.11770809441804886
11.530266523361206,1.5343010711108025,1.581406831741333,-1.8314030170440674,0.14590676128864288
11.53333306312561,1.5310051869084131,1.5779736042022705,-1.925062894821167,0.08096437156200409
11.536401510238647,1.527720736422574,1.5749218463897705,-1.6450904607772827,0.12069886177778244
11.539479970932007,1.5244403493159229,1.5714884996414185,-1.8817578554153442,0.16812390089035034
11.542557001113892,1.521177507066692,1.5684367418289185,-1.7548638582229614,0.1762416958808899
11.545628786087036,1.5179374185791596,1.5650033950805664,-1.9723963737487793,0.11813534796237946
11.548698663711548,1.5147177093490811,1.5619516372680664,-1.7014877796173096,0.15146104991436005
11.55176854133606,1.5115175599261328,1.5585182905197144,-1.8837720155715942,0.08694590628147125
11.554837942123413,1.5083386530667526,1.5550850629806519,-1.7699702978134155,0.09890898317098618
11.557914972305298,1.5051738536696235,1.5520333051681519,-1.7901121377944946,0.08480964601039886
11.560977935791016,1.5020465797611207,1.5485999584197998,-1.7115586996078491,0.13437095284461975
11.564046382904053,1.4989379374564193,1.5455482006072998,-1.763927698135376,0.13308918476104736
11.567112684249878,1.4958568489183852,1.5421148538589478,-1.7226366996765137,0.10019073635339737
11.570183038711548,1.4927982557133095,1.5390630960464478,-1.8847790956497192,0.1591515988111496
11.573262691497803,1.489758250319607,1.5356298685073853,-1.835431456565857,0.15231555700302124
11.576339721679688,1.486749826061493,1.5321965217590332,-1.8626229763031006,0.1600061058998108
11.579413414001465,1.4837747206106646,1.5291447639465332,-1.7357289791107178,0.13052567839622498
11.582484245300293,1.4808334896691986,1.5260928869247437,-1.7347218990325928,0.10275425016880035
11.585552215576172,1.4779271397456004,1.5226596593856812,-1.7125657796859741,0.16769665479660034
11.588621616363525,1.475052664096384,1.5196079015731812,-1.6501258611679077,0.08993667364120483
11.591699361801147,1.472204820811312,1.5165560245513916,-1.7357289791107178,0.09677271544933319
11.594766855239868,1.4694018429014526,1.5135042667388916,-1.854566216468811,0.10360875725746155
11.597829341888428,1.4666397130279367,1.510452389717102,-1.7387503385543823,0.13607995212078094
11.60089921951294,1.4639083194955556,1.507400631904602,-1.558480143547058,0.06771954149007797
11.603968381881714,1.4612160117143291,1.504348874092102,-1.5171892642974854,0.17111466825008392
11.607054233551025,1.4585488341432702,1.5012969970703125,-1.453742265701294,0.10617227107286453
11.610127210617065,1.4559334064963692,1.4982452392578125,-1.851544976234436,0.16598764061927795
11.613197326660156,1.453361869180059,1.4955748319625854,-1.553444743156433,0.08181887865066528
11.616264343261719,1.4508352566238292,1.4925230741500854,-1.535317063331604,0.15103380382061005
11.61933422088623,1.4483495938215059,1.4894713163375854,-1.698466420173645,0.11471732705831528
11.622413635253906,1.4459006678684654,1.486419439315796,-1.5292744636535645,0.09976348280906677
11.625489711761475,1.4434997656391801,1.4837491512298584,-1.4638131856918335,0.10574502497911453
11.628557920455933,1.4411510681233204,1.4806973934173584,-1.2573586702346802,0.07199206203222275
11.631626605987549,1.4388488950161713,1.4780269861221313,-1.5010757446289062,0.07028305530548096
11.634698629379272,1.4365920448935876,1.4753566980361938,-1.314763069152832,0.10617227107286453
11.637771368026733,1.4343833799769148,1.4723048210144043,-1.5131609439849854,0.18649576604366302
11.640849113464355,1.4322207773115698,1.4700160026550293,-1.4064087867736816,0.17965972423553467
11.64392352104187,1.4301109473777767,1.4669642448425293,-1.3711605072021484,0.2061493843793869
11.64697790145874,1.428065548002055,1.4646753072738647,-1.5101395845413208,0.18478675186634064
11.650046586990356,1.4260622071548155,1.4620050191879272,-1.1284503936767578,0.16299687325954437
11.65311598777771,1.4241109200872237,1.4593347311019897,-1.138521432876587,0.12155336886644363
11.656193494796753,1.422207943992812,1.4566643238067627,-1.3308765888214111,0.13351644575595856
11.659270524978638,1.420359495767277,1.4543755054473877,-1.2311742305755615,0.1587243527173996
11.662353038787842,1.4185628204449474,1.4517052173614502,-1.3902952671051025,0.1117265596985817
11.665421724319458,1.4168296188668843,1.4494163990020752,-1.2815289497375488,0.1288166642189026
11.668489217758179,1.415152992439184,1.4471274614334106,-1.2915998697280884,0.13009841740131378
11.671558618545532,1.4135318902198024,1.4448386430740356,-1.1365071535110474,0.09976348280906677
11.674638748168945,1.4119626095509714,1.4425498247146606,-1.1767910718917847,0.05447470769286156
11.677715063095093,1.410453339463503,1.4406423568725586,-1.3318836688995361,0.0643015205860138
11.680782318115234,1.4090068502982616,1.4383535385131836,-1.0549324750900269,0.0480659194290638
11.683849573135376,1.4076191489252505,1.436446189880371,-1.1455711126327515,0.08139162510633469
11.686918497085571,1.4062900441775272,1.434157371520996,-1.1234149932861328,0.19632257521152496
11.689978837966919,1.4050242672003666,1.432249903678894,-1.1677271127700806,0.15274280309677124
11.693053960800171,1.4038128079733774,1.4303425550460815,-1.001556396484375,0.14761577546596527
11.696128129959106,1.4026627247764814,1.4280537366867065,-1.0448615550994873,0.14804303646087646
11.699204206466675,1.4015734052605444,1.4265278577804565,-0.9753719568252563,0.08139162510633469
11.702276229858398,1.4005473017230106,1.4246203899383545,-0.9391164779663086,0.11898985505104065
11.705354928970337,1.3995812936924266,1.422713041305542,-0.8948042988777161,0.10061798989772797
11.708431005477905,1.3986787824328635,1.421187162399292,-0.9129320383071899,0.06002899259328842
11.711498498916626,1.3978415101475687,1.4192798137664795,-1.0791027545928955,0.11471732705831528
11.714569568634033,1.397066316374289,1.41775381565094,-0.8585488796234131,0.07028305530548096
11.717639684677124,1.396354713678031,1.41622793674469,-1.0639963150024414,0.10318150371313095
11.720709800720215,1.3957067163105856,1.41470205783844,-0.9421377778053284,0.059601739048957825
11.7237868309021,1.3951213220602705,1.41317617893219,-0.810208261013031,0.13437095284461975
11.726861715316772,1.3946006218298073,1.41165030002594,-0.737697422504425,0.07498283684253693
11.729939699172974,1.3941439520665382,1.4105058908462524,-0.6148317456245422,0.06601052731275558
11.732977867126465,1.3937566964543855,1.4093613624572754,-0.6269168853759766,0.07541008293628693
11.736046552658081,1.3934297425280744,1.408216953277588,-0.7558251023292542,0.05746547505259514
11.739126920700073,1.3931665470052468,1.4070725440979004,-0.737697422504425,0.07754635065793991
11.742202758789062,1.3929688197470091,1.4063096046447754,-0.34090182185173035,-0.01730373129248619
11.745269060134888,1.3928365102206255,1.405165195465088,-0.2673838436603546,0.10916304588317871
11.748335599899292,1.392768951190195,1.404402256011963,-0.4567177891731262,0.15188831090927124
11.751401901245117,1.3927661782366716,1.4032578468322754,-0.4597390592098236,0.08780041337013245
11.75447130203247,1.392828280062409,1.4024949073791504,-0.48189517855644226,0.10574502497911453
11.757548809051514,1.3929556903964775,1.4017318487167358,-0.4124055802822113,0.09805447608232498
11.76062273979187,1.393148021915947,1.4009689092636108,-0.4879377484321594,0.14590676128864288
11.763694047927856,1.3934050659098953,1.4002059698104858,-0.2865186631679535,0.14932478964328766
11.76676082611084,1.3937263407881662,1.3994430303573608,-0.18580910563468933,0.1271076500415802
11.769830226898193,1.394112416045529,1.3990615606307983,-0.2381780743598938,0.22964827716350555
11.772912740707397,1.3945649634542439,1.3982986211776733,-0.34291601181030273,0.1736781895160675
11.775984048843384,1.3950803045039324,1.3982986211776733,-0.07402151823043823,0.1578698456287384
11.77906060218811,1.3956608192157711,1.3975356817245483,-0.32780957221984863,0.18649576604366302
11.782129049301147,1.3963036829365043,1.3975356817245483,-0.07704280316829681,0.12497138977050781
11.785195589065552,1.3970096430244159,1.3971542119979858,0.02668802998960018,0.125825896859169
11.788264751434326,1.3977795020161943,1.3967727422714233,-0.26234835386276245,0.21853971481323242
11.79134225845337,1.3986147471808064,1.3967727422714233,-0.08207827806472778,0.19803158938884735
11.794415473937988,1.3995117628341298,1.3967727422714233,0.04179446026682854,0.14718852937221527
11.797492980957031,1.4004727187540018,1.3967727422714233,0.03776608034968376,0.16470588743686676
11.800567150115967,1.4014949033731192,1.3967727422714233,-0.03474479168653488,0.2211032211780548
11.80363655090332,1.4025772145099378,1.3967727422714233,-0.03978027030825615,0.19717708230018616
11.806715250015259,1.4037243439911977,1.3967727422714233,0.1284046620130539,0.2894636392593384
11.809788703918457,1.4049305669147791,1.3971542119979858,0.21300068497657776,0.27792781591415405
11.81286072731018,1.4061967319361839,1.3975356817245483,0.27644771337509155,0.3817501962184906
11.815929889678955,1.4075216517406473,1.3975356817245483,0.2220645397901535,0.2826276123523712
11.818979740142822,1.4088970895235864,1.3979171514511108,0.3529869616031647,0.3317616581916809
11.822049379348755,1.410340180752581,1.3982986211776733,0.31068894267082214,0.3052719831466675
11.825127124786377,1.4118456970866073,1.3990615606307983,0.21803615987300873,0.3351796865463257
11.828202247619629,1.4134079854376298,1.3994430303573608,0.18480201065540314,0.27963683009147644
11.831273794174194,1.4150258037190802,1.4002059698104858,0.4929732084274292,0.287327378988266
11.834342002868652,1.4166984824145703,1.4009689092636108,0.3831998109817505,0.3309071362018585
11.837411403656006,1.4184278094124998,1.4021133184432983,0.5574273467063904,0.29587242007255554
11.840488910675049,1.420217288670381,1.4024949073791504,0.5000228881835938,0.3514152765274048
11.843562602996826,1.4220594378221096,1.403639316558838,0.581597626209259,0.2232394963502884
11.846632480621338,1.4239533668687772,1.4047837257385254,0.6037537455558777,0.29245442152023315
11.84970211982727,1.425900470308834,1.405928134918213,0.7286335825920105,0.2860456109046936
11.852773666381836,1.427901427585641,1.4070725440979004,0.6813000440597534,0.3321889042854309
11.85585618019104,1.4299617221926901,1.408216953277588,0.5564202070236206,0.2364843189716339
11.858942031860352,1.432075844978419,1.409742832183838,0.7528038620948792,0.26041045784950256
11.861977577209473,1.4342051015468154,1.410887360572815,0.6984207034111023,0.26083773374557495
11.865047931671143,1.436408019887344,1.4120317697525024,0.7507896423339844,0.23349355161190033
11.868114471435547,1.4386568200527057,1.4135576486587524,0.6400091648101807,0.16983291506767273
11.871183395385742,1.4409551775193716,1.4150835275650024,0.7185626029968262,0.2681010067462921
11.874260425567627,1.4433067645017132,1.4166094064712524,0.771938681602478,0.251865416765213
11.877334356307983,1.4457022557210206,1.418135404586792,0.8595559597015381,0.3150987923145294
11.880404710769653,1.4481402369708523,1.419661283493042,0.8212863206863403,0.34415197372436523
11.883471250534058,1.4506194499682465,1.4215686321258545,1.0267337560653687,0.31210803985595703
11.886540412902832,1.4531441510999803,1.4230945110321045,1.1788052320480347,0.3608148396015167
11.889617919921875,1.455718336752116,1.425001859664917,1.0498969554901123,0.3492790162563324
11.892692804336548,1.4583319921344375,1.426909327507019,1.141542673110962,0.40653085708618164
11.895767211914062,1.4609859026176573,1.4288166761398315,1.1093156337738037,0.3163805603981018
11.898845911026001,1.4636832672308473,1.430724024772644,1.012634515762329,0.34030669927597046
11.901921272277832,1.46641641321217,1.4326313734054565,1.0327763557434082,0.3667963743209839
11.904983758926392,1.469175546439422,1.434920310974121,1.2059967517852783,0.4586556851863861
11.908074140548706,1.4719966339013102,1.437209129333496,1.3459830284118652,0.3313344120979309
11.911146402359009,1.4748367960819722,1.4391164779663086,0.9824215769767761,0.31168079376220703
11.914215326309204,1.4777082673376845,1.4414052963256836,1.068024754524231,0.2651102542877197
11.91728162765503,1.4806105504053908,1.4436942338943481,1.3379262685775757,0.3172350525856018
11.920351505279541,1.483548448247825,1.4459830522537231,1.1737697124481201,0.26211947202682495
11.923428773880005,1.4865246870190199,1.4486533403396606,1.4265507459640503,0.24246585369110107
11.926499366760254,1.489524565436709,1.4505608081817627,1.2140535116195679,0.3027084767818451
11.929569005966187,1.4925524448962886,1.4532310962677002,1.5856717824935913,0.3206530809402466
11.932638883590698,1.495608364570601,1.4555199146270752,1.4940260648727417,0.29758143424987793
11.935708045959473,1.4986902322377897,1.4581903219223022,1.1969329118728638,0.3317616581916809
11.93878722190857,1.501807789423698,1.4608606100082397,1.5474021434783936,0.3150987923145294
11.941863536834717,1.5049469267406481,1.4635308980941772,1.384252667427063,0.27920958399772644
11.94493556022644,1.508104929008049,1.4662013053894043,1.4205081462860107,0.3979858160018921
11.947980403900146,1.5112567533344736,1.4688715934753418,1.5856717824935913,0.2992904484272003
11.951049327850342,1.5144542536446515,1.4711604118347168,1.3238269090652466,0.33987945318222046
11.954118728637695,1.5176719008982844,1.4742122888565063,1.5312886238098145,0.31125351786613464
11.957197666168213,1.5209180853499424,1.4768825769424438,1.5635156631469727,0.2540016770362854
11.960272789001465,1.524177571162035,1.4795528650283813,1.5645227432250977,0.2894636392593384
11.963345289230347,1.527450352127758,1.482604742050171,1.5876859426498413,0.27493706345558167
11.966413974761963,1.530733890704678,1.4852750301361084,1.6652323007583618,0.24545662105083466
11.969552993774414,1.5341067388718646,1.488326907157898,1.5917143821716309,0.29159989953041077
11.972729921340942,1.5375334575514406,1.491378664970398,1.466834545135498,0.29245442152023315
11.97590684890747,1.5409720332756056,1.494430422782898,1.5302815437316895,0.2676737606525421
11.979066848754883,1.5444026928720598,1.4974822998046875,1.4356145858764648,0.2544289231300354
11.982186794281006,1.5477987253628813,1.5005340576171875,1.5192034244537354,0.30997177958488464
11.98530387878418,1.5511991246210908,1.5035858154296875,1.5735865831375122,0.42020294070243835
11.988405227661133,1.5545884863932067,1.506637692451477,1.7870908975601196,0.43857482075691223
11.991475343704224,1.5579484701937556,1.509689450263977,1.555458903312683,0.3924315273761749
11.994541883468628,1.5613080112910303,1.513122797012329,1.833417296409607,0.31168079376220703
11.997607231140137,1.5646684668216768,1.516174554824829,1.7317006587982178,0.29672694206237793
12.000673532485962,1.568030941465432,1.519226312637329,1.6581826210021973,0.24460211396217346
12.00374174118042,1.5713952330218963,1.5222781896591187,1.7457998991012573,0.28177309036254883
12.006808042526245,1.5747559100708999,1.5257114171981812,1.8152894973754883,0.3202258348464966
12.009878873825073,1.578118774931239,1.5287632942199707,1.7478141784667969,0.2839093506336212
12.012947082519531,1.5814747429359641,1.5318150520324707,1.6148775815963745,0.29117265343666077
12.015977382659912,1.5847840786830032,1.5352483987808228,1.7014877796173096,0.2681010067462921
12.019044876098633,1.5881275694432115,1.5383001565933228,1.627969741821289,0.2860456109046936
12.022113800048828,1.5914648743331512,1.5413519144058228,1.5625085830688477,0.28091859817504883
12.025179624557495,1.5947898352185823,1.5447852611541748,1.7860838174819946,0.43814754486083984
12.02824592590332,1.598105107654148,1.5478370189666748,1.622934341430664,0.29159989953041077
12.031311511993408,1.6014081739955113,1.5512703657150269,1.7508354187011719,0.20059509575366974
12.034377813339233,1.6046993495152952,1.5547035932540894,1.854566216468811,0.27835509181022644
12.037444591522217,1.6079771490784618,1.5577553510665894,1.7709773778915405,0.38602274656295776
12.040510177612305,1.6112385776976956,1.5611886978149414,1.8948501348495483,0.2552834451198578
12.043575763702393,1.6144837022812912,1.5642404556274414,1.6209200620651245,0.3663691282272339
12.04664158821106,1.6177115691977433,1.5676738023757935,1.7115586996078491,0.3616693317890167
12.04970645904541,1.620919732464068,1.5707255601882935,1.6622110605239868,0.3317616581916809
12.052773475646973,1.624110234196558,1.574158787727356,1.7548638582229614,0.3851682245731354
12.055840015411377,1.627279145783898,1.577592134475708,1.8737010955810547,0.23562981188297272
12.058908700942993,1.6304279821923833,1.580643892288208,1.8837720155715942,0.4287480115890503
12.06198763847351,1.6335637486378238,1.58407723903656,1.778027057647705,0.24118410050868988
12.065058946609497,1.636667036652504,1.58712899684906,1.7317006587982178,0.1899137794971466
12.068124055862427,1.6397383060182298,1.590562343597412,1.7306935787200928,0.2373388260602951
12.071190357208252,1.6427838849881675,1.593614101409912,1.6712749004364014,0.32663461565971375
12.074256658554077,1.6458014435583936,1.596665859222412,1.7488212585449219,0.27450981736183167
12.077322244644165,1.6487891680895888,1.6000992059707642,1.7538566589355469,0.34201571345329285
12.080388307571411,1.651747114948605,1.6031509637832642,1.5967497825622559,0.38944074511528015
12.08345365524292,1.6546730403934755,1.6065843105316162,1.7860838174819946,0.4479743540287018
12.086519241333008,1.6575667764451356,1.6096360683441162,1.606820821762085,0.22494849562644958
12.089591264724731,1.6604329908492463,1.6123063564300537,1.5826505422592163,0.33774319291114807
12.092660427093506,1.663261884283171,1.6172655820846558,1.8122682571411133,0.19375905394554138
12.09572720527649,1.6660529342450747,1.6195544004440308,1.853559136390686,0.2851911187171936
12.098794221878052,1.6688075282509993,1.6218433380126953,1.6541543006896973,0.16171512007713318
12.101860523223877,1.67152379588111,1.6248950958251953,1.7558709383010864,0.40866711735725403
12.104928016662598,1.67420240895863,1.6279468536376953,1.7548638582229614,0.3005722165107727
12.107979774475098,1.6768278750583774,1.6309987306594849,1.5322957038879395,0.3338979184627533
12.111049175262451,1.6794278960197455,1.6340504884719849,1.7317006587982178,0.20871290564537048
12.114115238189697,1.6819834520683095,1.6371023654937744,1.539345383644104,0.3168078064918518
12.117181777954102,1.6844968319937026,1.6401541233062744,1.4184939861297607,0.27579155564308167
12.120247840881348,1.6869663214221353,1.642824411392212,1.3661249876022339,0.3296253979206085
12.12331509590149,1.6893923321672346,1.6458762884140015,2.0237584114074707,0.3296253979206085
12.126381874084473,1.6917726280087186,1.648546576499939,1.558480143547058,0.3612420856952667
12.129446983337402,1.6941054483277989,1.6512168645858765,1.61185622215271,0.4099488854408264
12.132513046264648,1.6963919394662834,1.654268741607666,1.5071183443069458,0.25912871956825256
12.135578393936157,1.6986300032450914,1.6569390296936035,1.380224347114563,0.2980087101459503
12.138643980026245,1.7008195167586162,1.659609317779541,1.5020828247070312,0.3454337418079376
12.141709327697754,1.702959327266987,1.662279725074768,1.3399405479431152,0.40823987126350403
12.144774913787842,1.705048973754359,1.6649500131607056,1.466834545135498,0.40610361099243164
12.14784288406372,1.7070890779322174,1.667620301246643,1.2744792699813843,0.4099488854408264
12.1509108543396,1.709077236883602,1.6702907085418701,1.4930189847946167,0.28220033645629883
12.153980255126953,1.7110136019134523,1.6729609966278076,1.2362096309661865,0.27963683009147644
12.15704870223999,1.7128959369903003,1.6756312847137451,1.3258411884307861,0.3625238537788391
12.160117149353027,1.7147241523279966,1.6779202222824097,1.224124550819397,0.31125351786613464
12.163182735443115,1.7164959405879796,1.6802090406417847,1.2482948303222656,0.3761959373950958
12.166247844696045,1.7182121117362947,1.6824978590011597,1.3389333486557007,0.38858625292778015
12.169313430786133,1.7198725630251417,1.6847867965698242,1.3369191884994507,0.43686580657958984
12.17237901687622,1.721476407122377,1.6870756149291992,1.0962233543395996,0.3330434262752533
12.17544412612915,1.723022812908011,1.6893644332885742,1.08816659450531,0.19760432839393616
12.178513765335083,1.7245136177998326,1.6916533708572388,1.0589609146118164,0.28134584426879883
12.181579113006592,1.7259439779420085,1.6939421892166138,1.1808193922042847,0.26211947202682495
12.18464469909668,1.727315591927265,1.6958495378494263,1.0579537153244019,0.3001449704170227
12.187710285186768,1.7286278373607895,1.6981383562088013,1.08212411403656,0.30911725759506226
12.190775871276855,1.7298802274001617,1.7000458240509033,0.999542236328125,0.3142443001270294
12.193841218948364,1.7310722070559572,1.7019531726837158,1.156649112701416,0.4291752576828003
12.196909666061401,1.732204546828126,1.7038605213165283,1.069031834602356,0.4167849123477936
12.199979066848755,1.7332759133097013,1.7057678699493408,1.1767910718917847,0.40225833654403687
12.203044891357422,1.7342844063240652,1.7072938680648804,1.0468757152557373,0.37064164876937866
12.206111192703247,1.7352310781018936,1.7092012166976929,1.0277409553527832,0.48728159070014954
12.209176540374756,1.7361151502905634,1.7107270956039429,0.928038477897644,0.4146486520767212
12.212241888046265,1.7369365990372183,1.7122529745101929,0.878690779209137,0.3620965778827667
12.215307235717773,1.737695119632171,1.7137788534164429,0.8817120790481567,0.32834362983703613
12.21837329864502,1.7383905855527002,1.7153048515319824,0.9109178185462952,0.43302053213119507
12.22143840789795,1.7390223676842456,1.7168307304382324,0.9512016773223877,0.34757000207901
12.224504947662354,1.739590708102771,1.7183566093444824,0.6933852434158325,0.4736095070838928
12.227570533752441,1.7400949392355514,1.7198824882507324,0.8514991998672485,0.383031964302063
12.23063588142395,1.7405350289527295,1.72102689743042,0.6259098052978516,0.32236209511756897
12.233701229095459,1.7409108557100896,1.7221713066101074,0.5735408663749695,0.30954450368881226
12.236771583557129,1.7412227360151902,1.7233158349990845,0.6621652841567993,0.3150987923145294
12.239848613739014,1.7414703541103986,1.724460244178772,0.3942778706550598,0.3967040479183197
12.242918252944946,1.741652508557437,1.7256046533584595,0.5171434879302979,0.3454337418079376
12.245980501174927,1.7417695998178542,1.726749062538147,0.6067749857902527,0.2715190351009369
12.249050378799438,1.7418221510963976,1.727512001991272,0.6238956451416016,0.34714275598526
12.25211763381958,1.741809808775499,1.7286564111709595,0.4577248692512512,0.32877087593078613
12.255184173583984,1.7417326755885205,1.7294193506240845,0.6823071837425232,0.34842449426651
12.258252382278442,1.7415906900025284,1.7301822900772095,0.4597390592098236,0.2646830081939697
12.26132082939148,1.7413839105438167,1.730945348739624,0.2834973633289337,0.32193484902381897
12.264386892318726,1.741112658626979,1.731708288192749,0.270405113697052,0.31082627177238464
12.267452955245972,1.7407768993910382,1.7320897579193115,0.20393683016300201,0.34030669927597046
12.270519018173218,1.7403767574412614,1.732471227645874,0.21300068497657776,0.27835509181022644
12.273584842681885,1.73991241987936,1.7328526973724365,0.12034790217876434,0.4167849123477936
12.276653051376343,1.7393835946013938,1.7336156368255615,0.0941634252667427,0.3193713426589966
12.279721736907959,1.7387907171805923,1.7336156368255615,0.2865186631679535,0.3492790162563324
12.282788276672363,1.7381345665906578,1.733997106552124,0.09919890016317368,0.3813229501247406
12.285854578018188,1.737415052578534,1.7343785762786865,0.10725566744804382,0.3360341787338257
12.2889244556427,1.7366314440814492,1.7343785762786865,0.2069581151008606,0.3766231834888458
12.291980504989624,1.7357887891893748,1.7343785762786865,0.0015106431674212217,0.3766231834888458
12.29504919052124,1.7348801409152168,1.7343785762786865,-0.13948272168636322,0.35526055097579956
12.298115253448486,1.7339100481672793,1.7343785762786865,-0.17775234580039978,0.28220033645629883
12.30118179321289,1.7328779558207779,1.7343785762786865,-0.07402151823043823,0.34757000207901
12.304248332977295,1.7317843930615466,1.7343785762786865,-0.05891508236527443,0.34287023544311523
12.307314157485962,1.7306300422515322,1.733997106552124,-0.2583199739456177,0.2236667424440384
12.31037974357605,1.7294151806325055,1.733997106552124,-0.01258869282901287,0.2548561692237854
12.313445806503296,1.7281399685395118,1.7336156368255615,-0.1263904720544815,0.16342411935329437
12.316511631011963,1.7268051695973452,1.733234167098999,-0.27745479345321655,0.14590676128864288
12.319578647613525,1.725410628791588,1.733234167098999,-0.035751886665821075,0.05532921478152275
12.322645425796509,1.7239574866551102,1.7328526973724365,-0.29256123304367065,0.10061798989772797
12.325711250305176,1.72244665556649,1.732471227645874,-0.21300068497657776,0.11599908769130707
12.32878065109253,1.7208763904143944,1.731708288192749,-0.3489585816860199,0.12069886177778244
12.331849336624146,1.7192493895945677,1.7313268184661865,-0.32478827238082886,0.07797360420227051
12.334918737411499,1.7175654998005536,1.7301822900772095,-0.31270313262939453,0.02883955091238022
12.337977647781372,1.7158317604751858,1.729800820350647,-0.43556877970695496,0.05661097168922424
12.341046333312988,1.7140373498499617,1.7286564111709595,-0.5533989667892456,0.0788281038403511
12.344112157821655,1.7121901357909204,1.7278934717178345,-0.2522774040699005,0.04635690897703171
12.347178220748901,1.710289006450161,1.726749062538147,-0.4426184594631195,0.07669184356927872
12.350245714187622,1.7083338848782563,1.725986123085022,-0.6772716641426086,0.09677271544933319
12.353312253952026,1.7063270040221752,1.724460244178772,-0.6651865243911743,0.10403601080179214
12.356377840042114,1.7042691573964703,1.7233158349990845,-0.5604485869407654,0.07711909711360931
12.35944676399231,1.7021581690729657,1.7221713066101074,-0.7195696830749512,0.11941710859537125
12.36252760887146,1.6999885451438463,1.7206454277038574,-0.73870450258255,0.11685358732938766
12.365605115890503,1.6977716307968207,1.71950101852417,-0.8696269392967224,0.06173800304532051
12.368675708770752,1.6955110758190142,1.71797513961792,-0.7074845433235168,0.063019759953022
12.371744871139526,1.6932038825935092,1.71644926071167,-0.7840238213539124,0.1279621571302414
12.374811172485352,1.6908520831011526,1.7153048515319824,-0.7125200033187866,0.08181887865066528
12.377878427505493,1.6884536688507836,1.7133973836898804,-0.7528038620948792,0.1762416958808899
12.380945682525635,1.6860102548483633,1.7118715047836304,-0.9421377778053284,0.16940565407276154
12.383977174758911,1.6835520023070316,1.7099641561508179,-0.9159532785415649,0.14847028255462646
12.387043476104736,1.6810226188924529,1.7080568075180054,-1.0378118753433228,0.19290456175804138
12.390109539031982,1.6784512234753746,1.7065308094024658,-1.1334859132766724,0.10830853879451752
12.393182516098022,1.6758326377798949,1.7046234607696533,-0.9753719568252563,0.16940565407276154
12.396249294281006,1.6731789932488181,1.7023346424102783,-1.0921950340270996,0.1288166642189026
12.399317741394043,1.6704845582395196,1.7004272937774658,-1.1062943935394287,0.1736781895160675
12.402384757995605,1.6677530502818507,1.6985198259353638,-1.2684366703033447,0.1587243527173996
12.405452013015747,1.6649840199947625,1.6962310075759888,-1.1616846323013306,0.1253986358642578
12.408518552780151,1.6621793649889318,1.6943236589431763,-0.9683222770690918,0.14505226910114288
12.411584377288818,1.6593401514484503,1.6920348405838013,-1.2382237911224365,0.11300831288099289
12.414650201797485,1.6564667828998876,1.6897459030151367,-1.0045777559280396,0.030548561364412308
12.41771674156189,1.6535596436749151,1.6874570846557617,-1.2563515901565552,0.07327382266521454
12.420783519744873,1.6506202496716738,1.6855497360229492,-1.2694437503814697,0.11386281996965408
12.42385220527649,1.6476480602404113,1.6828793287277222,-1.453742265701294,0.09036392718553543
12.426921129226685,1.644645764188158,1.6805905103683472,-1.4084229469299316,0.11685358732938766
12.429977893829346,1.641626772112467,1.6783016920089722,-1.3429617881774902,0.14633402228355408
12.43304443359375,1.6385705756431967,1.6756312847137451,-1.074067234992981,0.2646830081939697
12.436111211776733,1.635487677854363,1.6733424663543701,-1.3570611476898193,0.16726939380168915
12.4391770362854,1.6323804303225864,1.6702907085418701,-1.4164797067642212,0.11685358732938766
12.442242860794067,1.6292490313819983,1.6680018901824951,-1.3530327081680298,0.06216525658965111
12.445308685302734,1.6260946429607956,1.665331482887268,-1.3308765888214111,0.0792553573846817
12.44837498664856,1.6229179398761915,1.6626611948013306,-1.4346075057983398,0.0801098644733429
12.451441287994385,1.6197205900874119,1.6599907875061035,-1.395330786705017,0.18094147741794586
12.45450758934021,1.6165037803632634,1.6569390296936035,-1.4859693050384521,0.05020218342542648
12.457575798034668,1.6132666869275698,1.654268741607666,-1.5312886238098145,0.09079118072986603
12.460651397705078,1.6100046492205078,1.651598334312439,-1.3923094272613525,0.0942092016339302
12.463719844818115,1.6067343023627876,1.648546576499939,-1.6319981813430786,0.07626459002494812
12.466785907745361,1.60345185305713,1.6458762884140015,-1.6904096603393555,0.1283894032239914
12.469852924346924,1.6001549572989529,1.642824411392212,-1.5151751041412354,0.16470588743686676
12.472923278808594,1.5968422506199373,1.6401541233062744,-1.523231863975525,0.13650721311569214
12.475979804992676,1.5935335389289287,1.6371023654937744,-1.4910048246383667,0.12112611532211304
12.47904896736145,1.5902014120560295,1.6340504884719849,-1.7125657796859741,0.13095292448997498
12.482122659683228,1.5868558297492688,1.6313802003860474,-1.2764934301376343,0.10659952461719513
12.485189199447632,1.5835107606953391,1.6279468536376953,-1.5886930227279663,0.1574425846338272
12.488255739212036,1.580159670868309,1.6248950958251953,-1.6410620212554932,0.12454413622617722
12.491322755813599,1.5768032821610753,1.6218433380126953,-1.8716869354248047,0.10830853879451752
12.494389533996582,1.5734436228952122,1.6187914609909058,-1.626962661743164,0.08352788537740707
12.497456789016724,1.5700811568847994,1.6157397031784058,-1.6189059019088745,0.03653009980916977
12.500525951385498,1.566715563464679,1.6126878261566162,-1.6712749004364014,0.10232700407505035
12.50359559059143,1.563349661748142,1.6092545986175537,-1.7518424987792969,0.1604333519935608
12.506661891937256,1.5599888837963072,1.6062028408050537,-1.8011902570724487,0.191622793674469
12.509727954864502,1.5566310776519292,1.6027694940567017,-1.7437857389450073,0.19674982130527496
12.512793779373169,1.5532774886694385,1.5997177362442017,-1.7457998991012573,0.10659952461719513
12.515861749649048,1.5499267585738958,1.596665859222412,-1.6289769411087036,0.10873579233884811
12.518930673599243,1.5465814426907796,1.593614101409912,-1.6420691013336182,0.1595788449048996
12.521984100341797,1.5432606598843457,1.5901808738708496,-1.682352900505066,0.1753872036933899
12.525053262710571,1.5399316794086,1.5867475271224976,-1.7407644987106323,0.13351644575595856
12.528119325637817,1.5366162194192772,1.5836957693099976,-1.7538566589355469,0.11898985505104065
12.531185150146484,1.5333124002459078,1.5802624225616455,-1.7488212585449219,0.0942092016339302
12.534251928329468,1.5300201678760463,1.5772106647491455,-1.6873884201049805,0.10189975053071976
12.53731894493103,1.5267415199168786,1.574158787727356,-1.5987640619277954,0.1292439103126526
12.540385246276855,1.5234786895814485,1.5707255601882935,-1.941176414489746,0.2078583985567093
12.54345178604126,1.5202318699005797,1.567292332649231,-1.8424811363220215,0.1429159939289093
12.546517133712769,1.5170037723268526,1.5642404556274414,-1.7518424987792969,0.12454413622617722
12.549583196640015,1.5137935822740123,1.560807228088379,-1.77903413772583,0.07071030884981155
12.55264925956726,1.510603246406479,1.5573738813400269,-1.8042114973068237,0.12069886177778244
12.555716753005981,1.507432475122009,1.5543221235275269,-1.8152894973754883,0.04892042279243469
12.558785438537598,1.5042827203447457,1.5512703657150269,-1.7719844579696655,0.1591515988111496
12.561864852905273,1.5011455014720858,1.5478370189666748,-1.8424811363220215,0.1749599426984787
12.564944744110107,1.498032564952873,1.5444037914276123,-1.6400549411773682,0.14718852937221527
12.567980289459229,1.4949898228866532,1.5413519144058228,-1.7377431392669678,0.1275349110364914
12.571049928665161,1.4919396561500142,1.5383001565933228,-1.6511329412460327,0.1574425846338272
12.574115991592407,1.4889210233795187,1.5348668098449707,-1.7588921785354614,0.1288166642189026
12.577182292938232,1.4859312440634307,1.5314335823059082,-1.6622110605239868,0.15017929673194885
12.580248594284058,1.482971663758391,1.5283818244934082,-1.7729915380477905,0.11984435468912125
12.583315372467041,1.4800429280960352,1.5253299474716187,-1.7347218990325928,0.12198062241077423
12.586382389068604,1.4771463632181197,1.5218967199325562,-1.8223391771316528,0.11215381324291229
12.589449167251587,1.4742834949073549,1.5188448429107666,-1.6894025802612305,0.09976348280906677
12.592515230178833,1.4714558152075827,1.5157930850982666,-1.7609063386917114,0.09036392718553543
12.595581769943237,1.46866327045857,1.5127413272857666,-1.540352463722229,0.021576257422566414
12.598647594451904,1.4659079782719728,1.509689450263977,-1.6007782220840454,0.15658807754516602
12.601713418960571,1.4631903054824265,1.506637692451477,-1.698466420173645,0.10446326434612274
12.604780435562134,1.46051022644388,1.5035858154296875,-1.7075303792953491,0.13009841740131378
12.607848882675171,1.4578685783580485,1.5005340576171875,-1.6400549411773682,0.18265049159526825
12.610917806625366,1.455267201258449,1.49786376953125,-1.6309911012649536,0.14676126837730408
12.613980054855347,1.4527129981646225,1.494430422782898,-1.8032044172286987,0.09207294136285782
12.617048978805542,1.4501957827377903,1.4917601346969604,-1.7357289791107178,0.06558327376842499
12.620115041732788,1.447724390264786,1.4887083768844604,-1.3298695087432861,0.1582970917224884
12.623181581497192,1.4452969972865783,1.485656499862671,-1.5776150226593018,0.07583733648061752
12.626248359680176,1.442914709261157,1.4829862117767334,-1.7528495788574219,0.12454413622617722
12.62931752204895,1.4405768032122799,1.4803158044815063,-1.5463950634002686,0.039093613624572754
12.632384777069092,1.4382874271215198,1.4776455163955688,-1.4235293865203857,0.07754635065793991
12.635452270507812,1.4360457915668285,1.4745937585830688,-1.540352463722229,0.095490962266922
12.63852310180664,1.4338505497131313,1.4719233512878418,-1.4356145858764648,0.0963454619050026
12.641589403152466,1.4317081123099873,1.4692530632019043,-1.4366216659545898,0.07028305530548096
12.644655704498291,1.4296160000615248,1.4665827751159668,-1.5131609439849854,0.1437705010175705
12.647722244262695,1.4275748328115458,1.4639123678207397,-1.5343098640441895,0.21554894745349884
12.650788307189941,1.4255858382004996,1.4612420797348022,-1.3308765888214111,0.18350499868392944
12.653858423233032,1.4236469083219836,1.4585717916488647,-1.3016709089279175,0.12967117130756378
12.65692663192749,1.4217625830751754,1.4562828540802002,-1.4054017066955566,0.05404745414853096
12.65998649597168,1.4199372454790178,1.4539940357208252,-1.3228198289871216,0.12283512949943542
12.663072347640991,1.4181515676663203,1.4513237476348877,-1.3258411884307861,0.07412832975387573
12.66614556312561,1.4164289222954556,1.4490348100662231,-1.2704509496688843,0.12069886177778244
12.669216394424438,1.4147637969220175,1.4463645219802856,-1.3500114679336548,0.07284656912088394
12.672286748886108,1.4131556986686835,1.4444571733474731,-1.2180819511413574,0.09848172962665558
12.675356149673462,1.4116054357641787,1.4421683549880981,-1.2090181112289429,0.06729228794574738
12.678422451019287,1.4101145540273685,1.440260887145996,-1.1355000734329224,0.05362020432949066
12.681491613388062,1.4086807031555697,1.437972068786621,-1.2200961112976074,0.05404745414853096
12.684560298919678,1.4073060434899443,1.4360647201538086,-0.966308057308197,0.07626459002494812
12.68762731552124,1.4059915577581632,1.4337759017944336,-1.016662836074829,0.18008697032928467
12.690693616867065,1.404737255957957,1.4318684339523315,-1.015655755996704,0.18393224477767944
12.693760633468628,1.4035430187218894,1.4295796155929565,-1.3590753078460693,0.15658807754516602
12.696829557418823,1.402408903249521,1.427672266960144,-1.003570556640625,0.15231555700302124
12.699899196624756,1.4013358498710353,1.426146388053894,-0.7830166816711426,0.06216525658965111
12.702965497970581,1.4003255952002966,1.424238920211792,-0.7920805811882019,0.1433432549238205
12.706044912338257,1.3993733922913254,1.4223315715789795,-1.0327763557434082,0.08480964601039886
12.709110736846924,1.3984878366970832,1.4208056926727295,-0.9773861169815063,0.07455558329820633
12.712177038192749,1.3976647941271212,1.4192798137664795,-0.8877546191215515,0.1117265596985817
12.715242862701416,1.3969048259503096,1.4173723459243774,-0.8867475390434265,0.0946364551782608
12.71830940246582,1.3962079261356946,1.4158464670181274,-1.1163653135299683,0.15359731018543243
12.721376180648804,1.3955744912796963,1.4143205881118774,-0.6641794443130493,0.14847028255462646
12.724441766738892,1.3950050222403352,1.41317617893219,-0.7296406626701355,0.1416342407464981
12.727511405944824,1.3944988456998813,1.41165030002594,-0.687342643737793,0.08181887865066528
12.73058032989502,1.3940570405476884,1.4105058908462524,-0.689356803894043,0.05831998214125633
12.733646392822266,1.39367996742163,1.4093613624572754,-0.6430304646492004,0.04464789852499962
12.73671269416809,1.3933673026344777,1.4078354835510254,-0.7417258024215698,0.051483940333127975
12.739778518676758,1.393119227621282,1.4070725440979004,-0.5755550265312195,0.04422064498066902
12.742845296859741,1.3929357337953918,1.405928134918213,-0.4879377484321594,0.03353932872414589
12.745911359786987,1.3928169966457766,1.405165195465088,-0.4728313088417053,0.08566414564847946
12.748979330062866,1.392762996473006,1.4040207862854004,-0.617853045463562,0.06900129467248917
12.752045392990112,1.3927738204587912,1.4032578468322754,-0.5362783074378967,0.08566414564847946
12.755111455917358,1.3928494108710112,1.4024949073791504,-0.3831998109817505,0.11642633378505707
12.758180856704712,1.3929899276856723,1.4017318487167358,-0.5060654878616333,0.13351644575595856
12.761258125305176,1.393195881237252,1.4009689092636108,-0.3459372818470001,0.13394369184970856
12.764331340789795,1.3934665179461418,1.4002059698104858,-0.32277408242225647,0.18051423132419586
12.767398118972778,1.3938011950329803,1.3994430303573608,-0.4436255395412445,0.19717708230018616
12.77046537399292,1.394200354368456,1.3990615606307983,-0.32780957221984863,0.20315861701965332
12.77354097366333,1.394665149049728,1.3982986211776733,-0.27846190333366394,0.1420614868402481
12.776609659194946,1.3951931454409283,1.3979171514511108,-0.12135500460863113,0.18094147741794586
12.779675722122192,1.3957845865400516,1.3975356817245483,-0.11531242728233337,0.15530632436275482
12.782743692398071,1.3964401040070764,1.3971542119979858,-0.3358663320541382,0.09121843427419662
12.78581166267395,1.3971591061975288,1.3971542119979858,0.11732661724090576,0.21170367300510406
12.788881063461304,1.3979417053756638,1.3967727422714233,-0.15156786143779755,0.20401312410831451
12.791947364807129,1.3987864044853335,1.3967727422714233,0.008560311049222946,0.2057221382856369
12.7949800491333,1.3996833640269224,1.3967727422714233,0.008560311049222946,0.19589532911777496
12.798048734664917,1.40065291325201,1.3967727422714233,-0.07704280316829681,0.1770962029695511
12.80111837387085,1.401684740846829,1.3967727422714233,0.1757381558418274,0.19674982130527496
12.804186582565308,1.4027776475001517,1.3967727422714233,0.1727168709039688,0.251438170671463
12.807255029678345,1.4039317855350466,1.3971542119979858,-0.007553216069936752,0.23221179842948914
12.810323238372803,1.4051465466862718,1.3971542119979858,0.14955367147922516,0.3326161503791809
12.813389301300049,1.4064206541740156,1.3975356817245483,0.08107118308544159,0.3159533143043518
12.816456079483032,1.407754781624638,1.3975356817245483,0.2512703239917755,0.33774319291114807
12.819522380828857,1.4091479222450447,1.3982986211776733,0.3338521420955658,0.383031964302063
12.82258915901184,1.4105999920568337,1.3986800909042358,0.2714122235774994,0.35782405734062195
12.825656175613403,1.4121103595273587,1.3990615606307983,0.23112840950489044,0.32321658730506897
12.82872223854065,1.4136778567194104,1.3994430303573608,0.3207598924636841,0.3458609879016876
12.831788301467896,1.4153023625378236,1.4002059698104858,0.29256123304367065,0.30655375123023987
12.834855318069458,1.4169838056491448,1.4009689092636108,0.42247653007507324,0.29373615980148315
12.837922096252441,1.4187209280041562,1.4021133184432983,0.4406042695045471,0.38773176074028015
12.840977907180786,1.420506706175981,1.402876377105713,0.46477454900741577,0.3620965778827667
12.844043493270874,1.4223525666937844,1.403639316558838,0.43456166982650757,0.3052719831466675
12.84711241722107,1.4242542971977845,1.4047837257385254,0.4436255395412445,0.2232394963502884
12.850178956985474,1.4262076711750222,1.405928134918213,0.6228885054588318,0.29672694206237793
12.85324740409851,1.4282146837589373,1.4070725440979004,0.5765621662139893,0.33859768509864807
12.856314897537231,1.4302727426358852,1.408216953277588,0.6752575039863586,0.24075685441493988
12.859383821487427,1.4323826942426536,1.409742832183838,0.737697422504425,0.21426717936992645
12.862459897994995,1.4345478987201006,1.4112688302993774,0.7880522012710571,0.23392081260681152
12.86552906036377,1.4367576557364092,1.412413239479065,0.8988326787948608,0.2070038914680481
12.868598699569702,1.4390163086951442,1.413939118385315,0.8484779000282288,0.2540016770362854
12.871669054031372,1.4413232208181623,1.415464997291565,0.7517967224121094,0.29544517397880554
12.874734878540039,1.4436735060633916,1.416990876197815,0.9673151969909668,0.3189440667629242
12.877801418304443,1.4460702252723574,1.4185168743133545,0.7890592813491821,0.42276644706726074
12.880868196487427,1.448512137375534,1.4200427532196045,0.9703364372253418,0.32449835538864136
12.883934497833252,1.450997761234038,1.421950101852417,0.9078965187072754,0.3992675542831421
12.886977434158325,1.4535071203858079,1.423475980758667,1.0438544750213623,0.2839093506336212
12.890044450759888,1.4560784226819112,1.4253833293914795,1.1123368740081787,0.3163805603981018
12.893112659454346,1.458692047173472,1.4272907972335815,0.8192721605300903,0.24118410050868988
12.896178960800171,1.4613443691030177,1.429198145866394,1.0992447137832642,0.3150987923145294
12.899244546890259,1.46403538364852,1.4311054944992065,1.1274433135986328,0.3603875935077667
12.902310609817505,1.466765133932611,1.4333943128585815,1.1173723936080933,0.32578012347221375
12.90537714958191,1.4695326245455207,1.4353017807006836,1.2170748710632324,0.383031964302063
12.908443927764893,1.472336625904977,1.437209129333496,1.2472877502441406,0.3689326345920563
12.911509990692139,1.4751752169678995,1.439497947692871,1.230167031288147,0.32663461565971375
12.914575576782227,1.4780475446883181,1.4417868852615356,1.1767910718917847,0.2693827748298645
12.917641639709473,1.4809534366283734,1.4440757036209106,1.2764934301376343,0.3014267086982727
12.920708179473877,1.483891829568211,1.4463645219802856,1.2080110311508179,0.24289311468601227
12.92377519607544,1.4868616473835212,1.4486533403396606,1.2775006294250488,0.27707332372665405
12.92684268951416,1.4898618014318958,1.4509422779083252,1.3641108274459839,0.26297399401664734
12.929911851882935,1.4928923734926831,1.4536125659942627,1.3409476280212402,0.26041045784950256
12.932980060577393,1.495949657879378,1.4559013843536377,1.395330786705017,0.3035629689693451
12.936049222946167,1.4990344181917132,1.4585717916488647,1.159670352935791,0.28091859817504883
12.939115285873413,1.5021414080322557,1.4612420797348022,1.3701533079147339,0.2544289231300354
12.94218111038208,1.5052723319628627,1.4639123678207397,1.5685511827468872,0.2715190351009369
12.945247411727905,1.5084267611336173,1.4662013053894043,1.4920119047164917,0.3937132954597473
12.948315382003784,1.5116047741188134,1.4688715934753418,1.3187915086746216,0.22964827716350555
12.951384782791138,1.5148049754199024,1.4719233512878418,1.4174867868423462,0.32620736956596375
12.954450845718384,1.518021186496568,1.4742122888565063,1.4426642656326294,0.3625238537788391
12.957518815994263,1.5212577004020467,1.4772640466690063,1.60581374168396,0.4142214059829712
12.960595607757568,1.5245206985023532,1.4799343347549438,1.7055160999298096,0.2057221382856369
12.963673114776611,1.5278004450956002,1.4829862117767334,1.61185622215271,0.31296253204345703
12.966745376586914,1.5310893303961897,1.4860379695892334,1.7478141784667969,0.19674982130527496
12.969813346862793,1.5343870837427767,1.4887083768844604,1.69745934009552,0.2587014436721802
12.97288203239441,1.5376978369234005,1.491378664970398,1.6370337009429932,0.2881819009780884
12.975953102111816,1.5410221766226255,1.494430422782898,1.6571755409240723,0.3027084767818451
12.978983163833618,1.5443117178974888,1.4974822998046875,1.6702678203582764,0.2826276123523712
12.982051610946655,1.5476514148553895,1.5005340576171875,1.5343098640441895,0.3159533143043518
12.985117435455322,1.5509955487464462,1.5035858154296875,1.682352900505066,0.32834362983703613
12.988185167312622,1.5543478155571202,1.506637692451477,1.7105516195297241,0.3351796865463257
12.991251945495605,1.557703847260787,1.509689450263977,1.6732890605926514,0.31039902567863464
12.99431824684143,1.5610629164776564,1.5127413272857666,1.7427786588668823,0.29245442152023315
12.997384548187256,1.5644242978834488,1.5157930850982666,1.7941405773162842,0.23306630551815033
13.000450372695923,1.5677862209169515,1.519226312637329,1.7709773778915405,0.2860456109046936
13.003516674041748,1.5711484834724763,1.5222781896591187,1.6652323007583618,0.27707332372665405
13.006583452224731,1.5745098371934554,1.5253299474716187,1.7397574186325073,0.2736552953720093
13.009649276733398,1.5778674672416824,1.5283818244934082,1.8857861757278442,0.38986802101135254
13.012715101242065,1.5812211733098283,1.5318150520324707,1.682352900505066,0.3838864862918854
13.015780925750732,1.5845697109810308,1.5348668098449707,1.60984206199646,0.287754625082016
13.018849849700928,1.5879152128670353,1.5383001565933228,1.8596017360687256,0.3210803270339966
13.021919250488281,1.5912535649639032,1.5413519144058228,1.6712749004364014,0.34073394536972046
13.024980068206787,1.5945737086675755,1.5444037914276123,1.6440832614898682,0.29501792788505554
13.02804970741272,1.5978932864941011,1.5478370189666748,1.8193179368972778,0.2988632023334503
13.031121015548706,1.601203276653154,1.5512703657150269,1.6863813400268555,0.2587014436721802
13.034187078475952,1.6044950190568716,1.5547035932540894,1.9270771741867065,0.191622793674469
13.037253618240356,1.6077734636389618,1.5577553510665894,1.9703822135925293,0.2561379373073578
13.04032015800476,1.611036880395674,1.560807228088379,1.8676584959030151,0.29159989953041077
13.043386220932007,1.614283554246779,1.5642404556274414,1.8112611770629883,0.2715190351009369
13.046452283859253,1.6175127889537013,1.567292332649231,1.6632181406021118,0.39114975929260254
13.04951786994934,1.6207228882948337,1.5707255601882935,1.556465983390808,0.42404821515083313
13.052584409713745,1.623914154182754,1.5737773180007935,1.6853742599487305,0.382604718208313
13.05565071105957,1.6270841546967445,1.5772106647491455,1.679331660270691,0.27664607763290405
13.05871868133545,1.630233669158373,1.5802624225616455,1.9421836137771606,0.2535744309425354
13.061799049377441,1.6333723798358712,1.5836957693099976,1.902906894683838,0.2992904484272003
13.064878225326538,1.6364851377073508,1.58712899684906,1.7105516195297241,0.3005722165107727
13.067951202392578,1.6395658094280912,1.5901808738708496,1.768963098526001,0.22922103106975555
13.070981502532959,1.6425773183333312,1.593614101409912,1.6148775815963745,0.3189440667629242
13.07405161857605,1.6456005597264887,1.596665859222412,1.7598992586135864,0.4462653398513794
13.077117919921875,1.6485909611769338,1.6000992059707642,1.833417296409607,0.37064164876937866
13.080183982849121,1.651550957830684,1.6031509637832642,1.763927698135376,0.3535515367984772
13.083256959915161,1.6544862531301447,1.6062028408050537,1.9864957332611084,0.37149614095687866
13.086323261260986,1.6573827733672761,1.6092545986175537,1.540352463722229,0.3518425226211548
13.089389085769653,1.6602454119168424,1.6126878261566162,1.784069538116455,0.3313344120979309
13.092455387115479,1.66307399668819,1.6153582334518433,1.5111466646194458,0.25998321175575256
13.095521926879883,1.6658672456868027,1.6187914609909058,1.694438099861145,0.29672694206237793
13.098594665527344,1.6686294353921023,1.6218433380126953,1.9300984144210815,0.21213091909885406
13.10166072845459,1.6713479761512955,1.6248950958251953,1.6622110605239868,0.2531471848487854
13.104726791381836,1.6740279003070386,1.6279468536376953,1.7216296195983887,0.37192338705062866
13.107792854309082,1.6766682132994526,1.6309987306594849,1.69141685962677,0.3450064957141876
13.110861778259277,1.6792703418793957,1.6340504884719849,1.6994736194610596,0.2386205792427063
13.113932371139526,1.6818322170961295,1.6371023654937744,1.606820821762085,0.4001220762729645
13.116980075836182,1.6843328407625453,1.6401541233062744,1.540352463722229,0.287327378988266
13.120049715042114,1.686808078035515,1.642824411392212,1.4104372262954712,0.3813229501247406
13.123115062713623,1.6892354907879088,1.645494818687439,1.5000686645507812,0.3035629689693451
13.126188516616821,1.6916239085802613,1.648546576499939,1.60581374168396,0.3761959373950958
13.1292564868927,1.6939618254902236,1.6512168645858765,1.6481117010116577,0.30740824341773987
13.132322549819946,1.6962512655402273,1.654268741607666,1.521217703819275,0.3488517701625824
13.13538932800293,1.698493364274986,1.6569390296936035,1.6561684608459473,0.2659647464752197
13.138455629348755,1.7006864124191416,1.659609317779541,1.3419547080993652,0.30911725759506226
13.141521692276001,1.7028297836049304,1.662279725074768,1.454749345779419,0.34030669927597046
13.144588708877563,1.70492349794516,1.6649500131607056,1.3711605072021484,0.4009765684604645
13.14765453338623,1.7069653196304992,1.667620301246643,1.4738842248916626,0.443274587392807
13.150720357894897,1.7089553146450789,1.6702907085418701,1.4235293865203857,0.3330434262752533
13.153786659240723,1.7108930417953636,1.6725795269012451,1.4910048246383667,0.3343251645565033
13.156923294067383,1.7128200615543299,1.6752498149871826,1.2382237911224365,0.35867857933044434
13.15998363494873,1.714645738434268,1.6775387525558472,1.1888761520385742,0.3655146062374115
13.163065671920776,1.7164292948932791,1.6802090406417847,1.4728771448135376,0.30740824341773987
13.166135311126709,1.718150089554114,1.6824978590011597,1.3872740268707275,0.29416343569755554
13.16920280456543,1.7198136240584998,1.6847867965698242,1.2039825916290283,0.4953994154930115
13.172269105911255,1.7214198894206751,1.6870756149291992,1.297642469406128,0.3193713426589966
13.175334930419922,1.7229687104341354,1.6893644332885742,1.154634952545166,0.3454337418079376
13.178404092788696,1.7244613582805721,1.6916533708572388,1.5020828247070312,0.19418631494045258
13.181470155715942,1.7258941416838047,1.6935607194900513,0.9783931970596313,0.21725794672966003
13.184537172317505,1.7272684837247028,1.6958495378494263,0.9834287166595459,0.2373388260602951
13.18760371208191,1.728583219495548,1.6981383562088013,0.9713435769081116,0.30698099732398987
13.19067096710205,1.7298383648590578,1.7000458240509033,1.2331883907318115,0.33987945318222046
13.193736553192139,1.7310325064520697,1.7019531726837158,0.9904783964157104,0.35739681124687195
13.196802616119385,1.7321660720665244,1.7038605213165283,0.9804074168205261,0.4155031740665436
13.199869394302368,1.733238693569855,1.7053864002227783,1.0287480354309082,0.46591898798942566
13.2029390335083,1.734250615456156,1.7072938680648804,1.018676996231079,0.2834821045398712
13.205979108810425,1.7351915815860484,1.7088197469711304,0.809201180934906,0.443701833486557
13.209053754806519,1.7360809397675097,1.7107270956039429,1.0277409553527832,0.39029526710510254
13.212120294570923,1.7369052111863985,1.7122529745101929,1.08816659450531,0.46506446599960327
13.215186834335327,1.7376665171530443,1.7141603231430054,0.8907759189605713,0.34158846735954285
13.218252420425415,1.7383643678152705,1.7153048515319824,0.9058823585510254,0.3522697687149048
13.221319198608398,1.7389989851471246,1.7168307304382324,0.9179674983024597,0.40610361099243164
13.224385261535645,1.7395697241508878,1.7183566093444824,0.737697422504425,0.3544060289859772
13.227452516555786,1.740076713029366,1.71950101852417,0.8404211401939392,0.32663461565971375
13.230518817901611,1.7405194014832146,1.72102689743042,0.6057679057121277,0.4009765684604645
13.23359227180481,1.7408986001547024,1.7221713066101074,0.7034561634063721,0.3638055920600891
13.236661672592163,1.741212687957395,1.7233158349990845,0.6319524049758911,0.3351796865463257
13.239738702774048,1.7414626299637075,1.724460244178772,0.6974136233329773,0.3680781126022339
13.24280858039856,1.7416471174272794,1.7256046533584595,0.5141222476959229,0.3172350525856018
13.245875835418701,1.7417666636278692,1.726749062538147,0.7044632434844971,0.2211032211780548
13.248942136764526,1.7418214024920302,1.7278934717178345,0.6571297645568848,0.24759289622306824
13.251977443695068,1.7418117865403886,1.7286564111709595,0.42247653007507324,0.2501564025878906
13.255043745040894,1.7417376229656156,1.7294193506240845,0.5352712273597717,0.37021440267562866
13.258112907409668,1.7415985502353108,1.7301822900772095,0.5584344267845154,0.35825130343437195
13.261189222335815,1.7413941082083473,1.730945348739624,0.2895399332046509,0.3309071362018585
13.264262676239014,1.7411249024340536,1.731708288192749,0.40535593032836914,0.3300526440143585
13.267328977584839,1.7407917259255505,1.7320897579193115,0.16969558596611023,0.286472886800766
13.270395278930664,1.740394151187064,1.7328526973724365,0.38924238085746765,0.34757000207901
13.273461103439331,1.7399324025918483,1.7328526973724365,0.20897230505943298,0.443701833486557
13.276527404785156,1.7394065078984267,1.7336156368255615,0.4113985002040863,0.383031964302063
13.279596090316772,1.738816245750427,1.733997106552124,-0.004531929735094309,0.32321658730506897
13.282663583755493,1.7381624859959004,1.733997106552124,0.12034790217876434,0.3932860195636749
13.28572964668274,1.737445603821659,1.733997106552124,0.10624857246875763,0.3509880304336548
13.288795948028564,1.736665512123724,1.7343785762786865,0.02064545638859272,0.3783321976661682
13.291865110397339,1.7358217379476022,1.7343785762786865,0.02366674318909645,0.30698099732398987
13.294934272766113,1.734915293482752,1.7343785762786865,-0.19890135526657104,0.45011061429977417
13.297980070114136,1.733954125518157,1.7343785762786865,0.16566720604896545,0.31039902567863464
13.301046371459961,1.7329248344058066,1.7343785762786865,-0.08409246802330017,0.3150987923145294
13.304112672805786,1.731834065038465,1.733997106552124,-0.27946898341178894,0.26382848620414734
13.307178735733032,1.730682314204038,1.733997106552124,-0.16969558596611023,0.3018539845943451
13.310245037078857,1.7294698302850429,1.733997106552124,-0.060929276049137115,0.25998321175575256
13.313313007354736,1.72819644151259,1.733997106552124,-0.008560311049222946,0.19333180785179138
13.31638240814209,1.7268626290136977,1.7336156368255615,-0.11833371222019196,0.07284656912088394
13.319449186325073,1.725470684143776,1.733234167098999,-0.3469443917274475,0.1253986358642578
13.322516202926636,1.7240198944862934,1.7328526973724365,-0.10222018510103226,0.07071030884981155
13.32558274269104,1.722511143803837,1.732471227645874,-0.2401922643184662,0.09250018745660782
13.328648567199707,1.7209451432067442,1.731708288192749,-0.31169605255126953,0.0625925064086914
13.331714391708374,1.7193221286243676,1.730945348739624,-0.36003661155700684,0.0625925064086914
13.334781408309937,1.7176420383805873,1.7305638790130615,-0.3680933713912964,0.08096437156200409
13.337848901748657,1.7159058422046218,1.7294193506240845,-0.6269168853759766,0.046784162521362305
13.340918064117432,1.714113452308476,1.7286564111709595,-0.3348592221736908,0.095918208360672
13.343979835510254,1.7122709775309515,1.7278934717178345,-0.3187457025051117,0.07327382266521454
13.347049236297607,1.7103700582703414,1.726749062538147,-0.7175555229187012,0.06472877413034439
13.350121974945068,1.7084137713076393,1.725986123085022,-0.545342206954956,0.13223467767238617
13.353188753128052,1.706408831026731,1.724460244178772,-0.686335563659668,0.06857404112815857
13.356255292892456,1.704352400317923,1.7233158349990845,-0.7709315419197083,0.15103380382061005
13.359324216842651,1.702243430754709,1.7221713066101074,-0.6430304646492004,0.05703822523355484
13.362400770187378,1.7000788557857474,1.72102689743042,-0.8041657209396362,0.07284656912088394
13.365473747253418,1.6978672663054002,1.71950101852417,-0.65310138463974,0.07541008293628693
13.36854338645935,1.695609480925854,1.71797513961792,-0.842435359954834,0.03952086716890335
13.371617317199707,1.693300707724196,1.7168307304382324,-0.7034561634063721,0.06173800304532051
13.37468433380127,1.6909502815308386,1.7153048515319824,-0.8605630397796631,0.12112611532211304
13.377750396728516,1.6885546876517135,1.7137788534164429,-0.6299381852149963,0.09890898317098618
13.38081693649292,1.686113708484371,1.7118715047836304,-0.9068894386291504,0.12368962913751602
13.383883237838745,1.683628814115841,1.7099641561508179,-0.9794003367424011,0.11429007351398468
13.386950254440308,1.6811001441548417,1.7084382772445679,-1.0911879539489746,0.10745403170585632
13.389980792999268,1.6785600345541198,1.7065308094024658,-1.00054931640625,0.08395513892173767
13.393051147460938,1.6759454162602605,1.7046234607696533,-1.018676996231079,0.07284656912088394
13.396117925643921,1.6732934779166546,1.7027161121368408,-1.0559395551681519,0.1288166642189026
13.399183750152588,1.6706030255342845,1.7004272937774658,-1.1949187517166138,0.19760432839393616
13.402249574661255,1.6678742389730452,1.6985198259353638,-1.1868619918823242,0.14035248756408691
13.405316352844238,1.6651072646257548,1.6962310075759888,-1.2734721899032593,0.07626459002494812
13.408381938934326,1.6623050693523935,1.6943236589431763,-1.1626917123794556,0.15274280309677124
13.411447763442993,1.65946740238063,1.6920348405838013,-1.0498969554901123,0.09719996899366379
13.414514064788818,1.656595083907614,1.6897459030151367,-1.3318836688995361,0.03823911026120186
13.417580366134644,1.6536896186955492,1.6878385543823242,-1.1334859132766724,0.10617227107286453
13.42064619064331,1.6507525444229956,1.6851682662963867,-1.1707484722137451,0.07711909711360931
13.423712730407715,1.647783805664826,1.6832607984542847,-1.2815289497375488,0.1283894032239914
13.42677903175354,1.6447854202976955,1.6805905103683472,-1.243259310722351,0.10232700407505035
13.429845809936523,1.6417577986884093,1.6783016920089722,-1.5292744636535645,0.0963454619050026
13.432912111282349,1.6387030060760144,1.6756312847137451,-1.3782100677490234,0.16342411935329437
13.435981035232544,1.635619061324269,1.6733424663543701,-1.3077133893966675,0.21853971481323242
13.439050197601318,1.6325094696435734,1.6706721782684326,-1.470862865447998,0.09036392718553543
13.44211745262146,1.6293775807885535,1.6680018901824951,-1.4648202657699585,0.10275425016880035
13.445183515548706,1.626223863753544,1.665331482887268,-1.4859693050384521,0.16812390089035034
13.448248863220215,1.6230490196118519,1.6626611948013306,-1.4859693050384521,0.07241931557655334
13.45131516456604,1.6198524957132172,1.6599907875061035,-1.536324143409729,0.07583733648061752
13.454381942749023,1.6166359613423813,1.657320499420166,-1.400366187095642,0.0788281038403511
13.45744800567627,1.6134018627679945,1.6546502113342285,-1.6491187810897827,0.057892728596925735
13.460522413253784,1.6101417814554055,1.651598334312439,-1.4416571855545044,0.0472114123404026
13.463606595993042,1.6068552708466606,1.6489280462265015,-1.676310420036316,0.09121843427419662
13.466681480407715,1.6035638779828607,1.6458762884140015,-1.5705653429031372,0.15146104991436005
13.469754457473755,1.6002610006283677,1.6432058811187744,-1.6410620212554932,0.10873579233884811
13.472821474075317,1.5969522741935398,1.6401541233062744,-1.6138705015182495,0.11685358732938766
13.475888013839722,1.5936330505841816,1.6371023654937744,-1.778027057647705,0.1266804039478302
13.478956937789917,1.5903014567703804,1.6344319581985474,-1.5171892642974854,0.10232700407505035
13.481980562210083,1.587010667222753,1.6309987306594849,-1.7921262979507446,0.14505226910114288
13.485051155090332,1.583661482141153,1.6279468536376953,-1.7568780183792114,0.06686503440141678
13.488117456436157,1.58031089734889,1.6248950958251953,-1.555458903312683,0.08908216655254364
13.49118423461914,1.5769549583130087,1.6218433380126953,-1.540352463722229,0.07498283684253693
13.494251489639282,1.5735949090898338,1.6187914609909058,-1.4084229469299316,0.10318150371313095
13.497318744659424,1.570232519067308,1.6157397031784058,-1.6360265016555786,0.13394369184970856
13.50038480758667,1.5668703443213805,1.6126878261566162,-1.680338740348816,0.09378194808959961
13.503451347351074,1.5635078033940972,1.6096360683441162,-1.6571755409240723,0.1770962029695511
13.506520986557007,1.5601432713322645,1.6062028408050537,-1.6904096603393555,0.18735027313232422
13.50959062576294,1.5567813985865264,1.6031509637832642,-1.5101395845413208,0.2578469514846802
13.512657403945923,1.5534265632539608,1.5997177362442017,-1.8898146152496338,0.16897840797901154
13.515727519989014,1.5500732335971326,1.596665859222412,-1.7931334972381592,0.16086061298847198
13.518797636032104,1.546726311110731,1.5932326316833496,-1.7498283386230469,0.16940565407276154
13.521864414215088,1.543390667055221,1.5901808738708496,-1.694438099861145,0.08822766691446304
13.524933576583862,1.5400613148673574,1.5867475271224976,-1.9280842542648315,0.09976348280906677
13.527979612350464,1.5367670588951952,1.5836957693099976,-1.6622110605239868,0.063019759953022
13.53104543685913,1.5334626943096796,1.580643892288208,-1.7055160999298096,0.061310749500989914
13.534111738204956,1.5301703715099118,1.5772106647491455,-1.8122682571411133,0.08651865273714066
13.537179231643677,1.5268905555972994,1.574158787727356,-1.623941421508789,0.12240787595510483
13.540245532989502,1.5236270130828031,1.5707255601882935,-1.9603112936019897,0.1745326966047287
13.543311357498169,1.5203801816077656,1.5676738023757935,-1.682352900505066,0.17923247814178467
13.546377897262573,1.5171500059260774,1.5642404556274414,-1.765941858291626,0.13180743157863617
13.54944372177124,1.5139391914172384,1.5611886978149414,-1.5786221027374268,0.13565270602703094
13.552510023117065,1.5107476792693395,1.5577553510665894,-1.7145799398422241,0.13394369184970856
13.555576801300049,1.5075766635989272,1.5543221235275269,-1.7568780183792114,0.07711909711360931
13.558645725250244,1.504425624494115,1.5508888959884644,-1.782055377960205,0.08694590628147125
13.561722755432129,1.5012897303163448,1.5478370189666748,-1.7488212585449219,0.08908216655254364
13.564795970916748,1.4981823475659493,1.5447852611541748,-1.7135728597640991,0.11258106678724289
13.567865371704102,1.4951045410376267,1.5413519144058228,-1.850537896156311,0.11215381324291229
13.570934057235718,1.492054290578844,1.5383001565933228,-1.7609063386917114,0.1591515988111496
13.57397747039795,1.4890567827879875,1.5348668098449707,-1.9149919748306274,0.17837797105312347
13.577043533325195,1.4860658967522133,1.5318150520324707,-1.766948938369751,0.191622793674469
13.580109357833862,1.4831053840882467,1.5283818244934082,-1.7045090198516846,0.16513313353061676
13.583174705505371,1.4801765627133883,1.5253299474716187,-1.5282673835754395,0.11514458060264587
13.586257219314575,1.4772639286211788,1.5218967199325562,-1.7578850984573364,0.13437095284461975
13.589354038238525,1.474371785276142,1.5188448429107666,-1.7770198583602905,0.14847028255462646
13.59242558479309,1.4715379910935238,1.5157930850982666,-1.6148775815963745,0.05746547505259514
13.595495700836182,1.4687411547087936,1.5127413272857666,-1.7911192178726196,0.08267337828874588
13.598571300506592,1.4659760923020435,1.509689450263977,-1.6591897010803223,0.095490962266922
13.601640224456787,1.463254741981902,1.506637692451477,-1.6007782220840454,0.08780041337013245
13.604707479476929,1.4605735218372344,1.5035858154296875,-1.7961547374725342,0.12112611532211304
13.607775211334229,1.457931529909474,1.5005340576171875,-1.7468070983886719,0.14718852937221527
13.61084270477295,1.4553303681721892,1.49786376953125,-1.6309911012649536,0.08609139919281006
13.613913774490356,1.4527678365040348,1.4948118925094604,-1.470862865447998,0.10189975053071976
13.61697769165039,1.4502537640912028,1.4917601346969604,-1.6360265016555786,0.13479819893836975
13.620044708251953,1.4477805885936779,1.4887083768844604,-1.680338740348816,0.13308918476104736
13.623114347457886,1.4453497356717422,1.4860379695892334,-1.3520256280899048,0.057892728596925735
13.626193284988403,1.442957086953516,1.4829862117767334,-1.5856717824935913,0.1108720526099205
13.62926983833313,1.4406127677107947,1.4803158044815063,-1.4769054651260376,0.09378194808959961
13.632341146469116,1.4383196587436,1.4776455163955688,-1.3711605072021484,0.09292744100093842
13.63541054725647,1.4360759565270853,1.4745937585830688,-1.452735185623169,0.08310063183307648
13.638480186462402,1.433880888174168,1.4719233512878418,-1.8011902570724487,0.14676126837730408
13.641558170318604,1.4317296824628936,1.4692530632019043,-1.5081254243850708,0.11642633378505707
13.644630670547485,1.4296328746649656,1.4665827751159668,-1.4980545043945312,0.1762416958808899
13.647700309753418,1.4275892497004772,1.4639123678207397,-1.3278553485870361,0.1279621571302414
13.65076732635498,1.4255992708684764,1.4612420797348022,-1.2352025508880615,0.13180743157863617
13.653836250305176,1.4236607208585745,1.4585717916488647,-1.5292744636535645,0.18179598450660706
13.65691614151001,1.421768933964579,1.4562828540802002,-1.3761959075927734,0.09378194808959961
13.65998101234436,1.4199404681757688,1.4539940357208252,-1.1042801141738892,0.05362020432949066
13.663051843643188,1.4181632483417894,1.4517052173614502,-1.1475852727890015,0.08950942009687424
13.666118144989014,1.4164440433858896,1.4486533403396606,-1.3751888275146484,0.11813534796237946
13.669186115264893,1.4147799392921618,1.4467459917068481,-1.2362096309661865,0.1899137794971466
13.672255754470825,1.4131716463761024,1.4444571733474731,-1.1022659540176392,0.11941710859537125
13.675333738327026,1.4116165459071088,1.4421683549880981,-1.3369191884994507,0.06857404112815857
13.678407669067383,1.4101216017258562,1.440260887145996,-1.1234149932861328,0.07327382266521454
13.681479930877686,1.4086860494924334,1.437972068786621,-1.0398260354995728,0.08822766691446304
13.68454909324646,1.4073109553355208,1.4360647201538086,-0.9934996366500854,0.13223467767238617
13.687618732452393,1.4059951530003338,1.4337759017944336,-1.1455711126327515,0.07541008293628693
13.690696716308594,1.404736018548152,1.4318684339523315,-1.157656192779541,0.15530632436275482
13.693769693374634,1.403539580833637,1.429961085319519,-1.1173723936080933,0.08694590628147125
13.696844339370728,1.4024035886293025,1.4280537366867065,-1.0106202363967896,0.13351644575595856
13.699926853179932,1.401326461992902,1.425764799118042,-0.9834287166595459,0.08438239246606827
13.702982664108276,1.4003201135766137,1.424238920211792,-0.9501945376396179,0.08908216655254364
13.706061363220215,1.3993684739210805,1.4223315715789795,-0.8706340193748474,0.09848172962665558
13.709137201309204,1.3984804647225015,1.4208056926727295,-0.8615701794624329,0.0801098644733429
13.712204933166504,1.3976575952330244,1.418898344039917,-0.7920805811882019,0.06814679503440857
13.715271949768066,1.3968979180735412,1.4173723459243774,-0.8927901387214661,0.16256961226463318
13.718338966369629,1.3962015161692203,1.4158464670181274,-1.0589609146118164,0.10830853879451752
13.721408605575562,1.3955681342167274,1.4143205881118774,-0.7961089611053467,0.10617227107286453
13.724485874176025,1.3949972947253761,1.4127947092056274,-0.6289311051368713,0.1275349110364914
13.727562189102173,1.3944910116630138,1.41165030002594,-0.7366903424263,0.0788281038403511
13.7306387424469,1.3940492555849298,1.4101243019104004,-0.6651865243911743,0.09164568781852722
13.733708620071411,1.3936729811957145,1.4093613624572754,-0.6994277834892273,0.07071030884981155
13.736777544021606,1.393361386748873,1.408216953277588,-0.5443350672721863,0.023285267874598503
13.739857912063599,1.3931136615462458,1.4070725440979004,-0.7306477427482605,0.01345845777541399
13.742937564849854,1.392931216006383,1.405928134918213,-0.6601510643959045,0.0318303182721138
13.745980978012085,1.3928150522765572,1.405165195465088,-0.5886473059654236,0.03439383581280708
13.749051094055176,1.392762509523822,1.4040207862854004,-0.5846189260482788,0.03781185671687126
13.752118587493896,1.3927748704408407,1.4032578468322754,-0.5564202070236206,0.06173800304532051
13.75518798828125,1.392852125998568,1.4024949073791504,-0.4718242287635803,0.10147249698638916
13.758265495300293,1.3929947211763518,1.4017318487167358,-0.5010299682617188,0.13266193866729736
13.761338710784912,1.3932021494928364,1.4005874395370483,-0.5352712273597717,0.095490962266922
13.76440691947937,1.3934739906328193,1.4002059698104858,-0.583611786365509,0.11471732705831528
13.767473220825195,1.3938101994860577,1.3994430303573608,-0.2683909237384796,0.09762722253799438
13.77054238319397,1.3942112039687091,1.3990615606307983,-0.26134127378463745,0.23093003034591675
13.773619890213013,1.3946779242254277,1.3982986211776733,-0.2049439251422882,0.1766689568758011
13.776700019836426,1.3952096635506175,1.3979171514511108,-0.10222018510103226,0.24545662105083466
13.779770851135254,1.3958039560847562,1.3975356817245483,0.016617074608802795,0.1736781895160675
13.782838821411133,1.3964614458133138,1.3971542119979858,-0.1757381558418274,0.22836652398109436
13.785912990570068,1.397183933140078,1.3971542119979858,-0.07502861320972443,0.1600061058998108
13.788980484008789,1.3979681091921115,1.3967727422714233,-0.10222018510103226,0.16897840797901154
13.792056322097778,1.398817572478455,1.3967727422714233,-0.29558250308036804,0.18435950577259064
13.795127391815186,1.3997284955923481,1.3967727422714233,0.01258869282901287,0.24460211396217346
13.798196792602539,1.400701261591237,1.3967727422714233,0.2230716347694397,0.18350499868392944
13.801272869110107,1.4017383044036322,1.3967727422714233,-0.15358205139636993,0.23135729134082794
13.804348707199097,1.402837101189854,1.3967727422714233,0.1102769523859024,0.2890363931655884
13.80742621421814,1.4039979656598442,1.3971542119979858,0.08308537304401398,0.2569924592971802
13.810497999191284,1.4052175560221374,1.3971542119979858,0.401327520608902,0.2557106912136078
13.813565492630005,1.4064956893526739,1.3971542119979858,0.010574501939117908,0.2839093506336212
13.816633224487305,1.4078336587068645,1.3975356817245483,0.09114214032888412,0.3142443001270294
13.819702386856079,1.4092315352670304,1.3979171514511108,0.1606317162513733,0.3458609879016876
13.822781801223755,1.4106931527934472,1.3982986211776733,0.21803615987300873,0.34201571345329285
13.825860500335693,1.4122130339761476,1.3990615606307983,0.3842069208621979,0.3458609879016876
13.828938484191895,1.4137905694665325,1.3994430303573608,0.23414969444274902,0.3317616581916809
13.831982135772705,1.4154069647574785,1.4002059698104858,0.4093843102455139,0.3787594437599182
13.835057735443115,1.417096748165435,1.4013503789901733,0.45067521929740906,0.32278934121131897
13.838130712509155,1.4188411062391435,1.4017318487167358,0.45369648933410645,0.2232394963502884
13.84121322631836,1.4206464761992454,1.402876377105713,0.33888763189315796,0.2501564025878906
13.844285726547241,1.4225007224111506,1.403639316558838,0.3026321828365326,0.29074540734291077
13.847355127334595,1.4244069769253795,1.4047837257385254,0.5523918271064758,0.32492560148239136
13.850421667098999,1.4263645229480837,1.405928134918213,0.8363927602767944,0.30612650513648987
13.853491306304932,1.4283764432968922,1.407454013824463,0.6651865243911743,0.30997177958488464
13.856568336486816,1.4304450681383116,1.4085984230041504,0.8273289203643799,0.30569925904273987
13.859646797180176,1.4325658402603776,1.409742832183838,0.6087892055511475,0.29672694206237793
13.862714290618896,1.4347291930532289,1.4112688302993774,0.580590546131134,0.26340124011039734
13.865780591964722,1.4369409186026831,1.412413239479065,0.7074845433235168,0.2851911187171936
13.868850946426392,1.4392040461523155,1.413939118385315,0.9099107384681702,0.15573357045650482
13.871933460235596,1.4415240872769464,1.415464997291565,0.6933852434158325,0.20230410993099213
13.874981880187988,1.4438648678661008,1.416990876197815,0.9512016773223877,0.24374762177467346
13.878060102462769,1.4462744761130166,1.4185168743133545,0.9199817180633545,0.32193484902381897
13.88113021850586,1.4487228294540266,1.4200427532196045,0.9068894386291504,0.3189440667629242
13.884197235107422,1.4512127639011074,1.421950101852417,0.8958113789558411,0.32663461565971375
13.887266397476196,1.4537475910656221,1.423475980758667,0.8172579407691956,0.3787594437599182
13.89034366607666,1.456331503149727,1.4253833293914795,1.0065919160842896,0.26340124011039734
13.893417835235596,1.4589542311436687,1.4272907972335815,1.0609750747680664,0.28134584426879883
13.89648962020874,1.4616152970756071,1.429198145866394,0.7961089611053467,0.3009994626045227
13.899565696716309,1.4643195276393117,1.431486964225769,0.964293897151947,0.3330434262752533
13.902637481689453,1.4670583702189957,1.4333943128585815,1.0801098346710205,0.37534141540527344
13.905709743499756,1.4698349838823794,1.4353017807006836,1.139528512954712,0.37448692321777344
13.908785820007324,1.472651426646327,1.437209129333496,1.2130464315414429,0.35739681124687195
13.911859273910522,1.4755007757060081,1.439497947692871,1.1818264722824097,0.3014267086982727
13.914931535720825,1.478383229466191,1.4417868852615356,1.083131194114685,0.3035629689693451
13.917983055114746,1.4812790190089205,1.4440757036209106,1.2684366703033447,0.24972915649414062
13.921055316925049,1.4842264317976865,1.4463645219802856,1.4064087867736816,0.24203860759735107
13.924132585525513,1.4872096747824795,1.4490348100662231,1.0337834358215332,0.22623026371002197
13.927209377288818,1.4902223860973962,1.4513237476348877,1.1858549118041992,0.24289311468601227
13.930285215377808,1.493262952647873,1.4536125659942627,1.3701533079147339,0.27750056982040405
13.933356046676636,1.496326151831373,1.4562828540802002,1.073060154914856,0.3638055920600891
13.936426639556885,1.4994155287306334,1.4589532613754272,1.60782790184021,0.29202717542648315
13.939505100250244,1.5025381823505661,1.4616235494613647,1.4225223064422607,0.26126497983932495
13.94258189201355,1.5056833495592885,1.4639123678207397,1.4879834651947021,0.27621880173683167
13.945650577545166,1.508843164815843,1.4665827751159668,1.7357289791107178,0.2501564025878906
13.94871711730957,1.5120224765549186,1.4692530632019043,1.2684366703033447,0.2736552953720093
13.951783895492554,1.5152225556919023,1.4719233512878418,1.5171892642974854,0.26254671812057495
13.954856157302856,1.5184477408672625,1.4745937585830688,1.6017853021621704,0.3163805603981018
13.957943439483643,1.5217070260950927,1.4772640466690063,1.3580682277679443,0.23221179842948914
13.960981845855713,1.5249314660030358,1.4803158044815063,1.521217703819275,0.29587242007255554
13.964059352874756,1.5282131331473134,1.483367681503296,1.5151751041412354,0.1741054356098175
13.967128992080688,1.5315009669303132,1.4860379695892334,1.4779125452041626,0.27920958399772644
13.9701988697052,1.5348023713120342,1.489089846611023,1.6561684608459473,0.28177309036254883
13.973275661468506,1.5381233387590802,1.4917601346969604,1.6430761814117432,0.31082627177238464
13.97634744644165,1.5414497770920912,1.4948118925094604,1.6753032207489014,0.3847409784793854
13.979416608810425,1.5447829898205903,1.49786376953125,1.4376287460327148,0.42233920097351074
13.98248291015625,1.5481214545178301,1.5005340576171875,1.6591897010803223,0.37192338705062866
13.985550165176392,1.5514680764339934,1.5035858154296875,1.467841625213623,0.30954450368881226
13.988616704940796,1.5548197931748857,1.5070191621780396,1.612863302230835,0.3770504295825958
13.99169135093689,1.558185017456553,1.509689450263977,1.4910048246383667,0.32620736956596375
13.994757652282715,1.5615444945706471,1.513122797012329,1.6178988218307495,0.2723735272884369
13.997826337814331,1.564908719433226,1.516174554824829,1.852552056312561,0.20914015173912048
14.000908851623535,1.5682889945639251,1.519226312637329,1.7417715787887573,0.3197985887527466
14.003980159759521,1.5716566112963428,1.5226596593856812,1.7266651391983032,0.34287023544311523
14.007056474685669,1.5750280880015304,1.5257114171981812,1.7961547374725342,0.29373615980148315
14.01012635231018,1.578389629624231,1.5287632942199707,1.7598992586135864,0.31210803985595703
14.01319408416748,1.5817446976058462,1.5321965217590332,1.8726940155029297,0.3774776756763458
14.016260147094727,1.5850925756162468,1.5352483987808228,1.4879834651947021,0.34415197372436523
14.019328594207764,1.5884364429880522,1.5383001565933228,1.5695582628250122,0.2587014436721802
14.02240777015686,1.5917841003799071,1.5417333841323853,1.7014877796173096,0.29629969596862793
14.025484561920166,1.5951200094982736,1.5451667308807373,1.7145799398422241,0.2582741975784302
14.028555393218994,1.598439087517027,1.5482184886932373,1.8011902570724487,0.32791638374328613
14.03163194656372,1.601752721950858,1.5516518354415894,1.7387503385543823,0.31039902567863464
14.034703731536865,1.6050483746915776,1.5550850629806519,1.7437857389450073,0.26425573229789734
14.037773132324219,1.6083274219985946,1.5585182905197144,1.920027494430542,0.3159533143043518
14.04085111618042,1.6116003114937263,1.561570167541504,1.8001830577850342,0.3368886709213257
14.043924331665039,1.6148515983272578,1.5650033950805664,1.9542686939239502,0.34714275598526
14.046979904174805,1.6180666422012497,1.568055272102356,1.469855785369873,0.3791866898536682
14.050049304962158,1.621277392643898,1.571107029914856,1.7880979776382446,0.3544060289859772
14.053118705749512,1.6244680647807361,1.574540376663208,1.6350194215774536,0.2681010067462921
14.05619740486145,1.6276470397011646,1.577592134475708,1.8293888568878174,0.2992904484272003
14.059273719787598,1.63080099578233,1.5810253620147705,1.838452696800232,0.24802014231681824
14.062345743179321,1.6339268753002711,1.5844587087631226,1.694438099861145,0.2544289231300354
14.065413236618042,1.6370233755894192,1.5875104665756226,1.7135728597640991,0.21896696090698242
14.068480014801025,1.640093260622871,1.590562343597412,1.7427786588668823,0.2839093506336212
14.0715491771698,1.6431384703165703,1.5939955711364746,1.768963098526001,0.39072251319885254
14.074626684188843,1.6461636388123095,1.5970473289489746,1.4799267053604126,0.2890363931655884
14.077708005905151,1.6491630125885735,1.6004806756973267,1.8021973371505737,0.26041045784950256
14.080780267715454,1.652123017111784,1.6035324335098267,1.6481117010116577,0.3035629689693451
14.083852052688599,1.6550509602788057,1.6069657802581787,1.851544976234436,0.221530482172966
14.086925268173218,1.657947553754747,1.6100175380706787,1.8213320970535278,0.37192338705062866
14.08997893333435,1.6607922439388545,1.6130692958831787,1.764934778213501,0.34287023544311523
14.093053102493286,1.66362126598732,1.6161211729049683,1.7186083793640137,0.3791866898536682
14.096126079559326,1.6664132736609025,1.6191729307174683,1.5443809032440186,0.2728008031845093
14.099202871322632,1.6691717266350108,1.6226062774658203,1.7901121377944946,0.2206759750843048
14.102275848388672,1.6718887567738345,1.6256580352783203,1.6491187810897827,0.26254671812057495
14.105344772338867,1.674563288266949,1.6287097930908203,1.6722819805145264,0.3766231834888458
14.108412265777588,1.677196716939643,1.6313802003860474,1.7256580591201782,0.3321889042854309
14.111478567123413,1.6797883209008464,1.6344319581985474,1.6471046209335327,0.2364843189716339
14.114545583724976,1.6823387592688708,1.637483835220337,1.3177844285964966,0.3526970446109772
14.11761212348938,1.6848460891139287,1.640535593032837,1.4033875465393066,0.33731594681739807
14.120681524276733,1.687312057347499,1.6432058811187744,1.5816433429718018,0.43900206685066223
14.123759984970093,1.6897404674774217,1.646257758140564,1.5816433429718018,0.5103532671928406
14.12683653831482,1.6921216052075738,1.6489280462265015,1.3318836688995361,0.4466926157474518
14.129916429519653,1.6944586065190974,1.6519798040390015,1.3570611476898193,0.32150760293006897
14.132980823516846,1.6967365889551556,1.6546502113342285,1.551430583000183,0.27536430954933167
14.13612961769104,1.699027317015706,1.657320499420166,1.451728105545044,0.34244295954704285
14.13925051689148,1.7012468747369498,1.6603723764419556,1.6360265016555786,0.26041045784950256
14.14237093925476,1.7034145985979752,1.663042664527893,1.294621229171753,0.383459210395813
14.145488023757935,1.70552776380113,1.6657129526138306,1.5604944229125977,0.3039902448654175
14.1486074924469,1.707589461497291,1.6683833599090576,1.5171892642974854,0.2655375003814697
14.151782035827637,1.7096322224579072,1.6710536479949951,1.6662393808364868,0.383031964302063
14.15488600730896,1.7115748232906733,1.6737239360809326,1.465827465057373,0.34287023544311523
14.157962560653687,1.7134461141461743,1.6760128736495972,1.4235293865203857,0.3347524106502533
14.161049842834473,1.7152690323019817,1.6786831617355347,1.3248341083526611,0.2659647464752197
14.164126634597778,1.7170303614190021,1.6809719800949097,1.2472877502441406,0.41934844851493835
14.167196035385132,1.7187317019215431,1.6832607984542847,1.3369191884994507,0.40140384435653687
14.170263051986694,1.720375462818033,1.6855497360229492,1.1898832321166992,0.2860456109046936
14.17333173751831,1.721963224875584,1.6878385543823242,1.5071183443069458,0.3779049217700958
14.176400184631348,1.7234933713748684,1.6901273727416992,1.1344929933547974,0.30826276540756226
14.179465770721436,1.724964113787458,1.6924163103103638,1.1203936338424683,0.32193484902381897
14.182532787322998,1.7263770053129235,1.6943236589431763,1.1264362335205078,0.34287023544311523
14.185599327087402,1.7277306155452834,1.6966124773025513,1.1969329118728638,0.29587242007255554
14.188665866851807,1.7290246662139659,1.6985198259353638,1.1677271127700806,0.27664607763290405
14.191732168197632,1.730258583331532,1.7004272937774658,1.0055848360061646,0.3509880304336548
14.194799661636353,1.731432456210112,1.7023346424102783,1.1224079132080078,0.45395588874816895
14.197865962982178,1.7325449367846975,1.7042419910430908,0.930052638053894,0.34415197372436523
14.200932502746582,1.7335961594479024,1.7061493396759033,0.6712291240692139,0.37192338705062866
14.203979015350342,1.7345793839670425,1.7076753377914429,0.8927901387214661,0.3326161503791809
14.207045793533325,1.735507241687547,1.7095826864242554,0.8263218402862549,0.4304569959640503
14.21011233329773,1.7363725783719173,1.7111085653305054,0.9874570965766907,0.42319372296333313
14.213180780410767,1.73717562692564,1.7126344442367554,0.7920805811882019,0.38901349902153015
14.2162504196167,1.7379158063124485,1.7141603231430054,0.7517967224121094,0.37235066294670105
14.219318628311157,1.7385922164438596,1.7160677909851074,0.8595559597015381,0.3638055920600891
14.22238540649414,1.7392046948043305,1.717212200164795,0.6641794443130493,0.27792781591415405
14.225451231002808,1.7397531834805402,1.718738079071045,0.737697422504425,0.34073394536972046
14.228517532348633,1.7402377496804884,1.720263957977295,0.7689173817634583,0.32834362983703613
14.231584310531616,1.740658183642685,1.7214083671569824,0.6712291240692139,0.3522697687149048
14.234650135040283,1.741014148221751,1.72255277633667,0.6138246655464172,0.31082627177238464
14.23772406578064,1.7413063372752207,1.723697304725647,0.7004348635673523,0.30783551931381226
14.240806818008423,1.741534174026755,1.7248417139053345,0.6319524049758911,0.3693598806858063
14.243877649307251,1.7416961389067651,1.725986123085022,0.3640649914741516,0.286900132894516
14.246949434280396,1.7417931985081923,1.7271305322647095,0.7125200033187866,0.29031816124916077
14.249979972839355,1.7418252564668617,1.7278934717178345,0.4637674391269684,0.2569924592971802
14.253052949905396,1.7417931483778522,1.729037880897522,0.5523918271064758,0.2898908853530884
14.25611925125122,1.7416962695905636,1.729800820350647,0.5272144675254822,0.3454337418079376
14.259190559387207,1.7415343400360208,1.7305638790130615,0.44966810941696167,0.287754625082016
14.262266635894775,1.741307122694332,1.7313268184661865,0.6228885054588318,0.3304798901081085
14.265335321426392,1.7410156833085753,1.731708288192749,0.3952849507331848,0.41892117261886597
14.268401622772217,1.7406599638988722,1.732471227645874,0.24824902415275574,0.3522697687149048
14.271467924118042,1.7402398951656464,1.7328526973724365,0.2079652100801468,0.32449835538864136
14.274533748626709,1.739755713315538,1.733234167098999,0.29558250308036804,0.3368886709213257
14.277606725692749,1.7392061841218143,1.7336156368255615,0.29759669303894043,0.4159304201602936
14.280673742294312,1.738593819155317,1.733997106552124,0.3147173225879669,0.3206530809402466
14.283740282058716,1.737917952123716,1.733997106552124,0.14753948152065277,0.3522697687149048
14.2868070602417,1.7371786837518193,1.7343785762786865,0.22609293460845947,0.2856183648109436
14.28987455368042,1.7363761441363363,1.7343785762786865,0.0639505609869957,0.34287023544311523
14.292944192886353,1.7355101691921744,1.7343785762786865,0.08509956300258636,0.3185168206691742
14.29597783088684,1.7345928718777441,1.7343785762786865,0.02668802998960018,0.40695810317993164
14.299043655395508,1.7336040911636086,1.7343785762786865,-0.06797894090414047,0.43643853068351746
14.302109718322754,1.7325535151872216,1.7343785762786865,-0.08409246802330017,0.27963683009147644
14.305176019668579,1.7314415194810717,1.7343785762786865,-0.035751886665821075,0.2578469514846802
14.308242082595825,1.7302686896432586,1.733997106552124,-0.05992217734456062,0.24545662105083466
14.311307907104492,1.7290354750879027,1.733997106552124,-0.04280155524611473,0.20444037020206451
14.314374446868896,1.727741935895388,1.733997106552124,0.2240787297487259,0.19845883548259735
14.317441701889038,1.7263885104224819,1.733234167098999,-0.21803615987300873,0.0788281038403511
14.32051157951355,1.7249747631808163,1.733234167098999,-0.24321354925632477,0.12240787595510483
14.323588609695435,1.7234988532624844,1.7328526973724365,-0.3449302017688751,0.13992522656917572
14.326658010482788,1.7219684332949339,1.7320897579193115,-0.40233463048934937,0.08780041337013245
14.32972526550293,1.7203816157356002,1.731708288192749,-0.5070725679397583,0.09933622926473618
14.332795143127441,1.7187365107183807,1.730945348739624,-0.329823762178421,0.027557794004678726
14.335882663726807,1.717025122509105,1.7301822900772095,-0.3318379521369934,-0.0117494473233819
14.338966131210327,1.7152597429776266,1.7294193506240845,-0.6309453248977661,0.07199206203222275
14.34204649925232,1.7134406833610496,1.7286564111709595,-0.45571067929267883,0.06942854821681976
14.345113754272461,1.7115749704049945,1.727512001991272,-0.5604485869407654,0.0061951628886163235
14.34818148612976,1.7096553678583568,1.726749062538147,-0.5282215476036072,0.039093613624572754
14.35124921798706,1.7076828747326482,1.7256046533584595,-0.6037537455558777,0.03866636008024216
14.35431957244873,1.7056564708716793,1.724460244178772,-0.6621652841567993,0.04122987762093544
14.35739541053772,1.7035748174587364,1.722934365272522,-0.8907759189605713,0.020294498652219772
14.360466480255127,1.701445609594155,1.721789836883545,-0.7779812216758728,0.03952086716890335
14.363535165786743,1.6992681636437448,1.7206454277038574,-0.7709315419197083,0.0784008577466011
14.366604089736938,1.6970414807983922,1.7191195487976074,-0.7195696830749512,0.05661097168922424
14.369673252105713,1.6947663776170345,1.7175936698913574,-0.8192721605300903,0.10489051789045334
14.372750997543335,1.6924373105521213,1.7160677909851074,-0.6601510643959045,0.12326237559318542
14.375827074050903,1.6900627465838376,1.7145417928695679,-0.9753719568252563,0.13009841740131378
14.37889838218689,1.6876461096389062,1.7130159139633179,-0.8021515011787415,0.1117265596985817
14.38198447227478,1.6851727009875086,1.7111085653305054,-0.8917829990386963,0.13864347338676453
14.385053157806396,1.682669293518096,1.7095826864242554,-0.7769741415977478,0.16769665479660034
14.388123273849487,1.680121797807153,1.7076753377914429,-0.9864500164985657,0.07412832975387573
14.391200542449951,1.6775262375493178,1.7057678699493408,-1.157656192779541,0.15487907826900482
14.394274950027466,1.6748919385920413,1.7038605213165283,-0.930052638053894,0.09378194808959961
14.39735221862793,1.6722149829530153,1.7019531726837158,-1.0932021141052246,0.17752346396446228
14.40043568611145,1.6694932934159064,1.7000458240509033,-1.0408331155776978,0.13266193866729736
14.403509140014648,1.6667422680176773,1.6973754167556763,-1.3510185480117798,0.15146104991436005
14.406585693359375,1.6639513270629012,1.6954680681228638,-1.1012588739395142,0.06900129467248917
14.409659624099731,1.6611266936376605,1.6931792497634888,-1.3288624286651611,0.08822766691446304
14.412737607955933,1.6582632647394508,1.6912717819213867,-1.1073014736175537,0.08780041337013245
14.41580867767334,1.6553723580723778,1.6889829635620117,-1.1475852727890015,0.040375370532274246
14.41887903213501,1.652449341419297,1.6866941452026367,-1.2895857095718384,0.1117265596985817
14.421950817108154,1.6494932493540126,1.6844053268432617,-1.3359121084213257,0.16983291506767273
14.425037384033203,1.6464920925322732,1.6821163892745972,-1.4356145858764648,0.1108720526099205
14.42811632156372,1.6434686767724902,1.6794461011886597,-1.315770149230957,0.09292744100093842
14.431193113327026,1.6404188895292848,1.6771572828292847,-1.2039825916290283,0.20144960284233093
14.434263944625854,1.6373477604491158,1.6748683452606201,-1.3620965480804443,0.15487907826900482
14.437333106994629,1.6342522419666379,1.6721980571746826,-1.156649112701416,0.10702677816152573
14.440409898757935,1.6311240365264874,1.6695277690887451,-1.4275578260421753,0.12112611532211304
14.44348406791687,1.627974672703848,1.666857361793518,-1.395330786705017,0.18735027313232422
14.446553707122803,1.6248073597180719,1.6641870737075806,-1.1516135931015015,0.11557183414697647
14.449620485305786,1.6216216338188076,1.661516785621643,-1.5504233837127686,0.09719996899366379
14.452696084976196,1.6184064864855887,1.658846378326416,-1.3278553485870361,0.06002899259328842
14.455774307250977,1.6151694860657642,1.6561760902404785,-1.4094300270080566,0.07071030884981155
14.458850383758545,1.6119168514044528,1.6531243324279785,-1.4195010662078857,0.08950942009687424
14.46192216873169,1.6086521197288453,1.6504539251327515,-1.3429617881774902,0.08822766691446304
14.46498441696167,1.6053821876623142,1.6474021673202515,-1.7035019397735596,0.0801098644733429
14.468054056167603,1.6020902126863084,1.644731879234314,-1.455756425857544,0.14676126837730408
14.471129655838013,1.5987788644416956,1.6416800022125244,-1.6672464609146118,0.14633402228355408
14.474207639694214,1.5954531779814054,1.639009714126587,-1.627969741821289,0.08737315982580185
14.477280616760254,1.5921223939133966,1.6359578371047974,-1.784069538116455,0.1604333519935608
14.480350971221924,1.5887852075536548,1.6329060792922974,-1.556465983390808,0.12283512949943542
14.483418703079224,1.5854428829390912,1.6298543214797974,-1.7206225395202637,0.09378194808959961
14.486487865447998,1.5820922519688383,1.6268024444580078,-1.7558709383010864,0.05276569724082947
14.489566802978516,1.578725420799378,1.6237506866455078,-1.5484092235565186,0.07113756239414215
14.4926438331604,1.5753564003418628,1.6203173398971558,-1.452735185623169,0.13394369184970856
14.495712280273438,1.571993774720669,1.6172655820846558,-1.6450904607772827,0.03994812071323395
14.498781681060791,1.5686283558193865,1.6142138242721558,-1.6541543006896973,0.08224612474441528
14.501861333847046,1.565251198209645,1.6111619472503662,-1.8616158962249756,0.08651865273714066
14.50494647026062,1.561868794255639,1.6077287197113037,-1.838452696800232,0.18051423132419586
14.508042573928833,1.5584764165680898,1.6046768426895142,-2.0026092529296875,0.19632257521152496
14.511118650436401,1.5551092835933276,1.6016250848770142,-1.7327077388763428,0.18564125895500183
14.514188289642334,1.5517537327558772,1.5981918573379517,-1.7095445394515991,0.17965972423553467
14.517255067825317,1.548407081023346,1.595139980316162,-1.8757152557373047,0.11514458060264587
14.520324468612671,1.5450645885684324,1.5917067527770996,-1.6652323007583618,0.07711909711360931
14.523404359817505,1.5417189832080702,1.58865487575531,-1.6612039804458618,0.10104524344205856
14.526480674743652,1.5383868219594357,1.5852216482162476,-1.909956455230713,0.10617227107286453
14.529554605484009,1.5350680294315298,1.5821698904037476,-1.6853742599487305,0.10489051789045334
14.53263235092163,1.531757161606042,1.5787365436553955,-1.7327077388763428,0.10189975053071976
14.535706758499146,1.5284631507283066,1.5756847858428955,-1.8414740562438965,0.14889752864837646
14.538785457611084,1.525179061327433,1.5722514390945435,-1.6682536602020264,0.11557183414697647
14.54186224937439,1.5219127495754612,1.568818211555481,-1.8565804958343506,0.20315861701965332
14.544930458068848,1.5186724366609954,1.5657663345336914,-1.6853742599487305,0.10403601080179214
14.547980308532715,1.5154694163577276,1.5627145767211914,-1.7055160999298096,0.12411688268184662
14.55104923248291,1.5122655754192014,1.559281349182129,-1.6863813400268555,0.10403601080179214
14.554118394851685,1.509081947374877,1.5558480024337769,-1.7367360591888428,0.09207294136285782
14.55719780921936,1.5059094413171554,1.5524147748947144,-1.7447928190231323,0.02243076264858246
14.560274124145508,1.5027630722509395,1.5493628978729248,-1.8918287754058838,0.0472114123404026
14.563342332839966,1.499649005967649,1.5459296703338623,-1.8878004550933838,0.13095292448997498
14.566410064697266,1.4965605563258637,1.5428777933120728,-1.6652323007583618,0.09036392718553543
14.56947922706604,1.4934969632746486,1.5398260354995728,-1.612863302230835,0.16342411935329437
14.572558403015137,1.4904509524560206,1.5363928079605103,-1.7558709383010864,0.19290456175804138
14.575634956359863,1.4874362603608493,1.5333409309387207,-1.7115586996078491,0.1604333519935608
14.578706741333008,1.4844560097633797,1.5299077033996582,-1.6883955001831055,0.12155336886644363
14.581774234771729,1.4815107143176693,1.5268558263778687,-1.627969741821289,0.19974060356616974
14.584840297698975,1.4785986344937116,1.5238040685653687,-1.6481117010116577,0.12967117130756378
14.587909936904907,1.475716131583387,1.5203708410263062,-1.6571755409240723,0.09762722253799438
14.590984344482422,1.4728632955863663,1.5173189640045166,-1.850537896156311,0.11642633378505707
14.594067096710205,1.4700380959097916,1.5142672061920166,-1.540352463722229,0.08523689955472946
14.597140073776245,1.4672581667287254,1.511215329170227,-1.6642252206802368,0.09121843427419662
14.600216627120972,1.4645123596271155,1.508163571357727,-1.69745934009552,0.10873579233884811
14.603291749954224,1.4618062069428353,1.505111813545227,-1.5897001028060913,0.15658807754516602
14.6063711643219,1.459135739749528,1.5020599365234375,-1.558480143547058,0.1758144497871399
14.609449625015259,1.4565065695242583,1.4990081787109375,-1.5625085830688477,0.0963454619050026
14.612526655197144,1.4539200394043836,1.495956301689148,-1.7125657796859741,0.12497138977050781
14.615594625473022,1.4513833127518834,1.492904543876648,-1.692423939704895,0.125825896859169
14.618660926818848,1.448890999837215,1.4902342557907104,-1.4789196252822876,0.14633402228355408
14.621731996536255,1.4464388615313035,1.487182378768921,-1.5685511827468872,0.12198062241077423
14.624811887741089,1.4440248716378876,1.4845120906829834,-1.5604944229125977,0.05191119387745857
14.627887487411499,1.4416603085174917,1.4814603328704834,-1.4043946266174316,0.0942092016339302
14.630966901779175,1.4393398146871752,1.4787899255752563,-1.52423894405365,0.11770809441804886
14.634060621261597,1.4370567763855966,1.4757381677627563,-1.5171892642974854,0.042084380984306335
14.637129783630371,1.4348404818591736,1.4730678796768188,-1.5846647024154663,0.0963454619050026
14.640207052230835,1.432667783994535,1.4703974723815918,-1.555458903312683,0.1582970917224884
14.643280506134033,1.4305480126432635,1.4677271842956543,-1.4416571855545044,0.17795071005821228
14.646349668502808,1.428482086872924,1.4650568962097168,-1.4084229469299316,0.21725794672966003
14.64941668510437,1.4264691699290033,1.4623864889144897,-1.2724651098251343,0.18179598450660706
14.652486562728882,1.4245067427818625,1.4597162008285522,-1.467841625213623,0.12283512949943542
14.655565023422241,1.422592174347341,1.4574273824691772,-1.3560540676116943,0.13992522656917572
14.658641815185547,1.420732735253268,1.4547569751739502,-1.2523231506347656,0.1570153385400772
14.661710500717163,1.4189327500058837,1.4524681568145752,-1.3782100677490234,0.13351644575595856
14.664776802062988,1.4171892514963165,1.4497978687286377,-1.3751888275146484,0.10019073635339737
14.667843103408813,1.4155014671455077,1.4475089311599731,-1.229159951210022,0.09805447608232498
14.670915603637695,1.4138667827380447,1.4452201128005981,-1.2482948303222656,0.13437095284461975
14.673981428146362,1.4122926412657908,1.4433127641677856,-1.1687343120574951,0.06686503440141678
14.677060604095459,1.4107695353559724,1.441023826599121,-0.9763790369033813,0.10446326434612274
14.680131673812866,1.4093087933999802,1.4391164779663086,-1.0921950340270996,0.030975814908742905
14.68319821357727,1.407908897440238,1.4368276596069336,-1.227145791053772,0.06857404112815857
14.686266899108887,1.406567252130451,1.4345388412475586,-1.137514352798462,0.06601052731275558
14.68934416770935,1.405281855180476,1.4326313734054565,-1.1687343120574951,0.14035248756408691
14.692415952682495,1.4040591514909964,1.430724024772644,-1.245273470878601,0.1437705010175705
14.695484161376953,1.4028985695848433,1.4288166761398315,-1.0307621955871582,0.11898985505104065
14.698553800582886,1.4017985837722173,1.426909327507019,-0.9814144968986511,0.1292439103126526
14.70163083076477,1.4007577328355343,1.425001859664917,-0.9904783964157104,0.1104447990655899
14.70470666885376,1.3997794953198959,1.4230945110321045,-0.9834287166595459,0.08950942009687424
14.707783222198486,1.3988636157077832,1.4215686321258545,-0.9904783964157104,0.0792553573846817
14.710854768753052,1.3980120077349432,1.4200427532196045,-0.9431448578834534,0.10873579233884811
14.713934659957886,1.3972213909463718,1.418135404586792,-0.8575417995452881,0.056183718144893646
14.716980218887329,1.3965022118498107,1.4166094064712524,-0.8253147006034851,0.08566414564847946
14.720052719116211,1.3958400417269206,1.4150835275650024,-0.6017395257949829,0.07583733648061752
14.723132133483887,1.395240493475868,1.413939118385315,-0.6833142638206482,0.13180743157863617
14.726209163665771,1.3947057428709453,1.412413239479065,-0.45268940925598145,0.07284656912088394
14.729281187057495,1.3942362133991504,1.410887360572815,-0.6823071837425232,0.08609139919281006
14.732357740402222,1.3938306079711578,1.409742832183838,-0.4879377484321594,0.10360875725746155
14.73543095588684,1.3934901525924095,1.4085984230041504,-0.7477683424949646,0.1266804039478302
14.738507509231567,1.3932142349538712,1.4078354835510254,-0.5000228881835938,0.05917448550462723
14.74158525466919,1.3930032940229151,1.406691074371338,-0.6823071837425232,0.008758679032325745
14.744658470153809,1.392857694807839,1.4055466651916504,-0.6128175854682922,0.07626459002494812
14.747727870941162,1.392777192935286,1.4047837257385254,-0.5272144675254822,0.06985580176115036
14.750796794891357,1.3927615947041203,1.403639316558838,-0.4718242287635803,0.040375370532274246
14.753872394561768,1.392811066317955,1.402876377105713,-0.4899519383907318,0.05874723568558693
14.756959199905396,1.3929262306835108,1.4021133184432983,-0.21098649501800537,0.08181887865066528
14.760055303573608,1.393107626891831,1.4009689092636108,-0.3932707607746124,0.10916304588317871
14.763121843338013,1.3933522655822987,1.4005874395370483,-0.3197528123855591,0.14035248756408691
14.766188144683838,1.3936614495610338,1.3998245000839233,-0.45268940925598145,0.18735027313232422
14.76925778388977,1.3940355223630738,1.3990615606307983,-0.4124055802822113,0.10574502497911453
14.772337198257446,1.3944755426650024,1.3986800909042358,-0.29054704308509827,0.20230410993099213
14.775413751602173,1.3949797587301194,1.3982986211776733,-0.3137102425098419,0.18606851994991302
14.77848482131958,1.3955472902610955,1.3979171514511108,-0.26335546374320984,0.21170367300510406
14.781553745269775,1.3961783037819597,1.3975356817245483,-0.1928587704896927,0.21084916591644287
14.784620523452759,1.3968724309879794,1.3971542119979858,-0.1576104313135147,0.14975203573703766
14.787689208984375,1.3976303237647987,1.3967727422714233,-0.06999313086271286,0.21170367300510406
14.790766477584839,1.3984536728026562,1.3967727422714233,0.030716411769390106,0.1753872036933899
14.793841361999512,1.3993394280548914,1.3967727422714233,-0.06495765596628189,0.1890592873096466
14.796916007995605,1.4002877963453155,1.3967727422714233,0.11732661724090576,0.1770962029695511
14.799978017807007,1.4012942091967089,1.3967727422714233,0.08610665798187256,0.20016784965991974
14.80305027961731,1.4023657417478907,1.3967727422714233,0.008560311049222946,0.20230410993099213
14.806127071380615,1.4035004444764736,1.3967727422714233,0.00553902518004179,0.21683070063591003
14.809200286865234,1.4046949335350225,1.3971542119979858,0.09315633028745651,0.26211947202682495
14.81227731704712,1.405951642189367,1.3971542119979858,0.21904325485229492,0.30954450368881226
14.815348625183105,1.407266151101378,1.3975356817245483,0.10524147748947144,0.3505607545375824
14.81841492652893,1.4086379632289807,1.3979171514511108,0.10322728008031845,0.29031816124916077
14.821484327316284,1.4100701392978285,1.3982986211776733,0.29356831312179565,0.34329748153686523
14.82456350326538,1.4115656300942492,1.3986800909042358,0.3972991406917572,0.3163805603981018
14.82763671875,1.413116345137963,1.3994430303573608,0.3761501610279083,0.4005493223667145
14.830713987350464,1.4147267031212662,1.3998245000839233,0.22810712456703186,0.34201571345329285
14.833787202835083,1.4163918617039337,1.4009689092636108,0.4466468393802643,0.3462882339954376
14.836859703063965,1.4181128761461363,1.4017318487167358,0.4899519383907318,0.32278934121131897
14.839940309524536,1.4198942462352455,1.4024949073791504,0.4758526086807251,0.37405967712402344
14.842981338500977,1.4217068955605627,1.4032578468322754,0.6299381852149963,0.35910582542419434
14.846054792404175,1.4235928731647034,1.404402256011963,0.6269168853759766,0.2569924592971802
14.849121332168579,1.4255280142868163,1.4055466651916504,0.581597626209259,0.3172350525856018
14.852187633514404,1.4275156260572703,1.406691074371338,0.5876401662826538,0.34842449426651
14.855257034301758,1.4295572066479547,1.4078354835510254,0.6762645840644836,0.2360570728778839
14.85833477973938,1.4316557728987358,1.408979892730713,0.7497825622558594,0.24802014231681824
14.861406803131104,1.4338010177598712,1.4105058908462524,0.7638819217681885,0.2240939885377884
14.864476203918457,1.4359941011927146,1.41165030002594,0.6782788038253784,0.27792781591415405
14.86754322052002,1.4382342573411957,1.41317617893219,0.8263218402862549,0.23349355161190033
14.870612144470215,1.4405237763397984,1.41470205783844,0.8303502202033997,0.24417486786842346
14.873689413070679,1.442866845893468,1.41622793674469,0.7658960819244385,0.3655146062374115
14.876763343811035,1.4452538129152344,1.41775381565094,0.8726481795310974,0.3168078064918518
14.879835367202759,1.4476847797161072,1.4192798137664795,0.9350880980491638,0.19974060356616974
14.882904052734375,1.4501575938139253,1.421187162399292,0.9119248986244202,0.3146715462207794
14.885985851287842,1.452684797693344,1.4230945110321045,1.0629892349243164,0.32321658730506897
14.889064311981201,1.4552521651931958,1.4246203899383545,0.9028610587120056,0.27835509181022644
14.892140626907349,1.4578596162897652,1.4265278577804565,1.1022659540176392,0.2685282528400421
14.895208358764648,1.4605005065899217,1.428435206413269,0.928038477897644,0.3146715462207794
14.89827847480774,1.4631831705465939,1.4303425550460815,1.0458686351776123,0.32278934121131897
14.901355743408203,1.4659109577735627,1.4326313734054565,0.9965209364891052,0.32321658730506897
14.904431819915771,1.468675566054723,1.4345388412475586,1.3490043878555298,0.30997177958488464
14.907508134841919,1.4714772304620518,1.436446189880371,1.070038914680481,0.4590829312801361
14.910579919815063,1.4743104874346793,1.438735008239746,1.158663272857666,0.3608148396015167
14.91365671157837,1.4771830824257577,1.441023826599121,1.2563515901565552,0.29202717542648315
14.916728973388672,1.4800850496239197,1.4433127641677856,1.4839551448822021,0.28091859817504883
14.919798612594604,1.4830169932197157,1.4456015825271606,1.4144655466079712,0.2740825414657593
14.92287802696228,1.485989771058756,1.4482718706130981,1.3399405479431152,0.2211032211780548
14.925956726074219,1.4889922838313965,1.4505608081817627,1.471869945526123,0.2740825414657593
14.929038763046265,1.4920273974391192,1.4528496265411377,1.293614149093628,0.28091859817504883
14.93211555480957,1.4950854980741175,1.4551384449005127,1.2462806701660156,0.3189440667629242
14.935187816619873,1.4981660221675526,1.4578088521957397,1.5302815437316895,0.24844738841056824
14.938257217407227,1.5012693995733857,1.4600976705551147,1.3923094272613525,0.3189440667629242
14.941335439682007,1.504406356431222,1.4627679586410522,1.6017853021621704,0.30612650513648987
14.944408416748047,1.5075614319687118,1.4654383659362793,1.4235293865203857,0.27536430954933167
14.947476625442505,1.5107338276650526,1.4684901237487793,1.7095445394515991,0.3522697687149048
14.95054316520691,1.5139254999219394,1.4707789421081543,1.3691462278366089,0.3338979184627533
14.953611850738525,1.517139237415947,1.4734493494033813,1.557473063468933,0.48557260632514954
14.956688404083252,1.5203799297742226,1.4765011072158813,1.293614149093628,0.27963683009147644
14.959760189056396,1.52363308848351,1.4791713953018188,1.5977569818496704,0.34372472763061523
14.9628267288208,1.5268969144680622,1.481841802597046,1.3349050283432007,0.2399023473262787
14.965895414352417,1.530178035733844,1.484893560409546,1.4779125452041626,0.21811245381832123
14.968966722488403,1.5334757757445876,1.487945318222046,1.5333027839660645,0.34671550989151
14.972060203552246,1.5368100498839117,1.4909971952438354,1.6148775815963745,0.3676508665084839
14.975136518478394,1.540137243984422,1.493667483329773,1.621927261352539,0.34073394536972046
14.978208065032959,1.5434694030732736,1.4967193603515625,1.6632181406021118,0.31338977813720703
14.981276988983154,1.5468075787262587,1.4997711181640625,1.5222247838974,0.27920958399772644
14.984344720840454,1.550152069813846,1.5028228759765625,1.5826505422592163,0.2505836486816406
14.98741340637207,1.5535039713874863,1.505874752998352,1.6561684608459473,0.286472886800766
14.990491151809692,1.5568709163400392,1.508926510810852,1.5745937824249268,0.3655146062374115
14.99356484413147,1.5602373172553612,1.5119783878326416,1.8162965774536133,0.29544517397880554
14.996635437011719,1.5636029512789058,1.5150301456451416,1.7357289791107178,0.3676508665084839
14.999711751937866,1.566976233450634,1.5180819034576416,1.7075303792953491,0.21554894745349884
15.002784013748169,1.570345189659379,1.5215152502059937,1.7206225395202637,0.23178453743457794
15.005861043930054,1.5737182338837374,1.5245670080184937,1.5665370225906372,0.22665750980377197
15.008933782577515,1.5770841774915891,1.5276188850402832,1.7065231800079346,0.382177472114563
15.011983871459961,1.58042170362348,1.5310521125793457,1.9441977739334106,0.38687723875045776
15.015061378479004,1.5837843409493877,1.5341038703918457,1.6612039804458618,0.28091859817504883
15.018130779266357,1.5871319802392225,1.5375372171401978,1.8162965774536133,0.31039902567863464
15.021199226379395,1.5904712041435374,1.5405889749526978,1.7770198583602905,0.22879377007484436
15.024277448654175,1.5938124078812144,1.5440223217010498,1.7105516195297241,0.27621880173683167
15.027352809906006,1.5971406001715032,1.5470740795135498,1.6873884201049805,0.33774319291114807
15.030429363250732,1.600458931493856,1.5505073070526123,1.8616158962249756,0.34073394536972046
15.033499956130981,1.6037584777343172,1.5535591840744019,1.768963098526001,0.19546806812286377
15.036575555801392,1.6070497970560833,1.5569924116134644,1.7498283386230469,0.2847638726234436
15.039653539657593,1.61032880368876,1.560044288635254,1.7901121377944946,0.26340124011039734
15.042726993560791,1.6135869247218502,1.5634775161743164,1.6732890605926514,0.3779049217700958
15.045795679092407,1.6168227681151308,1.566529393196106,1.5987640619277954,0.3197985887527466
15.048864364624023,1.6200401985657884,1.5699626207351685,2.0388646125793457,0.2984359562397003
15.051936626434326,1.6232417348659243,1.573395848274231,1.7921262979507446,0.43344777822494507
15.054980278015137,1.6263929033209346,1.5764477252960205,1.7588921785354614,0.4458380937576294
15.058056116104126,1.6295554334649986,1.579880952835083,1.7437857389450073,0.32278934121131897
15.061125040054321,1.6326876794904353,1.5829328298568726,1.764934778213501,0.33731594681739807
15.064192056655884,1.63579368721252,1.586366057395935,1.9119707345962524,0.38901349902153015
15.067258596420288,1.6388737803344735,1.589417815208435,1.780041217803955,0.3779049217700958
15.07032823562622,1.6419303727047856,1.592851161956787,1.6692607402801514,0.3206530809402466
15.073405504226685,1.6449666935649512,1.595902919769287,1.7024948596954346,0.3368886709213257
15.076479434967041,1.6479707314162446,1.5993362665176392,1.6158846616744995,0.3044174909591675
15.079550743103027,1.6509421502994075,1.6023880243301392,1.7417715787887573,0.3603875935077667
15.082619428634644,1.6538799220744522,1.6054397821426392,1.9280842542648315,0.3176623284816742
15.085686922073364,1.6567843825650868,1.6084916591644287,1.5604944229125977,0.5774319171905518
15.088756322860718,1.659657374964387,1.6119248867034912,1.626962661743164,0.23135729134082794
15.091835021972656,1.6625045606457647,1.6149767637252808,1.6682536602020264,0.2663919925689697
15.09491229057312,1.6653148218571052,1.6180285215377808,1.5111466646194458,0.2206759750843048
15.097979545593262,1.6680794741449023,1.6210802793502808,1.6370337009429932,0.251865416765213
15.101056337356567,1.6708151137980436,1.6241321563720703,1.7931334972381592,0.3693598806858063
15.104130983352661,1.6735101981178002,1.6275653839111328,1.778027057647705,0.32492560148239136
15.107218503952026,1.6761766769248159,1.6302357912063599,1.622934341430664,0.2992904484272003
15.110300302505493,1.6787973522837698,1.6332875490188599,1.7055160999298096,0.20956741273403168
15.113382816314697,1.6813768142382266,1.636720895767212,1.7609063386917114,0.26041045784950256
15.116453409194946,1.6839037558611212,1.6393911838531494,1.7880979776382446,0.34287023544311523
15.11952257156372,1.686386146508413,1.642061471939087,1.4114443063735962,0.3796139359474182
15.122600793838501,1.688831380878946,1.6451133489608765,1.3631036281585693,0.2997176945209503
15.125680685043335,1.6912324404395371,1.6481651067733765,1.683359980583191,0.2886091470718384
15.128755331039429,1.6935831180306862,1.650835394859314,1.6863813400268555,0.2890363931655884
15.131832361221313,1.6958884321987564,1.653505802154541,1.7055160999298096,0.3526970446109772
15.134904384613037,1.6981420470370285,1.656557559967041,1.6662393808364868,0.191195547580719
15.137977838516235,1.7003479278396147,1.658846378326416,1.4889906644821167,0.28177309036254883
15.141054630279541,1.7025065058801574,1.6618982553482056,1.3913023471832275,0.27536430954933167
15.144126176834106,1.7046110018595695,1.664568543434143,1.383245587348938,0.34244295954704285
15.147194147109985,1.7066619936533252,1.6672388315200806,1.3026779890060425,0.3138170540332794
15.15026068687439,1.7086602789237624,1.6695277690887451,1.3691462278366089,0.3791866898536682
15.153329133987427,1.7106072779026877,1.6721980571746826,1.5745937824249268,0.3928587734699249
15.156406164169312,1.7125062295917497,1.6748683452606201,1.2341954708099365,0.2659647464752197
15.159480571746826,1.7143493550837505,1.6775387525558472,1.3379262685775757,0.29672694206237793
15.162552833557129,1.7161363792482638,1.6798275709152222,1.2825360298156738,0.3689326345920563
15.165624141693115,1.7178674127575306,1.6821163892745972,1.003570556640625,0.35996031761169434
15.168702125549316,1.719545953381765,1.6844053268432617,1.296635389328003,0.2587014436721802
15.171775579452515,1.7211652057904852,1.6866941452026367,1.3026779890060425,0.3458609879016876
15.174855470657349,1.722730288733817,1.6889829635620117,1.0357977151870728,0.29715418815612793
15.17793345451355,1.72423624977372,1.6912717819213867,1.1838407516479492,0.19418631494045258
15.180983066558838,1.7256704421185305,1.6931792497634888,1.0932021141052246,0.2403295934200287
15.184055089950562,1.7270563829423353,1.6954680681228638,1.012634515762329,0.31210803985595703
15.187126874923706,1.7283827015793451,1.6977568864822388,1.0911879539489746,0.29758143424987793
15.190204381942749,1.7296513163976859,1.6996643543243408,1.1365071535110474,0.3313344120979309
15.193278789520264,1.7308580409229126,1.7015717029571533,0.931059718132019,0.33731594681739807
15.196353435516357,1.732003819387867,1.7034790515899658,0.9340810179710388,0.5009536743164062
15.19942331314087,1.7330864944400273,1.7053864002227783,1.069031834602356,0.3697871267795563
15.20249342918396,1.7341075644968331,1.7069122791290283,0.808194100856781,0.40396735072135925
15.205571174621582,1.7350688686935722,1.7088197469711304,0.9512016773223877,0.4471198618412018
15.208646297454834,1.7359666942568162,1.7103456258773804,0.7820096015930176,0.4313115179538727
15.21172285079956,1.7368019254350824,1.7118715047836304,0.8937972187995911,0.4766002893447876
15.214798212051392,1.7375735310912204,1.7137788534164429,0.7991302609443665,0.34415197372436523
15.217869520187378,1.738280667817475,1.7153048515319824,0.7840238213539124,0.34244295954704285
15.220940828323364,1.7389241309263481,1.7168307304382324,0.8535133600234985,0.3655146062374115
15.22398042678833,1.7394980245289102,1.71797513961792,0.7487754821777344,0.40268558263778687
15.227064371109009,1.740016099048796,1.71950101852417,0.687342643737793,0.2834821045398712
15.230140209197998,1.7404682172185466,1.7206454277038574,0.618860125541687,0.33731594681739807
15.233211278915405,1.7408551062931998,1.7221713066101074,0.5775692462921143,0.34714275598526
15.236279964447021,1.7411771480098233,1.7233158349990845,0.8041657209396362,0.2676737606525421
15.239346504211426,1.7414343906570466,1.724460244178772,0.5956969261169434,0.24374762177467346
15.242413520812988,1.7416270114000907,1.7256046533584595,0.581597626209259,0.4133669137954712
15.245480298995972,1.741754886263663,1.7263675928115845,0.4093843102455139,0.3146715462207794
15.248546600341797,1.7418179804829892,1.727512001991272,0.4416113495826721,0.3770504295825958
15.251612424850464,1.7418163008530902,1.728274941444397,0.6138246655464172,0.3655146062374115
15.254679441452026,1.741749824418262,1.729037880897522,0.2996108829975128,0.30954450368881226
15.25774598121643,1.741618589361996,1.729800820350647,0.39125657081604004,0.2706645429134369
15.260812520980835,1.7414226391043464,1.7305638790130615,0.37111467123031616,0.38858625292778015
15.263879299163818,1.741162023616565,1.7313268184661865,0.46678873896598816,0.3642328381538391
15.266947984695435,1.7408366300815636,1.731708288192749,0.1273975670337677,0.29159989953041077
15.269980192184448,1.7404517347129091,1.732471227645874,0.3842069208621979,0.3351796865463257
15.273046493530273,1.7399985974532266,1.7328526973724365,0.1253833770751953,0.3967040479183197
15.276112794876099,1.7394813563511595,1.733234167098999,0.13746853172779083,0.3039902448654175
15.279179334640503,1.7389001557257593,1.7336156368255615,-0.010574501939117908,0.3309071362018585
15.282245635986328,1.7382553016748528,1.733997106552124,0.09718471020460129,0.34757000207901
15.285311460494995,1.737547105913878,1.7343785762786865,0.21400777995586395,0.3321889042854309
15.288379192352295,1.7367752363897773,1.7343785762786865,0.08207827806472778,0.4278934895992279
15.29144549369812,1.7359408046571492,1.7343785762786865,0.08308537304401398,0.4095216393470764
15.294517040252686,1.7350421873228574,1.7343785762786865,-0.06797894090414047,0.32364386320114136
15.297583818435669,1.7340826329110202,1.7343785762786865,-0.09919890016317368,0.43814754486083984
15.300650358200073,1.7330612330553747,1.7343785762786865,0.08409246802330017,0.3155260682106018
15.303718090057373,1.7319778618507327,1.733997106552124,-0.12034790217876434,0.29159989953041077
15.306784391403198,1.7308338547452946,1.733997106552124,-0.17170977592468262,0.27536430954933167
15.309917688369751,1.7296021494993359,1.733997106552124,0.024673838168382645,0.15103380382061005
15.312981605529785,1.7283368817857583,1.733997106552124,-0.052872512489557266,0.10531777143478394
15.316060304641724,1.727005395520846,1.7336156368255615,-0.28148317337036133,0.14590676128864288
15.319127559661865,1.7256194293548464,1.733234167098999,-0.17775234580039978,0.0946364551782608
15.322197198867798,1.7241735141837047,1.7328526973724365,-0.27946898341178894,0.07626459002494812
15.325273990631104,1.7226656693543831,1.732471227645874,-0.16868849098682404,0.019439993426203728
15.328349828720093,1.7211002532276214,1.731708288192749,-0.2361638844013214,-0.0010681315325200558
15.33142638206482,1.7194770081357278,1.7313268184661865,-0.31068894267082214,0.09378194808959961
15.334496021270752,1.7178007370251522,1.7305638790130615,-0.44866102933883667,0.06045624613761902
15.337563037872314,1.7160699833254356,1.729800820350647,-0.32579538226127625,0.03353932872414589
15.340630531311035,1.7142836997299595,1.729037880897522,-0.4103913903236389,0.0634470134973526
15.343697547912598,1.7124431049005997,1.7278934717178345,-0.46779584884643555,0.049774929881095886
15.346766710281372,1.7105472647916424,1.7271305322647095,-0.40233463048934937,0.04934767633676529
15.349836587905884,1.7085976927157547,1.725986123085022,-0.6661936640739441,0.05746547505259514
15.352902889251709,1.7065979122553216,1.7248417139053345,-0.5362783074378967,0.06857404112815857
15.355973958969116,1.7045431952552743,1.723697304725647,-0.44966810941696167,0.03439383581280708
15.359044313430786,1.7024378722628735,1.72255277633667,-0.4728313088417053,0.08950942009687424
15.36211109161377,1.7002847940094306,1.72102689743042,-0.774959921836853,0.051483940333127975
15.365177869796753,1.6980823372378218,1.7198824882507324,-0.7155413031578064,0.15146104991436005
15.368244171142578,1.695831673424439,1.7183566093444824,-0.7417258024215698,0.11386281996965408
15.37131118774414,1.6935327576967447,1.7168307304382324,-0.7910735011100769,0.07284656912088394
15.37437891960144,1.6911864106532806,1.7153048515319824,-0.7810025215148926,0.11557183414697647
15.377445697784424,1.6887947853854333,1.7137788534164429,-0.8847333192825317,0.1275349110364914
15.380512714385986,1.6863578565347677,1.7118715047836304,-0.8585488796234131,0.17837797105312347
15.383579015731812,1.6838772969063773,1.7103456258773804,-0.9491874575614929,0.08950942009687424
15.386648416519165,1.6813508914397983,1.7084382772445679,-1.1032730340957642,0.13821622729301453
15.389715433120728,1.6787840765055146,1.7069122791290283,-1.1485923528671265,0.1437705010175705
15.39278268814087,1.67617565523964,1.7046234607696533,-1.0801098346710205,0.13736172020435333
15.395849466323853,1.6735272092052282,1.7027161121368408,-1.154634952545166,0.14505226910114288
15.398918390274048,1.6708374251828277,1.7008087635040283,-0.9250171780586243,0.13821622729301453
15.401979923248291,1.668115758323387,1.6985198259353638,-1.2714580297470093,0.15017929673194885
15.405049324035645,1.6653496474107623,1.6966124773025513,-1.152620792388916,0.0788281038403511
15.408116102218628,1.6625494765860878,1.6943236589431763,-1.156649112701416,0.16427862644195557
15.411183834075928,1.659713050759606,1.6924163103103638,-1.1022659540176392,0.14718852937221527
15.41426134109497,1.6568330876041089,1.6901273727416992,-1.0599679946899414,0.10659952461719513
15.417336702346802,1.653921688805192,1.6878385543823242,-1.156649112701416,0.13138018548488617
15.420405149459839,1.65098459896201,1.6855497360229492,-1.2845501899719238,0.08950942009687424
15.4234778881073,1.648012228752195,1.6832607984542847,-1.297642469406128,0.1420614868402481
15.426560401916504,1.645000173199438,1.6809719800949097,-1.5161821842193604,0.19717708230018616
15.429635286331177,1.6419665310201281,1.6786831617355347,-1.314763069152832,0.15573357045650482
15.432712078094482,1.6389031089701072,1.6760128736495972,-1.225131630897522,0.2074311375617981
15.435781478881836,1.6358203790761299,1.6733424663543701,-1.5856717824935913,0.15103380382061005
15.43884825706482,1.6327148283211974,1.6706721782684326,-1.556465983390808,0.13907071948051453
15.441917181015015,1.6295827888479035,1.6683833599090576,-1.2372167110443115,0.08908216655254364
15.444980382919312,1.6264334930280793,1.6657129526138306,-1.398352026939392,0.1723964363336563
15.448049545288086,1.623256098772156,1.6626611948013306,-1.4587777853012085,0.05874723568558693
15.45111608505249,1.6200606349345272,1.6599907875061035,-1.6471046209335327,0.13736172020435333
15.454190254211426,1.6168375595753242,1.657320499420166,-1.5685511827468872,0.1266804039478302
15.457256555557251,1.6136043186794076,1.6546502113342285,-1.456763505935669,0.10531777143478394
15.460322856903076,1.6103538880408006,1.6519798040390015,-1.4033875465393066,0.05831998214125633
15.463389873504639,1.6070867104253994,1.6489280462265015,-1.6863813400268555,0.05917448550462723
15.466456890106201,1.60380475533379,1.646257758140564,-1.7055160999298096,0.12027160823345184
15.469524383544922,1.6005087281532826,1.6432058811187744,-1.6551613807678223,0.13052567839622498
15.472594261169434,1.5971977864849645,1.640535593032837,-1.4769054651260376,0.12112611532211304
15.475662231445312,1.5938777860590374,1.637483835220337,-1.6158846616744995,0.10531777143478394
15.478728771209717,1.5905494618378944,1.6344319581985474,-1.7306935787200928,0.126253142952919
15.4817955493927,1.5872122441172636,1.6313802003860474,-1.60581374168396,0.12368962913751602
15.484862565994263,1.5838673700970547,1.6283283233642578,-1.6601969003677368,0.09121843427419662
15.487931966781616,1.5805137339676478,1.6252765655517578,-1.7256580591201782,0.18136873841285706
15.490981578826904,1.57717684652062,1.6222248077392578,-1.8092470169067383,0.15658807754516602
15.494060277938843,1.5738044548223704,1.6187914609909058,-1.902906894683838,0.07711909711360931
15.49713134765625,1.5704379916295168,1.6161211729049683,-1.6732890605926514,0.126253142952919
15.50020170211792,1.5670711415850263,1.6130692958831787,-1.8001830577850342,0.040375370532274246
15.503268957138062,1.5637077720581605,1.6096360683441162,-1.6330052614212036,0.23135729134082794
15.506335258483887,1.560346778842227,1.6065843105316162,-1.7457998991012573,0.1882047802209854
15.509404182434082,1.5569854926362185,1.6031509637832642,-1.7528495788574219,0.19803158938884735
15.51248049736023,1.5536199583747083,1.6000992059707642,-1.9018996953964233,0.13607995212078094
15.515554666519165,1.5502618739896,1.596665859222412,-1.906935214996338,0.10830853879451752
15.518627405166626,1.5469117013233014,1.593614101409912,-1.7739986181259155,0.125825896859169
15.521697044372559,1.543572492562728,1.5901808738708496,-1.677317500114441,0.13009841740131378
15.524774312973022,1.5402338416959802,1.58712899684906,-1.681345820426941,0.1437705010175705
15.52784776687622,1.5369094255732854,1.58407723903656,-1.5463950634002686,0.0318303182721138
15.530924558639526,1.5335927479258944,1.580643892288208,-1.784069538116455,0.07797360420227051
15.53398084640503,1.5303106386602008,1.577592134475708,-1.763927698135376,0.10873579233884811
15.537050724029541,1.5270276653952863,1.574158787727356,-1.6581826210021973,0.13266193866729736
15.540120124816895,1.523760178538278,1.571107029914856,-1.994552493095398,0.17795071005821228
15.5431969165802,1.520501073850654,1.5676738023757935,-1.627969741821289,0.16171512007713318
15.546268701553345,1.5172647159813033,1.5642404556274414,-1.8434882164001465,0.0963454619050026
15.54933500289917,1.5140527203007732,1.5611886978149414,-1.540352463722229,0.13821622729301453
15.552401304244995,1.5108604857083685,1.5577553510665894,-1.7981688976287842,0.14718852937221527
15.55547022819519,1.507686493976163,1.5547035932540894,-1.7488212585449219,0.10403601080179214
15.558547258377075,1.5045263693272077,1.5512703657150269,-1.9431906938552856,0.10104524344205856
15.561628341674805,1.5013855893189736,1.5478370189666748,-1.8797436952590942,0.06088349595665932
15.56469988822937,1.4982791142726113,1.5447852611541748,-1.7609063386917114,0.08780041337013245
15.567767143249512,1.4952026287123046,1.5413519144058228,-1.8283817768096924,0.08694590628147125
15.570835828781128,1.4921515016186484,1.5383001565933228,-1.69141685962677,0.17880521714687347
15.573916673660278,1.4891163861018764,1.5352483987808228,-1.6430761814117432,0.18393224477767944
15.576983451843262,1.486124219138924,1.5318150520324707,-1.8193179368972778,0.16513313353061676
15.580061674118042,1.483151193538476,1.5287632942199707,-1.6501258611679077,0.14077973365783691
15.583133697509766,1.480215533417689,1.5253299474716187,-1.6158846616744995,0.09079118072986603
15.58620309829712,1.477314778910192,1.5218967199325562,-1.923048734664917,0.12967117130756378
15.589282035827637,1.4744386336442632,1.5188448429107666,-1.7870908975601196,0.10403601080179214
15.5923593044281,1.4715987683318712,1.516174554824829,-1.6309911012649536,0.11856260150671005
15.59542727470398,1.4688030943325572,1.513122797012329,-1.6853742599487305,0.15445181727409363
15.598494529724121,1.4660446555454185,1.509689450263977,-1.7397574186325073,0.11429007351398468
15.601560831069946,1.4633246605222772,1.5070191621780396,-1.6531472206115723,0.07199206203222275
15.604630708694458,1.4606401510073836,1.5039674043655396,-1.4758983850479126,0.1104447990655899
15.607709646224976,1.4579875744602389,1.50091552734375,-1.626962661743164,0.14889752864837646
15.610787391662598,1.4553769070487486,1.49786376953125,-1.4879834651947021,0.10873579233884811
15.613870859146118,1.4528033539367662,1.4948118925094604,-1.8626229763031006,0.06771954149007797
15.616941213607788,1.4502834425618698,1.4917601346969604,-1.677317500114441,0.13522544503211975
15.619980096817017,1.447832235424068,1.4887083768844604,-1.6692607402801514,0.08609139919281006
15.623058557510376,1.4453935138316962,1.4860379695892334,-1.4114443063735962,0.12027160823345184
15.626134634017944,1.4430022328142993,1.4829862117767334,-1.5735865831375122,0.11471732705831528
15.629211902618408,1.4406564798774133,1.4803158044815063,-1.681345820426941,0.04592965543270111
15.632289171218872,1.4383580675338847,1.4776455163955688,-1.4325932264328003,0.06985580176115036
15.635361433029175,1.4361114765499692,1.4745937585830688,-1.5645227432250977,0.09762722253799438
15.638431072235107,1.4339156207602555,1.4719233512878418,-1.4940260648727417,0.12198062241077423
15.641510486602783,1.4317626240632657,1.4692530632019043,-1.314763069152832,0.17923247814178467
15.644580602645874,1.4296666340889557,1.4665827751159668,-1.5040971040725708,0.15274280309677124
15.64764952659607,1.427622638115457,1.4639123678207397,-1.314763069152832,0.17026016116142273
15.650716066360474,1.4256320996753096,1.4612420797348022,-1.3641108274459839,0.18649576604366302
15.653785705566406,1.4236922179213678,1.4589532613754272,-1.2523231506347656,0.15487907826900482
15.65686321258545,1.421800986730051,1.4562828540802002,-1.3439688682556152,0.10574502497911453
15.659936428070068,1.4199666765939076,1.4539940357208252,-1.3469901084899902,0.12155336886644363
15.662980318069458,1.4182040142596064,1.4513237476348877,-1.3711605072021484,0.04464789852499962
15.666050434112549,1.4164814050836219,1.4490348100662231,-1.3389333486557007,0.14633402228355408
15.669119596481323,1.4148154210476338,1.4467459917068481,-1.239230990409851,0.10147249698638916
15.67219877243042,1.413200980873266,1.4444571733474731,-1.3882811069488525,0.11343556642532349
15.675272703170776,1.4116468189678884,1.4421683549880981,-1.294621229171753,0.04293888807296753
15.678344011306763,1.4101519677889451,1.440260887145996,-1.2603799104690552,0.05703822523355484
15.681411743164062,1.4087172716920204,1.437972068786621,-1.074067234992981,0.045075152069330215
15.684478521347046,1.4073419077358276,1.4360647201538086,-1.141542673110962,0.03524833917617798
15.687554121017456,1.4060222322409248,1.4337759017944336,-1.0539253950119019,0.0950637087225914
15.69063138961792,1.4047621123825205,1.4318684339523315,-0.8907759189605713,0.1253986358642578
15.693702459335327,1.4035651062251846,1.429961085319519,-1.0065919160842896,0.14975203573703766
15.696769714355469,1.4024304334236248,1.4280537366867065,-1.1516135931015015,0.11728084087371826
15.69983720779419,1.401356909870363,1.426146388053894,-1.003570556640625,0.09677271544933319
15.702906847000122,1.400344338736377,1.424238920211792,-0.9955138564109802,0.09121843427419662
15.705984354019165,1.3993915130536152,1.422713041305542,-0.9763790369033813,0.08096437156200409
15.709068775177002,1.3984995351609162,1.4208056926727295,-0.8756694793701172,0.09848172962665558
15.71214485168457,1.397673107018385,1.4192798137664795,-0.9965209364891052,0.16385138034820557
15.715214490890503,1.3969115694441745,1.41775381565094,-0.6500800848007202,0.12497138977050781
15.718281984329224,1.3962138761388097,1.4158464670181274,-0.8575417995452881,0.1762416958808899
15.721351146697998,1.3955794041819083,1.4143205881118774,-0.8484779000282288,0.1112993061542511
15.724430561065674,1.3950069875547575,1.41317617893219,-0.771938681602478,0.1266804039478302
15.727507829666138,1.3944993980557039,1.41165030002594,-0.5392996072769165,0.10147249698638916
15.730584144592285,1.3940565314297462,1.4105058908462524,-0.5352712273597717,0.05874723568558693
15.733654260635376,1.3936790826400067,1.408979892730713,-0.6591439843177795,0.001495384145528078
15.73672366142273,1.3933663001250016,1.408216953277588,-0.6249027252197266,0.05746547505259514
15.73980450630188,1.3931174009211325,1.4070725440979004,-0.5866330862045288,0.030548561364412308
15.742887020111084,1.3929336836093662,1.405928134918213,-0.5987182259559631,0.06900129467248917
15.745956182479858,1.3928157409639224,1.405165195465088,-0.532249927520752,0.03823911026120186
15.74898099899292,1.3927629847455887,1.4040207862854004,-0.4889448285102844,0.06814679503440857
15.752050638198853,1.3927738944740315,1.4032578468322754,-0.4476539194583893,0.05575646460056305
15.75511908531189,1.3928496797278074,1.4024949073791504,-0.40837720036506653,0.09121843427419662
15.758196353912354,1.3929908016805157,1.4013503789901733,-0.5050583481788635,0.15188831090927124
15.761269807815552,1.3931967871826334,1.4009689092636108,-0.34090182185173035,0.13992522656917572
15.76433801651001,1.3934671764159356,1.4002059698104858,-0.2059510201215744,0.17795071005821228
15.767404317855835,1.3938019367949954,1.3994430303573608,-0.24925611913204193,0.10360875725746155
15.770474195480347,1.3942015951467668,1.3990615606307983,-0.29356831312179565,0.1886320263147354
15.773551940917969,1.3946669219125145,1.3982986211776733,-0.32881665229797363,0.11258106678724289
15.776625871658325,1.395196105028738,1.3979171514511108,-0.1102769523859024,0.18478675186634064
15.779697179794312,1.395788950258797,1.3975356817245483,-0.23515678942203522,0.19461356103420258
15.782764434814453,1.3964447522802819,1.3975356817245483,0.10826276242733002,0.19333180785179138
15.78583550453186,1.3971649416272902,1.3971542119979858,0.04582284390926361,0.24673838913440704
15.788914442062378,1.3979505625978965,1.3967727422714233,0.09718471020460129,0.19333180785179138
15.791978597640991,1.3987953307815233,1.3967727422714233,0.13344015181064606,0.23434805870056152
15.795048475265503,1.3997043053210971,1.3967727422714233,-0.008560311049222946,0.2065766453742981
15.798115730285645,1.4006747728196172,1.3967727422714233,-0.09718471020460129,0.16684214770793915
15.801182508468628,1.4017069573941399,1.3967727422714233,-0.08610665798187256,0.2548561692237854
15.804251194000244,1.4028013210875063,1.3967727422714233,0.08409246802330017,0.28134584426879883
15.807329177856445,1.4039604281026181,1.3971542119979858,0.022659648209810257,0.2886091470718384
15.810402870178223,1.4051788786778756,1.3971542119979858,0.003524834057316184,0.2693827748298645
15.81347918510437,1.4064589086556274,1.3975356817245483,0.17170977592468262,0.3514152765274048
15.81654977798462,1.4077964779952306,1.3975356817245483,0.016617074608802795,0.27963683009147644
15.819619417190552,1.409192970629123,1.3979171514511108,0.027695124968886375,0.32578012347221375
15.822698593139648,1.4106528856565672,1.3986800909042358,0.06596475094556808,0.3300526440143585
15.825774669647217,1.4121698723763643,1.3990615606307983,0.2542915940284729,0.3655146062374115
15.82884669303894,1.413742690950888,1.3998245000839233,0.3157244324684143,0.4313115179538727
15.831925630569458,1.4153764485879372,1.4002059698104858,0.3640649914741516,0.37448692321777344
15.834977388381958,1.4170518879487122,1.4013503789901733,0.3842069208621979,0.2843366265296936
15.83804702758789,1.4187928669510015,1.4021133184432983,0.48491644859313965,0.31210803985595703
15.841123580932617,1.4205931926580253,1.402876377105713,0.4325474798679352,0.34372472763061523
15.84419584274292,1.4224457081513309,1.4040207862854004,0.6339665651321411,0.32321658730506897
15.847265481948853,1.424350545693289,1.4047837257385254,0.7608606219291687,0.3304798901081085
15.850332260131836,1.4263067054143412,1.405928134918213,0.617853045463562,0.26041045784950256
15.85340166091919,1.4283169512169793,1.4070725440979004,0.7054703831672668,0.31082627177238464
15.85647988319397,1.4303848849873138,1.4085984230041504,0.5987182259559631,0.25912871956825256
15.859554290771484,1.432501373406262,1.409742832183838,0.6953994035720825,0.2394750863313675
15.862625360488892,1.4346657779690168,1.410887360572815,0.7316548228263855,0.29501792788505554
15.865691900253296,1.4368762617153432,1.412413239479065,0.8414282202720642,0.30869001150131226
15.868761777877808,1.4391376447031636,1.413939118385315,0.8051728010177612,0.16299687325954437
15.871841430664062,1.441454134021792,1.415464997291565,0.9824215769767761,0.32193484902381897
15.874922037124634,1.44381847780763,1.416990876197815,0.7608606219291687,0.27493706345558167
15.877980470657349,1.4462115666538657,1.4185168743133545,1.0237125158309937,0.29373615980148315
15.88105297088623,1.4486606811599134,1.420424222946167,0.9773861169815063,0.34287023544311523
15.884121417999268,1.4511506888913626,1.421950101852417,1.0307621955871582,0.3048447370529175
15.887194395065308,1.4536876367602576,1.423475980758667,0.7336690425872803,0.3501335084438324
15.890272378921509,1.4562711718625512,1.4253833293914795,0.9058823585510254,0.3048447370529175
15.893344163894653,1.4588909017852951,1.427672266960144,1.2462806701660156,0.26340124011039734
15.896411180496216,1.4615468512846321,1.429198145866394,0.9753719568252563,0.29330891370773315
15.899479150772095,1.464242912996218,1.431486964225769,1.1355000734329224,0.34201571345329285
15.902545928955078,1.466976195713518,1.4333943128585815,1.1032730340957642,0.32236209511756897
15.905614852905273,1.469748675905727,1.4353017807006836,1.017669916152954,0.37192338705062866
15.908692598342896,1.4725655484883144,1.437209129333496,1.1123368740081787,0.32364386320114136
15.911769390106201,1.4754169548006824,1.439497947692871,1.0811169147491455,0.37277790904045105
15.914845705032349,1.478302246636151,1.4417868852615356,1.3338979482650757,0.29758143424987793
15.917921543121338,1.481220330337672,1.4440757036209106,1.4064087867736816,0.2723735272884369
15.920984029769897,1.484157686544514,1.4463645219802856,1.2664225101470947,0.1766689568758011
15.924072980880737,1.4871516034154186,1.4490348100662231,1.2744792699813843,0.2693827748298645
15.9271559715271,1.4901698437165805,1.4513237476348877,1.3510185480117798,0.24118410050868988
15.930227756500244,1.49320589569146,1.4536125659942627,1.2372167110443115,0.286472886800766
15.933303833007812,1.4962738439073993,1.4562828540802002,1.310734748840332,0.27450981736183167
15.936379432678223,1.4993678388897025,1.4585717916488647,1.4144655466079712,0.31296253204345703
15.939455509185791,1.502487684246938,1.4612420797348022,1.3419547080993652,0.33774319291114807
15.942524433135986,1.5056243991305003,1.4639123678207397,1.4215152263641357,0.2578469514846802
15.945591449737549,1.5087820720255212,1.4665827751159668,1.454749345779419,0.31296253204345703
15.94865870475769,1.5119617204307023,1.4692530632019043,1.3782100677490234,0.2719462811946869
15.951724767684937,1.5151606712227348,1.4719233512878418,1.3369191884994507,0.3454337418079376
15.954792022705078,1.5183802237429307,1.4745937585830688,1.4597848653793335,0.2728008031845093
15.957861423492432,1.5216202134919397,1.4776455163955688,1.5897001028060913,0.3522697687149048
15.960931062698364,1.5248774433868566,1.4803158044815063,1.5735865831375122,0.30698099732398987
15.963980436325073,1.528128793529279,1.4829862117767334,1.6591897010803223,0.27621880173683167
15.967049837112427,1.5314160130141172,1.4860379695892334,1.6722819805145264,0.21640345454216003
15.97011685371399,1.5347140071368552,1.4887083768844604,1.5333027839660645,0.2689555287361145
15.973183155059814,1.538023325826914,1.4917601346969604,1.4275578260421753,0.43387502431869507
15.97625732421875,1.541352040534196,1.4948118925094604,1.5957427024841309,0.26041045784950256
15.979324340820312,1.5446826554543676,1.49786376953125,1.6350194215774536,0.3633783459663391
15.982390642166138,1.5480208868141305,1.50091552734375,1.6400549411773682,0.3988403081893921
15.98545789718628,1.5513673126656455,1.5035858154296875,1.677317500114441,0.3142443001270294
15.988527536392212,1.5547222608874827,1.506637692451477,1.5645227432250977,0.35611504316329956
15.99161148071289,1.5580975504311656,1.5100709199905396,1.8777294158935547,0.3142443001270294
15.994684934616089,1.5614647945839362,1.513122797012329,1.6571755409240723,0.23306630551815033
15.997751951217651,1.564827153273012,1.516174554824829,1.780041217803955,0.2587014436721802
16.000818252563477,1.5681896430408573,1.519226312637329,1.6491187810897827,0.2552834451198578
16.003887176513672,1.5715546749019567,1.5226596593856812,1.7085374593734741,0.39072251319885254
16.006959438323975,1.5749217788667829,1.5257114171981812,1.8062256574630737,0.43857482075691223
16.010043144226074,1.5782985648711245,1.5287632942199707,1.7337148189544678,0.3146715462207794
16.0131196975708,1.5816634021494447,1.5321965217590332,1.678324580192566,0.3018539845943451
16.016195058822632,1.5850215690389857,1.5352483987808228,1.6481117010116577,0.31082627177238464
16.01926827430725,1.5883707805060499,1.5386816263198853,1.7266651391983032,0.28220033645629883
16.0223388671875,1.5917092851868657,1.5417333841323853,1.8263676166534424,0.26169222593307495
16.025415420532227,1.5950451548127198,1.5451667308807373,1.8596017360687256,0.4257572293281555
16.028494119644165,1.59837296984325,1.5482184886932373,1.7719844579696655,0.27920958399772644
16.03157615661621,1.6016927436946078,1.5516518354415894,1.7045090198516846,0.24716563522815704
16.034645557403564,1.6049860876892503,1.5550850629806519,1.9804531335830688,0.27664607763290405
16.037712812423706,1.6082631251547208,1.5581368207931519,1.8092470169067383,0.3189440667629242
16.04077935218811,1.6115241871631967,1.561570167541504,1.8918287754058838,0.2689555287361145
16.043845891952515,1.6147688289638003,1.564621925354004,2.0106661319732666,0.27963683009147644
16.046912670135498,1.6179960962260864,1.568055272102356,1.7719844579696655,0.3783321976661682
16.04997706413269,1.621202051087034,1.571107029914856,1.836438536643982,0.41763943433761597
16.053045988082886,1.6243927153156017,1.574540376663208,1.8747081756591797,0.2202487289905548
16.05611300468445,1.6275601861963795,1.577592134475708,1.8878004550933838,0.21939422190189362
16.059179067611694,1.63070430250968,1.5810253620147705,1.782055377960205,0.29202717542648315
16.06224489212036,1.6338246439807356,1.58407723903656,1.8575875759124756,0.2646830081939697
16.065311193466187,1.6369207776538957,1.5875104665756226,1.7750056982040405,0.32748913764953613
16.068377256393433,1.6399908294580374,1.590562343597412,1.606820821762085,0.3774776756763458
16.071444034576416,1.643034608420971,1.5939955711364746,1.991531252861023,0.34073394536972046
16.07451367378235,1.6460530650301957,1.5970473289489746,1.6430761814117432,0.3001449704170227
16.077582836151123,1.6490417621286155,1.6004806756973267,1.9008926153182983,0.3334706723690033
16.080649614334106,1.6519977734463043,1.6035324335098267,1.9653468132019043,0.34201571345329285
16.083715677261353,1.654921656306292,1.6065843105316162,1.7014877796173096,0.3138170540332794
16.08678412437439,1.6578152540200244,1.6096360683441162,1.698466420173645,0.383031964302063
16.089863300323486,1.660685144611665,1.6126878261566162,1.7498283386230469,0.3612420856952667
16.092944860458374,1.663522259898114,1.6161211729049683,1.52021062374115,0.3009994626045227
16.095980882644653,1.666282176030324,1.6191729307174683,1.4476996660232544,0.27536430954933167
16.099050998687744,1.6690364523230288,1.6222248077392578,1.836438536643982,0.40482184290885925
16.10211682319641,1.6717490997362459,1.6252765655517578,1.4769054651260376,0.3368886709213257
16.105183839797974,1.6744240197390865,1.6283283233642578,1.8142824172973633,0.29416343569755554
16.108250379562378,1.6770587502880334,1.6313802003860474,1.521217703819275,0.27536430954933167
16.11132049560547,1.6796557332129063,1.6344319581985474,1.7306935787200928,0.4120851457118988
16.114397287368774,1.6822164158523778,1.637483835220337,1.468848705291748,0.3317616581916809
16.11747121810913,1.684731828523356,1.6401541233062744,1.5655298233032227,0.3954222798347473
16.12054467201233,1.6872030537266287,1.6432058811187744,1.7468070983886719,0.5436789393424988
16.12361454963684,1.689626766318436,1.6458762884140015,1.5997711420059204,0.5770046710968018
16.12669086456299,1.6920099041995558,1.6489280462265015,1.606820821762085,0.32364386320114136
16.129766941070557,1.6943462682386685,1.651598334312439,1.6027923822402954,0.40311282873153687
16.132842779159546,1.6966349966369487,1.6546502113342285,1.768963098526001,0.2561379373073578
16.1359121799469,1.6988707796310836,1.657320499420166,1.6662393808364868,0.3035629689693451
16.138977527618408,1.7010547704419225,1.6599907875061035,1.5705653429031372,0.32663461565971375
16.142043113708496,1.7031893072298039,1.6626611948013306,1.6420691013336182,0.3941405415534973
16.14511227607727,1.7052758278703541,1.665331482887268,1.455756425857544,0.3629510998725891
16.148181915283203,1.7073113493675123,1.6680018901824951,1.537331223487854,0.3941405415534973
16.151248455047607,1.7092928102532972,1.6706721782684326,1.4738842248916626,0.29758143424987793
16.15431523323059,1.7112217041375817,1.6733424663543701,1.467841625213623,0.33987945318222046
16.157384395599365,1.7130985958112703,1.6756312847137451,1.4315861463546753,0.25912871956825256
16.16045379638672,1.7149214066160365,1.6779202222824097,1.1365071535110474,0.3009994626045227
16.163527011871338,1.7166914734579182,1.6805905103683472,1.0932021141052246,0.27536430954933167
16.166593313217163,1.7184020430870004,1.6828793287277222,1.4205081462860107,0.2881819009780884
16.169660806655884,1.7200571571534684,1.6851682662963867,1.2362096309661865,0.23562981188297272
16.17272686958313,1.721654792926258,1.6874570846557617,1.0347905158996582,0.2997176945209503
16.175792932510376,1.7231951424845233,1.6897459030151367,1.298649549484253,0.26382848620414734
16.17886233329773,1.7246792163620142,1.6920348405838013,1.158663272857666,0.3962768018245697
16.181934118270874,1.7261058387875965,1.6939421892166138,0.9763790369033813,0.23306630551815033
16.184977531433105,1.7274609449473766,1.6962310075759888,1.1777981519699097,0.32877087593078613
16.18804955482483,1.7287693940817437,1.6981383562088013,1.013641595840454,0.3851682245731354
16.19113039970398,1.7300211809080415,1.7000458240509033,0.8978255987167358,0.3454337418079376
16.194204568862915,1.7312094788695602,1.7023346424102783,1.1022659540176392,0.37192338705062866
16.197272062301636,1.7323342415629808,1.7038605213165283,1.014648675918579,0.4287480115890503
16.2003390789032,1.733397537046331,1.7057678699493408,0.8817120790481567,0.45267415046691895
16.20340609550476,1.7343991500548288,1.7072938680648804,0.8897688388824463,0.32578012347221375
16.206472873687744,1.7353386380267792,1.7092012166976929,0.928038477897644,0.39157700538635254
16.20954203605652,1.736216389921362,1.7111085653305054,0.808194100856781,0.35526055097579956
16.212618827819824,1.7370332720265278,1.7126344442367554,0.8686197996139526,0.34714275598526
16.21568989753723,1.7377853769560674,1.7141603231430054,0.8001373410224915,0.3620965778827667
16.21875786781311,1.7384733396650836,1.715686321258545,0.8182650208473206,0.3291981518268585
16.22182583808899,1.7390976954842583,1.717212200164795,1.0337834358215332,0.37491416931152344
16.224901914596558,1.7396596086725031,1.7183566093444824,0.7679103016853333,0.40225833654403687
16.227980852127075,1.7401575680027277,1.7198824882507324,0.7316548228263855,0.37534141540527344
16.231057167053223,1.7405904931084473,1.7214083671569824,0.9099107384681702,0.47019150853157043
16.23412585258484,1.740957840981592,1.72255277633667,0.7064774632453918,0.3206530809402466
16.23719310760498,1.7412605026010726,1.723697304725647,0.6400091648101807,0.3497062623500824
16.240259408950806,1.7414984878590707,1.7248417139053345,0.7054703831672668,0.35696956515312195
16.243327140808105,1.7416718783160634,1.725986123085022,0.6390020847320557,0.3197985887527466
16.24639368057251,1.7417804538361847,1.726749062538147,0.35600823163986206,0.31338977813720703
16.249460697174072,1.7418242558385963,1.7278934717178345,0.5866330862045288,0.3663691282272339
16.252527952194214,1.7418032419868017,1.7286564111709595,0.6128175854682922,0.37064164876937866
16.255594491958618,1.741717441728874,1.7294193506240845,0.400320440530777,0.2535744309425354
16.2586612701416,1.741566875351291,1.7301822900772095,0.42046234011650085,0.40695810317993164
16.26172924041748,1.7413515066597842,1.730945348739624,0.19386588037014008,0.3142443001270294
16.264795541763306,1.7410716315228445,1.7313268184661865,0.269398033618927,0.35825130343437195
16.267863988876343,1.7407269907145206,1.7320897579193115,0.29658961296081543,0.37149614095687866
16.270935773849487,1.7403174055062884,1.732471227645874,0.2885328531265259,0.35526055097579956
16.273983240127563,1.7398473737397946,1.733234167098999,-0.03373769670724869,0.2552834451198578
16.277053356170654,1.7393098786676233,1.7336156368255615,0.10423437505960464,0.29672694206237793
16.28011965751648,1.7387091634369363,1.7336156368255615,0.07603570818901062,0.3159533143043518
16.283185482025146,1.7380449312112687,1.733997106552124,0.17070268094539642,0.3497062623500824
16.286252975463867,1.73731692671802,1.733997106552124,0.004531929735094309,0.383459210395813
16.289321184158325,1.7365255728475302,1.7343785762786865,-0.015609979629516602,0.3689326345920563
16.29239821434021,1.7356687796186034,1.7343785762786865,0.2845044732093811,0.3454337418079376
16.295471668243408,1.7347501569137216,1.7343785762786865,-0.052872512489557266,0.4629282057285309
16.29853916168213,1.7337710509676136,1.7343785762786865,-0.032730601727962494,0.35867857933044434
16.301605463027954,1.732730521115961,1.7343785762786865,-0.02668802998960018,0.2826276123523712
16.30467128753662,1.731628761246906,1.7343785762786865,-0.1908445805311203,0.37576866149902344
16.307737350463867,1.7304659303766181,1.733997106552124,0.09718471020460129,0.23135729134082794
16.310806274414062,1.7292413736329373,1.733997106552124,-0.2845044732093811,0.23263904452323914
16.31388568878174,1.7279521085468121,1.7336156368255615,-0.02870221994817257,0.19504082202911377
16.316961526870728,1.7266043016610828,1.7336156368255615,-0.23314259946346283,0.10019073635339737
16.320040464401245,1.725195546204292,1.7328526973724365,-0.16969558596611023,0.10659952461719513
16.32310938835144,1.723732566412912,1.7328526973724365,-0.24422064423561096,0.11429007351398468
16.326185703277588,1.7222076877415717,1.732471227645874,-0.16969558596611023,0.05276569724082947
16.32926297187805,1.7206244329933276,1.731708288192749,-0.060929276049137115,0.11642633378505707
16.33233952522278,1.7189842456627553,1.730945348739624,-0.34190890192985535,0.09890898317098618
16.335410594940186,1.71729045186496,1.7301822900772095,-0.583611786365509,0.059601739048957825
16.338478326797485,1.715542741299151,1.7294193506240845,-0.5231860876083374,0.07071030884981155
16.341545820236206,1.7137400951152564,1.7286564111709595,-0.7094987630844116,0.021576257422566414
16.34461236000061,1.7118836349873794,1.7278934717178345,-0.4466468393802643,0.11941710859537125
16.347679376602173,1.7099731970187342,1.726749062538147,-0.48491644859313965,0.06173800304532051
16.35074543952942,1.7080103937829323,1.7256046533584595,-0.7165483832359314,0.08865492045879364
16.35381269454956,1.7059945744661367,1.724460244178772,-0.6379949450492859,0.11001754552125931
16.356879472732544,1.7039275659953745,1.7233158349990845,-0.5241931676864624,0.06088349595665932
16.35994863510132,1.7018081605755542,1.7221713066101074,-0.582604706287384,0.095918208360672
16.362980365753174,1.6996654899444328,1.7206454277038574,-0.8132295608520508,0.08395513892173767
16.36604952812195,1.6974474429389552,1.71950101852417,-0.8323643803596497,0.11984435468912125
16.369116067886353,1.6951829528308604,1.71797513961792,-0.7860379815101624,0.08267337828874588
16.372183084487915,1.6928706226890193,1.71644926071167,-0.8404211401939392,0.12454413622617722
16.375250577926636,1.6905112892382728,1.71492338180542,-0.8303502202033997,0.0942092016339302
16.3783175945282,1.6881065620941067,1.7130159139633179,-0.8303502202033997,0.13308918476104736
16.381383895874023,1.6856575475160331,1.7114900350570679,-1.0398260354995728,0.12326237559318542
16.38445019721985,1.6831645990072095,1.7099641561508179,-1.0327763557434082,0.18649576604366302
16.387519121170044,1.6806264547396779,1.7080568075180054,-0.7507896423339844,0.1292439103126526
16.39059615135193,1.6780393014647228,1.7061493396759033,-1.0227054357528687,0.15103380382061005
16.393670797348022,1.6754128062504539,1.7042419910430908,-1.0468757152557373,0.15060654282569885
16.396743059158325,1.6727480442948184,1.7019531726837158,-1.2049896717071533,0.14035248756408691
16.399813413619995,1.6700456784841657,1.7004272937774658,-1.0962233543395996,0.14975203573703766
16.40288209915161,1.6673065724456153,1.6981383562088013,-1.1083085536956787,0.11514458060264587
16.405948638916016,1.6645322401655094,1.6958495378494263,-1.3520256280899048,0.1424887478351593
16.40898036956787,1.6617539101155385,1.6939421892166138,-1.1022659540176392,0.10489051789045334
16.412055015563965,1.658901249963921,1.6916533708572388,-1.0257266759872437,0.1420614868402481
16.415136098861694,1.6560083225442916,1.6893644332885742,-1.3197985887527466,0.05276569724082947
16.418211936950684,1.6530871570601753,1.6870756149291992,-1.295628309249878,0.05062943324446678
16.421279668807983,1.650141772693679,1.6851682662963867,-1.0901808738708496,0.09848172962665558
16.424349308013916,1.6471637484193176,1.6824978590011597,-1.3177844285964966,0.0963454619050026
16.427425622940063,1.6441494408246586,1.6802090406417847,-1.2382237911224365,0.09976348280906677
16.430500984191895,1.641107367038061,1.6775387525558472,-1.6158846616744995,0.10232700407505035
16.43357753753662,1.6380365379218036,1.6752498149871826,-1.2754863500595093,0.19931334257125854
16.43664836883545,1.6349450590036185,1.6725795269012451,-1.2563515901565552,0.13949798047542572
16.43971562385559,1.63183203885153,1.6702907085418701,-1.3882811069488525,0.14761577546596527
16.442784309387207,1.628693579976426,1.667620301246643,-1.4144655466079712,0.10788128525018692
16.44586491584778,1.6255199715539301,1.6649500131607056,-1.379217267036438,0.13864347338676453
16.448944330215454,1.6223257890921337,1.6618982553482056,-1.5061112642288208,0.09121843427419662
16.45198392868042,1.619152697222323,1.6592278480529785,-1.5756008625030518,0.08181887865066528
16.455053567886353,1.6159290524713348,1.656557559967041,-1.5594873428344727,0.043366141617298126
16.458120584487915,1.612690092795663,1.6538872718811035,-1.398352026939392,0.1108720526099205
16.4611873626709,1.6094345285703242,1.6512168645858765,-1.5151751041412354,0.08480964601039886
16.464253664016724,1.6061638272259011,1.648546576499939,-1.4920119047164917,0.08566414564847946
16.46731925010681,1.6028794657337315,1.645494818687439,-1.69544517993927,0.14035248756408691
16.470386505126953,1.5995801028376972,1.6424429416656494,-1.7397574186325073,0.13864347338676453
16.473453044891357,1.596269521628669,1.6393911838531494,-1.5796291828155518,0.09292744100093842
16.476519346237183,1.5929484418219444,1.636720895767212,-1.6712749004364014,0.1446250081062317
16.4795925617218,1.5896103192339153,1.6336690187454224,-1.6883955001831055,0.08737315982580185
16.482658863067627,1.5862714126776314,1.6306172609329224,-1.5453879833221436,0.11429007351398468
16.48572611808777,1.5829244199884394,1.6275653839111328,-1.4899977445602417,0.12454413622617722
16.48879599571228,1.5795687526038487,1.6245136260986328,-1.6541543006896973,0.13736172020435333
16.491876125335693,1.576197289999559,1.6214618682861328,-1.7931334972381592,0.07797360420227051
16.494956016540527,1.572822753564287,1.6180285215377808,-1.624948501586914,0.07498283684253693
16.498038053512573,1.5694437932346763,1.6149767637252808,-1.6168917417526245,0.17752346396446228
16.501105785369873,1.5660797130550008,1.6119248867034912,-1.5171892642974854,0.12967117130756378
16.50417947769165,1.5627095492563225,1.6088731288909912,-1.8827649354934692,0.08609139919281006
16.507245302200317,1.5593497137453372,1.6054397821426392,-1.7528495788574219,0.22623026371002197
16.510314226150513,1.5559894336153177,1.6023880243301392,-1.7498283386230469,0.15017929673194885
16.51339030265808,1.5526255400642548,1.5993362665176392,-1.5897001028060913,0.1283894032239914
16.516462802886963,1.549271026050985,1.595902919769287,-1.623941421508789,0.1732509285211563
16.519530773162842,1.5459281584090971,1.5924696922302246,-1.5836576223373413,0.12368962913751602
16.522600412368774,1.542591417432255,1.589417815208435,-1.7165942192077637,0.1433432549238205
16.52567768096924,1.5392556067850582,1.586366057395935,-1.555458903312683,0.15445181727409363
16.52875328063965,1.5359320775747323,1.5829328298568726,-1.6521400213241577,0.09933622926473618
16.53183078765869,1.5326182091822753,1.579880952835083,-1.6601969003677368,0.11642633378505707
16.53490424156189,1.5293216433770014,1.5764477252960205,-1.5020828247070312,0.05020218342542648
16.537978172302246,1.526038728985073,1.573395848274231,-1.7095445394515991,0.13180743157863617
16.54104447364807,1.5227792929289208,1.5699626207351685,-1.853559136390686,0.1907682865858078
16.544111013412476,1.5195361274184043,1.5669108629226685,-1.6843671798706055,0.16812390089035034
16.547183990478516,1.5163039390907669,1.5634775161743164,-1.6541543006896973,0.11813534796237946
16.55025029182434,1.5130977175835068,1.560044288635254,-1.8243534564971924,0.051483940333127975
16.55331802368164,1.5099101301104862,1.5566109418869019,-1.839459776878357,0.14718852937221527
16.556384563446045,1.5067450873090864,1.5535591840744019,-1.6410620212554932,0.08224612474441528
16.55945086479187,1.5036027649096773,1.5501258373260498,-1.7478141784667969,0.12497138977050781
16.562519788742065,1.5004814253793686,1.5470740795135498,-1.7709773778915405,0.1420614868402481
16.565598487854004,1.497375104592854,1.5436408519744873,-1.8072327375411987,0.14761577546596527
16.568665266036987,1.4943068200882195,1.5405889749526978,-1.8142824172973633,0.14932478964328766
16.57173228263855,1.4912653988895994,1.5371557474136353,-1.7387503385543823,0.18393224477767944
16.574798583984375,1.4882529092999703,1.5341038703918457,-1.7961547374725342,0.13479819893836975
16.57786774635315,1.4852669875874007,1.5310521125793457,-1.7397574186325073,0.17965972423553467
16.580940008163452,1.4823085994915233,1.5276188850402832,-1.7367360591888428,0.11300831288099289
16.583980083465576,1.479412371643308,1.5245670080184937,-1.6601969003677368,0.18478675186634064
16.587052822113037,1.4765176114562286,1.5215152502059937,-1.6642252206802368,0.09292744100093842
16.59013032913208,1.4736522731506907,1.518463373184204,-1.3228198289871216,0.11471732705831528
16.593204975128174,1.4708245606072246,1.5150301456451416,-1.7931334972381592,0.09677271544933319
16.596272706985474,1.468039086125578,1.5119783878326416,-1.6642252206802368,0.06088349595665932
16.599341869354248,1.4652892131788935,1.508926510810852,-1.6853742599487305,0.12283512949943542
16.602410554885864,1.4625776900230032,1.505874752998352,-1.8606088161468506,0.11856260150671005
16.605477333068848,1.459906743403608,1.5028228759765625,-1.52423894405365,0.11557183414697647
16.60854458808899,1.4572752618344254,1.4997711181640625,-1.5594873428344727,0.16983291506767273
16.611613988876343,1.454682843198383,1.497100830078125,-1.6168917417526245,0.09719996899366379
16.614691019058228,1.4521260199471648,1.4940489530563354,-1.7699702978134155,0.10617227107286453
16.61776614189148,1.4496137876107889,1.4909971952438354,-1.765941858291626,0.07028305530548096
16.620837926864624,1.4471481410493947,1.487945318222046,-1.60782790184021,0.05020218342542648
16.623913764953613,1.4447240840425881,1.484893560409546,-1.7598992586135864,0.10959029197692871
16.626978397369385,1.442354384655082,1.4822232723236084,-1.552437663078308,0.06002899259328842
16.630056142807007,1.4400211678052404,1.4795528650283813,-1.4587777853012085,0.09677271544933319
16.633136510849,1.4377336167107178,1.4768825769424438,-1.3288624286651611,0.0942092016339302
16.63620615005493,1.435502309730901,1.4742122888565063,-1.4930189847946167,0.1112993061542511
16.639273166656494,1.4333218694751335,1.4711604118347168,-1.5484092235565186,0.1266804039478302
16.64234209060669,1.431189869179666,1.4684901237487793,-1.4829480648040771,0.11856260150671005
16.64541220664978,1.4291076742813367,1.4658198356628418,-1.5625085830688477,0.14505226910114288
16.648478984832764,1.4270790771268462,1.4631494283676147,-1.5282673835754395,0.10189975053071976
16.651545763015747,1.4251025394854597,1.4604791402816772,-1.4346075057983398,0.13821622729301453
16.65461301803589,1.4231785002514428,1.4581903219223022,-1.3661249876022339,0.1882047802209854
16.657679796218872,1.4213082720035566,1.4555199146270752,-1.2865644693374634,0.13266193866729736
16.660746335983276,1.41949238495786,1.4532310962677002,-1.2482948303222656,0.10702677816152573
16.66381287574768,1.4177313657419424,1.4509422779083252,-1.1485923528671265,0.13992522656917572
16.666882038116455,1.416024433447101,1.4482718706130981,-1.4879834651947021,0.10959029197692871
16.669952154159546,1.4143732483743336,1.4459830522537231,-1.4174867868423462,0.1429159939289093
16.672980308532715,1.4128003681104335,1.4436942338943481,-1.0196841955184937,0.12155336886644363
16.67604923248291,1.411263373724849,1.4417868852615356,-1.2321813106536865,0.01516746822744608
16.679115295410156,1.4097857437291623,1.4398794174194336,-1.08816659450531,0.08181887865066528
16.682181358337402,1.4083665667811005,1.4375905990600586,-1.1002517938613892,0.03823911026120186
16.685247898101807,1.407006162632664,1.4353017807006836,-1.1123368740081787,0.11557183414697647
16.688316822052002,1.4057042734252287,1.4333943128585815,-1.0992447137832642,0.14035248756408691
16.691393613815308,1.4044593579030995,1.431486964225769,-1.0317692756652832,0.14547951519489288
16.694467067718506,1.4032765471672832,1.429198145866394,-1.143556833267212,0.20102235674858093
16.69753932952881,1.4021553220801843,1.4272907972335815,-1.1475852727890015,0.17752346396446228
16.700607538223267,1.4010969871545111,1.425764799118042,-1.0327763557434082,0.11685358732938766
16.703675985336304,1.4001003411307398,1.4238574504852295,-1.074067234992981,0.13351644575595856
16.70674180984497,1.399166611168147,1.421950101852417,-0.8968185186386108,0.0942092016339302
16.709810495376587,1.3982944815685852,1.420424222946167,-0.8817120790481567,0.09079118072986603
16.712889671325684,1.397482518395849,1.418898344039917,-0.7870450615882874,0.08224612474441528
16.715975522994995,1.3967325610590753,1.416990876197815,-0.9481803774833679,0.10403601080179214
16.719045877456665,1.3960500043443347,1.415464997291565,-0.9149461984634399,0.12112611532211304
16.722114324569702,1.3954315408301787,1.413939118385315,-0.7709315419197083,0.10403601080179214
16.725191831588745,1.394875413976033,1.4127947092056274,-0.7860379815101624,0.18521401286125183
16.728267908096313,1.3943839656849537,1.4112688302993774,-0.7880522012710571,0.16641488671302795
16.7313449382782,1.3939569837796348,1.4101243019104004,-0.6460517048835754,0.126253142952919
16.734413862228394,1.3935956591511305,1.408979892730713,-0.7407187223434448,0.03866636008024216
16.737483739852905,1.3932988341423111,1.4078354835510254,-0.5493705868721008,0.024567024782299995
16.740553617477417,1.3930667414902733,1.406691074371338,-0.6007324457168579,0.03695734962821007
16.743619918823242,1.3928996246716376,1.405928134918213,-0.4446326494216919,0.046784162521362305
16.746686458587646,1.3927972322137778,1.4047837257385254,-0.531242847442627,0.004058899823576212
16.74975299835205,1.39275961763722,1.4040207862854004,-0.3791714310646057,0.10019073635339737
16.752819538116455,1.3927867949056365,1.402876377105713,-0.4406042695045471,0.09976348280906677
16.75588893890381,1.3928788699655146,1.4021133184432983,-0.4285190999507904,0.07156481593847275
16.75896143913269,1.3930360047160153,1.4013503789901733,-0.3771572411060333,0.13394369184970856
16.762041091918945,1.3932586731002974,1.4005874395370483,-0.366079181432724,0.13095292448997498
16.765106916427612,1.3935450638717761,1.3998245000839233,-0.5564202070236206,0.19461356103420258
16.768173456192017,1.393896014190671,1.3994430303573608,-0.1767452508211136,0.16342411935329437
16.77123999595642,1.394311334489624,1.3986800909042358,-0.23314259946346283,0.19333180785179138
16.774308919906616,1.3947912683589423,1.3982986211776733,-0.37514305114746094,0.13864347338676453
16.77737832069397,1.39533542898378,1.3979171514511108,-0.21702906489372253,0.13949798047542572
16.780444383621216,1.3959428484410907,1.3975356817245483,-0.26033416390419006,0.18307773768901825
16.783518075942993,1.3966156070605535,1.3971542119979858,-0.17976653575897217,0.18393224477767944
16.786584615707397,1.397350234629882,1.3971542119979858,-0.2240787297487259,0.1424887478351593
16.78965401649475,1.3981487234876273,1.3971542119979858,-0.0951705202460289,0.1112993061542511
16.792731761932373,1.3990125481117133,1.3967727422714233,-0.07804989814758301,0.16171512007713318
16.79580545425415,1.3999380389979794,1.3967727422714233,-0.09919890016317368,0.2070038914680481
16.79887294769287,1.400923892088569,1.3967727422714233,-0.07402151823043823,0.19974060356616974
16.80194115638733,1.401971796077639,1.3967727422714233,0.10121309012174606,0.2569924592971802
16.804984092712402,1.4030717515565128,1.3967727422714233,0.038773175328969955,0.251865416765213
16.80805468559265,1.4042425526784479,1.3971542119979858,0.006546120624989271,0.2698100209236145
16.811123371124268,1.4054732592332522,1.3971542119979858,0.11329823732376099,0.3608148396015167
16.814202070236206,1.4067684322690142,1.3975356817245483,-0.07804989814758301,0.3163805603981018
16.81727886199951,1.4081228120514249,1.3979171514511108,0.24522773921489716,0.3052719831466675
16.820351362228394,1.4095346628766943,1.3979171514511108,0.1112840473651886,0.32535287737846375
16.823421478271484,1.411004142183106,1.3986800909042358,0.18681620061397552,0.2681010067462921
16.82649827003479,1.412535160484262,1.3990615606307983,0.3348592221736908,0.32877087593078613
16.829572439193726,1.4141226353412424,1.3998245000839233,0.3852140009403229,0.37064164876937866
16.83264970779419,1.4157689414921149,1.4005874395370483,0.3449302017688751,0.37363240122795105
16.835720539093018,1.4174682709402413,1.4013503789901733,0.5735408663749695,0.2561379373073578
16.838787317276,1.419221022415194,1.4021133184432983,0.3610437214374542,0.2698100209236145
16.841856002807617,1.4210298922707807,1.4032578468322754,0.5010299682617188,0.23520256578922272
16.844926595687866,1.422894310066872,1.4040207862854004,0.7356832027435303,0.31210803985595703
16.84797978401184,1.4248014520265548,1.405165195465088,0.4416113495826721,0.3612420856952667
16.851045608520508,1.4267692493757087,1.4063096046447754,0.7205767631530762,0.24289311468601227
16.85411524772644,1.428791734339586,1.407454013824463,0.687342643737793,0.2540016770362854
16.857183694839478,1.4308649235767659,1.4085984230041504,0.7769741415977478,0.31338977813720703
16.860249519348145,1.4329869851055768,1.4101243019104004,0.737697422504425,0.24588388204574585
16.863316774368286,1.435159906516266,1.4112688302993774,0.9058823585510254,0.22623026371002197
16.86638331413269,1.437381378575099,1.4127947092056274,0.8182650208473206,0.22708477079868317
16.869450569152832,1.4396516124828287,1.4143205881118774,0.7971160411834717,0.20358586311340332
16.872517347335815,1.441968888667333,1.415464997291565,0.7578393220901489,0.38730448484420776
16.87558388710022,1.444332510401211,1.4173723459243774,0.809201180934906,0.3351796865463257
16.878650426864624,1.4467417785558245,1.418898344039917,0.9824215769767761,0.2561379373073578
16.8817195892334,1.4491979163895787,1.420424222946167,0.8293430805206299,0.3800412118434906
16.884788513183594,1.451697773583847,1.4223315715789795,0.9169604182243347,0.32321658730506897
16.88785719871521,1.4542404105476043,1.4238574504852295,1.0559395551681519,0.31338977813720703
16.890937089920044,1.456834588623787,1.425764799118042,1.072053074836731,0.2997176945209503
16.893984079360962,1.459441759795427,1.427672266960144,1.1616846323013306,0.26211947202682495
16.897061586380005,1.4621151645876624,1.4295796155929565,1.1868619918823242,0.3347524106502533
16.900130033493042,1.4648198513527448,1.431486964225769,1.141542673110962,0.35654231905937195
16.903197050094604,1.4675613389510385,1.4333943128585815,1.0116273164749146,0.3774776756763458
16.906264066696167,1.47033986123788,1.435683250427246,1.0911879539489746,0.35483330488204956
16.909332990646362,1.4731561477329225,1.437972068786621,1.2513160705566406,0.3351796865463257
16.912399530410767,1.476005206379018,1.4398794174194336,1.1042801141738892,0.35996031761169434
16.91546630859375,1.4788883790134761,1.4421683549880981,1.1868619918823242,0.3163805603981018
16.918532609939575,1.4818039190955776,1.4444571733474731,1.0901808738708496,0.2373388260602951
16.921599864959717,1.484752111615471,1.4471274614334106,1.295628309249878,0.19632257521152496
16.924668550491333,1.4877323561280746,1.4494163990020752,1.1747767925262451,0.2582741975784302
16.92774534225464,1.4907501659832176,1.4517052173614502,1.293614149093628,0.2544289231300354
16.930816888809204,1.493791363798192,1.4543755054473877,1.1838407516479492,0.3488517701625824
16.933896780014038,1.4968683093960822,1.4566643238067627,1.2533302307128906,0.3048447370529175
16.936978578567505,1.49997355645964,1.4593347311019897,1.4356145858764648,0.34757000207901
16.94004535675049,1.5030887266181663,1.4616235494613647,1.3338979482650757,0.3142443001270294
16.943111658096313,1.5062272449510499,1.4642938375473022,1.2734721899032593,0.42105746269226074
16.946179389953613,1.5093899088585447,1.4669642448425293,1.2543374300003052,0.2582741975784302
16.94924569129944,1.5125725949791722,1.4696345329284668,1.455756425857544,0.29672694206237793
16.952312231063843,1.5157758413761182,1.4723048210144043,1.2724651098251343,0.2655375003814697
16.955379247665405,1.5189987147529562,1.4753566980361938,1.60984206199646,0.4150759279727936
16.95844602584839,1.5222392691691171,1.4780269861221313,1.61185622215271,0.3159533143043518
16.961512565612793,1.5254962974038941,1.4806973934173584,1.538338303565979,0.2834821045398712
16.964579105377197,1.5287688415964447,1.4837491512298584,1.6027923822402954,0.24545662105083466
16.9676456451416,1.532055686878968,1.4868009090423584,1.6612039804458618,0.21170367300510406
16.970712423324585,1.5353558701154872,1.4894713163375854,1.60581374168396,0.3338979184627533
16.973778247833252,1.5386668793211502,1.492141604423523,1.3520256280899048,0.4445563554763794
16.976847648620605,1.5419923906069966,1.4955748319625854,1.6138705015182495,0.29501792788505554
16.9799165725708,1.545326792779895,1.4982452392578125,1.6591897010803223,0.3193713426589966
16.982977151870728,1.5486602632471644,1.5012969970703125,1.5484092235565186,0.3163805603981018
16.986044883728027,1.5520084371518015,1.504348874092102,1.7709773778915405,0.33731594681739807
16.98911428451538,1.5553641152213902,1.507400631904602,1.7991759777069092,0.4287480115890503
16.992191314697266,1.5587325861633021,1.510452389717102,1.5645227432250977,0.29245442152023315
16.995265245437622,1.5621008591055534,1.5135042667388916,1.679331660270691,0.2839093506336212
16.9983332157135,1.5654645325578582,1.516937494277954,1.834424376487732,0.2723735272884369
17.00140070915222,1.5688283622880628,1.5199893712997437,1.8152894973754883,0.30655375123023987
17.004467010498047,1.572190314681565,1.5230411291122437,1.9472190141677856,0.3509880304336548
17.007533073425293,1.5755501879156792,1.5260928869247437,1.7478141784667969,0.35953307151794434
17.010599851608276,1.578907779163221,1.5295262336730957,1.9119707345962524,0.42020294070243835
17.01366686820984,1.5822613182255683,1.5325779914855957,1.7327077388763428,0.37021440267562866
17.01673436164856,1.585609818640243,1.5360113382339478,1.7991759777069092,0.3505607545375824
17.019801378250122,1.5889509959492651,1.5394445657730103,2.0046234130859375,0.286900132894516
17.02287006378174,1.5922859417289092,1.5424963235855103,1.6571755409240723,0.2997176945209503
17.02594780921936,1.5956213997275526,1.5455482006072998,1.7407644987106323,0.20230410993099213
17.02898383140564,1.5989012671576657,1.5489814281463623,1.7770198583602905,0.2390478402376175
17.032068014144897,1.6022213798827531,1.5524147748947144,1.839459776878357,0.30997177958488464
17.03513789176941,1.6055130698676707,1.5554665327072144,1.6883955001831055,0.22623026371002197
17.038211584091187,1.6087946035542442,1.5585182905197144,1.8092470169067383,0.28220033645629883
17.041281938552856,1.61205712046504,1.5619516372680664,1.60782790184021,0.3667963743209839
17.04434847831726,1.6152989560465565,1.565384864807129,1.69141685962677,0.3185168206691742
17.04741644859314,1.6185244697378423,1.5684367418289185,1.6199129819869995,0.3539787828922272
17.050483226776123,1.6217297046961572,1.571869969367981,1.7991759777069092,0.3531242907047272
17.053550243377686,1.624914974500876,1.5749218463897705,1.6360265016555786,0.32236209511756897
17.05661702156067,1.6280786012922566,1.578355073928833,1.69141685962677,0.30740824341773987
17.059683322906494,1.631219172293887,1.581406831741333,1.9572900533676147,0.22537575662136078
17.06274938583374,1.6343357740049065,1.584840178489685,1.8777294158935547,0.39072251319885254
17.065816640853882,1.6374286919744332,1.587891936302185,1.7135728597640991,0.3796139359474182
17.068883657455444,1.6404953237034678,1.591325283050537,1.6894025802612305,0.3313344120979309
17.07195234298706,1.643536418130204,1.594377040863037,1.8737010955810547,0.3309071362018585
17.07498049736023,1.6465095659965536,1.5978103876113892,1.7457998991012573,0.27621880173683167
17.078049659729004,1.6494937106368683,1.6008621454238892,1.8596017360687256,0.3189440667629242
17.08111572265625,1.6524443204859438,1.6039139032363892,1.6370337009429932,0.39114975929260254
17.084181785583496,1.6553633291605263,1.6069657802581787,1.626962661743164,0.4116578996181488
17.087257146835327,1.658258355809579,1.6100175380706787,1.5594873428344727,0.2843366265296936
17.090333938598633,1.6611207413074065,1.6134508848190308,1.7598992586135864,0.2552834451198578
17.093408584594727,1.663946102249086,1.6165026426315308,1.8213320970535278,0.32364386320114136
17.09648084640503,1.666733243765897,1.6195544004440308,1.6410620212554932,0.26425573229789734
17.0995512008667,1.669481636279526,1.6229877471923828,1.7891050577163696,0.3941405415534973
17.10261869430542,1.6721894910234798,1.6260395050048828,1.69544517993927,0.27792781591415405
17.105684757232666,1.6748571451439276,1.6287097930908203,1.558480143547058,0.27536430954933167
17.10875105857849,1.6774850831123425,1.6317616701126099,1.2664225101470947,0.3518425226211548
17.111817121505737,1.6800719210065822,1.6348134279251099,1.5645227432250977,0.33987945318222046
17.11488628387451,1.6826194559043635,1.6378653049468994,1.5071183443069458,0.28091859817504883
17.117958307266235,1.6851264191059916,1.640535593032837,1.4356145858764648,0.3924315273761749
17.1210355758667,1.6875936495298298,1.643587350845337,1.5262531042099,0.4167849123477936
17.124104022979736,1.6900090287634157,1.6466392278671265,1.5635156631469727,0.4748912751674652
17.12718105316162,1.6923853590612763,1.649309515953064,1.5715724229812622,0.22537575662136078
17.130255699157715,1.6947131460646092,1.6523613929748535,1.6420691013336182,0.2847638726234436
17.1333327293396,1.6969951296848598,1.655031681060791,1.535317063331604,0.2544289231300354
17.136403560638428,1.6992241834543067,1.6577019691467285,1.6581826210021973,0.3625238537788391
17.139470100402832,1.701401111088867,1.660753846168518,1.623941421508789,0.27450981736183167
17.1425359249115,1.7035277631922023,1.663042664527893,1.311741828918457,0.287327378988266
17.145602226257324,1.705604183085329,1.6657129526138306,1.4446784257888794,0.2881819009780884
17.14866805076599,1.7076289545140564,1.6683833599090576,1.308720588684082,0.3044174909591675
17.151734352111816,1.7096019557570292,1.6710536479949951,1.397344946861267,0.34372472763061523
17.15480089187622,1.7115222827899537,1.6737239360809326,1.3026779890060425,0.3843137323856354
17.157867908477783,1.7133893533639772,1.6760128736495972,1.1828335523605347,0.3168078064918518
17.160937309265137,1.7152035593574217,1.6783016920089722,1.2362096309661865,0.30612650513648987
17.16398000717163,1.7169476883346753,1.6805905103683472,1.3187915086746216,0.3313344120979309
17.167048454284668,1.71865118306257,1.6832607984542847,1.3530327081680298,0.3138170540332794
17.17011570930481,1.7202977899228726,1.6855497360229492,1.240238070487976,0.29758143424987793
17.173181772232056,1.7218869632565978,1.6878385543823242,1.2845501899719238,0.34457921981811523
17.17624831199646,1.7234189979493795,1.6901273727416992,1.140535593032837,0.2830548584461212
17.179315090179443,1.7248931860213248,1.6924163103103638,1.3016709089279175,0.2377660721540451
17.18238115310669,1.7263085354621432,1.6943236589431763,1.1143511533737183,0.30826276540756226
17.185447692871094,1.7276650779378229,1.6966124773025513,1.0478827953338623,0.29587242007255554
17.18851661682129,1.7289630702936234,1.6985198259353638,0.9934996366500854,0.27579155564308167
17.191593647003174,1.7302041419255285,1.7004272937774658,1.0388189554214478,0.3693598806858063
17.194668769836426,1.7313836086692678,1.7023346424102783,0.9733577370643616,0.3761959373950958
17.197742223739624,1.7325012280975305,1.7042419910430908,1.017669916152954,0.4458380937576294
17.200811862945557,1.7335559677517798,1.7061493396759033,1.0327763557434082,0.40866711735725403
17.20388126373291,1.734548785760269,1.7076753377914429,0.9904783964157104,0.40567636489868164
17.206953525543213,1.7354802354890413,1.7095826864242554,0.9501945376396179,0.35568779706954956
17.209980249404907,1.7363365973961427,1.7111085653305054,0.9089036583900452,0.4108033776283264
17.21304750442505,1.7371420567187545,1.7126344442367554,0.6490730047225952,0.35739681124687195
17.21611523628235,1.7378845437400154,1.7145417928695679,0.7155413031578064,0.44925612211227417
17.21918272972107,1.7385636021959134,1.7160677909851074,0.928038477897644,0.40524908900260925
17.222249031066895,1.7391788132184616,1.717212200164795,0.9028610587120056,0.3804684579372406
17.22531819343567,1.7397307093189012,1.718738079071045,0.9491874575614929,0.3855954706668854
17.22839665412903,1.7402198616526205,1.7198824882507324,0.5936827659606934,0.30997177958488464
17.231473207473755,1.7406440750469883,1.7214083671569824,0.5846189260482788,0.30655375123023987
17.234541416168213,1.741002626865869,1.72255277633667,0.7145342230796814,0.30612650513648987
17.237608909606934,1.741296560934506,1.723697304725647,0.7316548228263855,0.2988632023334503
17.240675449371338,1.7415257979315613,1.7248417139053345,0.19487297534942627,0.3646601140499115
17.243741750717163,1.741690343896201,1.725986123085022,0.45369648933410645,0.2369115799665451
17.246808528900146,1.741790168574239,1.726749062538147,0.532249927520752,0.3326161503791809
17.249877452850342,1.7418252061102018,1.7278934717178345,0.6138246655464172,0.37534141540527344
17.252946853637695,1.741795341276302,1.7286564111709595,0.3972991406917572,0.3462882339954376
17.255980253219604,1.7417020622599177,1.7294193506240845,0.3640649914741516,0.35526055097579956
17.259049892425537,1.7415431748433103,1.7301822900772095,0.4093843102455139,0.3975585699081421
17.2621169090271,1.7413196881675759,1.730945348739624,0.4325474798679352,0.32364386320114136
17.265183210372925,1.7410316518751614,1.731708288192749,0.40737012028694153,0.3787594437599182
17.268249988555908,1.7406790684697793,1.7320897579193115,0.3962920606136322,0.3638055920600891
17.271316528320312,1.7402621435466314,1.7328526973724365,0.29759669303894043,0.34757000207901
17.274383306503296,1.7397809670764903,1.733234167098999,0.4103913903236389,0.35526055097579956
17.277449369430542,1.7392358822403722,1.7336156368255615,0.10222018510103226,0.3958495557308197
17.280516147613525,1.7386268371132516,1.7336156368255615,-0.010574501939117908,0.3509880304336548
17.28358244895935,1.7379542870440892,1.733997106552124,0.19487297534942627,0.44882887601852417
17.286649227142334,1.7372182725741494,1.7343785762786865,-0.19688716530799866,0.37235066294670105
17.28971838951111,1.7364185209131497,1.7343785762786865,0.10826276242733002,0.37021440267562866
17.292794942855835,1.7355537240169525,1.7343785762786865,0.1445181965827942,0.3488517701625824
17.295864820480347,1.734628135526115,1.7343785762786865,-0.01359578873962164,0.34030669927597046
17.29893469810486,1.7336402916005227,1.7343785762786865,-0.07100022584199905,0.31338977813720703
17.3019802570343,1.7325991176163142,1.7343785762786865,0.1425040066242218,0.2723735272884369
17.305049180984497,1.73148872853161,1.7343785762786865,0.09718471020460129,0.2565651834011078
17.30811595916748,1.7303181302292316,1.733997106552124,-0.1284046620130539,0.27621880173683167
17.311182498931885,1.729087100440132,1.733997106552124,-0.004531929735094309,0.20102235674858093
17.31425189971924,1.727794775056481,1.7336156368255615,-0.3197528123855591,0.10147249698638916
17.31732201576233,1.7264424330859807,1.7336156368255615,-0.051865413784980774,0.11984435468912125
17.320387840270996,1.725032886112048,1.7328526973724365,-0.39125657081604004,0.10959029197692871
17.32345700263977,1.72356317832284,1.7328526973724365,-0.2895399332046509,0.08480964601039886
17.32653522491455,1.722030763320911,1.7320897579193115,-0.29658961296081543,0.1288166642189026
17.329611778259277,1.7204413440037611,1.731708288192749,-0.4134126901626587,0.08609139919281006
17.332688093185425,1.718794829033001,1.730945348739624,-0.3791714310646057,0.08780041337013245
17.335758209228516,1.717095200937139,1.7301822900772095,-0.45571067929267883,0.07156481593847275
17.3388249874115,1.71534177017239,1.7294193506240845,-0.6329594850540161,0.06216525658965111
17.341894388198853,1.7135318005977556,1.7286564111709595,-0.5352712273597717,0.008758679032325745
17.344966173171997,1.7116659720258394,1.727512001991272,-0.5513847470283508,0.09036392718553543
17.348044395446777,1.7097422853302997,1.7263675928115845,-0.4788738787174225,0.06216525658965111
17.351113080978394,1.7077715196616872,1.7256046533584595,-0.5523918271064758,0.04293888807296753
17.354182481765747,1.7057480532941074,1.724460244178772,-0.6712291240692139,0.12027160823345184
17.357250213623047,1.7036742340824877,1.7233158349990845,-0.5282215476036072,0.053192950785160065
17.36031746864319,1.7015500805162085,1.721789836883545,-0.8132295608520508,0.09378194808959961
17.363384008407593,1.6993765758549786,1.7206454277038574,-0.6732432842254639,0.1108720526099205
17.366451025009155,1.6971536881428444,1.7191195487976074,-0.6450446248054504,0.10232700407505035
17.36952519416809,1.6948772248159032,1.7175936698913574,-0.6772716641426086,0.09805447608232498
17.372592210769653,1.692558624030813,1.7160677909851074,-0.8152437806129456,0.05532921478152275
17.375659227371216,1.690193506130888,1.7145417928695679,-0.9129320383071899,0.1420614868402481
17.3787260055542,1.687782938546819,1.7130159139633179,-0.7115129232406616,0.1283894032239914
17.38179302215576,1.6853274416379938,1.7114900350570679,-0.8494849801063538,0.13095292448997498
17.384862422943115,1.6828261531874522,1.7095826864242554,-0.9441519975662231,0.126253142952919
17.3879337310791,1.6802803008233775,1.7076753377914429,-0.8192721605300903,0.10659952461719513
17.390984058380127,1.6777101926658413,1.7057678699493408,-1.0760815143585205,0.08865492045879364
17.39406132698059,1.6750762903703267,1.7038605213165283,-1.1173723936080933,0.11258106678724289
17.397136211395264,1.672404182167351,1.7019531726837158,-1.0488898754119873,0.13693445920944214
17.40020227432251,1.6697006742864404,1.7000458240509033,-1.155642032623291,0.16641488671302795
17.403269290924072,1.66695830260742,1.6977568864822388,-1.2070038318634033,0.2228122353553772
17.40633535385132,1.6641797902676738,1.6958495378494263,-1.2926069498062134,0.13009841740131378
17.409401893615723,1.6613648810939101,1.6935607194900513,-1.3510185480117798,0.11429007351398468
17.412468433380127,1.6585150493328573,1.6912717819213867,-1.2744792699813843,0.11557183414697647
17.41553568840027,1.6556306764529385,1.6893644332885742,-1.1264362335205078,0.11813534796237946
17.41860318183899,1.6527132663967206,1.6870756149291992,-1.0216983556747437,0.15231555700302124
17.42167019844055,1.6497645866178106,1.6847867965698242,-1.3520256280899048,0.1595788449048996
17.424740076065063,1.6467824879543917,1.6824978590011597,-1.3449759483337402,0.13650721311569214
17.427818059921265,1.6437628251612866,1.6798275709152222,-1.313755989074707,0.0963454619050026
17.430893898010254,1.6407166966711144,1.6775387525558472,-1.2533302307128906,0.14975203573703766
17.4339861869812,1.637626634962522,1.6748683452606201,-1.3681391477584839,0.19589532911777496
17.43706440925598,1.6345242583989608,1.6721980571746826,-0.9934996366500854,0.19845883548259735
17.44013214111328,1.6314074326068901,1.6699092388153076,-1.2845501899719238,0.126253142952919
17.443198442459106,1.628268256716173,1.6672388315200806,-1.3197985887527466,0.1745326966047287
17.44626474380493,1.6251064482299882,1.664568543434143,-1.542366623878479,0.13949798047542572
17.449331521987915,1.621922684091113,1.6618982553482056,-1.469855785369873,0.16385138034820557
17.45239758491516,1.618719385896095,1.6592278480529785,-1.3187915086746216,0.11300831288099289
17.455465078353882,1.615495494640141,1.6561760902404785,-1.7125657796859741,0.11770809441804886
17.458531618118286,1.612254708297519,1.653505802154541,-1.4386358261108398,0.08737315982580185
17.461655855178833,1.6089357885498599,1.650835394859314,-1.7548638582229614,0.026276035234332085
17.464723110198975,1.6056617838367153,1.647783637046814,-1.4587777853012085,0.08737315982580185
17.4677894115448,1.6023745530489435,1.6451133489608765,-1.383245587348938,0.13907071948051453
17.470855951309204,1.5990740436165038,1.642061471939087,-1.4950331449508667,0.1424887478351593
17.473922967910767,1.5957612199405875,1.639009714126587,-1.5886930227279663,0.15402457118034363
17.476979970932007,1.5924486909665123,1.6363393068313599,-1.683359980583191,0.08438239246606827
17.480050802230835,1.5891118358312737,1.6329060792922974,-1.7961547374725342,0.10275425016880035
17.483118057250977,1.5857707577377909,1.6302357912063599,-1.677317500114441,0.05191119387745857
17.486185550689697,1.5824225562204535,1.6271839141845703,-1.8424811363220215,0.0796826109290123
17.489254474639893,1.579067169253778,1.6237506866455078,-1.692423939704895,0.05661097168922424
17.4923312664032,1.5756987863122953,1.6206988096237183,-1.4587777853012085,0.13180743157863617
17.495404720306396,1.572330920587991,1.6176470518112183,-1.5876859426498413,0.026276035234332085
17.498472213745117,1.5689677120235486,1.6145952939987183,-1.5615015029907227,0.13907071948051453
17.50153923034668,1.5656044040064983,1.6115434169769287,-1.8716869354248047,0.1420614868402481
17.504606008529663,1.5622419841404493,1.6084916591644287,-1.6873884201049805,0.1766689568758011
17.50767207145691,1.5588822228631465,1.6050583124160767,-1.6894025802612305,0.1886320263147354
17.510737895965576,1.5555258435635733,1.6020065546035767,-1.8233462572097778,0.14975203573703766
17.51380443572998,1.5521730488875165,1.5985733270645142,-1.7548638582229614,0.14547951519489288
17.516870737075806,1.5488261269364898,1.5955214500427246,-1.5886930227279663,0.1288166642189026
17.519938468933105,1.5454845026977808,1.5924696922302246,-1.6400549411773682,0.1108720526099205
17.522979497909546,1.5421799584159006,1.5890363454818726,-1.7911192178726196,0.11599908769130707
17.52605676651001,1.53884537164357,1.58560311794281,-1.836438536643982,0.13052567839622498
17.529131174087524,1.5355245043168124,1.58255136013031,-1.8162965774536133,0.08822766691446304
17.53220772743225,1.5322131856821466,1.579118013381958,-1.8878004550933838,0.10830853879451752
17.535277605056763,1.528922116285351,1.576066255569458,-1.5474021434783936,0.11471732705831528
17.538344860076904,1.5256481150373293,1.5730143785476685,-1.6481117010116577,0.09976348280906677
17.54141092300415,1.5223908438727207,1.569581151008606,-1.8958572149276733,0.1570153385400772
17.544477462768555,1.5191497336971354,1.566529393196106,-1.839459776878357,0.15616083145141602
17.54754376411438,1.5159267453924146,1.563096046447754,-1.78507661819458,0.1570153385400772
17.550609827041626,1.5127230709361932,1.5596628189086914,-2.0207369327545166,0.08694590628147125
17.553677558898926,1.5095379208656932,1.5566109418869019,-1.8656443357467651,0.09121843427419662
17.55674457550049,1.5063749626964718,1.5535591840744019,-1.6370337009429932,0.06686503440141678
17.559813261032104,1.5032329234811812,1.5497443675994873,-1.7518424987792969,0.07071030884981155
17.562885284423828,1.5001113199976759,1.5466926097869873,-1.8112611770629883,0.12967117130756378
17.56595492362976,1.4970171386546043,1.5436408519744873,-1.694438099861145,0.13394369184970856
17.56897807121277,1.4939953651588505,1.5402075052261353,-1.8888075351715088,0.10788128525018692
17.572044610977173,1.4909572420686974,1.5371557474136353,-1.8908216953277588,0.19589532911777496
17.575110912322998,1.4879476897581807,1.5337224006652832,-1.766948938369751,0.14847028255462646
17.578176975250244,1.4849678185517872,1.5306706428527832,-1.8293888568878174,0.19974060356616974
17.58124327659607,1.4820182710780163,1.5272372961044312,-1.694438099861145,0.1574425846338272
17.584310293197632,1.479099698142519,1.5241855382919312,-1.7347218990325928,0.13308918476104736
17.587340593338013,1.4762482245982531,1.5211337804794312,-1.7911192178726196,0.08096437156200409
17.590407371520996,1.4733960324489772,1.5180819034576416,-1.5756008625030518,0.05191119387745857
17.59346842765808,1.4705839263853169,1.514648675918579,-1.7437857389450073,0.053192950785160065
17.59652876853943,1.467808237608418,1.5119783878326416,-1.5866788625717163,0.05661097168922424
17.599595546722412,1.4650636094974778,1.5085450410842896,-1.6380407810211182,0.09292744100093842
17.602663278579712,1.4623561020106406,1.5054932832717896,-1.3872740268707275,0.09805447608232498
17.60573148727417,1.459687168628712,1.5028228759765625,-1.5675441026687622,0.10061798989772797
17.60879898071289,1.4570588331618621,1.4997711181640625,-1.7296863794326782,0.13437095284461975
17.611865520477295,1.4544722431221409,1.4967193603515625,-1.552437663078308,0.08737315982580185
17.614935636520386,1.4519245924417352,1.493667483329773,-1.69745934009552,0.1416342407464981
17.617980241775513,1.4494405030039896,1.4909971952438354,-1.7004806995391846,0.07156481593847275
17.621050357818604,1.4469792719951107,1.487945318222046,-1.5967497825622559,0.11514458060264587
17.6241192817688,1.4445637385639924,1.484893560409546,-1.5625085830688477,0.10403601080179214
17.62719702720642,1.4421870910292418,1.4822232723236084,-1.4980545043945312,0.09121843427419662
17.630273580551147,1.4398581196394413,1.4791713953018188,-1.4869763851165771,0.09848172962665558
17.633350372314453,1.4375765902265203,1.4765011072158813,-1.2341954708099365,0.13565270602703094
17.636420726776123,1.4353481585738614,1.4738308191299438,-1.6289769411087036,0.08395513892173767
17.63948702812195,1.4331716747053787,1.4711604118347168,-1.5876859426498413,0.1112993061542511
17.642553091049194,1.4310451361619727,1.4684901237487793,-1.3520256280899048,0.14718852937221527
17.645619869232178,1.4289686826609675,1.4658198356628418,-1.467841625213623,0.18222324550151825
17.64868712425232,1.426943276246132,1.4631494283676147,-1.3661249876022339,0.19589532911777496
17.651753187179565,1.4249707526680762,1.4604791402816772,-1.6430761814117432,0.10403601080179214
17.654820442199707,1.423050310732428,1.4578088521957397,-1.4023804664611816,0.10275425016880035
17.657889127731323,1.4211825827308375,1.4555199146270752,-1.4748913049697876,0.18350499868392944
17.660961389541626,1.4193670896207038,1.4532310962677002,-1.308720588684082,0.06900129467248917
17.664039373397827,1.4176034891395446,1.4505608081817627,-1.1697413921356201,0.13394369184970856
17.66710615158081,1.4159019876361094,1.4482718706130981,-1.1777981519699097,0.18051423132419586
17.670173406600952,1.4142564441507823,1.4459830522537231,-1.3067063093185425,0.12198062241077423
17.673240423202515,1.4126678600060567,1.4436942338943481,-1.1707484722137451,0.0788281038403511
17.67630648612976,1.4111371621390552,1.4414052963256836,-1.1626917123794556,0.04934767633676529
17.679372549057007,1.409664415788121,1.439497947692871,-1.297642469406128,0.029694056138396263
17.68243932723999,1.4082498444595744,1.437209129333496,-1.1506065130233765,0.04122987762093544
17.685505867004395,1.4068944267871488,1.4353017807006836,-1.1062943935394287,0.11471732705831528
17.688572645187378,1.4055984552646925,1.433012843132019,-1.1908903121948242,0.15317006409168243
17.691639184951782,1.404362612493737,1.4311054944992065,-1.1224079132080078,0.13949798047542572
17.694705724716187,1.4031872541836417,1.429198145866394,-1.154634952545166,0.13394369184970856
17.697772979736328,1.4020725638649065,1.4272907972335815,-0.9884641766548157,0.1920500546693802
17.70083975791931,1.4010193957183046,1.4253833293914795,-0.8233005404472351,0.07754635065793991
17.703906774520874,1.4000278880676342,1.4238574504852295,-0.931059718132019,0.09292744100093842
17.706978797912598,1.3990970271413754,1.421950101852417,-0.8313573002815247,0.06814679503440857
17.71004843711853,1.3982294783461608,1.420424222946167,-0.9411306977272034,0.09335469454526901
17.713115692138672,1.3974254182435206,1.4185168743133545,-0.7588464021682739,0.10403601080179214
17.71618127822876,1.396684833283984,1.416990876197815,-0.7860379815101624,0.09976348280906677
17.719247102737427,1.3960074934177342,1.415464997291565,-0.7799954414367676,0.09762722253799438
17.722314834594727,1.3953933480049345,1.413939118385315,-0.6601510643959045,0.11770809441804886
17.725383520126343,1.3948429052230322,1.412413239479065,-0.6631723642349243,0.09976348280906677
17.728460550308228,1.3943553356125529,1.4112688302993774,-0.6853284239768982,0.08395513892173767
17.731534481048584,1.3939327988826062,1.4101243019104004,-0.6601510643959045,0.07370107620954514
17.734601497650146,1.393575661347191,1.408979892730713,-0.7346761226654053,0.03439383581280708
17.73766827583313,1.393283053010864,1.4078354835510254,-0.46578162908554077,0.05661097168922424
17.740734815597534,1.3930550674609834,1.406691074371338,-0.5926756858825684,0.08780041337013245
17.74380087852478,1.392891784437679,1.4055466651916504,-0.4597390592098236,0.09378194808959961
17.746870756149292,1.392793141767661,1.4047837257385254,-0.3137102425098419,0.0476386658847332
17.749939441680908,1.392759420084201,1.4040207862854004,-0.548363447189331,0.061310749500989914
17.752978086471558,1.3927899615180437,1.402876377105713,-0.40636301040649414,0.09378194808959961
17.756044387817383,1.3928852592845984,1.4021133184432983,-0.4406042695045471,0.12027160823345184
17.75911569595337,1.3930456064041754,1.4013503789901733,-0.3147173225879669,0.11813534796237946
17.76218271255493,1.3932704805664615,1.4005874395370483,-0.5342641472816467,0.13565270602703094
17.765249013900757,1.3935599019789304,1.3998245000839233,-0.3761501610279083,0.20016784965991974
17.768314838409424,1.3939137480762378,1.3994430303573608,-0.3519798517227173,0.14035248756408691
17.771381855010986,1.3943321026446043,1.3986800909042358,-0.2865186631679535,0.191195547580719
17.77444815635681,1.3948145652563309,1.3982986211776733,-0.29658961296081543,0.13607995212078094
17.777515411376953,1.3953612268021742,1.3979171514511108,-0.2532845139503479,0.15188831090927124
17.780582189559937,1.395971644310757,1.3975356817245483,-0.035751886665821075,0.21042190492153168
17.78364849090576,1.3966455614194562,1.3971542119979858,-0.18580910563468933,0.16855116188526154
17.786715507507324,1.3973829972860532,1.3971542119979858,-0.09819180518388748,0.1894865334033966
17.78978133201599,1.3981832049045564,1.3967727422714233,0.049851223826408386,0.1604333519935608
17.792850732803345,1.3990472048426106,1.3967727422714233,-0.05992217734456062,0.21383993327617645
17.795920610427856,1.3999739278654921,1.3963912725448608,0.03373769670724869,0.17880521714687347
17.798983573913574,1.4009606027646504,1.3967727422714233,-0.07603570818901062,0.2052948772907257
17.80205249786377,1.402010980855192,1.3967727422714233,-0.04280155524611473,0.23093003034591675
17.805118560791016,1.4031217468438288,1.3967727422714233,0.03675898537039757,0.2723735272884369
17.80818486213684,1.404293532458112,1.3967727422714233,0.02668802998960018,0.26083773374557495
17.811250925064087,1.4055257206134373,1.3971542119979858,0.03474479168653488,0.32663461565971375
17.81431818008423,1.406818456807536,1.3971542119979858,0.12135500460863113,0.37405967712402344
17.81738567352295,1.4081709009922077,1.3979171514511108,0.22005034983158112,0.32706186175346375
17.82045340538025,1.4095825646267273,1.3979171514511108,0.30666056275367737,0.3296253979206085
17.823522090911865,1.4110532865604846,1.3982986211776733,0.25932708382606506,0.3680781126022339
17.826598405838013,1.4125859632091566,1.3990615606307983,0.22710002958774567,0.2980087101459503
17.829668521881104,1.4141731756969769,1.3998245000839233,0.5231860876083374,0.3168078064918518
17.832735538482666,1.4158156749025714,1.4005874395370483,0.35802242159843445,0.29373615980148315
17.83580183982849,1.4175140216607733,1.4013503789901733,0.5936827659606934,0.27621880173683167
17.838870525360107,1.4192693472611029,1.4021133184432983,0.34090182185173035,0.382604718208313
17.841942310333252,1.4210815565057915,1.402876377105713,0.4093843102455139,0.2830548584461212
17.84498405456543,1.4229297127093696,1.4040207862854004,0.5443350672721863,0.2886091470718384
17.848050594329834,1.4248463078684996,1.405165195465088,0.6782788038253784,0.3321889042854309
17.85111689567566,1.4268156281583302,1.405928134918213,0.5584344267845154,0.22836652398109436
17.854182958602905,1.4288369303739152,1.407454013824463,0.7477683424949646,0.2390478402376175
17.85724949836731,1.4309099417598008,1.4085984230041504,0.5936827659606934,0.24759289622306824
17.86031699180603,1.4330342506641611,1.4101243019104004,0.5685054063796997,0.27963683009147644
17.863383054733276,1.4352074058328845,1.4112688302993774,0.6752575039863586,0.19418631494045258
17.86644983291626,1.4374301037378792,1.4127947092056274,0.6943923234939575,0.2057221382856369
17.86951780319214,1.4397019099401818,1.4143205881118774,0.8132295608520508,0.3620965778827667
17.8725848197937,1.4420203975801875,1.4158464670181274,0.5916685461997986,0.24802014231681824
17.875651359558105,1.4443850331665524,1.4173723459243774,0.7699244618415833,0.2984359562397003
17.87871789932251,1.4467952956756036,1.418898344039917,0.8323643803596497,0.3462882339954376
17.881784677505493,1.4492504829321602,1.420424222946167,0.9491874575614929,0.3052719831466675
17.88485074043274,1.4517489098468779,1.421950101852417,0.9169604182243347,0.32748913764953613
17.887920379638672,1.454293205521829,1.4238574504852295,0.929045557975769,0.30783551931381226
17.890977382659912,1.4568688032531394,1.425764799118042,1.073060154914856,0.2997176945209503
17.894043445587158,1.4594929524994302,1.4280537366867065,1.2553445100784302,0.2689555287361145
17.897109746932983,1.4621573164018165,1.4295796155929565,1.016662836074829,0.2890363931655884
17.900177478790283,1.4648619737006894,1.4318684339523315,1.1989470720291138,0.3941405415534973
17.903244256973267,1.4676038273862146,1.4337759017944336,1.0962233543395996,0.3027084767818451
17.90631103515625,1.470382694227357,1.435683250427246,1.1838407516479492,0.38815900683403015
17.909378051757812,1.4731977626686277,1.437972068786621,1.0478827953338623,0.3343251645565033
17.912444591522217,1.4760473269762826,1.4398794174194336,1.2553445100784302,0.23349355161190033
17.915510892868042,1.4789305387297988,1.4425498247146606,1.4265507459640503,0.16855116188526154
17.918577671051025,1.4818470039247131,1.4448386430740356,1.4315861463546753,0.21982146799564362
17.921644926071167,1.484795654761963,1.4471274614334106,1.2533302307128906,0.18606851994991302
17.924715042114258,1.4877777380915553,1.4494163990020752,1.2029755115509033,0.23349355161190033
17.927791595458984,1.4907957535966057,1.4517052173614502,1.2110322713851929,0.2881819009780884
17.93086814880371,1.493842352714869,1.4543755054473877,1.309727668762207,0.28091859817504883
17.9339382648468,1.496909937150288,1.4570459127426147,1.3923094272613525,0.2676737606525421
17.936980485916138,1.4999754862568024,1.4593347311019897,1.2482948303222656,0.34372472763061523
17.940046310424805,1.5030896991086917,1.4616235494613647,1.4275578260421753,0.2501564025878906
17.94311285018921,1.506228469603276,1.4646753072738647,1.468848705291748,0.37534141540527344
17.946179151535034,1.5093896622108807,1.4669642448425293,1.4819409847259521,0.32834362983703613
17.94924545288086,1.512572346706248,1.4696345329284668,1.1989470720291138,0.30740824341773987
17.952311277389526,1.5157748421522137,1.4723048210144043,1.3510185480117798,0.24246585369110107
17.955378532409668,1.5189979610127178,1.4753566980361938,1.523231863975525,0.22665750980377197
17.958444595336914,1.522237753605682,1.4780269861221313,1.5192034244537354,0.24460211396217346
17.96151089668274,1.5254945204727768,1.4806973934173584,1.558480143547058,0.2663919925689697
17.964577674865723,1.5287673115571019,1.4837491512298584,1.8716869354248047,0.1582970917224884
17.967644453048706,1.5320544065232768,1.4868009090423584,1.5655298233032227,0.29202717542648315
17.970711708068848,1.5353550989932125,1.4894713163375854,1.6471046209335327,0.2403295934200287
17.97377848625183,1.5386671372358853,1.492141604423523,1.3359121084213257,0.3659418523311615
17.97684621810913,1.5419908384458842,1.495193362236023,1.3782100677490234,0.29117265343666077
17.979917287826538,1.5453275709092071,1.4982452392578125,1.6571755409240723,0.3851682245731354
17.982980012893677,1.5486633827838086,1.5012969970703125,1.610849142074585,0.4150759279727936
17.986048936843872,1.5520128648204872,1.504348874092102,1.676310420036316,0.2847638726234436
17.989115476608276,1.5553654194412465,1.507400631904602,1.8001830577850342,0.22751201689243317
17.99218225479126,1.5587226628343092,1.510452389717102,1.6622110605239868,0.2830548584461212
17.995249032974243,1.562083088043787,1.5135042667388916,1.5655298233032227,0.2663919925689697
17.998315572738647,1.565445185943207,1.516937494277954,1.8686655759811401,0.286472886800766
18.001381874084473,1.5688077081142142,1.5199893712997437,1.7609063386917114,0.3210803270339966
18.004448890686035,1.5721704518786008,1.5230411291122437,1.3711605072021484,0.31296253204345703
18.00751519203186,1.5755306006824323,1.5260928869247437,1.5635156631469727,0.23221179842948914
18.010582447052002,1.5788887351765906,1.5295262336730957,1.8656443357467651,0.32150760293006897
18.013648986816406,1.58224178124258,1.5325779914855957,1.836438536643982,0.3206530809402466
18.016716241836548,1.5855900576626438,1.5360113382339478,1.848523736000061,0.3791866898536682
18.019784688949585,1.5889328354313856,1.5390630960464478,1.681345820426941,0.27963683009147644
18.02282166481018,1.5922334121917447,1.5421148538589478,1.7085374593734741,0.22494849562644958
18.025891065597534,1.595559996753554,1.5455482006072998,1.8857861757278442,0.2685282528400421
18.028960466384888,1.5988760679102756,1.5485999584197998,1.608834981918335,0.2698100209236145
18.03203272819519,1.602183466472972,1.5520333051681519,1.9149919748306274,0.3330434262752533
18.035102367401123,1.605475057670489,1.5554665327072144,1.8575875759124756,0.2839093506336212
18.038171529769897,1.6087519376711752,1.5585182905197144,1.69544517993927,0.31296253204345703
18.041237354278564,1.6120098620890886,1.5619516372680664,1.7276722192764282,0.3689326345920563
18.044304370880127,1.6152524506971528,1.565384864807129,1.8878004550933838,0.2693827748298645
18.04737114906311,1.6184769795562328,1.5684367418289185,1.60581374168396,0.45224690437316895
18.050438404083252,1.621683001035713,1.571869969367981,1.920027494430542,0.33859768509864807
18.053505897521973,1.62486906844595,1.5749218463897705,1.6481117010116577,0.38773176074028015
18.056572198867798,1.6280325227719643,1.5779736042022705,1.6440832614898682,0.31125351786613464
18.059638500213623,1.6311734320005042,1.581406831741333,1.9774318933486938,0.19974060356616974
18.06270480155945,1.6342906303119629,1.584840178489685,1.8465094566345215,0.3031357228755951
18.065771102905273,1.6373829606875776,1.587891936302185,1.7065231800079346,0.2732280492782593
18.068837642669678,1.6404495127174257,1.591325283050537,1.9492332935333252,0.3368886709213257
18.071906328201294,1.6434910235797824,1.594377040863037,1.8424811363220215,0.3514152765274048
18.07498025894165,1.6465093330236058,1.5978103876113892,1.7971618175506592,0.2706645429134369
18.078051567077637,1.6494955557609112,1.6008621454238892,1.9018996953964233,0.24332036077976227
18.081117868423462,1.6524463745153122,1.6039139032363892,1.8062256574630737,0.3291981518268585
18.084184169769287,1.6553655864181354,1.6069657802581787,1.6350194215774536,0.46549171209335327
18.08725094795227,1.658252554219624,1.6103990077972412,1.78104829788208,0.30655375123023987
18.090317010879517,1.6611050881509002,1.6130692958831787,1.466834545135498,0.43643853068351746
18.093385934829712,1.6639254194684425,1.6165026426315308,1.8847790956497192,0.3193713426589966
18.096452713012695,1.6667078878091954,1.6195544004440308,1.456763505935669,0.29672694206237793
18.09951949119568,1.6694534443374582,1.6229877471923828,1.679331660270691,0.1433432549238205
18.102586269378662,1.672161069660763,1.6256580352783203,1.5504233837127686,0.3146715462207794
18.10565996170044,1.674835730364399,1.6287097930908203,1.764934778213501,0.3146715462207794
18.108726501464844,1.6774641978998708,1.6317616701126099,1.8283817768096924,0.383031964302063
18.111793518066406,1.6800521654209573,1.6348134279251099,1.612863302230835,0.45310139656066895
18.11486291885376,1.6826002227545003,1.6378653049468994,1.4889906644821167,0.40225833654403687
18.117934703826904,1.6851073233922562,1.6409170627593994,1.6632181406021118,0.3526970446109772
18.12097954750061,1.6875491274195593,1.643587350845337,1.6722819805145264,0.3937132954597473
18.124046087265015,1.6899638433834248,1.646257758140564,1.4990615844726562,0.3680781126022339
18.12711262702942,1.6923330199565456,1.649309515953064,1.5725795030593872,0.4462653398513794
18.130178928375244,1.6946555988647278,1.6519798040390015,1.5977569818496704,0.3001449704170227
18.13324546813965,1.6969310790666603,1.655031681060791,1.681345820426941,0.23562981188297272
18.136311769485474,1.6991582621473438,1.6577019691467285,1.5494163036346436,0.35611504316329956
18.139378547668457,1.7013368350881881,1.6603723764419556,1.452735185623169,0.2715190351009369
18.142444849014282,1.7034653118138272,1.663042664527893,1.6350194215774536,0.43515679240226746
18.145513772964478,1.7055450002526003,1.6657129526138306,1.553444743156433,0.4321660101413727
18.148582696914673,1.7075732852668513,1.6683833599090576,1.386266827583313,0.30826276540756226
18.15164875984192,1.7095475949864858,1.6710536479949951,1.5161821842193604,0.3800412118434906
18.154715538024902,1.7114695536927458,1.6733424663543701,1.471869945526123,0.3642328381538391
18.157782077789307,1.7133378379554856,1.6760128736495972,1.4305790662765503,0.35611504316329956
18.160850763320923,1.7151531559183064,1.6783016920089722,1.4849622249603271,0.33817043900489807
18.163922786712646,1.7169153912065844,1.6805905103683472,1.0770885944366455,0.34073394536972046
18.166977882385254,1.718612633697297,1.6828793287277222,1.2211031913757324,0.4573739171028137
18.170044898986816,1.7202604150281557,1.6851682662963867,1.4154726266860962,0.286900132894516
18.173118591308594,1.7218547928588683,1.6878385543823242,1.2674295902252197,0.3544060289859772
18.17618441581726,1.7233876649107085,1.6897459030151367,1.0952162742614746,0.2997176945209503
18.179250478744507,1.7248627290972118,1.6920348405838013,1.242252230644226,0.26211947202682495
18.18231725692749,1.7262796401561222,1.6943236589431763,1.0498969554901123,0.20401312410831451
18.185384273529053,1.7276376243767704,1.6962310075759888,0.9592584371566772,0.32620736956596375
18.188451528549194,1.7289361636509428,1.6985198259353638,1.0206912755966187,0.3368886709213257
18.1915180683136,1.730174386056775,1.7004272937774658,1.071045994758606,0.35996031761169434
18.194584131240845,1.7313519632832568,1.7023346424102783,1.089173674583435,0.35654231905937195
18.197650909423828,1.73246890889809,1.7042419910430908,0.7900663614273071,0.35825130343437195
18.20071792602539,1.733524606087731,1.7057678699493408,0.9401236176490784,0.38944074511528015
18.203784465789795,1.734518423898523,1.7076753377914429,1.0347905158996582,0.382177472114563
18.20685076713562,1.735450092286044,1.7095826864242554,1.0196841955184937,0.3813229501247406
18.209919452667236,1.7363199966251408,1.7111085653305054,0.9330739378929138,0.35696956515312195
18.212977170944214,1.7371242927637005,1.7126344442367554,0.8404211401939392,0.35825130343437195
18.216044664382935,1.7378681743464104,1.7141603231430054,0.7165483832359314,0.34372472763061523
18.219111680984497,1.7385485927564892,1.715686321258545,0.65108722448349,0.3462882339954376
18.222179174423218,1.7391655068111649,1.717212200164795,0.8373998403549194,0.37064164876937866
18.2252459526062,1.7397184551299245,1.718738079071045,0.7940947413444519,0.4095216393470764
18.228312730789185,1.7402073836814398,1.7198824882507324,0.7689173817634583,0.26297399401664734
18.23137927055359,1.740632080412687,1.7214083671569824,0.8535133600234985,0.34244295954704285
18.234445810317993,1.740992428164636,1.72255277633667,0.6037537455558777,0.27707332372665405
18.237513303756714,1.7412883751353931,1.723697304725647,0.7669031620025635,0.3514152765274048
18.240580081939697,1.7415196429140674,1.7248417139053345,0.8313573002815247,0.41806668043136597
18.243646383285522,1.7416862012971537,1.725986123085022,0.42449072003364563,0.4116578996181488
18.246713161468506,1.7417880402445263,1.7271305322647095,0.4879377484321594,0.2681010067462921
18.24977970123291,1.7418250906506276,1.7278934717178345,0.4627603590488434,0.42276644706726074
18.252846479415894,1.7417973445201245,1.729037880897522,0.5735408663749695,0.4578011631965637
18.255916118621826,1.7417046901845412,1.7294193506240845,0.3932707607746124,0.29202717542648315
18.25897741317749,1.7415476738787723,1.7301822900772095,0.25932708382606506,0.35996031761169434
18.262051820755005,1.7413251025172656,1.730945348739624,0.4738384187221527,0.3667963743209839
18.265119552612305,1.741038287540933,1.731708288192749,0.1928587704896927,0.35526055097579956
18.26818561553955,1.7406871313116035,1.7320897579193115,0.3942778706550598,0.3851682245731354
18.271251916885376,1.7402715908745165,1.732471227645874,0.11732661724090576,0.3620965778827667
18.27431869506836,1.7397917656785498,1.733234167098999,0.32176700234413147,0.3655146062374115
18.277384757995605,1.7392480277935005,1.7336156368255615,0.13948272168636322,0.3364614248275757
18.280450344085693,1.7386405740191408,1.7336156368255615,0.1908445805311203,0.3676508665084839
18.283517360687256,1.7379692222054446,1.733997106552124,0.24522773921489716,0.34415197372436523
18.286584615707397,1.7372344306685794,1.7343785762786865,0.15559624135494232,0.3018539845943451
18.289658784866333,1.7364346523228669,1.7343785762786865,0.14955367147922516,0.34714275598526
18.292725324630737,1.7355739897192353,1.7343785762786865,-0.05085831880569458,0.30869001150131226
18.29579186439514,1.7346508558532026,1.7343785762786865,-0.04179446026682854,0.3146715462207794
18.298858880996704,1.733665435402449,1.7343785762786865,0.029709314927458763,0.38687723875045776
18.30192494392395,1.7326185681792676,1.7343785762786865,-0.0005035477224737406,0.2655375003814697
18.304980278015137,1.731514330338182,1.733997106552124,-0.12437628954648972,0.3035629689693451
18.308048725128174,1.730344444247672,1.733997106552124,0.06697184592485428,0.29288166761398315
18.311115026474,1.7291148344962004,1.733997106552124,-0.26335546374320984,0.16812390089035034
18.314181327819824,1.7278251606575092,1.7336156368255615,0.15056076645851135,0.16385138034820557
18.31724762916565,1.7264759014232571,1.733234167098999,-0.29558250308036804,0.14547951519489288
18.320314168930054,1.7250674458127555,1.733234167098999,0.06898603588342667,0.12326237559318542
18.3233802318573,1.7236006519311666,1.732471227645874,-0.31169605255126953,0.013885710388422012
18.326446056365967,1.7220759705077706,1.7320897579193115,-0.22710002958774567,0.0049134050495922565
18.32951307296753,1.7204932292244406,1.731708288192749,-0.3761501610279083,0.08395513892173767
18.332579374313354,1.718853986389198,1.730945348739624,-0.530235767364502,0.016449226066470146
18.335646629333496,1.7171579519965374,1.7301822900772095,-0.15559624135494232,0.029266804456710815
18.3387131690979,1.7154066718960905,1.7294193506240845,-0.5493705868721008,0.063019759953022
18.341779947280884,1.7136002646995743,1.7286564111709595,-0.48390936851501465,-0.0019226367585361004
18.3448486328125,1.7117383610881967,1.727512001991272,-0.48693063855171204,0.07583733648061752
18.347918033599854,1.7098223069593579,1.726749062538147,-0.5332570672035217,0.04934767633676529
18.350977659225464,1.7078595968806058,1.7256046533584595,-0.5564202070236206,0.03781185671687126
18.354044198989868,1.7058403280139725,1.724460244178772,-0.7125200033187866,0.10916304588317871
18.35711121559143,1.7037692999758398,1.7233158349990845,-0.6923781037330627,0.07284656912088394
18.360177516937256,1.7016480924337576,1.7221713066101074,-0.4446326494216919,0.08865492045879364
18.363243341445923,1.699477357165139,1.7206454277038574,-0.5745479464530945,0.11557183414697647
18.366309881210327,1.6972570501545776,1.7191195487976074,-0.7517967224121094,0.095490962266922
18.36937689781189,1.6949881398322386,1.7175936698913574,-0.8676127195358276,0.1275349110364914
18.372443437576294,1.6926721739716646,1.71644926071167,-0.9028610587120056,0.040375370532274246
18.375510454177856,1.6903092923687972,1.71492338180542,-0.7578393220901489,0.0963454619050026
18.37857675552368,1.6879012958858732,1.7130159139633179,-1.0317692756652832,0.11471732705831528
18.38164258003235,1.685448917513991,1.7114900350570679,-0.9008468985557556,0.16128785908222198
18.384709119796753,1.682952108876568,1.7095826864242554,-0.9381093978881836,0.12198062241077423
18.387776374816895,1.680411766498331,1.7076753377914429,-1.070038914680481,0.09719996899366379
18.39084553718567,1.677827792469042,1.7061493396759033,-1.001556396484375,0.13266193866729736
18.393916845321655,1.6752008646611456,1.7042419910430908,-0.9824215769767761,0.11557183414697647
18.396979808807373,1.6725410532630272,1.7023346424102783,-1.0418401956558228,0.14590676128864288
18.400046586990356,1.6698388763818337,1.7000458240509033,-0.9260242581367493,0.21597619354724884
18.403114080429077,1.6670979817263947,1.6977568864822388,-1.3620965480804443,0.18179598450660706
18.406181812286377,1.6643197958048077,1.6958495378494263,-1.1234149932861328,0.10574502497911453
18.40924882888794,1.6615062226044417,1.6935607194900513,-1.2341954708099365,0.13351644575595856
18.412314653396606,1.6586587773114903,1.6912717819213867,-0.9733577370643616,0.1587243527173996
18.415382146835327,1.655775852293176,1.6893644332885742,-1.1506065130233765,0.09036392718553543
18.41844940185547,1.6528602869484226,1.6870756149291992,-1.4074158668518066,0.08865492045879364
18.421517372131348,1.6499122504451438,1.6847867965698242,-1.3419547080993652,0.15060654282569885
18.42458462715149,1.6469342122416724,1.6824978590011597,-1.4910048246383667,0.11770809441804886
18.427650928497314,1.6439275343735886,1.6798275709152222,-1.2613869905471802,0.252719908952713
18.43071746826172,1.6408921745433007,1.6775387525558472,-1.2865644693374634,0.126253142952919
18.433783769607544,1.637829731367551,1.6752498149871826,-1.0811169147491455,0.11557183414697647
18.436851263046265,1.6347399009238575,1.6725795269012451,-1.3359121084213257,0.21597619354724884
18.43991732597351,1.6316264745905444,1.6699092388153076,-1.3872740268707275,0.14761577546596527
18.44297981262207,1.6284928457253016,1.6672388315200806,-1.5000686645507812,0.07541008293628693
18.446048974990845,1.625329653293988,1.664568543434143,-1.4799267053604126,0.0950637087225914
18.44911527633667,1.6221478572571792,1.6618982553482056,-1.3711605072021484,0.09164568781852722
18.452181339263916,1.6189459500925178,1.6592278480529785,-1.4426642656326294,0.21255818009376526
18.4552481174469,1.6157241199377756,1.6561760902404785,-1.5635156631469727,0.08780041337013245
18.458314418792725,1.6124848127136295,1.653505802154541,-1.4607919454574585,0.12326237559318542
18.46138048171997,1.6092289850724202,1.650835394859314,-1.5262531042099,0.095490962266922
18.464446544647217,1.6059575941131423,1.6481651067733765,-1.4789196252822876,0.07327382266521454
18.46751308441162,1.6026713418434342,1.6451133489608765,-1.6168917417526245,0.07797360420227051
18.470580339431763,1.599371184808039,1.6424429416656494,-1.5443809032440186,0.13821622729301453
18.473646879196167,1.5960598872105765,1.6393911838531494,-1.6189059019088745,0.1770962029695511
18.476712942123413,1.5927384275462435,1.6363393068313599,-1.5846647024154663,0.0801098644733429
18.47977876663208,1.589407783803838,1.6332875490188599,-1.7014877796173096,0.09335469454526901
18.482847213745117,1.5860660746451944,1.6302357912063599,-1.5494163036346436,0.04892042279243469
18.485917806625366,1.5827150435405457,1.6271839141845703,-1.762920618057251,0.14975203573703766
18.488977909088135,1.5793697483930145,1.6241321563720703,-1.6048065423965454,0.1117265596985817
18.49204444885254,1.5760129380785661,1.6210802793502808,-1.767956018447876,0.025848783552646637
18.4951114654541,1.5726523677467215,1.6180285215377808,-1.5333027839660645,0.012176699936389923
18.498178482055664,1.5692898069882018,1.6149767637252808,-1.6994736194610596,0.15274280309677124
18.50124454498291,1.5659275502648322,1.6119248867034912,-1.8052185773849487,0.12411688268184662
18.504311084747314,1.5625652773139331,1.6084916591644287,-1.7075303792953491,0.10189975053071976
18.50737690925598,1.5592055427127558,1.6054397821426392,-1.676310420036316,0.13052567839622498
18.510443925857544,1.5558475043105782,1.6023880243301392,-1.556465983390808,0.286472886800766
18.51351046562195,1.5524942369251158,1.5989547967910767,-1.7125657796859741,0.24502937495708466
18.516577005386353,1.5491464630422578,1.595902919769287,-1.6350194215774536,0.15402457118034363
18.519644021987915,1.5458049065248132,1.5924696922302246,-1.768963098526001,0.1266804039478302
18.5227108001709,1.5424715880712494,1.589417815208435,-2.0358433723449707,0.08053711801767349
18.525777578353882,1.5391474852647598,1.5859845876693726,-1.7891050577163696,0.0950637087225914
18.528844118118286,1.5358340894782887,1.5829328298568726,-1.7457998991012573,0.06942854821681976
18.53191065788269,1.5325323719471757,1.579880952835083,-1.853559136390686,0.10531777143478394
18.53498077392578,1.5292397308782304,1.5764477252960205,-1.778027057647705,0.13949798047542572
18.538052082061768,1.5259599789670142,1.5730143785476685,-1.8827649354934692,0.15274280309677124
18.541117429733276,1.5227019380630156,1.5699626207351685,-1.8666514158248901,0.15445181727409363
18.5441837310791,1.5194594318215089,1.566529393196106,-1.61185622215271,0.11001754552125931
18.547250032424927,1.516234679844672,1.563096046447754,-1.6894025802612305,0.095918208360672
18.55031728744507,1.5130278850827306,1.560044288635254,-1.763927698135376,0.07412832975387573
18.55338454246521,1.5098412443300007,1.5566109418869019,-1.918013334274292,0.10531777143478394
18.556451320648193,1.5066764314766667,1.5535591840744019,-2.0136873722076416,0.03439383581280708
18.559518337249756,1.50353388120089,1.5501258373260498,-1.7528495788574219,0.07711909711360931
18.56258463859558,1.500415731859129,1.5470740795135498,-1.7961547374725342,0.10574502497911453
18.565650939941406,1.4973224052826608,1.5436408519744873,-1.8122682571411133,0.13266193866729736
18.56871747970581,1.4942548121684962,1.5405889749526978,-1.8273746967315674,0.20187686383724213
18.571784257888794,1.491214097491341,1.5371557474136353,-1.8706797361373901,0.1595788449048996
18.574853658676147,1.488199066005821,1.5341038703918457,-1.7699702978134155,0.16769665479660034
18.577924728393555,1.4852118359857724,1.5306706428527832,-1.5484092235565186,0.1886320263147354
18.580981969833374,1.482268409846952,1.5276188850402832,-1.6481117010116577,0.11941710859537125
18.584051609039307,1.4793446123889096,1.5241855382919312,-1.9300984144210815,0.09805447608232498
18.58711862564087,1.4764559856065422,1.5211337804794312,-1.6521400213241577,0.16128785908222198
18.59018635749817,1.4736004287525604,1.5180819034576416,-1.6380407810211182,0.08993667364120483
18.59325337409973,1.4707803337572147,1.5150301456451416,-1.6299840211868286,0.1253986358642578
18.596319913864136,1.4679965081263622,1.5119783878326416,-1.6883955001831055,0.10959029197692871
18.599387645721436,1.4652484835614488,1.508926510810852,-1.5504233837127686,0.11429007351398468
18.602455139160156,1.4625385793558912,1.505874752998352,-1.694438099861145,0.0942092016339302
18.605522632598877,1.4598675871160005,1.5028228759765625,-1.5786221027374268,0.14505226910114288
18.60858941078186,1.4572371077825408,1.4997711181640625,-1.553444743156433,0.13394369184970856
18.611655473709106,1.4546480897741747,1.497100830078125,-1.3671320676803589,0.09378194808959961
18.61472177505493,1.4521006793042115,1.4940489530563354,-1.7226366996765137,0.08609139919281006
18.617793321609497,1.4495917775344374,1.4909971952438354,-1.525246024131775,0.11984435468912125
18.62086510658264,1.4471265229605161,1.487945318222046,-1.397344946861267,0.08651865273714066
18.623932123184204,1.4447097525218153,1.4852750301361084,-1.6007782220840454,0.056183718144893646
18.62697744369507,1.4423551149149438,1.4822232723236084,-1.7417715787887573,0.1292439103126526
18.63004469871521,1.4400297558707158,1.4795528650283813,-1.6420691013336182,0.10916304588317871
18.633111476898193,1.4377520130371941,1.4768825769424438,-1.5051041841506958,0.11343556642532349
18.636178255081177,1.4355223669826924,1.4742122888565063,-1.5020828247070312,0.08737315982580185
18.63924479484558,1.4333418131599809,1.4711604118347168,-1.455756425857544,0.09762722253799438
18.642311334609985,1.431210985838646,1.4684901237487793,-1.537331223487854,0.18735027313232422
18.64537739753723,1.429130995560738,1.4658198356628418,-1.6178988218307495,0.11728084087371826
18.648444175720215,1.4271018117974794,1.4631494283676147,-1.3056992292404175,0.19674982130527496
18.65151023864746,1.4251251341012372,1.4608606100082397,-1.2080110311508179,0.19888609647750854
18.654577255249023,1.4232006266391435,1.4581903219223022,-1.4033875465393066,0.10873579233884811
18.65764331817627,1.4213302004206545,1.4555199146270752,-1.4124513864517212,0.13907071948051453
18.660709619522095,1.4195138038202633,1.4532310962677002,-1.3359121084213257,0.07754635065793991
18.66377592086792,1.4177522585683775,1.4509422779083252,-1.2462806701660156,0.12497138977050781
18.66684365272522,1.416045435641879,1.4482718706130981,-1.1878690719604492,0.09890898317098618
18.669913053512573,1.4143939212347625,1.4459830522537231,-1.1143511533737183,0.11300831288099289
18.672979831695557,1.4128006114007599,1.4436942338943481,-1.2382237911224365,0.10788128525018692
18.67604899406433,1.411263490884863,1.4417868852615356,-1.1455711126327515,0.07241931557655334
18.679115533828735,1.4097856310937975,1.439497947692871,-1.2623941898345947,0.057892728596925735
18.682188272476196,1.4083634329171997,1.4375905990600586,-1.158663272857666,0.06814679503440857
18.685254096984863,1.4070034727287122,1.435683250427246,-0.999542236328125,0.10873579233884811
18.688321352005005,1.4057023960329975,1.4333943128585815,-1.1103227138519287,0.13693445920944214
18.69138741493225,1.4044618050375677,1.431486964225769,-0.9350880980491638,0.13736172020435333
18.694453716278076,1.403281553474102,1.429198145866394,-0.8968185186386108,0.13266193866729736
18.69752049446106,1.4021620089097169,1.4272907972335815,-0.8907759189605713,0.18692301213741302
18.700586557388306,1.4011040148990814,1.4253833293914795,-1.0559395551681519,0.13394369184970856
18.70365333557129,1.4001074706572127,1.4238574504852295,-0.9522087574005127,0.11898985505104065
18.70672059059143,1.3991728597138549,1.4223315715789795,-0.8243076205253601,0.07028305530548096
18.709787130355835,1.3983008850199368,1.420424222946167,-1.0267337560653687,0.09164568781852722
18.712857007980347,1.397490798535773,1.418898344039917,-0.8877546191215515,0.12454413622617722
18.71592879295349,1.3967434404647157,1.4173723459243774,-0.9481803774833679,0.11001754552125931
18.718979835510254,1.3960640160566569,1.415464997291565,-1.0025634765625,0.09378194808959961
18.72204899787903,1.39544404306864,1.4143205881118774,-0.8001373410224915,0.07711909711360931
18.72511649131775,1.3948882595198706,1.4127947092056274,-0.6702220439910889,0.08780041337013245
18.728182792663574,1.3943966960505891,1.4112688302993774,-0.6651865243911743,0.18051423132419586
18.731252193450928,1.3939689072270034,1.4101243019104004,-0.329823762178421,0.06558327376842499
18.734321355819702,1.3936056071516767,1.408979892730713,-0.4768596887588501,0.0950637087225914
18.737388372421265,1.3933070814463873,1.4078354835510254,-0.722590982913971,0.07583733648061752
18.74045491218567,1.3930731957796847,1.4070725440979004,-0.5080796480178833,0.08950942009687424
18.743521451950073,1.3929039855482264,1.405928134918213,-0.5795834064483643,0.03653009980916977
18.74658727645874,1.392799530383915,1.4047837257385254,-0.5644770264625549,0.09976348280906677
18.749654054641724,1.39275981975798,1.4040207862854004,-0.5141222476959229,0.04422064498066902
18.752721071243286,1.3927849154466656,1.402876377105713,-0.5392996072769165,0.1271076500415802
18.755788564682007,1.3928748327504878,1.4021133184432983,-0.44866102933883667,0.08822766691446304
18.758857488632202,1.3930296266589364,1.4013503789901733,-0.3932707607746124,0.12027160823345184
18.761929035186768,1.3932494281442693,1.4005874395370483,-0.3187457025051117,0.15487907826900482
18.76497721672058,1.393531641265763,1.4002059698104858,-0.173723965883255,0.20187686383724213
18.768045902252197,1.3938801322283345,1.3994430303573608,-0.24925611913204193,0.1591515988111496
18.771114587783813,1.3942930891877507,1.3990615606307983,-0.052872512489557266,0.19375905394554138
18.77418088912964,1.3947699628976014,1.3982986211776733,-0.2673838436603546,0.22452124953269958
18.777247667312622,1.3953109612789567,1.3979171514511108,-0.1908445805311203,0.21341268718242645
18.780314207077026,1.3959157647978129,1.3975356817245483,-0.008560311049222946,0.1416342407464981
18.78338074684143,1.3965841885039554,1.3971542119979858,-0.28047609329223633,0.21896696090698242
18.786447525024414,1.3973160436109946,1.3967727422714233,-0.19588007032871246,0.16513313353061676
18.78951382637024,1.398110880395739,1.3967727422714233,-0.10524147748947144,0.16983291506767273
18.792580604553223,1.3989686509454928,1.3967727422714233,-0.014602883718907833,0.21896696090698242
18.795647621154785,1.3998889920395914,1.3963912725448608,0.0005035477224737406,0.20956741273403168
18.798714637756348,1.4008714976660104,1.3967727422714233,-0.038773175328969955,0.18692301213741302
18.801782608032227,1.4019161372687083,1.3967727422714233,0.0629434660077095,0.2381933331489563
18.80484914779663,1.4030216968317406,1.3967727422714233,0.17070268094539642,0.1924773007631302
18.807918071746826,1.4041891692258157,1.3971542119979858,0.1253833770751953,0.27664607763290405
18.810980081558228,1.4054144499466146,1.3971542119979858,-0.04884412884712219,0.23221179842948914
18.814050436019897,1.4067032311287182,1.3975356817245483,0.07200732082128525,0.32535287737846375
18.81711769104004,1.4080503849825854,1.3979171514511108,0.19890135526657104,0.2830548584461212
18.82018518447876,1.40945679346054,1.3982986211776733,0.3348592221736908,0.35483330488204956
18.823251962661743,1.4109214833345947,1.3986800909042358,0.2845044732093811,0.2988632023334503
18.826319456100464,1.4124445937186842,1.3990615606307983,0.4144197702407837,0.2992904484272003
18.82938575744629,1.4140245986821365,1.3998245000839233,0.5513847470283508,0.3646601140499115
18.83245301246643,1.415662010327018,1.4005874395370483,0.460746169090271,0.3625238537788391
18.835519075393677,1.4173550688857495,1.4013503789901733,0.330830842256546,0.3638055920600891
18.83858609199524,1.4191043239121082,1.4021133184432983,0.4113985002040863,0.251010924577713
18.841652393341064,1.4209081807987876,1.402876377105713,0.5584344267845154,0.2663919925689697
18.844719171524048,1.4227666646344153,1.4040207862854004,0.546349287033081,0.24161134660243988
18.847785472869873,1.4246785076868018,1.405165195465088,0.7105058431625366,0.28134584426879883
18.850852727890015,1.426643904330804,1.4063096046447754,0.6994277834892273,0.22751201689243317
18.85391902923584,1.4286609029361437,1.407454013824463,0.5685054063796997,0.2381933331489563
18.856980085372925,1.4307257759412528,1.4085984230041504,0.7135271430015564,0.31296253204345703
18.86004877090454,1.4328465003229205,1.4101243019104004,0.582604706287384,0.16812390089035034
18.863117218017578,1.4350170343800759,1.41165030002594,0.8575417995452881,0.24161134660243988
18.86618685722351,1.437237605949653,1.412413239479065,0.531242847442627,0.2535744309425354
18.869253873825073,1.4395045964970568,1.4143205881118774,0.8484779000282288,0.2740825414657593
18.872320890426636,1.4418190404872946,1.415464997291565,0.6611581444740295,0.3774776756763458
18.87538719177246,1.4441795224820464,1.4173723459243774,0.8766765594482422,0.3526970446109772
18.878454446792603,1.4465864559654837,1.418898344039917,0.7588464021682739,0.32663461565971375
18.881521224975586,1.4490378354518951,1.420424222946167,0.7689173817634583,0.3796139359474182
18.88458776473999,1.4515329257536902,1.4223315715789795,0.8273289203643799,0.31125351786613464
18.887654781341553,1.4540713874171423,1.424238920211792,1.0408331155776978,0.3031357228755951
18.890721559524536,1.4566516909980372,1.425764799118042,0.9048752784729004,0.3509880304336548
18.89378786087036,1.4592726634045277,1.427672266960144,0.9965209364891052,0.35568779706954956
18.896854877471924,1.4619343550881951,1.4295796155929565,1.0750744342803955,0.3629510998725891
18.899921655654907,1.4646349595712351,1.431486964225769,1.08413827419281,0.3629510998725891
18.902980089187622,1.4673661767064012,1.4337759017944336,1.226138710975647,0.3317616581916809
18.906047344207764,1.4701423301180943,1.435683250427246,1.0619821548461914,0.37448692321777344
18.90911340713501,1.4729534655337257,1.4375905990600586,1.1314717531204224,0.33774319291114807
18.912181615829468,1.4758016153851443,1.4398794174194336,1.3943235874176025,0.32407110929489136
18.91524887084961,1.4786828653328516,1.4421683549880981,1.2845501899719238,0.3185168206691742
18.918315887451172,1.4815967973830653,1.4444571733474731,1.2513160705566406,0.2685282528400421
18.921383380889893,1.4845430125147425,1.4467459917068481,1.3308765888214111,0.20059509575366974
18.924450159072876,1.4875192681753164,1.4494163990020752,1.3731746673583984,0.22452124953269958
18.9275164604187,1.4905246730132127,1.4513237476348877,1.3751888275146484,0.22751201689243317
18.930585861206055,1.493561652632259,1.4539940357208252,1.2926069498062134,0.2552834451198578
18.93366289138794,1.4966337046032623,1.4566643238067627,1.1798123121261597,0.40439459681510925
18.936737537384033,1.4997297562528822,1.4589532613754272,1.3177844285964966,0.2689555287361145
18.939809560775757,1.5028483491719584,1.4616235494613647,1.4054017066955566,0.35996031761169434
18.94287919998169,1.5059885033206077,1.4642938375473022,1.4074158668518066,0.3941405415534973
18.945948362350464,1.509150968295189,1.4669642448425293,1.312748908996582,0.3018539845943451
18.948981285095215,1.5122973358753695,1.4696345329284668,1.381231427192688,0.26169222593307495
18.95205044746399,1.5155016239727512,1.4723048210144043,1.5766079425811768,0.27963683009147644
18.95511770248413,1.5187231622282418,1.4749752283096313,1.2523231506347656,0.3005722165107727
18.958184242248535,1.521961981797687,1.4776455163955688,1.6309911012649536,0.29159989953041077
18.96125316619873,1.5252201668179457,1.4806973934173584,1.6632181406021118,0.32193484902381897
18.96432065963745,1.5284924651207668,1.483367681503296,1.5947356224060059,0.1894865334033966
18.967387437820435,1.5317784081164818,1.486419439315796,1.6722819805145264,0.2740825414657593
18.970454931259155,1.5350783078987857,1.489089846611023,1.7095445394515991,0.2360570728778839
18.97352170944214,1.538389400408657,1.492141604423523,1.5695582628250122,0.35696956515312195
18.976588010787964,1.5417107069701517,1.495193362236023,1.8737010955810547,0.34158846735954285
18.979654550552368,1.5450417680533128,1.49786376953125,1.6491187810897827,0.45267415046691895
18.982720613479614,1.5483805693901764,1.50091552734375,1.5051041841506958,0.3197985887527466
18.985787868499756,1.5517276912318838,1.5039674043655396,1.7739986181259155,0.37021440267562866
18.98885679244995,1.5550824195387833,1.507400631904602,1.7971618175506592,0.3001449704170227
18.991929054260254,1.5584453432526972,1.5100709199905396,1.8585946559906006,0.3309071362018585
18.994980096817017,1.5617883055149826,1.5135042667388916,1.7609063386917114,0.3492790162563324
18.99804949760437,1.5651534209667746,1.5165560245513916,1.7085374593734741,0.21939422190189362
19.001115798950195,1.5685159330956113,1.5196079015731812,1.6622110605239868,0.32791638374328613
19.00418257713318,1.5718785137873434,1.5226596593856812,1.7437857389450073,0.35782405734062195
19.007248878479004,1.57523886931646,1.5260928869247437,1.8968642950057983,0.32877087593078613
19.010316133499146,1.5785973189334142,1.5291447639465332,1.625955581665039,0.3052719831466675
19.01338219642639,1.5819502671808907,1.5321965217590332,1.838452696800232,0.3313344120979309
19.01645016670227,1.5852998561303144,1.5356298685073853,1.7145799398422241,0.3317616581916809
19.019519090652466,1.5886437918679033,1.5386816263198853,1.8132753372192383,0.2535744309425354
19.022587060928345,1.5919787536595027,1.5421148538589478,1.8263676166534424,0.3330434262752533
19.025653839111328,1.5953032522203299,1.5451667308807373,1.69343101978302,0.23178453743457794
19.02872085571289,1.598617607869705,1.5485999584197998,1.7317006587982178,0.27792781591415405
19.031789779663086,1.6019223810670409,1.5516518354415894,1.7387503385543823,0.29117265343666077
19.034870147705078,1.605226528478702,1.5550850629806519,1.69544517993927,0.27579155564308167
19.037950038909912,1.608515958161395,1.5585182905197144,1.8636301755905151,0.22580300271511078
19.040977954864502,1.6117348347806972,1.561570167541504,1.6601969003677368,0.31082627177238464
19.04404902458191,1.61498315015477,1.5650033950805664,2.073106050491333,0.29330891370773315
19.047118186950684,1.6182117082629282,1.568055272102356,1.7729915380477905,0.40354010462760925
19.050186157226562,1.621420088388212,1.5714884996414185,1.837445616722107,0.3454337418079376
19.053253412246704,1.6246076150302509,1.574540376663208,1.7095445394515991,0.40311282873153687
19.056321144104004,1.6277743450815394,1.577592134475708,1.6450904607772827,0.29074540734291077
19.059387922286987,1.6309176310612892,1.5810253620147705,1.8062256574630737,0.21939422190189362
19.06245493888855,1.634037535306465,1.5844587087631226,1.851544976234436,0.3035629689693451
19.065521240234375,1.6371319351685545,1.5875104665756226,1.7478141784667969,0.37320515513420105
19.06858777999878,1.6402006500304485,1.5909438133239746,1.6894025802612305,0.29629969596862793
19.071656942367554,1.6432448885207904,1.5939955711364746,1.6863813400268555,0.2672465145587921
19.074734687805176,1.6462692765940785,1.5970473289489746,1.8082398176193237,0.3937132954597473
19.07780957221985,1.6492613614636544,1.6004806756973267,1.6048065423965454,0.23007553815841675
19.08087730407715,1.6522159986817337,1.6039139032363892,1.7306935787200928,0.3027084767818451
19.083946228027344,1.6551402147517102,1.6069657802581787,1.6299840211868286,0.32748913764953613
19.08698058128357,1.6579993815083878,1.6100175380706787,1.5846647024154663,0.3334706723690033
19.090049743652344,1.6608578041128979,1.6130692958831787,1.6330052614212036,0.3450064957141876
19.093117237091064,1.6636799071672954,1.6161211729049683,1.6883955001831055,0.29672694206237793
19.096185445785522,1.6664668514005199,1.6191729307174683,1.521217703819275,0.2728008031845093
19.099251985549927,1.669215453270357,1.6226062774658203,1.400366187095642,0.22708477079868317
19.10231924057007,1.671926845962795,1.6256580352783203,1.7206225395202637,0.2839093506336212
19.10538649559021,1.6745993770241028,1.6287097930908203,1.3369191884994507,0.3048447370529175
19.108453512191772,1.677231850802267,1.6317616701126099,1.5917143821716309,0.3005722165107727
19.111519813537598,1.6798228994377606,1.6344319581985474,1.7327077388763428,0.3693598806858063
19.114586114883423,1.682372179804311,1.637483835220337,1.3419547080993652,0.3313344120979309
19.117653131484985,1.6848793253130192,1.640535593032837,1.52423894405365,0.32492560148239136
19.12071990966797,1.687342615601441,1.6432058811187744,1.4164797067642212,0.31338977813720703
19.123785972595215,1.6897607738049372,1.646257758140564,1.5836576223373413,0.2710917890071869
19.12685513496399,1.6921358573853666,1.6489280462265015,1.5594873428344727,0.32578012347221375
19.129926204681396,1.6944659484966493,1.6519798040390015,1.4587777853012085,0.3317616581916809
19.132986783981323,1.696740973304784,1.6546502113342285,1.7739986181259155,0.3450064957141876
19.13607382774353,1.6989871762574114,1.657320499420166,1.4587777853012085,0.3146715462207794
19.139150381088257,1.7011764542700047,1.6603723764419556,1.4396429061889648,0.24203860759735107
19.142221689224243,1.7033121011384516,1.663042664527893,1.3590753078460693,0.34457921981811523
19.145288944244385,1.7053943783985395,1.6657129526138306,1.294621229171753,0.3979858160018921
19.148355722427368,1.7074250523541472,1.6680018901824951,1.4960402250289917,0.3202258348464966
19.151421785354614,1.7094032413485991,1.6706721782684326,1.4285649061203003,0.3334706723690033
19.154489755630493,1.7113298720898709,1.6733424663543701,1.2372167110443115,0.3932860195636749
19.15755605697632,1.713201977556629,1.6756312847137451,1.2825360298156738,0.32150760293006897
19.160622119903564,1.7150197861229042,1.6779202222824097,1.1073014736175537,0.251438170671463
19.16368842124939,1.7167829057665212,1.6805905103683472,1.140535593032837,0.3210803270339966
19.1667582988739,1.7184924975942235,1.6828793287277222,1.4607919454574585,0.382604718208313
19.169837713241577,1.720150884970221,1.6851682662963867,1.3782100677490234,0.2565651834011078
19.172911882400513,1.721749370848363,1.6878385543823242,1.297642469406128,0.3163805603981018
19.17598009109497,1.723287300497927,1.6897459030151367,1.2694437503814697,0.2715190351009369
19.179049730300903,1.7247679334310595,1.6920348405838013,1.1616846323013306,0.35910582542419434
19.1821186542511,1.7261896639200405,1.6943236589431763,1.3218127489089966,0.3646601140499115
19.185185432434082,1.727551383140661,1.6962310075759888,1.1244220733642578,0.3531242907047272
19.18825125694275,1.7288532044328744,1.6985198259353638,1.0368047952651978,0.3638055920600891
19.191318035125732,1.7300954543260083,1.7000458240509033,1.0277409553527832,0.29715418815612793
19.194384813308716,1.7312772573575743,1.7019531726837158,0.8887617588043213,0.3975585699081421
19.197452068328857,1.7323983442677016,1.7038605213165283,1.0206912755966187,0.34030669927597046
19.20051908493042,1.7334580302342302,1.7057678699493408,0.99853515625,0.4291752576828003
19.203585624694824,1.7344558609187415,1.7076753377914429,0.8414282202720642,0.35782405734062195
19.20665216445923,1.7353916354242238,1.7095826864242554,1.0519112348556519,0.48557260632514954
19.209718942642212,1.736265071831325,1.7111085653305054,0.9441519975662231,0.3044174909591675
19.212785482406616,1.7370757100921057,1.7126344442367554,0.73870450258255,0.40653085708618164
19.21585178375244,1.7378232639381679,1.7141603231430054,0.6923781037330627,0.3505607545375824
19.218920946121216,1.738508130176931,1.715686321258545,0.4587319791316986,0.34457921981811523
19.221980810165405,1.739127541565835,1.717212200164795,0.807187020778656,0.27707332372665405
19.225050449371338,1.739685113826944,1.7183566093444824,0.843442440032959,0.30954450368881226
19.228118896484375,1.7401783800642068,1.7198824882507324,0.6752575039863586,0.31338977813720703
19.23118758201599,1.740607416720983,1.72102689743042,0.7014420032501221,0.40781262516975403
19.234272241592407,1.740973752629372,1.72255277633667,0.5876401662826538,0.32620736956596375
19.23734974861145,1.7412742259202263,1.723697304725647,0.6823071837425232,0.3163805603981018
19.240418195724487,1.7415090515485407,1.7248417139053345,0.5262073874473572,0.32535287737846375
19.243484020233154,1.7416790044728643,1.725986123085022,0.6611581444740295,0.40524908900260925
19.24655032157898,1.741784261296873,1.726749062538147,0.4577248692512512,0.2830548584461212
19.249616622924805,1.7418247514889122,1.7278934717178345,0.44966810941696167,0.191622793674469
19.252683401107788,1.7418004512049,1.7286564111709595,0.5413138270378113,0.34158846735954285
19.255749940872192,1.74171136757726,1.7294193506240845,0.43657588958740234,0.21683070063591003
19.258816480636597,1.7415575343061451,1.7301822900772095,0.6037537455558777,0.3206530809402466
19.26188564300537,1.7413387939429805,1.730945348739624,0.4164339601993561,0.30740824341773987
19.264957427978516,1.7410550618210072,1.7313268184661865,0.2653696537017822,0.32193484902381897
19.268038272857666,1.7407054794889882,1.7320897579193115,0.10121309012174606,0.3526970446109772
19.271112203598022,1.7402919219391595,1.7328526973724365,0.32378119230270386,0.4146486520767212
19.274178981781006,1.7398150189566928,1.733234167098999,0.16969558596611023,0.34329748153686523
19.277245044708252,1.7392741939730438,1.7336156368255615,0.2371709793806076,0.32578012347221375
19.280311822891235,1.7386693954689831,1.7336156368255615,0.1918516755104065,0.4146486520767212
19.28337788581848,1.7380011299963294,1.733997106552124,0.26335546374320984,0.3847409784793854
19.286445140838623,1.737269215198239,1.733997106552124,-0.02568093314766884,0.33987945318222046
19.289511680603027,1.7364743631138446,1.7343785762786865,0.304646372795105,0.35910582542419434
19.29257822036743,1.7356167055210974,1.7343785762786865,0.2069581151008606,0.40866711735725403
19.295644283294678,1.7346967087282341,1.7343785762786865,-0.035751886665821075,0.42362096905708313
19.29871129989624,1.733714270561859,1.7343785762786865,-0.04481574892997742,0.3804684579372406
19.301778078079224,1.7326701158701696,1.7343785762786865,0.03373769670724869,0.3202258348464966
19.304851055145264,1.7315622618021604,1.733997106552124,-0.13041886687278748,0.3351796865463257
19.307934522628784,1.730389074062311,1.733997106552124,-0.0800640881061554,0.20016784965991974
19.310978412628174,1.7291708995456383,1.733997106552124,0.051865413784980774,0.21683070063591003
19.31405234336853,1.7278806149347552,1.7336156368255615,-0.1273975670337677,0.1600061058998108
19.31711983680725,1.7265333171225976,1.733234167098999,-0.07603570818901062,0.15060654282569885
19.320186853408813,1.7251270906473781,1.7328526973724365,-0.2683909237384796,0.14590676128864288
19.323254585266113,1.7236619044857497,1.732471227645874,-0.13243305683135986,0.1292439103126526
19.326321363449097,1.7221391065654303,1.7320897579193115,-0.1908445805311203,0.10275425016880035
19.32938838005066,1.7205586908053336,1.731708288192749,-0.23012131452560425,0.11343556642532349
19.332457065582275,1.7189204538778013,1.7305638790130615,-0.5876401662826538,0.1275349110364914
19.335535764694214,1.7172202278520536,1.7301822900772095,-0.3620508015155792,0.03353932872414589
19.33861207962036,1.7154652834512316,1.7294193506240845,-0.4567177891731262,0.10617227107286453
19.341679573059082,1.7136602511525725,1.7286564111709595,-0.4637674391269684,0.0638742670416832
19.344746828079224,1.711800995451849,1.727512001991272,-0.6319524049758911,0.07412832975387573
19.34781312942505,1.7098886717561126,1.726749062538147,-0.6601510643959045,0.08139162510633469
19.35088038444519,1.707922800812587,1.7256046533584595,-0.5090867280960083,0.15658807754516602
19.35394811630249,1.705904381454898,1.724460244178772,-0.6601510643959045,0.07412832975387573
19.35698390007019,1.7038562844295941,1.7233158349990845,-0.5664911866188049,0.08694590628147125
19.360052824020386,1.7017353306994205,1.721789836883545,-0.5745479464530945,0.07797360420227051
19.363118886947632,1.6995664369118637,1.7206454277038574,-0.7044632434844971,0.11215381324291229
19.366185188293457,1.6973482798696506,1.7191195487976074,-0.9038681387901306,0.06942854821681976
19.369259357452393,1.695075972817733,1.71797513961792,-0.7528038620948792,0.06088349595665932
19.372326135635376,1.6927616264932677,1.7160677909851074,-0.880704939365387,0.0792553573846817
19.375393629074097,1.690400138914109,1.7145417928695679,-0.9713435769081116,0.11429007351398468
19.37846088409424,1.687993110401943,1.7130159139633179,-0.7115129232406616,0.1112993061542511
19.381527185440063,1.6855420223979478,1.7114900350570679,-0.845456600189209,0.15359731018543243
19.38459348678589,1.6830470433429694,1.7095826864242554,-1.0398260354995728,0.17837797105312347
19.387659311294556,1.6805094972694772,1.7076753377914429,-1.1284503936767578,0.10531777143478394
19.39072608947754,1.6779291322994598,1.7057678699493408,-1.294621229171753,0.18393224477767944
19.393792867660522,1.6753076892024166,1.7042419910430908,-1.2644083499908447,0.17837797105312347
19.396859407424927,1.6726463497372805,1.7019531726837158,-1.1697413921356201,0.09762722253799438
19.39992642402649,1.6699454767601825,1.7000458240509033,-1.0942091941833496,0.1903410404920578
19.402980089187622,1.667218488592062,1.6977568864822388,-1.1012588739395142,0.13864347338676453
19.406058073043823,1.664432560647223,1.6958495378494263,-0.9683222770690918,0.1753872036933899
19.4091317653656,1.6616142614383826,1.6935607194900513,-1.1203936338424683,0.1412069946527481
19.41219973564148,1.6587661276544474,1.6916533708572388,-1.2130464315414429,0.0963454619050026
19.415266036987305,1.6558855812094841,1.6893644332885742,-1.1727626323699951,0.05362020432949066
19.418333768844604,1.652970784674388,1.6870756149291992,-1.451728105545044,0.04934767633676529
19.421401500701904,1.650024156962505,1.6847867965698242,-1.312748908996582,0.09890898317098618
19.424468278884888,1.6470477230454106,1.6824978590011597,-1.223117470741272,0.06216525658965111
19.42753505706787,1.6440416769010264,1.6798275709152222,-1.450721025466919,0.11770809441804886
19.430603504180908,1.6410054756972468,1.6779202222824097,-1.1616846323013306,0.14932478964328766
19.433680772781372,1.6379330299297603,1.6752498149871826,-1.3560540676116943,0.1890592873096466
19.436760187149048,1.6348320066133102,1.6725795269012451,-1.4255435466766357,0.251438170671463
19.43983292579651,1.6317125034330373,1.6699092388153076,-1.624948501586914,0.12027160823345184
19.44290518760681,1.6285694783714648,1.667620301246643,-1.2382237911224365,0.05874723568558693
19.44598388671875,1.625396963842739,1.664568543434143,-1.4064087867736816,0.14035248756408691
19.449066162109375,1.6221989850256888,1.6618982553482056,-1.6380407810211182,0.1437705010175705
19.45213794708252,1.6189914013352236,1.6592278480529785,-1.4879834651947021,0.18051423132419586
19.455204486846924,1.615770085378004,1.656557559967041,-1.558480143547058,0.048493172973394394
19.45827054977417,1.6125312780460246,1.6538872718811035,-1.5061112642288208,0.13778896629810333
19.461337089538574,1.60927517430903,1.6512168645858765,-1.469855785369873,0.05575646460056305
19.464404106140137,1.606002975379808,1.6481651067733765,-1.6048065423965454,0.11429007351398468
19.467469930648804,1.602717681480368,1.6451133489608765,-1.4215152263641357,0.13736172020435333
19.470536708831787,1.5994182147983638,1.6424429416656494,-1.4769054651260376,0.12326237559318542
19.47360324859619,1.5961070780260758,1.6393911838531494,-1.8052185773849487,0.10489051789045334
19.47666907310486,1.5927860202983617,1.6363393068313599,-1.5010757446289062,0.14633402228355408
19.479735851287842,1.589454465598759,1.6336690187454224,-1.4889906644821167,0.17837797105312347
19.482802152633667,1.5861152022236022,1.6306172609329224,-1.5333027839660645,0.1279621571302414
19.4858717918396,1.5827653063568832,1.6275653839111328,-1.4648202657699585,0.06643778085708618
19.488941192626953,1.5794099156598436,1.6241321563720703,-1.7457998991012573,0.11300831288099289
19.49198007583618,1.5760834421009682,1.6210802793502808,-1.8062256574630737,0.21255818009376526
19.495052099227905,1.572717439016386,1.6184099912643433,-1.551430583000183,0.08438239246606827
19.498121738433838,1.5693520291289793,1.6149767637252808,-1.5695582628250122,0.10489051789045334
19.50118851661682,1.565988990448346,1.6123063564300537,-1.5131609439849854,0.08139162510633469
19.504258155822754,1.5626232993425224,1.6088731288909912,-1.78306245803833,0.14505226910114288
19.50733470916748,1.5592517708702274,1.6054397821426392,-1.7176012992858887,0.15402457118034363
19.510406970977783,1.5558879429562795,1.6020065546035767,-1.8666514158248901,0.10916304588317871
19.513473749160767,1.5525343564372358,1.5989547967910767,-1.77903413772583,0.14761577546596527
19.516540050506592,1.549186769468265,1.595902919769287,-1.696452260017395,0.07541008293628693
19.519606590270996,1.5458456433153946,1.5924696922302246,-1.7921262979507446,0.13180743157863617
19.5226731300354,1.5425124788250126,1.589417815208435,-1.8173037767410278,0.07455558329820633
19.52574062347412,1.539187481195896,1.5859845876693726,-1.7699702978134155,0.16897840797901154
19.528806686401367,1.5358744665357227,1.5829328298568726,-1.7035019397735596,-0.004486152436584234
19.53187584877014,1.5325697805328897,1.579880952835083,-1.5987640619277954,0.051483940333127975
19.534960508346558,1.529261420248043,1.5764477252960205,-1.8666514158248901,0.056183718144893646
19.538045644760132,1.5259668374854365,1.5730143785476685,-1.8626229763031006,0.1600061058998108
19.54111623764038,1.5227032019561586,1.5699626207351685,-1.9482260942459106,0.17923247814178467
19.54418420791626,1.5194589289324976,1.5669108629226685,-1.5645227432250977,0.09762722253799438
19.547250986099243,1.5162336797755178,1.5634775161743164,-1.7085374593734741,0.10617227107286453
19.550318002700806,1.5130271395918709,1.560044288635254,-1.762920618057251,0.13351644575595856
19.553385496139526,1.509840256793187,1.5569924116134644,-1.8303959369659424,0.11429007351398468
19.55645251274109,1.5066752055765427,1.5535591840744019,-1.6511329412460327,0.09378194808959961
19.559518814086914,1.5035333944309894,1.5505073070526123,-1.608834981918335,0.08480964601039886
19.56258511543274,1.5004152488596458,1.5470740795135498,-1.698466420173645,0.14547951519489288
19.565651178359985,1.4973221657576894,1.5440223217010498,-1.8575875759124756,0.1112993061542511
19.56871771812439,1.4942545747074347,1.5405889749526978,-1.940169334411621,0.12198062241077423
19.571784496307373,1.4912138621825155,1.5375372171401978,-1.8414740562438965,0.09250018745660782
19.574851036071777,1.4882016297574963,1.5341038703918457,-1.6199129819869995,0.095490962266922
19.57792043685913,1.485215989296606,1.5310521125793457,-1.692423939704895,0.13180743157863617
19.58098006248474,1.4822702365207807,1.5276188850402832,-1.7931334972381592,0.10232700407505035
19.584049224853516,1.479346870744623,1.5245670080184937,-1.677317500114441,0.08438239246606827
19.58711576461792,1.4764586646684987,1.5211337804794312,-1.6571755409240723,0.0950637087225914
19.590184688568115,1.4736019728860315,1.5180819034576416,-1.6027923822402954,0.09719996899366379
19.593251943588257,1.4707816408267727,1.5150301456451416,-1.679331660270691,0.08780041337013245
19.59631896018982,1.4679973682015182,1.5119783878326416,-1.683359980583191,0.07284656912088394
19.5993869304657,1.4652491198968105,1.508926510810852,-1.6672464609146118,0.09890898317098618
19.602455615997314,1.4625381611044095,1.505874752998352,-1.60782790184021,0.07113756239414215
19.60553216934204,1.4598593447958492,1.5028228759765625,-1.7931334972381592,0.13138018548488617
19.60860776901245,1.4572214833766104,1.500152587890625,-1.6501258611679077,0.09890898317098618
19.61173725128174,1.4545796040027938,1.497100830078125,-1.3359121084213257,0.07541008293628693
19.614808559417725,1.4520291986717757,1.4940489530563354,-1.7931334972381592,0.08523689955472946
19.617878437042236,1.4495228734520202,1.4909971952438354,-1.3248341083526611,0.07028305530548096
19.620946168899536,1.447062068773634,1.487945318222046,-1.6007782220840454,0.09805447608232498
19.62398076057434,1.4446717911829743,1.4852750301361084,-1.6692607402801514,0.0946364551782608
19.627050638198853,1.4422990805126383,1.4822232723236084,-1.4426642656326294,0.0784008577466011
19.630117893218994,1.439974839391164,1.4795528650283813,-1.542366623878479,0.05917448550462723
19.63319206237793,1.4376928058354275,1.4765011072158813,-1.552437663078308,0.10232700407505035
19.636271476745605,1.4354553538906534,1.4738308191299438,-1.5051041841506958,0.05874723568558693
19.639348030090332,1.43326926540175,1.4711604118347168,-1.4577707052230835,0.16598764061927795
19.64241623878479,1.4311389809238404,1.4684901237487793,-1.4043946266174316,0.1903410404920578
19.645482778549194,1.4290604130699534,1.4658198356628418,-1.5645227432250977,0.09719996899366379
19.648549556732178,1.4270330055022349,1.4631494283676147,-1.5071183443069458,0.07711909711360931
19.65161633491516,1.4250576745534693,1.4604791402816772,-1.5181963443756104,0.09890898317098618
19.654683828353882,1.4231347114722765,1.4581903219223022,-1.2352025508880615,0.07583733648061752
19.65774965286255,1.4212662997743082,1.4555199146270752,-1.3600823879241943,0.14975203573703766
19.660815715789795,1.419451933129051,1.4532310962677002,-1.4849622249603271,0.14633402228355408
19.66388440132141,1.4176909509209652,1.4505608081817627,-1.5061112642288208,0.10104524344205856
19.666956424713135,1.4159837585907418,1.4482718706130981,-1.2533302307128906,0.11429007351398468
19.66998052597046,1.414358253723415,1.4459830522537231,-1.1234149932861328,0.06686503440141678
19.673046588897705,1.4127665642493548,1.4436942338943481,-1.3067063093185425,0.07028305530548096
19.67611312866211,1.4112319874632189,1.4417868852615356,-1.1999542713165283,0.08352788537740707
19.679179668426514,1.40975534501731,1.439497947692871,-1.2734721899032593,0.033966582268476486
19.68224573135376,1.408337401031722,1.4375905990600586,-1.0962233543395996,0.0472114123404026
19.685312509536743,1.4069781374986425,1.4353017807006836,-1.1808193922042847,0.1117265596985817
19.688379526138306,1.4056782979999662,1.4333943128585815,-1.1908903121948242,0.09933622926473618
19.69144606590271,1.4044386612690776,1.431486964225769,-0.9773861169815063,0.10104524344205856
19.694512605667114,1.4032594807674337,1.4295796155929565,-0.9441519975662231,0.16385138034820557
19.697579860687256,1.40214094054367,1.427672266960144,-0.9159532785415649,0.12069886177778244
19.70064663887024,1.401083897701053,1.425764799118042,-1.0086060762405396,0.06558327376842499
19.703715801239014,1.4000878163818746,1.4238574504852295,-0.9854428768157959,0.095490962266922
19.7067928314209,1.399151598807394,1.421950101852417,-1.016662836074829,0.10061798989772797
19.709867238998413,1.3982789454936368,1.420424222946167,-0.723598062992096,0.0788281038403511
19.712942838668823,1.3974690558000897,1.418898344039917,-0.7930876612663269,0.02072175219655037
19.715980768203735,1.3967313408191193,1.4173723459243774,-0.9783931970596313,0.08651865273714066
19.71905207633972,1.3960486906792138,1.415464997291565,-0.722590982913971,0.17837797105312347
19.7221200466156,1.3954304471227266,1.4143205881118774,-0.618860125541687,0.12368962913751602
19.725186824798584,1.3948762664371426,1.4127947092056274,-0.6490730047225952,0.1570153385400772
19.72825336456299,1.394386137398532,1.4112688302993774,-0.5866330862045288,0.09121843427419662
19.731322288513184,1.3939598902435735,1.4101243019104004,-0.5916685461997986,0.16385138034820557
19.734400510787964,1.3935970913216091,1.408979892730713,-0.5503776669502258,0.07327382266521454
19.73747754096985,1.3932993683187072,1.4078354835510254,-0.5715266466140747,0.045075152069330215
19.74054789543152,1.393067113822227,1.406691074371338,-0.5030441880226135,0.049774929881095886
19.743614196777344,1.3928998762613767,1.405928134918213,-0.5231860876083374,0.05233844369649887
19.74668002128601,1.3927973793174735,1.4047837257385254,-0.44966810941696167,0.0788281038403511
19.749747276306152,1.3927596274884313,1.4040207862854004,-0.5624628067016602,0.0942092016339302
19.752814054489136,1.392786688482071,1.402876377105713,-0.6430304646492004,0.08053711801767349
19.75588321685791,1.3928786379508482,1.4021133184432983,-0.5100938677787781,0.14932478964328766
19.75895357131958,1.3930355193728645,1.4013503789901733,-0.45369648933410645,0.051483940333127975
19.76198124885559,1.393253725166098,1.4005874395370483,-0.32680246233940125,0.08737315982580185
19.765050172805786,1.393539177283147,1.4002059698104858,-0.12941177189350128,0.14932478964328766
19.768116235733032,1.3938888757967138,1.3994430303573608,-0.32780957221984863,0.10574502497911453
19.771183252334595,1.3943030657062863,1.3986800909042358,-0.3368734121322632,0.13693445920944214
19.774250030517578,1.3947814547751316,1.3982986211776733,-0.19588007032871246,0.16812390089035034
19.77731728553772,1.3953239843912062,1.3979171514511108,-0.29054704308509827,0.17965972423553467
19.780383825302124,1.3959302348297886,1.3975356817245483,-0.21501487493515015,0.18478675186634064
19.783450603485107,1.3966001546317726,1.3971542119979858,-0.043808650225400925,0.17752346396446228
19.786518335342407,1.3973336882700715,1.3967727422714233,-0.11229114234447479,0.16171512007713318
19.789584636688232,1.3981299786141674,1.3967727422714233,-0.054886702448129654,0.1766689568758011
19.7926504611969,1.398988918938391,1.3967727422714233,-0.014602883718907833,0.1570153385400772
19.795717239379883,1.399910605754682,1.3967727422714233,-0.11229114234447479,0.19504082202911377
19.798783540725708,1.4008942816310026,1.3967727422714233,-0.07804989814758301,0.2390478402376175
19.801850080490112,1.4019398035921737,1.3967727422714233,-0.009567406959831715,0.21213091909885406
19.80492377281189,1.4030493626776834,1.3967727422714233,0.08207827806472778,0.24673838913440704
19.8079833984375,1.4042146814008722,1.3971542119979858,-0.0005035477224737406,0.26254671812057495
19.811059951782227,1.405447214315037,1.3971542119979858,0.13545434176921844,0.29715418815612793
19.814128637313843,1.4067368386744425,1.3975356817245483,0.11833371222019196,0.2681010067462921
19.817195653915405,1.4080853995835143,1.3979171514511108,0.3852140009403229,0.33731594681739807
19.820263385772705,1.409493416462275,1.3982986211776733,0.28047609329223633,0.38901349902153015
19.823331356048584,1.4109601748929945,1.3986800909042358,0.24321354925632477,0.3667963743209839
19.82640027999878,1.4124855056957193,1.3990615606307983,0.12236209958791733,0.2681010067462921
19.8294677734375,1.4140676437420505,1.3998245000839233,0.42348363995552063,0.3027084767818451
19.83254075050354,1.4157096795042725,1.4005874395370483,0.45268940925598145,0.2540016770362854
19.835627555847168,1.4174159939962034,1.4013503789901733,0.46477454900741577,0.34372472763061523
19.838704586029053,1.4191730146278907,1.4021133184432983,0.6087892055511475,0.4099488854408264
19.841774940490723,1.4209814070213447,1.4032578468322754,0.5513847470283508,0.2736552953720093
19.84484338760376,1.4228430757027268,1.4040207862854004,0.6017395257949829,0.31168079376220703
19.84791588783264,1.4247610002569056,1.405165195465088,0.4939803183078766,0.34116122126579285
19.85098123550415,1.4267273930927218,1.4063096046447754,0.6138246655464172,0.32449835538864136
19.854052305221558,1.4287497436069798,1.407454013824463,0.7517967224121094,0.28049135208129883
19.857118844985962,1.430820580648261,1.4085984230041504,0.6037537455558777,0.31210803985595703
19.860185146331787,1.4329419132567758,1.4101243019104004,0.5745479464530945,0.3044174909591675
19.863251209259033,1.435112942328569,1.4112688302993774,0.8162508606910706,0.2702372670173645
19.866317987442017,1.4373335487098,1.4127947092056274,0.8605630397796631,0.32877087593078613
19.869384765625,1.4396024072408777,1.4143205881118774,0.8525062799453735,0.27963683009147644
19.87245202064514,1.4419190393079222,1.415464997291565,0.773952841758728,0.2381933331489563
19.875518798828125,1.4442818645055056,1.4173723459243774,0.809201180934906,0.3031357228755951
19.87858486175537,1.4466897950435134,1.418898344039917,1.0599679946899414,0.3608148396015167
19.88165831565857,1.4491484487186446,1.420424222946167,0.6933852434158325,0.34757000207901
19.884724855422974,1.4516454800594967,1.4223315715789795,1.0398260354995728,0.2886091470718384
19.887791395187378,1.4541854430246268,1.424238920211792,1.1707484722137451,0.3979858160018921
19.890857696533203,1.4567671923525911,1.425764799118042,1.0750744342803955,0.39029526710510254
19.893924236297607,1.4593901710922075,1.427672266960144,1.074067234992981,0.3338979184627533
19.896980047225952,1.462043820603081,1.429961085319519,1.1244220733642578,0.34457921981811523
19.900049448013306,1.4647483277335778,1.4318684339523315,1.2664225101470947,0.32620736956596375
19.903119564056396,1.4674916168550667,1.4333943128585815,1.1475852727890015,0.35611504316329956
19.906203269958496,1.4702844300596305,1.435683250427246,1.154634952545166,0.3958495557308197
19.909276962280273,1.4731044148191947,1.437972068786621,1.0760815143585205,0.3531242907047272
19.912349224090576,1.475958191500182,1.4398794174194336,1.0398260354995728,0.3168078064918518
19.91541886329651,1.4788435214803082,1.4421683549880981,1.1868619918823242,0.31253528594970703
19.918488264083862,1.481761524843144,1.4444571733474731,1.1818264722824097,0.3347524106502533
19.921555280685425,1.4847090357548627,1.4467459917068481,1.1133440732955933,0.2860456109046936
19.92462182044983,1.4876867482778655,1.4494163990020752,1.1989470720291138,0.21896696090698242
19.927688360214233,1.490694012811682,1.4517052173614502,1.3338979482650757,0.22836652398109436
19.93075728416443,1.4937320839478492,1.4543755054473877,1.3308765888214111,0.3052719831466675
19.93382430076599,1.4967955919302827,1.4566643238067627,1.4215152263641357,0.37277790904045105
19.936897039413452,1.49989106667604,1.4589532613754272,1.2855573892593384,0.2736552953720093
19.939981698989868,1.503023818089908,1.4616235494613647,1.4295719861984253,0.34714275598526
19.943061113357544,1.506175322849641,1.4646753072738647,1.5494163036346436,0.3159533143043518
19.946131706237793,1.5093405819119756,1.4669642448425293,1.3570611476898193,0.2847638726234436
19.949198722839355,1.5125236875842307,1.4696345329284668,1.381231427192688,0.3018539845943451
19.952265977859497,1.515727381148107,1.4726864099502563,1.4648202657699585,0.30997177958488464
19.955332040786743,1.5189489699901824,1.4753566980361938,1.4607919454574585,0.32535287737846375
19.95839834213257,1.5221887523501128,1.4780269861221313,1.3711605072021484,0.24887464940547943
19.961464881896973,1.525445529754384,1.4806973934173584,1.385259747505188,0.25998321175575256
19.964531183242798,1.5287175869734508,1.4837491512298584,1.5494163036346436,0.24374762177467346
19.967596769332886,1.5320031939174872,1.486419439315796,1.455756425857544,0.22665750980377197
19.97066330909729,1.5353029212186966,1.4894713163375854,1.6622110605239868,0.24802014231681824
19.973730087280273,1.5386147818627376,1.4925230741500854,1.6037994623184204,0.38602274656295776
19.976796627044678,1.5419370314585417,1.495193362236023,1.6561684608459473,0.287327378988266
19.97986602783203,1.545271806099522,1.4982452392578125,1.454749345779419,0.34201571345329285
19.982935190200806,1.548614510735304,1.5012969970703125,1.6541543006896973,0.382177472114563
19.98597764968872,1.5519349913899703,1.504348874092102,1.6501258611679077,0.29715418815612793
19.989044189453125,1.5552874282728806,1.507400631904602,1.7457998991012573,0.2984359562397003
19.992109775543213,1.5586432772047765,1.510452389717102,1.7236438989639282,0.2369115799665451
19.995176553726196,1.5620036416077352,1.5135042667388916,1.5222247838974,0.23050278425216675
19.99824595451355,1.56536884547133,1.5165560245513916,1.7518424987792969,0.32150760293006897
