time,command(rad),position(rad),velocity(rad/s),torque
1.1920928955078125e-06,1.5672949472015172,1.5642404556274414,0.038773175328969955,0.29416343569755554
0.0031909942626953125,1.5742890907876155,1.5642404556274414,-0.018631266430020332,0.3967040479183197
0.006398439407348633,1.5813105645685879,1.564621925354004,0.21501487493515015,0.3159533143043518
0.009521007537841797,1.5881244544131496,1.564621925354004,0.22911421954631805,0.60904860496521
0.012622833251953125,1.5948613514668328,1.565384864807129,0.1898374855518341,0.5564965009689331
0.015694379806518555,1.6014912473667797,1.566147804260254,0.43959715962409973,0.6423742771148682
0.018761396408081055,1.6080605389620508,1.567292332649231,0.618860125541687,0.9158159494400024
0.02182769775390625,1.6145677696810012,1.5691996812820435,1.0025634765625,0.8162661194801331
0.024896860122680664,1.621010787867311,1.571107029914856,1.3570611476898193,0.8470283150672913
0.027973413467407227,1.6273891285104232,1.5737773180007935,1.6138705015182495,0.8337834477424622
0.03104257583618164,1.6336626626522142,1.5764477252960205,1.6682536602020264,0.731242835521698
0.03410935401916504,1.6398327265764752,1.5794994831085205,1.837445616722107,0.7850766777992249
0.03717637062072754,1.645895533839498,1.5829328298568726,1.9804531335830688,0.7209888100624084
0.04024457931518555,1.6518438833350952,1.5867475271224976,2.054978370666504,0.5338521599769592
0.04331350326538086,1.6576678974422516,1.590562343597412,2.108354330062866,0.44028380513191223
0.04638338088989258,1.663359260961307,1.5947585105895996,2.5957884788513184,0.6355382800102234
0.04945254325866699,1.6689063997848692,1.5989547967910767,2.38832688331604,0.5312886238098145
0.052530527114868164,1.6743176893343141,1.6031509637832642,2.369192123413086,0.5137712955474854
0.055606842041015625,1.6795660787724653,1.6077287197113037,2.409475803375244,0.42319372296333313
0.05867767333984375,1.684637799061217,1.6123063564300537,2.4507668018341064,0.3855954706668854
0.06174635887145996,1.6895314396649825,1.6168841123580933,2.553490400314331,0.38901349902153015
0.06481432914733887,1.6942422510472386,1.6218433380126953,2.5897459983825684,0.4454108476638794
0.06788492202758789,1.6987681764149876,1.6264209747314453,2.805264472961426,0.4966811537742615
0.0709526538848877,1.703094430748563,1.6309987306594849,2.6421148777008057,0.4449836015701294
0.07402300834655762,1.7072223294637359,1.6355763673782349,2.56356143951416,0.35696956515312195
0.07710075378417969,1.7111511245028606,1.640535593032837,2.3430075645446777,0.37320515513420105
0.08017253875732422,1.7148577762667707,1.6451133489608765,2.715632915496826,0.4270389974117279
0.08324313163757324,1.7183432653600117,1.6496909856796265,2.708583116531372,0.4731822609901428
0.08632564544677734,1.7216160973392853,1.6546502113342285,2.513206720352173,0.3808957040309906
0.08938026428222656,1.7246309287180401,1.658846378326416,2.363149404525757,0.2736552953720093
0.09244823455810547,1.727425608283097,1.6634241342544556,2.203021287918091,0.4261844754219055
0.09551739692687988,1.7299832493940903,1.6680018901824951,2.518242120742798,0.3356069326400757
0.09859609603881836,1.7323057310160983,1.6725795269012451,2.3510642051696777,0.22623026371002197
0.1016700267791748,1.7343782347896837,1.6767758131027222,2.2604258060455322,0.21512168645858765
0.1047372817993164,1.7361977675780147,1.6805905103683472,2.1778438091278076,0.2236667424440384
0.1078038215637207,1.7377660589897017,1.6844053268432617,2.072098970413208,0.2228122353553772
0.11087298393249512,1.7390822496608627,1.6882200241088867,2.202014207839966,0.21811245381832123
0.11394929885864258,1.7401451052011094,1.6920348405838013,2.0247654914855957,0.2057221382856369
0.11701846122741699,1.7409481030462421,1.6954680681228638,1.8011902570724487,0.20401312410831451
0.12008547782897949,1.7414925280791995,1.6989012956619263,1.7921262979507446,0.2689555287361145
0.12315177917480469,1.7417781866457993,1.7019531726837158,1.7216296195983887,0.24417486786842346
0.1262216567993164,1.741804691509033,1.7046234607696533,1.298649549484253,0.24161134660243988
0.12929821014404297,1.7415707291230913,1.7072938680648804,1.295628309249878,0.2364843189716339
0.1323692798614502,1.7410774210827797,1.7099641561508179,1.4758983850479126,0.20914015173912048
0.1354529857635498,1.7403216891721747,1.7122529745101929,1.239230990409851,0.19760432839393616
0.13852262496948242,1.739311382222958,1.7145417928695679,1.1355000734329224,0.17837797105312347
0.14159178733825684,1.7380453641749818,1.71644926071167,0.9109178185462952,0.15402457118034363
0.14465832710266113,1.736526787649961,1.7183566093444824,0.8655985593795776,0.14804303646087646
0.14772534370422363,1.7347566399532792,1.7198824882507324,0.9058823585510254,0.15146104991436005
0.15079331398010254,1.7327371005216277,1.72102689743042,0.6440375447273254,0.1412069946527481
0.1538701057434082,1.7304648169604384,1.7221713066101074,0.530235767364502,0.15658807754516602
0.15694427490234375,1.7279508826745644,1.722934365272522,0.5735408663749695,0.16684214770793915
0.16001081466674805,1.725204344305415,1.723697304725647,0.18480201065540314,0.12326237559318542
0.16307783126831055,1.7222228592145221,1.7240787744522095,0.09013504534959793,0.13607995212078094
0.16614437103271484,1.719011781226285,1.7240787744522095,-0.047837033867836,0.08523689955472946
0.16921043395996094,1.7155759842694085,1.7240787744522095,0.04280155524611473,0.11642633378505707
0.17227864265441895,1.7119174522403733,1.723697304725647,-0.14955367147922516,0.06558327376842499
0.1753532886505127,1.7080356005612807,1.723697304725647,-0.10725566744804382,0.00961318425834179
0.17844700813293457,1.7039176421790097,1.722934365272522,-0.07704280316829681,-0.07113756239414215
0.1815190315246582,1.6996242442354692,1.7221713066101074,-0.4899519383907318,-0.10489051789045334
0.18459558486938477,1.6951268946980507,1.7214083671569824,-0.4305332899093628,-0.12027160823345184
0.1876673698425293,1.6904459078465752,1.720263957977295,-0.6319524049758911,-0.22922103106975555
0.1907336711883545,1.6855902816544615,1.718738079071045,-0.8394140601158142,-0.2061493843793869
0.1938011646270752,1.6805570467063737,1.717212200164795,-1.0448615550994873,-0.20144960284233093
0.1968679428100586,1.6753567654235173,1.7153048515319824,-1.0760815143585205,-0.22879377007484436
0.1999361515045166,1.6699934701229637,1.7130159139633179,-1.3026779890060425,-0.2052948772907257
0.2030031681060791,1.6644796915492142,1.7103456258773804,-1.4869763851165771,-0.13821622729301453
0.20607209205627441,1.6588180039820324,1.7076753377914429,-1.4758983850479126,-0.10959029197692871
0.20914840698242188,1.6530060888468203,1.7050049304962158,-1.626962661743164,-0.1570153385400772
0.2122180461883545,1.6470791170758272,1.7015717029571533,-1.623941421508789,-0.11941710859537125
0.2152855396270752,1.641037705104794,1.6981383562088013,-2.0046234130859375,-0.12198062241077423
0.2183544635772705,1.634883836477796,1.6943236589431763,-2.1486382484436035,-0.17923247814178467
0.22138571739196777,1.6287067958130002,1.6908903121948242,-1.904921054840088,-0.13736172020435333
0.22446298599243164,1.622344893760231,1.6866941452026367,-2.1838865280151367,-0.16855116188526154
0.22753572463989258,1.6159102197887465,1.6828793287277222,-2.234241247177124,-0.05831998214125633
0.23061227798461914,1.6093949472300637,1.6783016920089722,-2.232227087020874,-0.01345845777541399
0.23368453979492188,1.6028259678185173,1.6741054058074951,-2.059006690979004,0.004486152436584234
0.2367546558380127,1.5962086727549307,1.6691462993621826,-2.531334400177002,0.0019226367585361004
0.239821195602417,1.5895561225939954,1.6641870737075806,-2.8959028720855713,0.0061951628886163235
0.24288725852966309,1.5828715571674838,1.659609317779541,-2.878782272338867,-0.07327382266521454
0.24595403671264648,1.5761623004511676,1.6546502113342285,-2.818356513977051,-0.05233844369649887
0.2490227222442627,1.5694356887360972,1.649309515953064,-2.871732711791992,-0.09036392718553543
0.25210046768188477,1.5626860264406024,1.644350290298462,-2.7841153144836426,-0.024139773100614548
0.25517702102661133,1.5559458626031213,1.6386282444000244,-2.9190661907196045,-0.00021362630650401115
0.25824952125549316,1.5492314977415762,1.6332875490188599,-3.0902724266052246,0.007049668114632368
0.2613189220428467,1.5425507828156209,1.6275653839111328,-2.9261157512664795,-0.03781185671687126
0.26438093185424805,1.535922818419429,1.6218433380126953,-3.129549026489258,-0.08224612474441528
0.26744723320007324,1.5293321063538183,1.6161211729049683,-3.0781872272491455,-0.024567024782299995
0.27051305770874023,1.5227987595158188,1.6103990077972412,-3.2544288635253906,0.01730373129248619
0.27357983589172363,1.5163294447077704,1.6042953729629517,-3.3571527004241943,0.06515602022409439
0.27664875984191895,1.5099313657418578,1.5981918573379517,-3.127534866333008,0.10104524344205856
0.2797262668609619,1.5036010609342394,1.592088222503662,-3.0832226276397705,0.09976348280906677
0.28280138969421387,1.4973707925457878,1.5859845876693726,-3.0932936668395996,0.022858014330267906
0.2858855724334717,1.4912270397395966,1.579880952835083,-3.279606342315674,0.027557794004678726
0.2889580726623535,1.4852201426671132,1.5737773180007935,-3.2634928226470947,0.1433432549238205
0.2920255661010742,1.4793450640584724,1.567292332649231,-3.43369197845459,0.16598764061927795
0.2950918674468994,1.4736028552526392,1.561570167541504,-3.314854621887207,0.06771954149007797
0.29816293716430664,1.4679911327374164,1.5554665327072144,-3.274570941925049,0.08267337828874588
0.3012406826019287,1.4625155769208982,1.5493628978729248,-3.131563186645508,0.07156481593847275
0.3043196201324463,1.4571947020880833,1.5428777933120728,-3.2564430236816406,0.1420614868402481
0.30738067626953125,1.4520680767443417,1.5367742776870728,-3.182925224304199,0.17154192924499512
0.31044626235961914,1.447104718790062,1.5310521125793457,-3.136598825454712,0.21811245381832123
0.31351232528686523,1.442318972437075,1.5249484777450562,-3.2544288635253906,0.2681010067462921
0.31657958030700684,1.4377169751773626,1.519226312637329,-3.175875425338745,0.10360875725746155
0.31964564323425293,1.4333091345595836,1.5135042667388916,-3.0469672679901123,0.16598764061927795
0.322711706161499,1.429100168152585,1.5077821016311646,-3.0731518268585205,0.20016784965991974
0.32578015327453613,1.42509329138443,1.5020599365234375,-2.7891509532928467,0.3022812306880951
0.3288562297821045,1.4212886432620215,1.496337890625,-2.963378429412842,0.2228122353553772
0.3319284915924072,1.417706439698243,1.4909971952438354,-2.882810592651367,0.191195547580719
0.3350059986114502,1.4143416266868174,1.485656499862671,-2.833462953567505,0.20358586311340332
0.33807849884033203,1.4112104532495369,1.4806973934173584,-2.5917601585388184,0.1600061058998108
0.34114503860473633,1.4083173241980607,1.4753566980361938,-2.863675832748413,0.21896696090698242
0.3442108631134033,1.40566083056236,1.4703974723815918,-2.6058595180511475,0.3304798901081085
0.3472769260406494,1.403244034309493,1.4658198356628418,-2.523277521133423,0.29288166761398315
0.3503451347351074,1.401069303629064,1.4608606100082397,-2.6441290378570557,0.2228122353553772
0.353381872177124,1.3991601551386115,1.4566643238067627,-2.6048524379730225,0.3159533143043518
0.35645151138305664,1.3974791358723788,1.4520866870880127,-2.2956740856170654,0.28220033645629883
0.35951781272888184,1.396052177514425,1.4478904008865356,-2.232227087020874,0.29501792788505554
0.36258411407470703,1.3948794342151434,1.4440757036209106,-2.0046234130859375,0.23221179842948914
0.36565065383911133,1.3939625856790254,1.440260887145996,-2.0257725715637207,0.35910582542419434
0.3687174320220947,1.3933030530815818,1.4368276596069336,-1.8726940155029297,0.23050278425216675
0.371783971786499,1.3929019182206046,1.4333943128585815,-1.8042114973068237,0.3625238537788391
0.37485265731811523,1.3927597066239832,1.4303425550460815,-1.6581826210021973,0.3676508665084839
0.3779308795928955,1.3928777699037327,1.4272907972335815,-1.4889906644821167,0.3356069326400757
0.3809802532196045,1.3932520158874193,1.424238920211792,-1.4094300270080566,0.2663919925689697
0.3840479850769043,1.3938863529903678,1.4215686321258545,-1.310734748840332,0.4142214059829712
0.3871159553527832,1.3947784399624492,1.4192798137664795,-1.4980545043945312,0.3009994626045227
0.3901824951171875,1.3959263167568297,1.416990876197815,-1.1969329118728638,0.2672465145587921
0.39325428009033203,1.397331250473707,1.4150835275650024,-1.1224079132080078,0.2847638726234436
0.39632606506347656,1.398989403553239,1.4135576486587524,-0.9824215769767761,0.28006407618522644
0.399383544921875,1.400888839026458,1.4120317697525024,-0.7598535418510437,0.34201571345329285
0.4024496078491211,1.403040254594971,1.410887360572815,-0.5372854471206665,0.3027084767818451
0.4055159091949463,1.4054356687826188,1.409742832183838,-0.4889448285102844,0.27878233790397644
0.4085824489593506,1.4080715819208476,1.408979892730713,-0.546349287033081,0.3048447370529175
0.4116513729095459,1.410946227505044,1.4085984230041504,-0.035751886665821075,0.3347524106502533
0.4147200584411621,1.4140531239997904,1.408216953277588,-0.24422064423561096,0.3210803270339966
0.4177870750427246,1.4173859913922349,1.408216953277588,0.03978027030825615,0.2728008031845093
0.4208531379699707,1.420940366854454,1.408216953277588,-0.018631266430020332,0.2659647464752197
0.4239223003387451,1.4247158964777529,1.4085984230041504,0.11631952226161957,0.30740824341773987
0.4270007610321045,1.4287158805141043,1.408979892730713,0.29356831312179565,0.30698099732398987
0.43007707595825195,1.4329202198346362,1.409742832183838,0.33989471197128296,0.42319372296333313
0.4331495761871338,1.4373197624132918,1.410887360572815,0.6269168853759766,0.3791866898536682
0.4362180233001709,1.4419068530796892,1.4120317697525024,0.65108722448349,0.45139238238334656
0.4392871856689453,1.4466814795806855,1.41317617893219,0.931059718132019,0.45267415046691895
0.4423637390136719,1.4516476341090097,1.4150835275650024,0.9501945376396179,0.4475471079349518
0.44544243812561035,1.456790261854647,1.416990876197815,1.0418401956558228,0.48557260632514954
0.44850945472717285,1.4620778202857718,1.418898344039917,1.085145354270935,0.537270188331604
0.45157837867736816,1.4675250805098896,1.421187162399292,1.3772029876708984,0.5261616110801697
0.4546549320220947,1.4731347927329947,1.4238574504852295,1.3913023471832275,0.5564965009689331
0.45772433280944824,1.4788716974050007,1.426909327507019,1.5866788625717163,0.4466926157474518
0.46079087257385254,1.4847346040671132,1.4295796155929565,1.6420691013336182,0.539406418800354
0.46385765075683594,1.490720560995877,1.433012843132019,1.784069538116455,0.4727550148963928
0.46692514419555664,1.4968216632885136,1.4360647201538086,1.7588921785354614,0.5705958604812622
0.46999144554138184,1.5030250335109845,1.4398794174194336,1.8636301755905151,0.4902723729610443
0.47305750846862793,1.509323318709413,1.4436942338943481,2.100297451019287,0.503517210483551
0.47612667083740234,1.5157141427709007,1.4475089311599731,2.1486382484436035,0.382604718208313
0.4792046546936035,1.52220037086014,1.4517052173614502,2.196978807449341,0.34116122126579285
0.48227739334106445,1.5287428313509843,1.4562828540802002,2.399405002593994,0.5838406682014465
0.48534655570983887,1.5353350500405432,1.4604791402816772,2.3319294452667236,0.5197528004646301
0.4883861541748047,1.5419106462390082,1.4654383659362793,2.4265964031219482,0.48728159070014954
0.4914555549621582,1.5485882556185941,1.4700160026550293,2.5816891193389893,0.43814754486083984
0.4945223331451416,1.5552879499449526,1.4749752283096313,2.853605031967163,0.4761730432510376
0.4975898265838623,1.5620070389658935,1.4799343347549438,2.839505672454834,0.42404821515083313
0.5006558895111084,1.568730843029917,1.4852750301361084,2.823392152786255,0.30954450368881226
0.5037229061126709,1.5754546012351678,1.490615725517273,3.0399177074432373,0.29202717542648315
0.5067896842956543,1.5821657154601887,1.495956301689148,3.016754388809204,0.3603875935077667
0.5098557472229004,1.5888531857810182,1.501678466796875,3.139620065689087,0.4278934895992279
0.5129218101501465,1.5955086528528475,1.5070191621780396,3.0721447467803955,0.5141985416412354
0.5159885883331299,1.6021237749950494,1.5127413272857666,3.0691232681274414,0.23007553815841675
0.519054651260376,1.6086856479665141,1.5188448429107666,3.3682308197021484,0.221530482172966
0.5221209526062012,1.615186582765737,1.5245670080184937,3.2604715824127197,0.3544060289859772
0.5251891613006592,1.621620391490614,1.5302891731262207,3.024811267852783,0.4612191915512085
0.5282683372497559,1.6279959996712927,1.5363928079605103,3.2423439025878906,0.40183109045028687
0.5313446521759033,1.6342749374224415,1.5424963235855103,3.2463722229003906,0.30997177958488464
0.5343871116638184,1.6403863642386127,1.5485999584197998,3.448798418045044,0.3697871267795563
0.5374705791473389,1.646471123055498,1.5547035932540894,3.311833381652832,0.29544517397880554
0.5405421257019043,1.6524141929437977,1.560807228088379,3.3823299407958984,0.287754625082016
0.5436091423034668,1.6582219820243949,1.5669108629226685,3.3440604209899902,0.27878233790397644
0.546675443649292,1.6638934117297997,1.5730143785476685,3.5515220165252686,0.3189440667629242
0.5497448444366455,1.6694269444544894,1.579118013381958,3.188967704772949,0.3309071362018585
0.5528233051300049,1.6748241982480483,1.5852216482162476,3.2131381034851074,0.2394750863313675
0.5558993816375732,1.6800565557654399,1.591325283050537,3.2544288635253906,0.2360570728778839
0.5589709281921387,1.685113110245837,1.597428798675537,3.298741102218628,0.20016784965991974
0.5620377063751221,1.6899867170275038,1.6031509637832642,3.181918144226074,0.29672694206237793
0.565105676651001,1.6946799081301234,1.6088731288909912,3.0902724266052246,0.33817043900489807
0.5681722164154053,1.699181724887377,1.6145952939987183,3.1980316638946533,0.23349355161190033
0.5712385177612305,1.7034873874230336,1.6206988096237183,2.9583427906036377,0.32791638374328613
0.5743069648742676,1.707593660538801,1.6260395050048828,3.1043717861175537,0.20144960284233093
0.5773811340332031,1.7114984272746192,1.6321431398391724,3.286655902862549,0.26254671812057495
0.580453634262085,1.7151860689040304,1.637483835220337,3.028839588165283,0.1907682865858078
0.5835292339324951,1.7186566504941898,1.642824411392212,3.032867908477783,0.3334706723690033
0.5865952968597412,1.7218914530343594,1.647783637046814,2.82641339302063,0.221957728266716
0.5896613597869873,1.7248967806963926,1.6531243324279785,2.849576473236084,0.18094147741794586
0.5927286148071289,1.7276692040904444,1.6584649085998535,2.5907530784606934,0.26425573229789734
0.5957958698272705,1.730203391440617,1.663042664527893,2.6622567176818848,0.1108720526099205
0.5988655090332031,1.7324972649610668,1.667620301246643,2.3148088455200195,0.22751201689243317
0.6019325256347656,1.7345437048354237,1.6725795269012451,2.4507668018341064,0.17111466825008392
0.6049995422363281,1.7363417353754458,1.6767758131027222,2.4356603622436523,0.251865416765213
0.6080646514892578,1.7378878025493136,1.6809719800949097,2.094254970550537,0.21896696090698242
0.6111307144165039,1.7391811713052387,1.6851682662963867,2.072098970413208,0.191195547580719
0.6141970157623291,1.7402194724438185,1.6889829635620117,2.0267796516418457,0.12368962913751602
0.6172661781311035,1.7410016630939427,1.6927977800369263,2.073106050491333,0.13138018548488617
0.6203322410583496,1.7415250932879913,1.6962310075759888,1.676310420036316,0.12283512949943542
0.6233830451965332,1.741789229204478,1.6996643543243408,1.8052185773849487,0.15616083145141602
0.6264545917510986,1.7417961012238423,1.7027161121368408,1.7347218990325928,0.20871290564537048
0.6295335292816162,1.7415421039892052,1.7057678699493408,1.6440832614898682,0.21469444036483765
0.632610559463501,1.7410276870945662,1.7084382772445679,1.456763505935669,0.1907682865858078
0.6356768608093262,1.7402566923042841,1.7111085653305054,1.310734748840332,0.1920500546693802
0.6387434005737305,1.7392288329225796,1.7130159139633179,1.1173723936080933,0.16940565407276154
0.6418116092681885,1.7379449175140471,1.7153048515319824,1.243259310722351,0.14676126837730408
0.644888162612915,1.7364028184489824,1.717212200164795,1.0247195959091187,0.1266804039478302
0.647958517074585,1.7346118533120949,1.718738079071045,0.7306477427482605,0.10959029197692871
0.6510274410247803,1.7325728444841246,1.720263957977295,0.8293430805206299,0.1433432549238205
0.6541049480438232,1.730281316533943,1.7214083671569824,0.6601510643959045,0.13778896629810333
0.6571791172027588,1.727748931750916,1.7221713066101074,0.583611786365509,0.1420614868402481
0.6602511405944824,1.7249791341124308,1.722934365272522,0.3187457025051117,0.095918208360672
0.6633343696594238,1.721962982607902,1.723697304725647,0.3147173225879669,0.08609139919281006
0.6663823127746582,1.7187531429671328,1.723697304725647,0.15156786143779755,0.0950637087225914
0.669452428817749,1.7152953670542281,1.723697304725647,-0.007553216069936752,0.1441977620124817
0.672527551651001,1.7116111506902532,1.723697304725647,-0.11430533230304718,0.046784162521362305
0.6755967140197754,1.7077192145023417,1.7233158349990845,-0.15056076645851135,0.004058899823576212
0.678673267364502,1.7036082954932286,1.722934365272522,-0.16667430102825165,-0.05020218342542648
0.681743860244751,1.6993022049056783,1.7221713066101074,-0.3499656617641449,-0.0801098644733429
0.6848111152648926,1.694804588631271,1.72102689743042,-0.6077821254730225,-0.16427862644195557
0.6878776550292969,1.6901186704381437,1.7198824882507324,-0.9501945376396179,-0.12497138977050781
0.6909441947937012,1.685250381702966,1.7183566093444824,-0.7568322420120239,-0.16299687325954437
0.6940100193023682,1.6802081469812506,1.7168307304382324,-0.9834287166595459,-0.19974060356616974
0.6970772743225098,1.6749958660774105,1.7145417928695679,-1.2523231506347656,-0.15231555700302124
0.7001433372497559,1.6696257121191038,1.7126344442367554,-1.2200961112976074,-0.1292439103126526
0.703209400177002,1.6641036624726158,1.7099641561508179,-1.2654154300689697,-0.11300831288099289
0.7062757015228271,1.6584374676955442,1.7072938680648804,-1.297642469406128,-0.03781185671687126
0.709341287612915,1.652637331539818,1.7042419910430908,-1.6481117010116577,-0.09292744100093842
0.7123830318450928,1.6467571156022605,1.7011902332305908,-1.6460975408554077,-0.10275425016880035
0.7154533863067627,1.640703887994124,1.6977568864822388,-1.8626229763031006,-0.08651865273714066
0.7185194492340088,1.6345500743229986,1.6939421892166138,-1.9582971334457397,-0.11514458060264587
0.7215850353240967,1.6282974083608532,1.6905088424682617,-2.1325244903564453,-0.06771954149007797
0.7246506214141846,1.6219542193812495,1.6863126754760742,-2.073106050491333,-0.08780041337013245
0.7277226448059082,1.615516350996105,1.6821163892745972,-2.2906386852264404,-0.024994278326630592
0.7308065891265869,1.608981235849924,1.6779202222824097,-2.3218586444854736,-0.01602197252213955
0.7338829040527344,1.602399908435439,1.6733424663543701,-2.4346532821655273,-0.02371251955628395
0.7369551658630371,1.5957748913909966,1.6687648296356201,-2.4900434017181396,0.0019226367585361004
0.7400221824645996,1.5891188397220353,1.6641870737075806,-2.7438316345214844,-0.05661097168922424
0.7430894374847412,1.5824298493935203,1.6592278480529785,-2.864682912826538,-0.1104447990655899
0.7461562156677246,1.5757194172437134,1.654268741607666,-2.812314033508301,-0.0784008577466011
0.7492244243621826,1.5689933334372832,1.649309515953064,-2.835477113723755,-0.09292744100093842
0.7523031234741211,1.5622417227947074,1.643587350845337,-2.962371349334717,-0.011322194710373878
0.7553811073303223,1.555499235941472,1.638246774673462,-3.003662109375,-0.027985045686364174
0.7584524154663086,1.5487889491202962,1.6329060792922974,-3.291691541671753,-0.08609139919281006
0.7615187168121338,1.5421170875493868,1.6271839141845703,-2.9220874309539795,-0.033966582268476486
0.7645859718322754,1.5354805433533567,1.6214618682861328,-2.9291369915008545,-0.06515602022409439
0.7676546573638916,1.5288881942440855,1.6157397031784058,-3.2121310234069824,-0.045502401888370514
0.7707321643829346,1.5223342517334895,1.6100175380706787,-3.0902724266052246,0.027985045686364174
0.773806095123291,1.515855035749465,1.6039139032363892,-3.450812578201294,0.1112993061542511
0.7768807411193848,1.5094510814901227,1.5978103876113892,-3.187960624694824,0.07199206203222275
0.7799570560455322,1.5031300594979766,1.5917067527770996,-3.3390250205993652,0.03610284626483917
0.7830283641815186,1.4969149615130375,1.58560311794281,-3.274570941925049,0.035675592720508575
0.7860965728759766,1.4908107942267252,1.579880952835083,-3.298741102218628,0.04165713116526604
0.7891628742218018,1.4848239959177265,1.573395848274231,-3.3672237396240234,0.06216525658965111
0.792229175567627,1.4789596262122537,1.567292332649231,-3.286655902862549,0.10232700407505035
0.7952980995178223,1.4732215460186304,1.5611886978149414,-3.308812141418457,0.06601052731275558
0.7983675003051758,1.467622499320789,1.5550850629806519,-3.2302587032318115,0.03353932872414589
0.8014464378356934,1.4621550207581149,1.5489814281463623,-3.2675211429595947,0.06857404112815857
0.8045120239257812,1.456867588411385,1.5428777933120728,-3.4276492595672607,0.10531777143478394
0.8075850009918213,1.4517318624629183,1.5367742776870728,-3.284641742706299,0.15103380382061005
0.8106510639190674,1.4467794084749706,1.5306706428527832,-3.3843443393707275,0.1600061058998108
0.8137168884277344,1.4420061985293946,1.5249484777450562,-3.152712345123291,0.1732509285211563
0.8167846202850342,1.4374161300449448,1.5188448429107666,-3.284641742706299,0.1117265596985817
0.8198502063751221,1.4330220561785665,1.513122797012329,-3.0449531078338623,0.09335469454526901
0.8229162693023682,1.4288265839993821,1.507400631904602,-3.1043717861175537,0.1770962029695511
0.8259856700897217,1.4248324101147596,1.501678466796875,-3.00567626953125,0.24631112813949585
0.8290619850158691,1.4210418768249968,1.496337890625,-2.992584228515625,0.15060654282569885
0.8321363925933838,1.4174720261244986,1.4909971952438354,-2.7488670349121094,0.14505226910114288
0.8352038860321045,1.414133039833058,1.485656499862671,-2.9089951515197754,0.13736172020435333
0.8382725715637207,1.4110204390826502,1.4803158044815063,-2.7418172359466553,0.16086061298847198
0.8413405418395996,1.4081408370042623,1.4753566980361938,-2.667292356491089,0.2240939885377884
0.8443825244903564,1.4055191449914852,1.4703974723815918,-2.714625835418701,0.20273137092590332
0.8474516868591309,1.4031135835842623,1.4658198356628418,-2.4376745223999023,0.3206530809402466
0.8505311012268066,1.4009454023924057,1.4608606100082397,-2.7387959957122803,0.2206759750843048
0.8536076545715332,1.3990279549270999,1.4562828540802002,-2.5716183185577393,0.37448692321777344
0.8566768169403076,1.3973656766441318,1.4520866870880127,-2.3510642051696777,0.31125351786613464
0.8597431182861328,1.3959573299598438,1.4478904008865356,-2.355092763900757,0.252719908952713
0.8628089427947998,1.3948034987283577,1.4440757036209106,-2.1345388889312744,0.16855116188526154
0.8658759593963623,1.3939053575218874,1.440260887145996,-2.0338292121887207,0.18307773768901825
0.8689429759979248,1.3932647385259123,1.4368276596069336,-1.839459776878357,0.2710917890071869
0.87200927734375,1.3928826521528308,1.4333943128585815,-1.8122682571411133,0.34116122126579285
0.8750784397125244,1.3927594922387079,1.429961085319519,-1.606820821762085,0.35910582542419434
0.8781576156616211,1.3928967890756287,1.426909327507019,-1.69544517993927,0.3304798901081085
0.8812344074249268,1.393294754379767,1.424238920211792,-1.5987640619277954,0.22494849562644958
0.8843073844909668,1.3939518220106593,1.4215686321258545,-1.4315861463546753,0.2839093506336212
0.8873834609985352,1.3948683978131864,1.4192798137664795,-1.3036850690841675,0.26211947202682495
0.8904528617858887,1.396039754555264,1.416990876197815,-1.2623941898345947,0.23306630551815033
0.8935256004333496,1.3974675477218523,1.4150835275650024,-0.8243076205253601,0.30911725759506226
0.8965916633605957,1.3991445896094181,1.4135576486587524,-0.8625772595405579,0.24887464940547943
0.899658203125,1.401071535792403,1.4120317697525024,-0.7185626029968262,0.28049135208129883
0.9027266502380371,1.4032467120963856,1.4105058908462524,-0.6933852434158325,0.3022812306880951
0.9057924747467041,1.405663593016236,1.409742832183838,-0.6329594850540161,0.29245442152023315
0.9088582992553711,1.408320345728005,1.408979892730713,-0.5201647877693176,0.29202717542648315
0.9119248390197754,1.4112137294301665,1.4085984230041504,-0.13243305683135986,0.22665750980377197
0.9149985313415527,1.4143464126449699,1.408216953277588,-0.10222018510103226,0.3838864862918854
0.918067216873169,1.4177015905601658,1.408216953277588,0.11329823732376099,0.2540016770362854
0.9211339950561523,1.4212768976140704,1.4085984230041504,0.29054704308509827,0.3779049217700958
0.9242002964019775,1.4250684335251431,1.4085984230041504,0.2714122235774994,0.3603875935077667
0.9272732734680176,1.4290800487193878,1.4093613624572754,0.2683909237384796,0.37448692321777344
0.9303584098815918,1.4333148315439768,1.409742832183838,0.49800869822502136,0.3937132954597473
0.9334514141082764,1.437762526662745,1.410887360572815,0.5554131269454956,0.45352864265441895
0.9365222454071045,1.4423719121298388,1.4120317697525024,0.6601510643959045,0.49924468994140625
0.9395878314971924,1.4471589514078387,1.41317617893219,0.7014420032501221,0.4586556851863861
0.9426546096801758,1.4521262164030566,1.4150835275650024,1.015655755996704,0.3941405415534973
0.9457216262817383,1.4572649106704858,1.416990876197815,1.1153582334518433,0.3454337418079376
0.9487893581390381,1.462568277614236,1.418898344039917,0.99853515625,0.46762797236442566
0.9518582820892334,1.4680294085406809,1.4215686321258545,1.2623941898345947,0.5112077593803406
0.9549353122711182,1.473653155708995,1.424238920211792,1.4164797067642212,0.4813000559806824
0.9580073356628418,1.479407402028082,1.426909327507019,1.4869763851165771,0.5458152294158936
0.961076021194458,1.485286143114189,1.429961085319519,1.692423939704895,0.659037172794342
0.9641423225402832,1.4912821088938109,1.433012843132019,1.7488212585449219,0.4770275354385376
0.9672091007232666,1.4973918741479995,1.436446189880371,1.8626229763031006,0.573159396648407
0.9702775478363037,1.5036088505934027,1.4398794174194336,1.9814603328704834,0.48685434460639954
0.9733572006225586,1.509943712476848,1.4436942338943481,2.1838865280151367,0.42063018679618835
0.9764466285705566,1.5163849610452376,1.4478904008865356,2.251361846923828,0.47104600071907043
0.9795234203338623,1.5228761260862098,1.4520866870880127,2.1607232093811035,0.5184710621833801
0.9825940132141113,1.5294204093697659,1.4562828540802002,2.1919431686401367,0.48172733187675476
0.9856624603271484,1.536016442965249,1.4608606100082397,2.558526039123535,0.5368428826332092
0.9887402057647705,1.5426791618031128,1.4654383659362793,2.55550479888916,0.6381017565727234
0.9918136596679688,1.5493693307617813,1.4703974723815918,2.6360723972320557,0.5500877499580383
0.9948828220367432,1.5560768386740074,1.4749752283096313,2.680384635925293,0.4454108476638794
0.9979496002197266,1.56279580029007,1.4803158044815063,2.6562142372131348,0.35953307151794434
1.0010159015655518,1.5695203935864173,1.485656499862671,3.0530097484588623,0.3501335084438324
1.004084825515747,1.5762474236520903,1.4909971952438354,2.9563286304473877,0.41977569460868835
1.0071535110473633,1.5829606158648395,1.496337890625,3.030853748321533,0.443701833486557
1.0102200508117676,1.58964584407434,1.501678466796875,3.0822155475616455,0.502235472202301
1.0132863521575928,1.5962973665159415,1.507400631904602,3.2000458240509033,0.4296025037765503
1.0163531303405762,1.6029068532687603,1.513122797012329,2.998626708984375,0.3031357228755951
1.0193812847137451,1.6093812454610743,1.519226312637329,3.030853748321533,0.2582741975784302
1.0224475860595703,1.6158750638061044,1.5249484777450562,3.152712345123291,0.34842449426651
1.0255155563354492,1.6223002323523423,1.5306706428527832,3.038910388946533,0.3296253979206085
1.0285916328430176,1.6286602938672206,1.5367742776870728,3.2373082637786865,0.42148470878601074
1.0316658020019531,1.6349248132676053,1.5428777933120728,3.321904420852661,0.43387502431869507
1.0347332954406738,1.6410751442491878,1.5489814281463623,3.325932741165161,0.37576866149902344
1.03779935836792,1.6471130654654897,1.5550850629806519,3.2665140628814697,0.3291981518268585
1.0408658981323242,1.6530334179356854,1.5611886978149414,3.3631951808929443,0.38944074511528015
1.0439324378967285,1.6588264634415832,1.567292332649231,3.306797981262207,0.2740825414657593
1.0469989776611328,1.6644836005637484,1.573395848274231,3.2473793029785156,0.287754625082016
1.050067663192749,1.6700002347522027,1.5794994831085205,3.316868782043457,0.32578012347221375
1.0531461238861084,1.6753809904167971,1.58560311794281,3.3511099815368652,0.29373615980148315
1.0562231540679932,1.6805976213516507,1.5917067527770996,3.118471145629883,0.30655375123023987
1.059293270111084,1.685633719903159,1.597428798675537,3.3360037803649902,0.1728236824274063
1.0623652935028076,1.6904966601341795,1.6035324335098267,3.179903984069824,0.29715418815612793
1.0654489994049072,1.695193449442044,1.6096360683441162,3.023804187774658,0.2886091470718384
1.0685160160064697,1.6996743503882359,1.6153582334518433,3.2665140628814697,0.26297399401664734
1.0715832710266113,1.7039589567836124,1.6210802793502808,3.181918144226074,0.1275349110364914
1.0746519565582275,1.7080424034067325,1.6268024444580078,3.17889666557312,0.29074540734291077
1.077728271484375,1.7119259404324727,1.6325246095657349,3.2040741443634033,0.35782405734062195
1.0807991027832031,1.7155870150078367,1.6378653049468994,2.9331655502319336,0.17111466825008392
1.0838768482208252,1.7190347803187382,1.6432058811187744,3.012726068496704,0.3048447370529175
1.0869498252868652,1.7222507795513555,1.648546576499939,2.844541072845459,0.1766689568758011
1.0900161266326904,1.7252295013429984,1.653505802154541,2.6008238792419434,0.1424887478351593
1.0930829048156738,1.7279741653690652,1.658846378326416,2.7377889156341553,0.2240939885377884
1.0961518287658691,1.7304818835473208,1.6634241342544556,2.6441290378570557,0.19931334257125854
1.0992283821105957,1.7327522493214973,1.6683833599090576,2.518242120742798,0.20144960284233093
1.1023032665252686,1.7347743061782546,1.6729609966278076,2.4558022022247314,0.17068742215633392
1.1053829193115234,1.7365488858595861,1.6775387525558472,2.4970932006835938,0.21170367300510406
1.1084537506103516,1.7380660096477385,1.6817349195480347,2.115403890609741,0.14889752864837646
1.1115195751190186,1.7393270103758824,1.6855497360229492,2.1214466094970703,0.17026016116142273
1.114586591720581,1.740333037131672,1.6897459030151367,2.085191011428833,0.0801098644733429
1.1176536083221436,1.7410820559738556,1.6935607194900513,2.086198329925537,0.05447470769286156
1.1207199096679688,1.741572870098811,1.6966124773025513,1.8998855352401733,0.16641488671302795
1.123786211013794,1.741804955556893,1.7000458240509033,1.778027057647705,0.13821622729301453
1.1268558502197266,1.741777797244609,1.7034790515899658,1.7971618175506592,0.2070038914680481
1.1299324035644531,1.7414901031893697,1.7061493396759033,1.5816433429718018,0.1920500546693802
1.1330044269561768,1.7409430693522496,1.7088197469711304,1.380224347114563,0.19674982130527496
1.136080265045166,1.740136117910544,1.7114900350570679,1.230167031288147,0.16470588743686676
1.1391472816467285,1.7390743949334906,1.7137788534164429,1.1224079132080078,0.10873579233884811
1.1422131061553955,1.7377580945987288,1.715686321258545,1.1093156337738037,0.1117265596985817
1.145279884338379,1.7361882802446313,1.7175936698913574,0.9955138564109802,0.05105668678879738
1.148345947265625,1.7343681066104144,1.7191195487976074,0.9179674983024597,0.09036392718553543
1.1513831615447998,1.7323205446665662,1.7206454277038574,0.7709315419197083,0.06985580176115036
1.1544601917266846,1.7300010400579868,1.721789836883545,0.5332570672035217,0.0643015205860138
1.157529592514038,1.7274449446643276,1.72255277633667,0.37413597106933594,0.08523689955472946
1.1605980396270752,1.7246515182098887,1.7233158349990845,0.2683909237384796,0.02072175219655037
1.1636650562286377,1.7216256218792554,1.723697304725647,0.16163882613182068,0.04635690897703171
1.166731834411621,1.718370764564489,1.7240787744522095,-0.05387960746884346,0.0950637087225914
1.1697978973388672,1.7148923907891092,1.723697304725647,0.051865413784980774,0.03439383581280708
1.1728639602661133,1.7111949309977792,1.723697304725647,-0.10826276242733002,-0.008758679032325745
1.1759333610534668,1.7072795013393773,1.7233158349990845,-0.2049439251422882,0.03353932872414589
1.1790101528167725,1.7031456570014145,1.722934365272522,-0.11430533230304718,-0.11300831288099289
1.1820855140686035,1.6988108116295155,1.7221713066101074,-0.2542915940284729,-0.09805447608232498
1.1851580142974854,1.6942838694285203,1.72102689743042,-0.6682078242301941,-0.1903410404920578
1.1882269382476807,1.689573235512044,1.7198824882507324,-0.5403066873550415,-0.16128785908222198
1.1913056373596191,1.6846648921176872,1.7183566093444824,-0.8575417995452881,-0.17196917533874512
1.1943840980529785,1.6795812915706025,1.7168307304382324,-0.8998397588729858,-0.1728236824274063
1.1974561214447021,1.6743408190389575,1.7145417928695679,-1.152620792388916,-0.13650721311569214
1.2005231380462646,1.6689497601260568,1.7122529745101929,-1.1506065130233765,-0.07797360420227051
1.203589916229248,1.6634081514591312,1.7099641561508179,-1.380224347114563,-0.09848172962665558
1.2066586017608643,1.6577202314179027,1.7069122791290283,-1.6551613807678223,-0.13351644575595856
1.2097437381744385,1.6518662976459846,1.7038605213165283,-1.6209200620651245,-0.0792553573846817
1.2128188610076904,1.6459048712629394,1.7008087635040283,-1.7196154594421387,-0.08993667364120483
1.2158918380737305,1.6398303485397352,1.6973754167556763,-1.78507661819458,-0.08822766691446304
1.2189598083496094,1.633657826360173,1.6935607194900513,-1.9462119340896606,-0.15573357045650482
1.222029209136963,1.6273837282045212,1.6897459030151367,-2.1758296489715576,-0.14633402228355408
1.225095510482788,1.6210267084656356,1.6859312057495117,-2.1335318088531494,-0.06558327376842499
1.2281646728515625,1.6145838770537813,1.6817349195480347,-2.4286105632781982,-0.08224612474441528
1.2312421798706055,1.6080529122471967,1.6775387525558472,-2.218127727508545,-0.020294498652219772
1.234318733215332,1.601463044346749,1.6729609966278076,-2.5978026390075684,-0.010040436871349812
1.2373826503753662,1.5948494754507279,1.6683833599090576,-2.525291919708252,-0.05062943324446678
1.2404513359069824,1.5881846771334565,1.6634241342544556,-2.7669947147369385,-0.009185931645333767
1.2435188293457031,1.5814914206689323,1.6584649085998535,-2.686427116394043,-0.0638742670416832
1.2465851306915283,1.57477968066288,1.653505802154541,-2.5031356811523438,-0.059601739048957825
1.2496538162231445,1.5680515962383168,1.6481651067733765,-2.7297322750091553,-0.06900129467248917
1.2527334690093994,1.5612983431449292,1.642824411392212,-2.9160449504852295,-0.01730373129248619
1.255810260772705,1.5545603242951378,1.637483835220337,-3.1124284267425537,0.0079041738063097
1.258878469467163,1.5478600439404235,1.6321431398391724,-2.994598388671875,-0.014740215614438057
1.2619447708129883,1.5411927839794568,1.6264209747314453,-3.131563186645508,-0.05233844369649887
1.2650120258331299,1.534562215641398,1.6206988096237183,-3.3561456203460693,-0.08395513892173767
1.268078327178955,1.5279823050125536,1.6149767637252808,-3.4095215797424316,-0.04635690897703171
1.2711470127105713,1.5214557066232033,1.6088731288909912,-3.2201876640319824,0.05831998214125633
1.2742156982421875,1.514997260974206,1.6027694940567017,-3.2302587032318115,0.05831998214125633
1.2772843837738037,1.5086165708833863,1.5970473289489746,-3.2292516231536865,0.05703822523355484
1.2803645133972168,1.502299828340794,1.5909438133239746,-3.153719425201416,0.012176699936389923
1.2834529876708984,1.4960637339385374,1.584840178489685,-3.140627145767212,0.04635690897703171
1.2865221500396729,1.4899728871781863,1.5787365436553955,-3.2091095447540283,0.03353932872414589
1.2895989418029785,1.483982335312711,1.572632908821106,-3.284641742706299,0.14077973365783691
1.2926723957061768,1.4781226022440508,1.566529393196106,-3.2020599842071533,0.13736172020435333
1.2957406044006348,1.472405519750012,1.5604257583618164,-3.2725565433502197,0.08780041337013245
1.29880952835083,1.4668281942357486,1.5539406538009644,-3.328953981399536,0.03524833917617798
1.301887035369873,1.461385304708643,1.5482184886932373,-3.2423439025878906,0.10318150371313095
1.3049607276916504,1.456107239912846,1.5421148538589478,-3.0973219871520996,0.06857404112815857
1.308032751083374,1.4509977612340388,1.5360113382339478,-3.2151522636413574,0.15060654282569885
1.311100721359253,1.4460679680664121,1.5299077033996582,-3.454840898513794,0.221957728266716
1.3141696453094482,1.4413168871364266,1.5238040685653687,-3.0882582664489746,0.1758144497871399
1.3172483444213867,1.4367389135665354,1.5180819034576416,-3.117464065551758,0.15573357045650482
1.320326328277588,1.4323573186600052,1.512359857559204,-3.0429389476776123,0.19375905394554138
1.323383092880249,1.4282056803671543,1.5062562227249146,-3.0701303482055664,0.20273137092590332
1.32645583152771,1.424239167342266,1.50091552734375,-3.184939384460449,0.1582970917224884
1.3295328617095947,1.4204808266240294,1.4955748319625854,-2.9120163917541504,0.16513313353061676
1.3326146602630615,1.4169366520548663,1.489852786064148,-3.0409247875213623,0.15274280309677124
1.335683822631836,1.4136310904119145,1.484893560409546,-2.840512752532959,0.1424887478351593
1.3387501239776611,1.4105568333167935,1.4795528650283813,-2.844541072845459,0.2048676311969757
1.3418166637420654,1.4077150465656236,1.4745937585830688,-2.7770657539367676,0.2223849892616272
1.3448898792266846,1.405104788267957,1.4696345329284668,-2.5031356811523438,0.22964827716350555
1.347956895828247,1.4027409242303566,1.4646753072738647,-2.4809796810150146,0.2531471848487854
1.351025104522705,1.4006206835564567,1.4600976705551147,-2.4890363216400146,0.2676737606525421
1.3541052341461182,1.3987413952897108,1.4559013843536377,-2.229205846786499,0.3202258348464966
1.3571796417236328,1.3971173779993682,1.4513237476348877,-2.3127946853637695,0.26211947202682495
1.3602464199066162,1.3957504155467944,1.4471274614334106,-2.202014207839966,0.2540016770362854
1.363318920135498,1.3946363593203537,1.4433127641677856,-2.1506524085998535,0.21896696090698242
1.3663833141326904,1.3937815777305136,1.4398794174194336,-2.110368490219116,0.24972915649414062
1.3694572448730469,1.39318260475923,1.4360647201538086,-1.8938429355621338,0.28134584426879883
1.3725285530090332,1.3928435730822937,1.433012843132019,-1.7951476573944092,0.27621880173683167
1.375598430633545,1.3927643425126375,1.4295796155929565,-1.6148775815963745,0.3458609879016876
1.3786835670471191,1.3929463579841408,1.4265278577804565,-1.7055160999298096,0.27750056982040405
1.381761074066162,1.393388967588905,1.4238574504852295,-1.4285649061203003,0.2843366265296936
1.3848316669464111,1.3940897666463046,1.421187162399292,-1.2553445100784302,0.2386205792427063
1.3879013061523438,1.395048076591555,1.418898344039917,-1.0559395551681519,0.2557106912136078
1.3909814357757568,1.3962672373672045,1.416990876197815,-1.1918975114822388,0.3697871267795563
1.3940544128417969,1.397738867687987,1.41470205783844,-0.964293897151947,0.2719462811946869
1.3971235752105713,1.399461009796421,1.41317617893219,-1.1032730340957642,0.3514152765274048
1.4001905918121338,1.4014313064100181,1.41165030002594,-0.7860379815101624,0.29672694206237793
1.4032580852508545,1.4036483109669384,1.4105058908462524,-0.5030441880226135,0.3185168206691742
1.406327247619629,1.406109846640431,1.409742832183838,-0.5040512681007385,0.27707332372665405
1.4093828201293945,1.408798629413959,1.408979892730713,-0.3459372818470001,0.29373615980148315
1.412459373474121,1.4117419255354622,1.408216953277588,-0.3348592221736908,0.27579155564308167
1.4155333042144775,1.4149148861433278,1.408216953277588,0.10322728008031845,0.29629969596862793
1.4186007976531982,1.4183078312367488,1.408216953277588,0.0941634252667427,0.2693827748298645
1.4216668605804443,1.4219203874054933,1.408216953277588,0.13344015181064606,0.3146715462207794
1.4247360229492188,1.4257526996482264,1.408979892730713,0.22005034983158112,0.3650873601436615
1.4278137683868408,1.4298071227993108,1.4093613624572754,0.4879377484321594,0.34116122126579285
1.4308905601501465,1.4340658249574734,1.4101243019104004,0.5685054063796997,0.47104600071907043
1.4339599609375,1.4385127225175647,1.4112688302993774,0.7094987630844116,0.38815900683403015
1.4370265007019043,1.4431467762107468,1.412413239479065,0.7437399625778198,0.43515679240226746
1.4400930404663086,1.4479651592003033,1.413939118385315,0.9501945376396179,0.46677348017692566
1.443159818649292,1.4529611123239579,1.415464997291565,0.9038681387901306,0.5658960938453674
1.4462263584136963,1.458126440973768,1.4173723459243774,1.1465781927108765,0.6052033305168152
1.4492950439453125,1.4634576400570227,1.4192798137664795,1.2140535116195679,0.6227206587791443
1.4523816108703613,1.4689756283731399,1.421950101852417,1.399359107017517,0.6547646522521973
1.455458402633667,1.4746233400558606,1.4246203899383545,1.396337866783142,0.4625009596347809
1.4585285186767578,1.480396868440698,1.4272907972335815,1.621927261352539,0.4894178807735443
1.461594581604004,1.4862918446080329,1.4303425550460815,1.6843671798706055,0.6389563083648682
1.4646611213684082,1.4923079959640073,1.4333943128585815,1.784069538116455,0.5714503526687622
1.4677281379699707,1.4984364438320263,1.4368276596069336,1.7085374593734741,0.5159075260162354
1.470794439315796,1.504665695328984,1.4406423568725586,2.098283290863037,0.41849392652511597
1.473860263824463,1.5109869294729448,1.4444571733474731,2.1415884494781494,0.35739681124687195
1.4769291877746582,1.5173982400802284,1.4482718706130981,2.077134370803833,0.382177472114563
1.4800057411193848,1.5238999553806887,1.4528496265411377,2.3420004844665527,0.5077897310256958
1.4830758571624756,1.5304527197738695,1.4570459127426147,2.4286105632781982,0.5633325576782227
1.486142635345459,1.5370531006066794,1.4616235494613647,2.382284164428711,0.4761730432510376
1.4892113208770752,1.5437025320291942,1.4662013053894043,2.4749369621276855,0.33987945318222046
1.492290735244751,1.5504104587127716,1.4711604118347168,2.4417028427124023,0.5082169771194458
1.495382308959961,1.5571702856457232,1.4761196374893188,2.877775192260742,0.4142214059829712
1.4984586238861084,1.563911927927787,1.481078863143921,2.880796432495117,0.46591898798942566
1.5015251636505127,1.5706371860597317,1.486419439315796,2.839505672454834,0.3018539845943451
1.5045921802520752,1.5773585218881478,1.4917601346969604,2.869718551635742,0.4599374234676361
1.5076580047607422,1.5840623045018591,1.497100830078125,3.165804624557495,0.37491416931152344
1.5107240676879883,1.5907417171172031,1.5028228759765625,3.0439460277557373,0.5415427088737488
1.5137908458709717,1.5973878685293834,1.5085450410842896,2.9422292709350586,0.43558403849601746
1.516859769821167,1.603993928611057,1.5142672061920166,3.142641305923462,0.3193713426589966
1.5199365615844727,1.610562127545105,1.5199893712997437,3.287662982940674,0.25912871956825256
1.5230093002319336,1.6170571295579108,1.5260928869247437,3.310826301574707,0.4155031740665436
1.526078462600708,1.6234705164449088,1.5318150520324707,3.3813228607177734,0.4415655732154846
1.5291550159454346,1.6298154828319416,1.5379186868667603,3.2473793029785156,0.3185168206691742
1.5322253704071045,1.6360545128274397,1.5440223217010498,2.99560546875,0.4266117215156555
1.5352966785430908,1.6421930809675012,1.5501258373260498,3.298741102218628,0.43515679240226746
1.5383830070495605,1.6482492780439837,1.5562294721603394,3.2322728633880615,0.3048447370529175
1.5414626598358154,1.6541710170582085,1.562333106994629,3.281620502471924,0.2587014436721802
1.5445334911346436,1.6599462588658809,1.5684367418289185,3.3380179405212402,0.39157700538635254
1.547607660293579,1.6655895937218506,1.574540376663208,3.189974784851074,0.34329748153686523
1.5506761074066162,1.6710761616270984,1.580643892288208,3.43973445892334,0.30783551931381226
1.5537536144256592,1.6764239490299528,1.5867475271224976,3.2413365840911865,0.24887464940547943
1.556823968887329,1.6815966841641605,1.592851161956787,3.3772945404052734,0.3197985887527466
1.5598900318145752,1.686592409544845,1.5985733270645142,3.1980316638946533,0.286472886800766
1.5629565715789795,1.6914117904490675,1.6046768426895142,3.2242159843444824,0.34457921981811523
1.566023349761963,1.69604723383374,1.6103990077972412,3.1980316638946533,0.43772029876708984
1.569089651107788,1.7004907985143605,1.6165026426315308,3.169832944869995,0.26169222593307495
1.5721566677093506,1.7047375898651986,1.6222248077392578,3.139620065689087,0.19803158938884735
1.5752253532409668,1.7087823844272652,1.6279468536376953,3.020782709121704,0.3539787828922272
1.5783019065856934,1.712626358534254,1.6332875490188599,3.0409247875213623,0.2702372670173645
1.5813713073730469,1.7162449560351476,1.639009714126587,3.288670063018799,0.20144960284233093
1.5844447612762451,1.7196463152738366,1.644350290298462,2.9512932300567627,0.1600061058998108
1.5875134468078613,1.7228156946231925,1.6496909856796265,2.9160449504852295,0.1753872036933899
1.590590000152588,1.7257610642632049,1.6546502113342285,2.7770657539367676,0.23562981188297272
1.5936634540557861,1.7284669950143208,1.659609317779541,2.5826961994171143,0.19674982130527496
1.596733808517456,1.7309301719956294,1.664568543434143,2.704554796218872,0.31296253204345703
1.599801778793335,1.73314814920291,1.6691462993621826,2.6249942779541016,0.16769665479660034
1.602869987487793,1.7351197801710951,1.6737239360809326,2.380270004272461,0.22494849562644958
1.6059377193450928,1.7368417042808901,1.6783016920089722,2.3470358848571777,0.17111466825008392
1.6090044975280762,1.7383112709159294,1.6821163892745972,2.247333526611328,0.1595788449048996
1.6120707988739014,1.739526702772665,1.6863126754760742,2.0308079719543457,0.16256961226463318
1.615138053894043,1.7404867021702786,1.6901273727416992,2.1264820098876953,0.126253142952919
1.6182050704956055,1.7411893808391552,1.6939421892166138,1.9703822135925293,0.10916304588317871
1.621272087097168,1.7416337797138572,1.6973754167556763,1.762920618057251,0.1920500546693802
1.6243383884429932,1.7418192257176714,1.7004272937774658,1.7578850984573364,0.1762416958808899
1.6273832321166992,1.7417469928963618,1.7038605213165283,1.8646372556686401,0.2681010067462921
1.630462884902954,1.7414141643218577,1.7061493396759033,1.4416571855545044,0.21298542618751526
1.633549690246582,1.7408189055007317,1.7092012166976929,1.4315861463546753,0.1578698456287384
1.636620044708252,1.7399678345929657,1.7114900350570679,1.1465781927108765,0.18692301213741302
1.6396877765655518,1.7388607954620745,1.7137788534164429,1.0428472757339478,0.1441977620124817
1.6427595615386963,1.7374968489601452,1.7160677909851074,0.9753719568252563,0.06643778085708618
1.6458368301391602,1.7358762074996632,1.7175936698913574,0.8615701794624329,0.09848172962665558
1.6489126682281494,1.7340044297905135,1.7191195487976074,0.6853284239768982,0.1437705010175705
1.651986837387085,1.7318848351768725,1.7206454277038574,0.8333714604377747,0.09121843427419662
1.655064344406128,1.7295169386022722,1.721789836883545,0.3610437214374542,0.0634470134973526
1.6581361293792725,1.7269115242872348,1.72255277633667,0.5362783074378967,0.063019759953022
1.661203384399414,1.7240726646020514,1.7233158349990845,0.45369648933410645,0.0946364551782608
1.6642696857452393,1.7210019022507512,1.723697304725647,0.16365301609039307,0.09121843427419662
1.667339563369751,1.7176989709465942,1.723697304725647,0.06495765596628189,0.08352788537740707
1.6703855991363525,1.7142004710984335,1.723697304725647,-0.06797894090414047,0.09292744100093842
1.6734552383422852,1.7104571477220307,1.7233158349990845,-0.22508582472801208,0.08139162510633469
1.6765236854553223,1.7065024027287676,1.722934365272522,-0.20897230505943298,0.04080262407660484
1.6796019077301025,1.7023271216073868,1.72255277633667,-0.4758526086807251,-0.10617227107286453
1.6826770305633545,1.6979543195780133,1.721789836883545,-0.5141222476959229,-0.1292439103126526
1.685744047164917,1.693398717193104,1.7206454277038574,-0.6349737048149109,-0.17154192924499512
1.6888136863708496,1.688651682068688,1.71950101852417,-0.6480659246444702,-0.16940565407276154
1.6918909549713135,1.6837116240567274,1.71797513961792,-0.9058823585510254,-0.22793926298618317
1.6949641704559326,1.6786043441231755,1.7160677909851074,-0.930052638053894,-0.16684214770793915
1.6980352401733398,1.6733348076264132,1.7141603231430054,-1.242252230644226,-0.1266804039478302
1.7011022567749023,1.667914619082251,1.7118715047836304,-1.2482948303222656,-0.10189975053071976
1.7041685581207275,1.6623462974211083,1.7092012166976929,-1.2926069498062134,-0.095490962266922
1.7072348594665527,1.6566368631265855,1.7065308094024658,-1.6330052614212036,-0.23263904452323914
1.7103068828582764,1.6507837716194507,1.7034790515899658,-1.765941858291626,-0.10531777143478394
1.713383436203003,1.6447973678690624,1.7000458240509033,-1.780041217803955,-0.07797360420227051
1.7164530754089355,1.6387089702496858,1.6966124773025513,-1.8767223358154297,-0.07156481593847275
1.7195191383361816,1.6325215952711407,1.6931792497634888,-2.085191011428833,-0.13992522656917572
1.7225854396820068,1.626236906875936,1.6889829635620117,-2.1194324493408203,-0.10531777143478394
1.7256534099578857,1.619861221765281,1.6851682662963867,-2.1899290084838867,-0.08609139919281006
1.7287306785583496,1.6133877413081834,1.6809719800949097,-2.232227087020874,-0.03524833917617798
1.7318036556243896,1.606854506897976,1.6767758131027222,-2.21107816696167,-0.01773098297417164
1.734872817993164,1.600270500262897,1.6721980571746826,-2.374227523803711,0.006622415501624346
1.7379443645477295,1.5936322752025132,1.667620301246643,-2.5051498413085938,-0.10232700407505035
1.7410218715667725,1.5869418236351664,1.6626611948013306,-2.4547951221466064,-0.05276569724082947
1.744096040725708,1.5802292884099152,1.6577019691467285,-2.7629663944244385,-0.08609139919281006
1.747166633605957,1.573505287608776,1.652742862701416,-2.844541072845459,-0.07541008293628693
1.7502362728118896,1.566774129147473,1.6474021673202515,-2.964385509490967,-0.043793391436338425
1.7533183097839355,1.560016573867196,1.642061471939087,-2.865689992904663,-0.01345845777541399
1.7563838958740234,1.553305895448608,1.636720895767212,-3.000640869140625,0.0010681315325200558
1.7594547271728516,1.5466045479767627,1.6309987306594849,-2.852597951889038,-0.0117494473233819
1.7625210285186768,1.539943815937603,1.6256580352783203,-2.967406749725342,-0.016876477748155594
1.7655889987945557,1.5333200938462812,1.6195544004440308,-2.9140305519104004,-0.010467689484357834
1.768655776977539,1.5267494032751543,1.6138323545455933,-3.139620065689087,-0.0006408789195120335
1.7717225551605225,1.520238919543698,1.6081101894378662,-3.0741589069366455,0.0643015205860138
1.774745225906372,1.513890401561785,1.6020065546035767,-3.278599262237549,0.08908216655254364
1.7778129577636719,1.5075260572675058,1.5962843894958496,-3.2242159843444824,0.01516746822744608
1.7808797359466553,1.501252458086164,1.5901808738708496,-3.2574501037597656,0.02200350910425186
1.7839469909667969,1.4950759769812387,1.58407723903656,-3.1144425868988037,0.04592965543270111
1.7870159149169922,1.4890035000800514,1.577592134475708,-3.318882942199707,0.00961318425834179
1.7900924682617188,1.483032791592474,1.5714884996414185,-3.293705701828003,0.06729228794574738
1.793165683746338,1.477194278388079,1.5657663345336914,-3.333989381790161,0.07028305530548096
1.796236515045166,1.4714944952827482,1.559281349182129,-3.2644999027252197,0.02841229923069477
1.7993059158325195,1.4659399038237002,1.5531777143478394,-3.3460745811462402,0.07455558329820633
1.8023803234100342,1.460527392585124,1.5470740795135498,-3.151705265045166,0.095490962266922
1.8054466247558594,1.4552878530925533,1.5409704446792603,-3.2725565433502197,0.09335469454526901
1.8085126876831055,1.4502149779763136,1.5348668098449707,-3.282627582550049,0.26254671812057495
1.8115787506103516,1.4453158833552613,1.5287632942199707,-3.0963149070739746,0.24631112813949585
1.8146467208862305,1.4405949638625704,1.5230411291122437,-3.0570383071899414,0.18307773768901825
1.8177142143249512,1.4360630275826256,1.516937494277954,-3.2141451835632324,0.15317006409168243
1.8207817077636719,1.4317260596296901,1.511215329170227,-3.157747745513916,0.21383993327617645
1.8238492012023926,1.4275905034683982,1.5054932832717896,-3.152712345123291,0.16641488671302795
1.826918363571167,1.4236604237854444,1.500152587890625,-3.0661020278930664,0.29288166761398315
1.8299944400787354,1.419935844361079,1.494430422782898,-3.029846668243408,0.23263904452323914
1.8330681324005127,1.416434049815719,1.489089846611023,-2.870725631713867,0.1723964363336563
1.836134672164917,1.4131646532001743,1.4837491512298584,-2.7448387145996094,0.10830853879451752
1.839200735092163,1.4101245576158175,1.4787899255752563,-2.7327535152435303,0.2544289231300354
1.8422667980194092,1.4073177496202443,1.4734493494033813,-2.7911651134490967,0.191195547580719
1.8453354835510254,1.4047463004394036,1.4684901237487793,-2.7297322750091553,0.29202717542648315
1.8483819961547852,1.4024324933066217,1.4639123678207397,-2.404440402984619,0.29672694206237793
1.851454257965088,1.400343805070321,1.4593347311019897,-2.4940719604492188,0.2587014436721802
1.8545308113098145,1.3985015303877226,1.4547569751739502,-2.4588234424591064,0.2984359562397003
1.857602834701538,1.3969136672642248,1.4505608081817627,-2.2715036869049072,0.26126497983932495
1.8606715202331543,1.3955809959369954,1.4463645219802856,-2.3490500450134277,0.21768520772457123
1.8637495040893555,1.3945007609064266,1.4425498247146606,-2.077134370803833,0.20273137092590332
1.8668203353881836,1.3936806111656614,1.4391164779663086,-1.8847790956497192,0.3052719831466675
1.869886875152588,1.393119563299832,1.435683250427246,-1.7206225395202637,0.2685282528400421
1.872952938079834,1.3928171512164982,1.4318684339523315,-1.9421836137771606,0.32407110929489136
1.876021385192871,1.3927737835222527,1.4288166761398315,-1.5756008625030518,0.40439459681510925
1.8790900707244873,1.392989887387346,1.425764799118042,-1.6712749004364014,0.2839093506336212
1.8821570873260498,1.3934648261423936,1.423475980758667,-1.309727668762207,0.35782405734062195
1.885223150253296,1.3941976734224155,1.4208056926727295,-1.1626917123794556,0.31338977813720703
1.8882956504821777,1.3951897962989628,1.4185168743133545,-1.2090181112289429,0.34415197372436523
1.8913862705230713,1.396446569635474,1.41622793674469,-1.1203936338424683,0.30911725759506226
1.894460678100586,1.3979523982394633,1.4143205881118774,-0.9773861169815063,0.32535287737846375
1.897529125213623,1.3997072994634188,1.4127947092056274,-0.8384069800376892,0.4125123918056488
1.9005951881408691,1.4017096846958788,1.4112688302993774,-0.844449520111084,0.33817043900489807
1.9036619663238525,1.403958400775006,1.4101243019104004,-0.5403066873550415,0.3492790162563324
1.9067285060882568,1.4064494671068528,1.4093613624572754,-0.43355458974838257,0.29330891370773315
1.9097957611083984,1.4091800145825202,1.4085984230041504,-0.30565345287323,0.3975585699081421
1.9128632545471191,1.412145673681682,1.408216953277588,-0.13243305683135986,0.37192338705062866
1.915930986404419,1.4153420925502864,1.4078354835510254,-0.0790569931268692,0.35611504316329956
1.9189977645874023,1.4187632016410174,1.4078354835510254,0.0317235067486763,0.34287023544311523
1.9220645427703857,1.422404878651114,1.4078354835510254,0.09315633028745651,0.3693598806858063
1.9251306056976318,1.4262607914726944,1.4085984230041504,0.37514305114746094,0.3984130620956421
1.928199291229248,1.4303296056947332,1.408979892730713,0.43758296966552734,0.4877088665962219
1.931276798248291,1.4346146340555368,1.409742832183838,0.5382925271987915,0.5795681476593018
1.9343485832214355,1.4390895554176149,1.410887360572815,0.6853284239768982,0.4877088665962219
1.9373829364776611,1.443697502317531,1.4120317697525024,0.7930876612663269,0.5701686143875122
1.9404518604278564,1.4485406836909487,1.4135576486587524,0.9783931970596313,0.5159075260162354
1.9435184001922607,1.4535564934274665,1.4150835275650024,0.7820096015930176,0.4936904013156891
1.946584701538086,1.4587407668148789,1.4173723459243774,1.1203936338424683,0.6201571822166443
1.949652910232544,1.4640895642986724,1.419661283493042,1.2362096309661865,0.5714503526687622
1.9527323246002197,1.4696121286469963,1.421950101852417,1.2623941898345947,0.5577782988548279
1.9558088779449463,1.4752756151413762,1.4246203899383545,1.6410620212554932,0.5368428826332092
1.95888090133667,1.4810679818420458,1.4272907972335815,1.6299840211868286,0.5641870498657227
1.9619474411010742,1.4869781531725914,1.4303425550460815,1.69343101978302,0.7427786588668823
1.9650218486785889,1.4930231890763013,1.4337759017944336,1.7377431392669678,0.7500419616699219
1.9680888652801514,1.4991641405715512,1.437209129333496,1.762920618057251,0.5684596300125122
1.9711551666259766,1.505404812350935,1.4406423568725586,2.0136873722076416,0.539406418800354
1.9742209911346436,1.5117363679998441,1.4448386430740356,2.081162691116333,0.43772029876708984
1.9772870540618896,1.5181508755228064,1.4486533403396606,2.2845959663391113,0.502235472202301
1.980353593826294,1.524639338901928,1.4528496265411377,2.3339436054229736,0.5146257877349854
1.9833831787109375,1.5311118383524942,1.4570459127426147,2.401419162750244,0.658609926700592
1.9864518642425537,1.5377212850903497,1.4616235494613647,2.4729228019714355,0.5817044377326965
1.98952054977417,1.5443746998969952,1.4662013053894043,2.4507668018341064,0.48429083824157715
1.9925968647003174,1.5510788507646858,1.4711604118347168,2.55751895904541,0.48728159070014954
1.995668649673462,1.55779730824795,1.4761196374893188,2.676356077194214,0.4095216393470764
1.9987378120422363,1.5645241607592064,1.481078863143921,2.82439923286438,0.30698099732398987
2.0018038749694824,1.571248334352795,1.486419439315796,3.137605905532837,0.45011061429977417
2.004877805709839,1.5779838596558875,1.492141604423523,2.9150378704071045,0.5133439898490906
2.0079455375671387,1.5846899058440398,1.4974822998046875,3.0409247875213623,0.4167849123477936
2.0110127925872803,1.5913690644926481,1.503204345703125,3.131563186645508,0.46720072627067566
2.0140793323516846,1.5980109134851455,1.508926510810852,3.0409247875213623,0.41892117261886597
2.0171473026275635,1.6046102169419347,1.514648675918579,3.142641305923462,0.30655375123023987
2.0202136039733887,1.6111505168019233,1.5203708410263062,3.2453651428222656,0.32150760293006897
2.023280143737793,1.6176262075635701,1.5264743566513062,3.187960624694824,0.3843137323856354
2.0263490676879883,1.6240321085013625,1.5321965217590332,3.2443580627441406,0.43686580657958984
2.029383659362793,1.6302834140477451,1.5383001565933228,3.179903984069824,0.3620965778827667
2.0324525833129883,1.6365122602328661,1.5444037914276123,3.293705701828003,0.41763943433761597
2.0355184078216553,1.642632038119483,1.5505073070526123,3.184939384460449,0.2651102542877197
2.0385844707489014,1.648640467650005,1.5566109418869019,3.445777177810669,0.3031357228755951
2.041651487350464,1.6545299619734148,1.5627145767211914,3.1043717861175537,0.287327378988266
2.0447165966033936,1.6602863470106102,1.5684367418289185,3.161776065826416,0.30911725759506226
2.0477840900421143,1.6659090992437375,1.5749218463897705,3.589791774749756,0.32193484902381897
2.050851821899414,1.6713857555636475,1.5810253620147705,3.2121310234069824,0.3347524106502533
2.0539283752441406,1.6767228085361967,1.58712899684906,3.463904857635498,0.26169222593307495
2.057004690170288,1.6818959237995732,1.5932326316833496,3.2292516231536865,0.34329748153686523
2.0600743293762207,1.6868871276828816,1.5989547967910767,3.2030670642852783,0.3368886709213257
2.063140392303467,1.6916948987091114,1.6050583124160767,3.3430533409118652,0.3667963743209839
2.066209077835083,1.6963218897030483,1.6107804775238037,3.118471145629883,0.44840162992477417
2.069277763366699,1.700757031543542,1.6165026426315308,3.2000458240509033,0.19504082202911377
2.0723466873168945,1.7049940510780017,1.6226062774658203,3.275578022003174,0.2681010067462921
2.0753819942474365,1.7089832571875878,1.6279468536376953,3.0983290672302246,0.1890592873096466
2.0784502029418945,1.712806203814346,1.6336690187454224,3.123506546020508,0.2232394963502884
2.0815207958221436,1.7164155756907509,1.639009714126587,2.873746871948242,0.21512168645858765
2.0845892429351807,1.7198006577667353,1.644350290298462,2.9079880714416504,0.27493706345558167
2.087658643722534,1.7229599621090874,1.6496909856796265,2.691462516784668,0.2082856446504593
2.090736150741577,1.725895123859448,1.655031681060791,2.715632915496826,0.1587243527173996
2.093803644180298,1.728584717912181,1.659609317779541,2.7528953552246094,0.2587014436721802
2.096870183944702,1.7310339546424551,1.664568543434143,2.4165256023406982,0.2719462811946869
2.0999391078948975,1.7332416902459766,1.6691462993621826,2.387319803237915,0.1924773007631302
2.1030080318450928,1.7352026437074555,1.6737239360809326,2.357106924057007,0.16385138034820557
2.106077194213867,1.7369140220822021,1.6783016920089722,2.3460288047790527,0.24759289622306824
2.1091461181640625,1.738373014537736,1.6824978590011597,2.251361846923828,0.287754625082016
2.1122148036956787,1.739577510443467,1.6863126754760742,2.048935651779175,0.2651102542877197
2.115281581878662,1.740525332488461,1.6901273727416992,2.112382650375366,0.14718852937221527
2.118347644805908,1.7412157700297533,1.6939421892166138,1.9492332935333252,0.1424887478351593
2.121380567550659,1.7416447595217366,1.6973754167556763,1.8062256574630737,0.251865416765213
2.1244468688964844,1.7418210416456732,1.7004272937774658,1.7216296195983887,0.18735027313232422
2.1275153160095215,1.7417380780119152,1.7034790515899658,1.471869945526123,0.24118410050868988
2.130591630935669,1.7413945672412263,1.7065308094024658,1.4769054651260376,0.1762416958808899
2.1336610317230225,1.740792549690654,1.7092012166976929,1.4970474243164062,0.20102235674858093
2.1367287635803223,1.739932978575334,1.7114900350570679,1.224124550819397,0.1736781895160675
2.1397945880889893,1.7388176474453498,1.7137788534164429,1.1858549118041992,0.20444037020206451
2.1428608894348145,1.7374475243412346,1.715686321258545,1.1324788331985474,0.16769665479660034
2.1459271907806396,1.7358247968640077,1.7175936698913574,1.0468757152557373,0.15616083145141602
2.148993968963623,1.733951563464733,1.7191195487976074,0.8595559597015381,0.13138018548488617
2.1520698070526123,1.73182420999277,1.720263957977295,0.7628747820854187,0.13437095284461975
2.1551461219787598,1.7294506919464416,1.7214083671569824,0.6369878649711609,0.1582970917224884
2.158215284347534,1.7268412265444488,1.7221713066101074,0.3509727716445923,0.07583733648061752
2.1612815856933594,1.7239972231469387,1.722934365272522,0.21702906489372253,0.1604333519935608
2.1643481254577637,1.7209203349079039,1.7233158349990845,0.15056076645851135,0.15188831090927124
2.1673836708068848,1.7176498719505155,1.723697304725647,0.18681620061397552,0.16726939380168915
2.170452833175659,1.714120802883009,1.7233158349990845,-0.14048981666564941,0.07327382266521454
2.1735193729400635,1.7103766461537206,1.722934365272522,-0.2724193036556244,0.1441977620124817
2.1765854358673096,1.7064206716248453,1.72255277633667,-0.39024949073791504,0.029694056138396263
2.1796517372131348,1.7022578542907083,1.7221713066101074,-0.20292973518371582,-0.06002899259328842
2.18271803855896,1.6978946735080813,1.7214083671569824,-0.5171434879302979,-0.15146104991436005
2.185784339904785,1.6933376066493877,1.720263957977295,-0.5906614661216736,-0.15402457118034363
2.1888537406921387,1.6885885311454205,1.7191195487976074,-0.8162508606910706,-0.13138018548488617
2.1919305324554443,1.6836469389109305,1.7175936698913574,-0.9481803774833679,-0.19375905394554138
2.195003032684326,1.6785386810835998,1.715686321258545,-1.1475852727890015,-0.18008697032928467
2.1980702877044678,1.6732737443310381,1.7137788534164429,-1.1183794736862183,-0.13778896629810333
2.201136350631714,1.6678535116589195,1.7114900350570679,-1.2482948303222656,-0.16684214770793915
2.2042031288146973,1.6622826977784455,1.7092012166976929,-1.2644083499908447,-0.1924773007631302
2.207273483276367,1.6565640819421734,1.7065308094024658,-1.625955581665039,-0.2211032211780548
2.2103445529937744,1.6507112089836689,1.7034790515899658,-1.7397574186325073,-0.221530482172966
2.2133867740631104,1.6447908084741159,1.7004272937774658,-1.679331660270691,-0.14975203573703766
2.216456413269043,1.6387022903684425,1.6969939470291138,-1.9331196546554565,-0.1604333519935608
2.2195231914520264,1.632513349884206,1.6931792497634888,-1.9300984144210815,-0.18564125895500183
2.2225890159606934,1.626229524022099,1.6893644332885742,-2.0247654914855957,-0.15017929673194885
2.2256553173065186,1.619857232730839,1.6855497360229492,-2.084183931350708,-0.13394369184970856
2.2287240028381348,1.6134018627679947,1.6809719800949097,-2.520256280899048,-0.06729228794574738
2.2318007946014404,1.6068606184650687,1.6767758131027222,-2.364156484603882,-0.05233844369649887
2.2348685264587402,1.6002797430533047,1.6721980571746826,-2.4457314014434814,-0.0019226367585361004
2.2379343509674072,1.5936539856880687,1.667620301246643,-2.4185397624969482,-0.0796826109290123
2.2410037517547607,1.5869813116572427,1.6626611948013306,-2.4960861206054688,-0.043793391436338425
2.244072914123535,1.5802798706444472,1.6577019691467285,-2.4235751628875732,-0.059601739048957825
2.2471399307250977,1.5735638161102372,1.652742862701416,-2.7377889156341553,-0.08694590628147125
2.250209331512451,1.566833217797262,1.647783637046814,-2.689448356628418,-0.02200350910425186
2.2532875537872314,1.5600839712201093,1.642061471939087,-2.974456310272217,0.011322194710373878
2.2563633918762207,1.5533507215831115,1.636720895767212,-2.856626272201538,-0.01773098297417164
2.2594377994537354,1.5466414133516064,1.6313802003860474,-2.8868391513824463,-0.042084380984306335
2.2625041007995605,1.5399804845719447,1.6256580352783203,-2.9079880714416504,-0.004486152436584234
2.2655718326568604,1.5333570240828973,1.6199358701705933,-3.142641305923462,-0.02713054046034813
2.2686376571655273,1.5267880584259523,1.6142138242721558,-3.0640878677368164,-0.002777141984552145
2.2717034816741943,1.5202792048063862,1.6081101894378662,-3.017761468887329,0.02200350910425186
2.2747690677642822,1.5138406207406372,1.6020065546035767,-3.458869218826294,0.02542153000831604
2.277839422225952,1.507471526719187,1.595902919769287,-3.3954222202301025,0.035675592720508575
2.28090763092041,1.5011958303868005,1.5897992849349976,-3.292698621749878,0.03311207890510559
2.2839748859405518,1.495020283784317,1.58407723903656,-3.2473793029785156,0.07669184356927872
2.2870430946350098,1.4889502265050318,1.5779736042022705,-3.184939384460449,0.03353932872414589
2.2901196479797363,1.4829805917020917,1.5714884996414185,-3.5172808170318604,0.07498283684253693
2.2931933403015137,1.4771423333925031,1.565384864807129,-3.296726942062378,0.04293888807296753
2.296266794204712,1.4714389903851959,1.5596628189086914,-3.2493934631347656,0.0117494473233819
2.2993366718292236,1.4658849950443804,1.5535591840744019,-3.127534866333008,0.027557794004678726
2.302380084991455,1.4605278062474478,1.5474555492401123,-3.322911500930786,0.029694056138396263
2.3054468631744385,1.4552874520606784,1.5413519144058228,-3.434699058532715,0.07754635065793991
2.3085129261016846,1.4502145901682306,1.5352483987808228,-3.5122454166412354,0.13992522656917572
2.3115813732147217,1.4453117693202395,1.5291447639465332,-3.146669626235962,0.12967117130756378
2.3146510124206543,1.440588490426821,1.5234225988388062,-2.994598388671875,0.15658807754516602
2.317718744277954,1.4360564775496925,1.5173189640045166,-3.17285418510437,0.054901961237192154
2.320786476135254,1.4317194730374696,1.5115967988967896,-2.990569829940796,0.12497138977050781
2.323853015899658,1.427585488517097,1.505874752998352,-2.857633352279663,0.0942092016339302
2.3269221782684326,1.423655670790711,1.5005340576171875,-2.9311513900756836,0.18051423132419586
2.32999849319458,1.4199310808074381,1.4948118925094604,-3.016754388809204,0.10489051789045334
2.3330705165863037,1.4164314202538246,1.4894713163375854,-2.7700159549713135,0.10873579233884811
2.336139678955078,1.4131595010527747,1.484130620956421,-2.836484432220459,0.24118410050868988
2.339205741882324,1.4101197828351586,1.4791713953018188,-2.7881436347961426,0.13180743157863617
2.3422725200653076,1.4073127321558199,1.4742122888565063,-2.7458457946777344,0.13138018548488617
2.345338821411133,1.4047436343553432,1.4692530632019043,-2.4598305225372314,0.27963683009147644
2.3483834266662598,1.402431463338486,1.4642938375473022,-2.532341480255127,0.21811245381832123
2.351452589035034,1.4003448724207908,1.4597162008285522,-2.404440402984619,0.23135729134082794
2.3545289039611816,1.3985025946480776,1.4551384449005127,-2.5001144409179688,0.1766689568758011
2.3575963973999023,1.3969167298869611,1.4509422779083252,-2.200000047683716,0.24460211396217346
2.3606624603271484,1.3955845555884752,1.4467459917068481,-2.382284164428711,0.29074540734291077
2.3637287616729736,1.3945071771062367,1.4433127641677856,-2.0016021728515625,0.22665750980377197
2.3667984008789062,1.3936855539918958,1.4391164779663086,-1.9290913343429565,0.17965972423553467
2.3698644638061523,1.3931227263202368,1.4360647201538086,-1.8706797361373901,0.30740824341773987
2.3729300498962402,1.3928184496273197,1.4326313734054565,-1.78104829788208,0.3531242907047272
2.3759965896606445,1.3927730940057794,1.429198145866394,-1.8203250169754028,0.2997176945209503
2.379063844680786,1.392986941771715,1.426146388053894,-1.5866788625717163,0.286900132894516
2.3821306228637695,1.3934596224775988,1.423475980758667,-1.4255435466766357,0.24545662105083466
2.385197401046753,1.3941904472858546,1.421187162399292,-1.3943235874176025,0.3168078064918518
2.3882672786712646,1.3951794588830153,1.418898344039917,-1.1244220733642578,0.41977569460868835
2.3913466930389404,1.3964288426629459,1.4166094064712524,-1.0760815143585205,0.3343251645565033
2.394381284713745,1.3979103223972922,1.41470205783844,-1.0509041547775269,0.34415197372436523
2.3975367546081543,1.3997119745101645,1.41317617893219,-0.7276264429092407,0.3954222798347473
2.4006049633026123,1.4017164633794665,1.41165030002594,-0.7820096015930176,0.29544517397880554
2.4036712646484375,1.403965589373402,1.4105058908462524,-0.4889448285102844,0.35611504316329956
2.406737804412842,1.4064573856140345,1.4093613624572754,-0.5141222476959229,0.2501564025878906
2.409804582595825,1.4091882084406677,1.408979892730713,-0.3348592221736908,0.1723964363336563
2.412870407104492,1.4121528599297022,1.408216953277588,-0.2885328531265259,0.287327378988266
2.4159371852874756,1.415348781707838,1.408216953277588,-0.015609979629516602,0.18735027313232422
2.419003963470459,1.4187703418685904,1.408216953277588,0.16264592111110687,0.3014267086982727
2.4220705032348633,1.4224121677639463,1.408216953277588,0.04179446026682854,0.35611504316329956
2.4251370429992676,1.4262691093639468,1.408979892730713,0.2895399332046509,0.3612420856952667
2.428205966949463,1.4303386813667074,1.4093613624572754,0.5292286276817322,0.4804455637931824
2.4312822818756104,1.4346224483229033,1.4101243019104004,0.6339665651321411,0.35996031761169434
2.434354066848755,1.43909771668595,1.4112688302993774,0.8373998403549194,0.42447546124458313
2.437382936477661,1.443697502317531,1.412413239479065,0.5926756858825684,0.5137712955474854
2.4404542446136475,1.4485445158615362,1.413939118385315,0.9109178185462952,0.46506446599960327
2.443532705307007,1.4535802933156985,1.415464997291565,0.9189745783805847,0.540260910987854
2.446599006652832,1.4587653365728586,1.4173723459243774,1.068024754524231,0.46720072627067566
2.4496660232543945,1.464112759135452,1.419661283493042,1.0962233543395996,0.5599145293235779
2.4527344703674316,1.4696160287904543,1.421950101852417,1.2493019104003906,0.44028380513191223
2.455810546875,1.4752787254931354,1.4246203899383545,1.4396429061889648,0.49753567576408386
2.458878517150879,1.4810634354601118,1.4272907972335815,1.4456855058670044,0.5188983082771301
2.461944103240967,1.4869716536450956,1.4303425550460815,1.5705653429031372,0.46634623408317566
2.4650111198425293,1.4930018955426172,1.4337759017944336,1.9854886531829834,0.4941176474094391
2.4680771827697754,1.4991405513781233,1.437209129333496,1.9260700941085815,0.5308613777160645
2.471144437789917,1.5053828109353182,1.441023826599121,2.1889219284057617,0.5658960938453674
2.4742114543914795,1.5117165399285908,1.4444571733474731,2.04792857170105,0.5073624849319458
2.477278709411621,1.5181333143531635,1.4486533403396606,2.234241247177124,0.5552147626876831
2.480349540710449,1.5246307190206967,1.4528496265411377,2.247333526611328,0.5684596300125122
2.4833812713623047,1.5311077459500246,1.4574273824691772,2.237262487411499,0.5231708288192749
2.4864492416381836,1.5377156162523518,1.4620050191879272,2.4608376026153564,0.3945677876472473
2.489518880844116,1.5443710712219099,1.4665827751159668,2.7901580333709717,0.5188983082771301
2.4925951957702637,1.5510752062233133,1.4711604118347168,2.548454999923706,0.5359883904457092
2.495664119720459,1.5577873876779509,1.4765011072158813,2.716639995574951,0.3544060289859772
2.4987313747406006,1.5645100439618387,1.4814603328704834,2.7357747554779053,0.39029526710510254
2.5017991065979004,1.571237878823391,1.4868009090423584,2.998626708984375,0.45267415046691895
2.5048654079437256,1.5779567192486528,1.492141604423523,2.9241015911102295,0.47788205742836
2.507931709289551,1.5846597278284986,1.4974822998046875,2.968413829803467,0.46506446599960327
2.5109975337982178,1.5913359177431954,1.503204345703125,2.962371349334717,0.3193713426589966
2.514063596725464,1.5979769395503935,1.508926510810852,2.9371938705444336,0.43601128458976746
2.5171303749084473,1.604573948045727,1.514648675918579,3.16882586479187,0.31338977813720703
2.5201971530914307,1.6111155928000707,1.5207523107528687,3.278599262237549,0.29758143424987793
2.523265838623047,1.6175961651533746,1.5264743566513062,3.133577585220337,0.382604718208313
2.526336193084717,1.6240054043981895,1.5325779914855957,3.4004578590393066,0.4813000559806824
2.529383897781372,1.630283901713627,1.5383001565933228,3.2111239433288574,0.4150759279727936
2.5324606895446777,1.6365285807967596,1.5444037914276123,3.2222018241882324,0.39114975929260254
2.535527229309082,1.642649489930493,1.5505073070526123,3.3984436988830566,0.2659647464752197
2.538593292236328,1.648657584765766,1.5566109418869019,3.119478225708008,0.23520256578922272
2.541659116744995,1.6545444544877839,1.5627145767211914,3.2342870235443115,0.20315861701965332
2.5447254180908203,1.6603027190484472,1.568818211555481,3.463904857635498,0.34244295954704285
2.5477919578552246,1.6659233361840782,1.5749218463897705,3.308812141418457,0.31253528594970703
2.550863742828369,1.6714067408559135,1.5810253620147705,3.3732662200927734,0.24460211396217346
2.553947687149048,1.676755801581829,1.58712899684906,3.328953981399536,0.29544517397880554
2.557023525238037,1.6819270770592996,1.5932326316833496,3.159761905670166,0.287327378988266
2.560091018676758,1.68691378460871,1.5993362665176392,3.2433509826660156,0.38986802101135254
2.563157081604004,1.6917205695953312,1.6054397821426392,3.188967704772949,0.29501792788505554
2.5662243366241455,1.6963444232748035,1.6111619472503662,3.194003105163574,0.2706645429134369
2.569293737411499,1.7007796050842987,1.6168841123580933,3.462897777557373,0.1886320263147354
2.5723624229431152,1.7050152535876992,1.6226062774658203,3.1990387439727783,0.2211032211780548
2.5753865242004395,1.708989058129101,1.6283283233642578,2.7931792736053467,0.221957728266716
2.5784554481506348,1.7128125556520917,1.6340504884719849,3.16882586479187,0.27920958399772644
2.5815300941467285,1.716426171018639,1.6393911838531494,3.009704828262329,0.28134584426879883
2.584596633911133,1.7198085396625997,1.644731879234314,2.99560546875,0.16470588743686676
2.587665319442749,1.7229665826392466,1.650072455406189,2.819363594055176,0.09292744100093842
2.590740919113159,1.7258994887357262,1.655031681060791,2.6401007175445557,0.13736172020435333
2.593809127807617,1.7285893125486973,1.6599907875061035,2.5706112384796143,0.21512168645858765
2.5968754291534424,1.7310379366809763,1.6649500131607056,2.4568092823028564,0.15231555700302124
2.599942684173584,1.7332441196091057,1.6695277690887451,2.664271116256714,0.1749599426984787
2.603008985519409,1.735203214409985,1.6741054058074951,2.56356143951416,0.1745326966047287
2.6060752868652344,1.7369130366344356,1.6783016920089722,2.1637444496154785,0.1762416958808899
2.6091413497924805,1.7383709444416238,1.6828793287277222,2.3138017654418945,0.18692301213741302
2.612208127975464,1.7395751675906164,1.6866941452026367,2.248340606689453,0.15317006409168243
2.6152749061584473,1.7405235482244916,1.6905088424682617,1.836438536643982,0.08096437156200409
2.6183412075042725,1.7412145905784222,1.6943236589431763,1.9270771741867065,0.04635690897703171
2.621380090713501,1.7416447119677971,1.6977568864822388,1.8444952964782715,0.1723964363336563
2.624446153640747,1.741821030734694,1.7008087635040283,1.8777294158935547,0.1271076500415802
2.627521514892578,1.7417376478168576,1.7038605213165283,1.4617990255355835,0.27621880173683167
2.6305978298187256,1.7413936121785665,1.7069122791290283,1.6420691013336182,0.1890592873096466
2.6336727142333984,1.740789764616335,1.7095826864242554,1.3711605072021484,0.18735027313232422
2.6367452144622803,1.7399276762392615,1.7118715047836304,1.385259747505188,0.1882047802209854
2.6398119926452637,1.7388105873488982,1.7141603231430054,1.226138710975647,0.11898985505104065
2.642878293991089,1.73743902434729,1.7160677909851074,1.0408331155776978,0.13992522656917572
2.645944118499756,1.7358151416787408,1.71797513961792,0.879697859287262,0.12454413622617722
2.6490108966827393,1.7339405342243657,1.71950101852417,0.7497825622558594,0.08566414564847946
2.6520798206329346,1.7318168810631187,1.7206454277038574,0.7276264429092407,0.14547951519489288
2.655155658721924,1.7294429552377437,1.721789836883545,0.583611786365509,0.10659952461719513
2.65822434425354,1.7268331703478172,1.72255277633667,0.3197528123855591,0.11001754552125931
2.6612908840179443,1.7239882429058901,1.7233158349990845,0.4275120198726654,0.10659952461719513
2.6643576622009277,1.7209104077269897,1.723697304725647,0.29457542300224304,0.07455558329820633
2.667381525039673,1.7176522616193792,1.723697304725647,0.05589379742741585,0.03012130968272686
2.670447587966919,1.7141270219040274,1.723697304725647,0.1747310608625412,0.10659952461719513
2.673513412475586,1.7103841316302617,1.7233158349990845,-0.2714122235774994,0.08139162510633469
2.6765854358673096,1.706420671624845,1.722934365272522,-0.2855115532875061,0.0023498893715441227
2.679657459259033,1.7022498967612183,1.72255277633667,-0.5141222476959229,-0.07541008293628693
2.682724952697754,1.6978846134860712,1.721789836883545,-0.3489585816860199,-0.11300831288099289
2.685791254043579,1.6933271169759652,1.720263957977295,-0.6712291240692139,-0.13009841740131378
2.6888604164123535,1.68857800300345,1.7191195487976074,-0.8847333192825317,-0.15317006409168243
2.6919384002685547,1.6836340763857536,1.7175936698913574,-0.844449520111084,-0.15402457118034363
2.695011615753174,1.6785241752397049,1.7160677909851074,-1.0609750747680664,-0.18735027313232422
2.698082447052002,1.6732525543022614,1.7137788534164429,-1.2875715494155884,-0.1266804039478302
2.7011494636535645,1.6678300038881264,1.7114900350570679,-1.1677271127700806,-0.06857404112815857
2.7042160034179688,1.6622590078122597,1.7088197469711304,-1.3067063093185425,-0.11215381324291229
2.707282066345215,1.6565479054890764,1.7061493396759033,-1.4960402250289917,-0.12411688268184662
2.7103512287139893,1.6506983478320578,1.7030975818634033,-1.7155871391296387,-0.095918208360672
2.713383674621582,1.644796899345374,1.6996643543243408,-1.909956455230713,-0.09677271544933319
2.7164533138275146,1.6387084931194777,1.6966124773025513,-1.8444952964782715,-0.12497138977050781
2.71951961517334,1.6325206252344013,1.6927977800369263,-2.0066375732421875,-0.09933622926473618
2.722586154937744,1.6262354303146924,1.6889829635620117,-2.1476309299468994,-0.13351644575595856
2.7256524562835693,1.619863216271178,1.6851682662963867,-2.1718013286590576,-0.05874723568558693
2.728724718093872,1.6134003497699632,1.6809719800949097,-2.2906386852264404,-0.10403601080179214
2.7318084239959717,1.6068443208391845,1.6763943433761597,-2.4487526416778564,-0.001495384145528078
2.7348761558532715,1.600263311359603,1.6721980571746826,-2.4558022022247314,-0.03695734962821007
2.7379424571990967,1.5936364105652616,1.6672388315200806,-2.55751895904541,-0.07711909711360931
2.741014242172241,1.5869584502950682,1.662279725074768,-2.7317464351654053,-0.06558327376842499
2.7440812587738037,1.580261619448976,1.6577019691467285,-2.680384635925293,-0.08181887865066528
2.747148275375366,1.5735455260290787,1.6523613929748535,-2.7619593143463135,-0.08096437156200409
2.750216245651245,1.5668180534482208,1.6474021673202515,-2.968413829803467,-0.03311207890510559
2.753293514251709,1.560070909633178,1.642061471939087,-2.8022429943084717,0.08395513892173767
2.756378173828125,1.5533184049742599,1.6363393068313599,-3.016754388809204,-0.0061951628886163235
2.759448766708374,1.5466175286358603,1.6306172609329224,-3.037903308868408,-0.013031205162405968
2.7625162601470947,1.5399541450052474,1.6252765655517578,-3.132570266723633,0.01602197252213955
2.7655835151672363,1.5333318908334452,1.6195544004440308,-3.0802013874053955,0.027557794004678726
2.7686498165130615,1.5267621185533797,1.6138323545455933,-3.143648386001587,-0.022858014330267906
2.7717158794403076,1.5202530190782735,1.6077287197113037,-3.148684024810791,0.09036392718553543
2.7747819423675537,1.5138137410919468,1.6016250848770142,-3.322911500930786,0.08267337828874588
2.777848720550537,1.507452368907681,1.5955214500427246,-3.3772945404052734,0.06045624613761902
2.7809154987335205,1.5011798599397261,1.5897992849349976,-3.2423439025878906,0.02841229923069477
2.7839813232421875,1.4950074327690044,1.5836957693099976,-3.0429389476776123,0.0946364551782608
2.787048578262329,1.488939479435348,1.577592134475708,-3.283634662628174,0.04293888807296753
2.790117025375366,1.482985628104983,1.5714884996414185,-3.0409247875213623,0.10659952461719513
2.7931931018829346,1.4771427811476685,1.565384864807129,-3.182925224304199,0.06942854821681976
2.796262264251709,1.471447293384919,1.559281349182129,-3.325932741165161,0.11728084087371826
2.7993297576904297,1.465897337558894,1.5531777143478394,-3.5263447761535645,0.08822766691446304
2.802382707595825,1.4605232560145955,1.5466926097869873,-3.3531243801116943,0.08737315982580185
2.805453062057495,1.4552770255848273,1.5409704446792603,-3.304783821105957,0.1279621571302414
2.8085222244262695,1.4501994664727604,1.5348668098449707,-3.2725565433502197,0.2403295934200287
2.811589241027832,1.4452994280101188,1.5287632942199707,-3.132570266723633,0.20401312410831451
2.8146562576293945,1.4405805789502244,1.5226596593856812,-3.143648386001587,0.1578698456287384
2.817723035812378,1.4360502726476148,1.516937494277954,-3.141634225845337,0.15658807754516602
2.820789337158203,1.4317155213157904,1.511215329170227,-3.2131381034851074,0.14804303646087646
2.8238556385040283,1.4275820409243045,1.5054932832717896,-3.2594645023345947,0.19504082202911377
2.8269240856170654,1.4236532944171196,1.500152587890625,-2.973449230194092,0.1886320263147354
2.8299994468688965,1.419929960026843,1.494430422782898,-2.9371938705444336,0.16299687325954437
2.833073139190674,1.4164285278921487,1.489089846611023,-3.017761468887329,0.16684214770793915
2.836143732070923,1.4131553307136702,1.4837491512298584,-2.9341726303100586,0.14035248756408691
2.839210271835327,1.410115463331632,1.4787899255752563,-2.819363594055176,0.191195547580719
2.8422765731811523,1.4073091786189753,1.4738308191299438,-2.5887389183044434,0.19760432839393616
2.8453426361083984,1.4047405877523145,1.4688715934753418,-2.535362720489502,0.3172350525856018
2.8483810424804688,1.4024331799816425,1.4639123678207397,-2.6119019985198975,0.2830548584461212
2.851456880569458,1.400342127953657,1.4593347311019897,-2.249347686767578,0.32578012347221375
2.8545329570770264,1.39850033321073,1.4551384449005127,-2.381277084350586,0.21255818009376526
2.8576059341430664,1.39691219306573,1.4505608081817627,-2.3460288047790527,0.33859768509864807
2.86067271232605,1.395580527727494,1.4467459917068481,-2.1264820098876953,0.27664607763290405
2.863739013671875,1.3945040044137884,1.4429312944412231,-2.0247654914855957,0.23263904452323914
2.8668060302734375,1.3936838332519474,1.4391164779663086,-1.9552757740020752,0.20273137092590332
2.8698723316192627,1.393121614324597,1.435683250427246,-1.8878004550933838,0.28006407618522644
2.872938632965088,1.3928179610318254,1.432249903678894,-1.5957427024841309,0.3625238537788391
2.876004695892334,1.3927733175604398,1.429198145866394,-1.8203250169754028,0.3172350525856018
2.879072666168213,1.3929879304566875,1.426146388053894,-1.6612039804458618,0.3334706723690033
2.8821396827697754,1.3934614017481701,1.423475980758667,-1.4315861463546753,0.28134584426879883
2.8852059841156006,1.3941928539843236,1.421187162399292,-1.2563515901565552,0.27835509181022644
2.888274908065796,1.3951822365418356,1.4185168743133545,-1.2482948303222656,0.30783551931381226
2.8913533687591553,1.396431829791649,1.4166094064712524,-1.0982376337051392,0.28049135208129883
2.8943865299224854,1.3979130969817193,1.41470205783844,-1.1032730340957642,0.22922103106975555
2.8974571228027344,1.399663254583691,1.4127947092056274,-0.9884641766548157,0.3330434262752533
2.9005234241485596,1.4016599957477365,1.41165030002594,-0.5564202070236206,0.3309071362018585
2.9035990238189697,1.4039097981383732,1.4105058908462524,-0.5956969261169434,0.29416343569755554
2.906668186187744,1.4063981516647246,1.4093613624572754,-0.4919661283493042,0.3838864862918854
2.9097349643707275,1.4091235962428612,1.4085984230041504,-0.3801785409450531,0.29715418815612793
2.9128010272979736,1.412083206216815,1.408216953277588,-0.29356831312179565,0.2668192684650421
2.915868043899536,1.4152742240929694,1.408216953277588,0.016617074608802795,0.21640345454216003
2.9189345836639404,1.4186904776589548,1.408216953277588,-0.02568093314766884,0.26425573229789734
2.9220004081726074,1.422326499233534,1.4085984230041504,0.21803615987300873,0.33987945318222046
2.9250667095184326,1.4261782787519985,1.408979892730713,0.12437628954648972,0.3629510998725891
2.9281351566314697,1.4302424635381392,1.4093613624572754,0.2855115532875061,0.3676508665084839
2.931211471557617,1.4345215908180717,1.4101243019104004,0.5282215476036072,0.538979172706604
2.9342803955078125,1.4389881226824937,1.410887360572815,0.5171434879302979,0.46677348017692566
2.937350034713745,1.4436465620134613,1.412413239479065,0.5755550265312195,0.42105746269226074
2.9403796195983887,1.4484246194852006,1.413939118385315,0.9058823585510254,0.3920042812824249
2.943446159362793,1.453436360153453,1.415464997291565,0.9491874575614929,0.576150119304657
2.9465134143829346,1.4586183798330428,1.4173723459243774,1.3751888275146484,0.5227435827255249
2.949579954147339,1.4639605678457999,1.419661283493042,1.2341954708099365,0.5432516932487488
2.9526491165161133,1.4694609445535398,1.421950101852417,1.1747767925262451,0.5825589299201965
2.9557278156280518,1.4751245896634217,1.4246203899383545,1.4033875465393066,0.49839016795158386
2.95879864692688,1.480911176419598,1.427672266960144,1.5796291828155518,0.4881361126899719
2.961864471435547,1.4868166354158316,1.4303425550460815,1.6360265016555786,0.40610361099243164
2.9649312496185303,1.4928434194856697,1.4337759017944336,1.832410216331482,0.5342794060707092
2.9679975509643555,1.4989797988878044,1.437209129333496,1.7377431392669678,0.5513694882392883
2.9710636138916016,1.5052171031364787,1.441023826599121,2.0499427318573,0.4560921788215637
2.9741299152374268,1.5115470425356867,1.4448386430740356,2.21712064743042,0.3924315273761749
2.977196216583252,1.5179597387636639,1.4490348100662231,2.254383087158203,0.4603646993637085
2.9802634716033936,1.5244476994711038,1.4528496265411377,2.229205846786499,0.4889906048774719
2.983330011367798,1.530997770427647,1.4574273824691772,2.4205539226531982,0.5270161032676697
2.9863827228546143,1.537571844663928,1.4620050191879272,2.5071640014648438,0.4471198618412018
2.9894542694091797,1.5442305974236978,1.4665827751159668,2.5726253986358643,0.443701833486557
2.9925310611724854,1.5509351571238648,1.4715418815612793,2.552483320236206,0.5966582894325256
2.9955999851226807,1.5576469366122483,1.4765011072158813,2.667292356491089,0.40695810317993164
2.9986672401428223,1.5643693998418757,1.4814603328704834,2.723689556121826,0.27664607763290405
3.0017330646514893,1.5710930683008413,1.4868009090423584,2.9603569507598877,0.3650873601436615
3.0048017501831055,1.5778173596337308,1.492141604423523,2.867704391479492,0.46933698654174805
3.0078680515289307,1.5845207981450729,1.4974822998046875,2.9140305519104004,0.38901349902153015
3.010934829711914,1.591199696052399,1.503204345703125,3.161776065826416,0.5193255543708801
3.0140016078948975,1.5978430911774268,1.508926510810852,2.971435070037842,0.4471198618412018
3.0170693397521973,1.6044431616921726,1.514648675918579,3.0419318675994873,0.5167620182037354
3.0201361179351807,1.6109860033392127,1.5203708410263062,3.012726068496704,0.3326161503791809
3.023202419281006,1.6174629575701367,1.5264743566513062,3.303776502609253,0.3031357228755951
3.026271104812622,1.623870377612618,1.5321965217590332,3.2332799434661865,0.46805524826049805
3.0293397903442383,1.6301936739064196,1.5383001565933228,3.2081024646759033,0.251010924577713
3.0323808193206787,1.6363677439335498,1.5444037914276123,3.293705701828003,0.46463721990585327
3.035446882247925,1.6424905027821548,1.5505073070526123,3.3913938999176025,0.2668192684650421
3.038513660430908,1.648503031899351,1.5566109418869019,3.4276492595672607,0.40268558263778687
3.041579484939575,1.6543931493938695,1.5627145767211914,3.3571527004241943,0.29159989953041077
3.044645071029663,1.660153558579014,1.5684367418289185,3.191988945007324,0.3851682245731354
3.0477113723754883,1.665777469790696,1.5749218463897705,3.135591745376587,0.3321889042854309
3.0507802963256836,1.6712597947716261,1.5810253620147705,3.277592182159424,0.35996031761169434
3.0538597106933594,1.6766054477481316,1.58712899684906,3.5797207355499268,0.26425573229789734
3.0569357872009277,1.6817819033871277,1.592851161956787,3.184939384460449,0.30698099732398987
3.0600039958953857,1.6867747299990767,1.5993362665176392,3.305790901184082,0.2860456109046936
3.0630698204040527,1.6915862870581384,1.6050583124160767,3.022796869277954,0.2839093506336212
3.0661373138427734,1.696215847888468,1.6107804775238037,3.0610666275024414,0.33817043900489807
3.069204092025757,1.700652854139685,1.6165026426315308,3.144655466079712,0.2646830081939697
3.0722708702087402,1.7048918180772428,1.6226062774658203,3.0882582664489746,0.07241931557655334
3.0753378868103027,1.7089267503387326,1.6279468536376953,3.132570266723633,0.21341268718242645
3.0783815383911133,1.7127229941860755,1.6336690187454224,3.014740228652954,0.3300526440143585
3.081449508666992,1.716334277214362,1.639009714126587,3.0852367877960205,0.2839093506336212
3.0845229625701904,1.7197299161681663,1.644731879234314,2.8989243507385254,0.17837797105312347
3.087592124938965,1.7228939334199602,1.6496909856796265,2.809292793273926,0.16641488671302795
3.0906686782836914,1.725833299828139,1.655031681060791,2.722682476043701,0.17923247814178467
3.0937421321868896,1.7285331255996408,1.6599907875061035,2.6108949184417725,0.1416342407464981
3.096808671951294,1.7309872031060571,1.664568543434143,2.407461643218994,0.18094147741794586
3.09987473487854,1.7331979044012784,1.6691462993621826,2.2966811656951904,0.1587243527173996
3.1029436588287354,1.7351640655387657,1.6741054058074951,2.5837032794952393,0.18179598450660706
3.1060125827789307,1.7368805857832066,1.6783016920089722,2.4719157218933105,0.16641488671302795
3.1090786457061768,1.7383436655316566,1.6824978590011597,2.1325244903564453,0.18307773768901825
3.1121444702148438,1.7395527659136636,1.6866941452026367,2.56960391998291,0.16726939380168915
3.1152114868164062,1.7405065369155555,1.6905088424682617,2.1949644088745117,0.13351644575595856
3.1182775497436523,1.7412028658414436,1.6943236589431763,1.9311054944992065,0.09335469454526901
3.1213438510894775,1.7416410795511963,1.6973754167556763,1.6642252206802368,0.12326237559318542
3.124382734298706,1.7418200072452805,1.7008087635040283,1.4416571855545044,0.12112611532211304
3.1274495124816895,1.7417425794375123,1.7038605213165283,1.469855785369873,0.13479819893836975
3.1305155754089355,1.7414061991264855,1.7065308094024658,1.3671320676803589,0.14804303646087646
3.133582592010498,1.7408111526317762,1.7095826864242554,1.7196154594421387,0.22751201689243317
3.136648416519165,1.7399587694725005,1.7114900350570679,1.2613869905471802,0.20273137092590332
3.1397149562835693,1.7388498451493852,1.7141603231430054,1.3318836688995361,0.11856260150671005
3.1427814960479736,1.737486195031211,1.7160677909851074,0.9924925565719604,0.08865492045879364
3.1458473205566406,1.735870250134119,1.71797513961792,0.8988326787948608,0.09036392718553543
3.148913860321045,1.7340036558813439,1.71950101852417,0.8484779000282288,0.07071030884981155
3.1519815921783447,1.7318886617909626,1.7206454277038574,0.8343786001205444,0.07797360420227051
3.155057430267334,1.7295225317777967,1.721789836883545,0.6027466058731079,0.05362020432949066
3.158125162124634,1.726921251880761,1.72255277633667,0.4899519383907318,0.0625925064086914
3.16119122505188,1.724084381229144,1.7233158349990845,0.23414969444274902,0.15487907826900482
3.164259672164917,1.721012304355045,1.723697304725647,0.24119935929775238,0.08139162510633469
3.1673290729522705,1.7177106417444066,1.7240787744522095,-0.07704280316829681,0.09677271544933319
3.1703827381134033,1.7142038589094772,1.723697304725647,-0.03776608034968376,0.042084380984306335
3.1734511852264404,1.710462232058213,1.723697304725647,-0.20393683016300201,-0.06088349595665932
3.1765172481536865,1.7065109181358236,1.722934365272522,-0.15156786143779755,0.009185931645333767
3.1795835494995117,1.7023526277998995,1.72255277633667,-0.3167315125465393,-0.10104524344205856
3.1826510429382324,1.6979921005800482,1.721789836883545,-0.4154268801212311,-0.16299687325954437
3.1857168674468994,1.6934399214311135,1.7206454277038574,-0.7054703831672668,-0.14590676128864288
3.1887853145599365,1.68869639537108,1.71950101852417,-0.7044632434844971,-0.15146104991436005
3.191861391067505,1.683759924292708,1.71797513961792,-0.721583902835846,-0.2078583985567093
3.1949286460876465,1.678664344168029,1.7160677909851074,-1.0660104751586914,-0.1732509285211563
3.197995662689209,1.6734037387271994,1.7141603231430054,-1.2110322713851929,-0.15317006409168243
3.2010622024536133,1.6679863860249662,1.7114900350570679,-1.3731746673583984,-0.11471732705831528
3.2041285037994385,1.6624199628488279,1.7092012166976929,-1.3772029876708984,-0.10617227107286453
3.2071950435638428,1.6567118686118523,1.7065308094024658,-1.52423894405365,-0.13607995212078094
3.210261106491089,1.650871923816599,1.7034790515899658,-1.5856717824935913,-0.05532921478152275
3.213327646255493,1.644906983274572,1.7000458240509033,-1.8042114973068237,-0.04422064498066902
3.2163805961608887,1.6388539880931985,1.6966124773025513,-2.200000047683716,-0.08780041337013245
3.2194464206695557,1.6326694984406838,1.6927977800369263,-2.202014207839966,-0.05661097168922424
3.222519874572754,1.6263722380828574,1.6889829635620117,-2.255390167236328,-0.08181887865066528
3.2255859375,1.6200023144115479,1.6851682662963867,-2.2886242866516113,-0.04592965543270111
3.2286531925201416,1.6135516311143547,1.6809719800949097,-2.411489963531494,-0.042084380984306335
3.2317209243774414,1.6070312123739199,1.6763943433761597,-2.4386816024780273,-0.010894942097365856
3.2347867488861084,1.6004558511960822,1.6721980571746826,-2.56758975982666,-0.012176699936389923
3.2378554344177246,1.5938250703556873,1.667620301246643,-2.379262924194336,-0.049774929881095886
3.2409255504608154,1.5871517219115292,1.6626611948013306,-2.546440839767456,-0.03952086716890335
3.243992805480957,1.580455074825461,1.6577019691467285,-2.669306516647339,-0.06045624613761902
3.247058868408203,1.5737414875651412,1.6523613929748535,-2.9361867904663086,-0.10104524344205856
3.2501258850097656,1.5670162360429596,1.6474021673202515,-2.6612496376037598,-0.02670328877866268
3.253194808959961,1.560287214677171,1.642061471939087,-2.9079880714416504,0.018158236518502235
3.2562739849090576,1.553546195157155,1.636720895767212,-2.874753952026367,0.0036316472105681896
3.2593483924865723,1.54683614030052,1.6309987306594849,-3.17688250541687,-0.045075152069330215
3.2623839378356934,1.5402408156566416,1.6252765655517578,-3.0741589069366455,0.009185931645333767
3.265454053878784,1.5336104490349542,1.6195544004440308,-3.2312657833099365,0.00747692072764039
3.2685272693634033,1.527023594967128,1.6138323545455933,-3.190981864929199,0.024994278326630592
3.2715935707092285,1.5205114011854433,1.6081101894378662,-3.180911064147949,0.10019073635339737
3.2746596336364746,1.514069154172181,1.6020065546035767,-3.2624857425689697,0.1112993061542511
3.277726650238037,1.5077039415306355,1.5962843894958496,-3.026825428009033,0.039093613624572754
3.280794858932495,1.501424811052228,1.5901808738708496,-3.0912795066833496,0.02670328877866268
3.2838613986968994,1.4952469200112657,1.58407723903656,-3.276585102081299,0.07327382266521454
3.286928176879883,1.4891755332125365,1.577592134475708,-3.4236209392547607,0.06771954149007797
3.289999008178711,1.4832123609257108,1.571869969367981,-3.0812084674835205,0.1412069946527481
3.293077230453491,1.477360485844145,1.565384864807129,-3.3511099815368652,0.07626459002494812
3.2961506843566895,1.4716519073536667,1.559281349182129,-3.4165713787078857,0.08438239246606827
3.2992210388183594,1.4660915135445676,1.5531777143478394,-3.452826738357544,0.05062943324446678
3.3022899627685547,1.460684239220447,1.5470740795135498,-3.4004578590393066,0.13351644575595856
3.305359125137329,1.4554350996531884,1.5409704446792603,-3.2352941036224365,0.16256961226463318
3.3083858489990234,1.4504214407874167,1.5348668098449707,-3.274570941925049,0.21725794672966003
3.311455249786377,1.4455097669405477,1.5287632942199707,-3.4024720191955566,0.18094147741794586
3.3145294189453125,1.4407720470588987,1.5230411291122437,-3.2000458240509033,0.21426717936992645
3.3176004886627197,1.436227607175215,1.516937494277954,-3.302769422531128,0.11343556642532349
3.320669412612915,1.4318813145347506,1.5115967988967896,-3.121492385864258,0.18735027313232422
3.323735475540161,1.427740159100672,1.505874752998352,-2.987548589706421,0.251010924577713
3.3268051147460938,1.4238016786163965,1.500152587890625,-2.9351797103881836,0.22537575662136078
3.329871416091919,1.4200806140600075,1.4948118925094604,-3.032867908477783,0.20144960284233093
3.3329384326934814,1.4165773019746652,1.489089846611023,-2.9583427906036377,0.16171512007713318
3.3360044956207275,1.413298823126902,1.484130620956421,-2.998626708984375,0.16214236617088318
3.339071035385132,1.410248463927937,1.4787899255752563,-2.668299436569214,0.24289311468601227
3.342137336730957,1.407431490759581,1.4742122888565063,-2.6562142372131348,0.1745326966047287
3.345203399658203,1.4048520307102215,1.4688715934753418,-2.5816891193389893,0.2847638726234436
3.3482699394226074,1.402513339652157,1.4642938375473022,-2.523277521133423,0.3206530809402466
3.3513386249542236,1.4004179308929088,1.4597162008285522,-2.56960391998291,0.29031816124916077
3.3543827533721924,1.3985844319337937,1.4551384449005127,-2.3268940448760986,0.32364386320114136
3.3574628829956055,1.396980502285544,1.4509422779083252,-2.3339436054229736,0.2890363931655884
3.3605313301086426,1.3956363260663884,1.4467459917068481,-2.068070411682129,0.23050278425216675
3.3635971546173096,1.3945481603067533,1.4429312944412231,-2.076127290725708,0.19333180785179138
3.366663694381714,1.3937161986126627,1.439497947692871,-1.9260700941085815,0.221530482172966
3.369732618331909,1.3931416139802693,1.435683250427246,-1.7699702978134155,0.3176623284816742
3.372802257537842,1.3928259643510432,1.4326313734054565,-1.676310420036316,0.29758143424987793
3.375868320465088,1.3927697976248514,1.429198145866394,-1.6994736194610596,0.35825130343437195
3.3789358139038086,1.3929728336238132,1.4265278577804565,-1.5997711420059204,0.3005722165107727
3.3820040225982666,1.3934349952492848,1.423475980758667,-1.3631036281585693,0.30740824341773987
3.38507080078125,1.3941551824085676,1.421187162399292,-1.3872740268707275,0.27792781591415405
3.388139009475708,1.395132996400749,1.418898344039917,-1.155642032623291,0.2706645429134369
3.3912160396575928,1.3963706223725967,1.4166094064712524,-0.99853515625,0.2860456109046936
3.3942911624908447,1.397862764946991,1.41470205783844,-0.8686197996139526,0.3027084767818451
3.397364377975464,1.3996067235140486,1.41317617893219,-0.8847333192825317,0.29672694206237793
3.400442361831665,1.4016040307125588,1.41165030002594,-0.7477683424949646,0.3497062623500824
3.403508186340332,1.4038398359070283,1.4105058908462524,-0.8172579407691956,0.33987945318222046
3.4065756797790527,1.4063196340724902,1.409742832183838,-0.3137102425098419,0.2557106912136078
3.4096438884735107,1.4090392521079522,1.408979892730713,-0.5272144675254822,0.24972915649414062
3.412710189819336,1.411992188480141,1.408216953277588,-0.21501487493515015,0.2223849892616272
3.4157767295837402,1.4151759324963615,1.408216953277588,-0.19688716530799866,0.24545662105083466
3.4188432693481445,1.4185855364612698,1.408216953277588,0.0005035477224737406,0.23007553815841675
3.421909809112549,1.4222159378505381,1.4085984230041504,-0.04078736528754234,0.30698099732398987
3.424975872039795,1.4260611318393424,1.4085984230041504,0.03978027030825615,0.35910582542419434
3.428042411804199,1.4301166050151566,1.4093613624572754,0.3519798517227173,0.40823987126350403
3.4311089515686035,1.434375754472907,1.4101243019104004,0.6097962856292725,0.48386359214782715
3.4341750144958496,1.4388315483228769,1.4112688302993774,0.4909590184688568,0.4949721395969391
3.437242031097412,1.4434794935461912,1.412413239479065,1.0055848360061646,0.5441061854362488
3.4403109550476074,1.448314391836588,1.413939118385315,0.9491874575614929,0.48215457797050476
3.443385362625122,1.4533353306000922,1.4158464670181274,1.072053074836731,0.4736095070838928
3.4464550018310547,1.458518161188345,1.4173723459243774,1.1707484722137451,0.4313115179538727
3.449521541595459,1.463857348973692,1.419661283493042,1.3661249876022339,0.5590600371360779
3.452590227127075,1.4693540106978387,1.421950101852417,1.139528512954712,0.5526512265205383
3.4556667804718018,1.4750109394692206,1.4246203899383545,1.540352463722229,0.5206072926521301
3.4587364196777344,1.4807926110196563,1.427672266960144,1.5997711420059204,0.5599145293235779
3.4618027210235596,1.4866964821351412,1.430724024772644,1.8062256574630737,0.7094529867172241
3.464869976043701,1.4927218931605089,1.4337759017944336,1.7035019397735596,0.60947585105896
3.4679365158081055,1.4988566336984035,1.437209129333496,1.780041217803955,0.44028380513191223
3.4710023403167725,1.5050915207152784,1.441023826599121,2.1264820098876953,0.4419928193092346
3.4740679264068604,1.5114182240195235,1.4448386430740356,2.1859006881713867,0.4257572293281555
3.4771342277526855,1.5178293411154855,1.4490348100662231,2.1355459690093994,0.49753567576408386
3.4802021980285645,1.5243174363039353,1.4532310962677002,2.368185043334961,0.40610361099243164
3.483269691467285,1.5308683766621078,1.4574273824691772,2.5796749591827393,0.3356069326400757
3.4863369464874268,1.5374729171329249,1.4620050191879272,2.6239871978759766,0.44840162992477417
3.489387035369873,1.5440844378795393,1.4665827751159668,2.4648661613464355,0.46634623408317566
3.492467164993286,1.5507956392183602,1.4715418815612793,2.5837032794952393,0.4740367829799652
3.4955410957336426,1.557517977766041,1.4765011072158813,2.692469596862793,0.38602274656295776
3.498607873916626,1.5642392142238568,1.4814603328704834,2.7347676753997803,0.37363240122795105
3.5016751289367676,1.57096603019621,1.4868009090423584,2.823392152786255,0.3197985887527466
3.504741668701172,1.5776858230309383,1.492141604423523,2.806271553039551,0.3689326345920563
3.5078084468841553,1.5843907041759386,1.4974822998046875,3.013733148574829,0.35568779706954956
3.5108745098114014,1.5910686398847005,1.503204345703125,2.99560546875,0.4317387640476227
3.5139405727386475,1.5977112838971592,1.508926510810852,2.991576910018921,0.38730448484420776
3.517007827758789,1.604311331458781,1.514648675918579,3.1980316638946533,0.29373615980148315
3.5200746059417725,1.6108553754550297,1.5203708410263062,3.155733585357666,0.40268558263778687
3.5231411457061768,1.6173342267435424,1.5260928869247437,2.976470470428467,0.4719005227088928
3.526207685470581,1.623738776644294,1.5321965217590332,3.17688250541687,0.40567636489868164
3.529273748397827,1.6300585399345056,1.5383001565933228,3.474982738494873,0.37277790904045105
3.532341957092285,1.6362894608213165,1.5444037914276123,3.161776065826416,0.35782405734062195
3.5353832244873047,1.6423644852342196,1.5505073070526123,3.306797981262207,0.2698100209236145
3.538452386856079,1.6483840541150985,1.5562294721603394,3.3642022609710693,0.2655375003814697
3.541524887084961,1.6542893598627817,1.5627145767211914,3.325932741165161,0.24075685441493988
3.5445914268493652,1.6600539180176024,1.568818211555481,3.291691541671753,0.34415197372436523
3.5476574897766113,1.6656798814728375,1.574540376663208,3.2514076232910156,0.3808957040309906
3.5507264137268066,1.6711648488323472,1.580643892288208,3.0509955883026123,0.3180895745754242
3.5538055896759033,1.67651288726711,1.5867475271224976,3.188967704772949,0.29074540734291077
3.556882858276367,1.6816942584761352,1.5932326316833496,3.3430533409118652,0.2373388260602951
3.559951066970825,1.6866900844261405,1.5989547967910767,3.279606342315674,0.24075685441493988
3.5630173683166504,1.6915054988501848,1.6050583124160767,3.3692378997802734,0.2663919925689697
3.56608510017395,1.6961386286421731,1.6107804775238037,3.1053788661956787,0.2706645429134369
3.5691514015197754,1.7005782752687482,1.6165026426315308,3.194003105163574,0.23178453743457794
3.57222056388855,1.7048239152924518,1.6226062774658203,3.276585102081299,0.2377660721540451
3.5752925872802734,1.7088686709856924,1.6279468536376953,3.026825428009033,0.3360341787338257
3.5783631801605225,1.7127007288201899,1.6336690187454224,2.815335273742676,0.2232394963502884
3.5814380645751953,1.7163212148105964,1.639009714126587,2.975463390350342,0.2582741975784302
3.584505081176758,1.7197108130891614,1.644350290298462,2.9291369915008545,0.19375905394554138
3.5875632762908936,1.7228652635181159,1.6496909856796265,2.856626272201538,0.26083773374557495
3.590630054473877,1.7257978580940554,1.6546502113342285,2.5826961994171143,0.13778896629810333
3.5936970710754395,1.7284952700909937,1.659609317779541,2.6008238792419434,0.1604333519935608
3.596764326095581,1.7309534378346785,1.664568543434143,2.5957884788513184,0.2399023473262787
3.5998313426971436,1.7331683282419166,1.6691462993621826,2.705561876296997,0.35568779706954956
3.602898120880127,1.7351367087140184,1.6737239360809326,2.3067522048950195,0.14590676128864288
3.605964422225952,1.7368555900601417,1.6783016920089722,2.3409934043884277,0.1770962029695511
3.609030246734619,1.738322537322583,1.6824978590011597,2.4960861206054688,0.18478675186634064
3.6120963096618652,1.739535744582422,1.6863126754760742,2.109361410140991,0.24374762177467346
3.615163564682007,1.7404936095311374,1.6901273727416992,2.108354330062866,0.191622793674469
3.618230104446411,1.7411940547966833,1.6939421892166138,1.9582971334457397,0.09848172962665558
3.6212985515594482,1.7416364881831687,1.6973754167556763,1.7024948596954346,0.2381933331489563
3.6243703365325928,1.7418197942117917,1.7008087635040283,1.8223391771316528,0.11728084087371826
3.6274476051330566,1.7417427081347383,1.7038605213165283,1.5715724229812622,0.20401312410831451
3.6305150985717773,1.7414062715519838,1.7065308094024658,1.379217267036438,0.14975203573703766
3.633582353591919,1.740811208918681,1.7092012166976929,1.3479973077774048,0.2240939885377884
3.6366498470306396,1.7399583118263753,1.7118715047836304,1.1334859132766724,0.17965972423553467
3.6397173404693604,1.7388488836408464,1.7137788534164429,1.2080110311508179,0.18307773768901825
3.642784357070923,1.737484804434992,1.7160677909851074,1.1677271127700806,0.11856260150671005
3.645850658416748,1.735868353994348,1.7175936698913574,0.9179674983024597,0.10574502497911453
3.6489176750183105,1.7340011791205954,1.7191195487976074,0.8545204997062683,0.15231555700302124
3.6519861221313477,1.7318853570299924,1.7206454277038574,0.6349737048149109,0.1441977620124817
3.655062675476074,1.7295182887912506,1.721789836883545,0.545342206954956,0.10275425016880035
3.658135175704956,1.7269123702852902,1.72255277633667,0.4728313088417053,0.10617227107286453
3.6612071990966797,1.7240689880431397,1.7233158349990845,0.330830842256546,0.059601739048957825
3.6642799377441406,1.720991249955814,1.7233158349990845,-0.01762416958808899,0.13437095284461975
3.667349338531494,1.7176880935324377,1.723697304725647,0.13746853172779083,0.10061798989772797
3.6703832149505615,1.71420329428749,1.723697304725647,0.0005035477224737406,0.08480964601039886
3.673452138900757,1.7104610357772305,1.7233158349990845,-0.21199358999729156,0.025848783552646637
3.6765191555023193,1.7065083951472237,1.722934365272522,-0.20091554522514343,0.02713054046034813
3.679586172103882,1.7023489844981632,1.72255277633667,-0.1918516755104065,-0.15017929673194885
3.6826539039611816,1.6979879418864112,1.7214083671569824,-0.5725337862968445,-0.13565270602703094
3.685720920562744,1.6934337778729822,1.7206454277038574,-0.4577248692512512,-0.10019073635339737
3.6887869834899902,1.6886937656039542,1.7191195487976074,-0.9340810179710388,-0.12454413622617722
3.6918575763702393,1.6837661554104537,1.71797513961792,-1.069031834602356,-0.2211032211780548
3.694927215576172,1.678666759812431,1.7160677909851074,-0.9975280165672302,-0.221957728266716
3.6979947090148926,1.6734053993938005,1.7137788534164429,-1.0972304344177246,-0.10489051789045334
3.701061248779297,1.6679880944508398,1.7114900350570679,-1.3510185480117798,-0.0634470134973526
3.7041285037994385,1.6624199628488279,1.7092012166976929,-1.5312886238098145,-0.12967117130756378
3.707195281982422,1.6567114195438113,1.7061493396759033,-1.6319981813430786,-0.15060654282569885
3.7102644443511963,1.6508654969866696,1.7030975818634033,-1.6722819805145264,-0.08780041337013245
3.7133333683013916,1.644895742423643,1.7000458240509033,-1.8203250169754028,-0.10574502497911453
3.716383457183838,1.6388482648292682,1.6966124773025513,-1.9673609733581543,-0.0801098644733429
3.7194535732269287,1.632654953006687,1.6931792497634888,-1.9764248132705688,-0.1292439103126526
3.722520589828491,1.6263707619586225,1.6893644332885742,-1.8273746967315674,-0.06088349595665932
3.7255866527557373,1.6200008189283261,1.6851682662963867,-2.3077592849731445,-0.0643015205860138
3.7286524772644043,1.613553143739276,1.6809719800949097,-2.38429856300354,-0.0625925064086914
3.7317185401916504,1.6070363041149376,1.6763943433761597,-2.403433322906494,-0.0049134050495922565
3.7347850799560547,1.6004594448757778,1.6721980571746826,-2.6552071571350098,-0.0322575718164444
3.7378509044647217,1.59383489013543,1.667620301246643,-2.4638590812683105,-0.016449226066470146
3.7409169673919678,1.5871704243110059,1.6626611948013306,-2.4789655208587646,-0.04122987762093544
3.743983268737793,1.5804759315810162,1.6577019691467285,-2.7508811950683594,-0.07327382266521454
3.7470505237579346,1.5737597768969611,1.6523613929748535,-3.0973219871520996,-0.05233844369649887
3.750117540359497,1.5670345378875474,1.647783637046814,-2.700526475906372,-0.027557794004678726
3.7531864643096924,1.5603055018342178,1.642061471939087,-2.9079880714416504,0.030548561364412308
3.756263256072998,1.5535696531569414,1.636720895767212,-2.981506109237671,0.023285267874598503
3.7593421936035156,1.5468496423290263,1.6309987306594849,-3.1033647060394287,0.006622415501624346
3.7623841762542725,1.5402402990654442,1.6256580352783203,-2.9371938705444336,-0.0322575718164444
3.765455722808838,1.5336068574764732,1.6199358701705933,-2.7700159549713135,-0.014740215614438057
3.768522024154663,1.5270347887002242,1.6142138242721558,-2.9140305519104004,0.004486152436584234
3.771588087081909,1.520522988161368,1.6081101894378662,-3.2242159843444824,0.043793391436338425
3.774653673171997,1.5140816044211391,1.6020065546035767,-3.274570941925049,0.09207294136285782
3.777719736099243,1.5077181949627207,1.5962843894958496,-3.273563861846924,0.05105668678879738
3.7807857990264893,1.5014432127084898,1.5897992849349976,-3.438727378845215,0.033966582268476486
3.7838525772094727,1.495264542836263,1.58407723903656,-3.16882586479187,0.016876477748155594
3.7869184017181396,1.489194705830486,1.5779736042022705,-3.326939821243286,0.03524833917617798
3.789984941482544,1.483239397990101,1.5714884996414185,-3.4256350994110107,0.13821622729301453
3.793051242828369,1.477409338811447,1.565384864807129,-3.329961061477661,0.13308918476104736
3.7961175441741943,1.4717127156865861,1.5596628189086914,-3.159761905670166,0.09933622926473618
3.7991833686828613,1.4661588379022683,1.5531777143478394,-3.3621881008148193,0.05062943324446678
3.8022499084472656,1.460753808887792,1.5470740795135498,-3.434699058532715,0.08096437156200409
3.80531644821167,1.4555069665348863,1.5409704446792603,-3.4226138591766357,0.125825896859169
3.808382272720337,1.45042726641357,1.5348668098449707,-3.3561456203460693,0.22537575662136078
3.811448574066162,1.445520255494684,1.5291447639465332,-3.2644999027252197,0.21213091909885406
3.814523935317993,1.4407803320675228,1.5230411291122437,-3.287662982940674,0.16897840797901154
3.817591428756714,1.436240729854052,1.5173189640045166,-3.120485305786133,0.12411688268184662
3.8206584453582764,1.4318964918926456,1.511215329170227,-3.2151522636413574,0.09933622926473618
3.8237240314483643,1.427755234575652,1.505874752998352,-3.0419318675994873,0.1578698456287384
3.8267900943756104,1.4238204353019972,1.500152587890625,-2.7549095153808594,0.27878233790397644
3.8298563957214355,1.4200983135379635,1.4948118925094604,-2.9382009506225586,0.18478675186634064
3.832923412322998,1.4165939177134883,1.4894713163375854,-2.7710230350494385,0.221957728266716
3.8359897136688232,1.413314084600131,1.484130620956421,-2.858640432357788,0.06686503440141678
3.8390560150146484,1.4102628403322537,1.4787899255752563,-2.722682476043701,0.12454413622617722
3.8421216011047363,1.4074453444939976,1.4742122888565063,-2.811306953430176,0.16299687325954437
3.8451879024505615,1.4048644652257831,1.4688715934753418,-2.4618449211120605,0.26211947202682495
3.848254680633545,1.402524373794911,1.4642938375473022,-2.518242120742798,0.32193484902381897
3.851322889328003,1.4004280453584823,1.4597162008285522,-2.709590196609497,0.2651102542877197
3.8543829917907715,1.3985842979674048,1.4551384449005127,-2.5857174396514893,0.3031357228755951
3.8574588298797607,1.396982445732164,1.4509422779083252,-2.2946670055389404,0.29501792788505554
3.860527515411377,1.3956378390942832,1.4471274614334106,-2.1274890899658203,0.20230410993099213
3.863596200942993,1.3945484590108843,1.4429312944412231,-2.091233730316162,0.22665750980377197
3.866666793823242,1.3937154879244626,1.439497947692871,-2.040879011154175,0.24972915649414062
3.869734048843384,1.3931414064854972,1.435683250427246,-1.9270771741867065,0.2685282528400421
3.872799873352051,1.3928261088265494,1.4326313734054565,-1.7538566589355469,0.26169222593307495
3.875866413116455,1.392769752029416,1.429198145866394,-1.7337148189544678,0.40823987126350403
3.8789358139038086,1.3929728336238132,1.426146388053894,-1.542366623878479,0.24502937495708466
3.8820061683654785,1.393435408994249,1.4238574504852295,-1.4628061056137085,0.21426717936992645
3.885075569152832,1.3941565027114349,1.421187162399292,-1.2573586702346802,0.33987945318222046
3.888143539428711,1.395134629650378,1.418898344039917,-1.1818264722824097,0.29330891370773315
3.891209840774536,1.3963678715434118,1.4166094064712524,-1.1445640325546265,0.29629969596862793
3.8942787647247314,1.3978562396540808,1.41470205783844,-1.0307621955871582,0.3022812306880951
3.897350549697876,1.3995983142271438,1.41317617893219,-0.7528038620948792,0.30997177958488464
3.900381088256836,1.4015618418226337,1.41165030002594,-0.845456600189209,0.29288166761398315
3.903447151184082,1.4037929467882702,1.4105058908462524,-0.6299381852149963,0.2839093506336212
3.9065144062042236,1.4062677460401878,1.409742832183838,-0.46578162908554077,0.287327378988266
3.9095816612243652,1.4089817435015253,1.408979892730713,-0.3328450322151184,0.3039902448654175
3.912648916244507,1.4119309075933368,1.4085984230041504,-0.1918516755104065,0.27920958399772644
3.9157159328460693,1.4151106013752037,1.408216953277588,-0.06193637102842331,0.29117265343666077
3.9187824726104736,1.4185157755698514,1.408216953277588,0.04582284390926361,0.2689555287361145
3.921848773956299,1.4221415603978622,1.4085984230041504,0.14753948152065277,0.27707332372665405
3.9249155521392822,1.4259834430344422,1.408979892730713,0.2824902832508087,0.3945677876472473
3.9279820919036865,1.4300348484335919,1.4093613624572754,0.5060654878616333,0.4419928193092346
3.931049108505249,1.4342907286997324,1.4101243019104004,0.3801785409450531,0.3975585699081421
3.9341156482696533,1.4387434415891769,1.4112688302993774,0.618860125541687,0.30997177958488464
3.9371819496154785,1.4433866535010589,1.412413239479065,0.7074845433235168,0.40610361099243164
3.940251350402832,1.4482187799330974,1.413939118385315,0.8988326787948608,0.5244525671005249
3.9433248043060303,1.4532347633654827,1.415464997291565,0.8595559597015381,0.5300068855285645
3.946382761001587,1.4583942983816576,1.4173723459243774,0.9934996366500854,0.538979172706604
3.9494524002075195,1.4637352435636082,1.419661283493042,1.3711605072021484,0.45523765683174133
3.9525208473205566,1.4692280967179745,1.421950101852417,1.3318836688995361,0.6052033305168152
3.9555983543395996,1.4748835914954925,1.4246203899383545,1.5715724229812622,0.5522239804267883
3.9586706161499023,1.48066728905753,1.427672266960144,1.5040971040725708,0.46506446599960327
3.9617414474487305,1.4865773046483512,1.430724024772644,1.6531472206115723,0.5774319171905518
3.964808464050293,1.4925999384399953,1.4337759017944336,1.7186083793640137,0.6167391538619995
3.96787428855896,1.4987311043854818,1.437209129333496,1.8928358554840088,0.539406418800354
3.9709432125091553,1.50497037108426,1.441023826599121,2.046921491622925,0.44925612211227417
3.9740090370178223,1.511295877831994,1.4448386430740356,2.107347249984741,0.40610361099243164
3.9770750999450684,1.51770498978744,1.4486533403396606,2.233234167098999,0.5000991821289062
3.9801418781280518,1.5241892254658316,1.4528496265411377,2.218127727508545,0.4894178807735443
3.983208417892456,1.530736958572685,1.4574273824691772,2.3168230056762695,0.3949950337409973
3.9862747192382812,1.5373384533504473,1.4620050191879272,2.4537880420684814,0.4898451268672943
3.9893434047698975,1.5439895985217724,1.4665827751159668,2.5877318382263184,0.49967193603515625
3.992382764816284,1.5506113669591675,1.4715418815612793,2.682398796081543,0.5253070592880249
3.9954495429992676,1.5573175017943086,1.4765011072158813,2.693476676940918,0.5107805132865906
3.998516321182251,1.5640384493983184,1.4814603328704834,2.7780728340148926,0.3462882339954376
4.001583099365234,1.5707642290662704,1.4868009090423584,2.876768112182617,0.3971312940120697
4.004649639129639,1.5774843308994904,1.492141604423523,3.0721447467803955,0.4137941598892212
4.007717132568359,1.5841913816354387,1.4974822998046875,2.9150378704071045,0.30740824341773987
4.010783910751343,1.5908717709839784,1.503204345703125,3.013733148574829,0.4723277688026428
4.013851165771484,1.597518174542773,1.508926510810852,3.011718988418579,0.34329748153686523
4.016918182373047,1.6041191671920891,1.514648675918579,3.139620065689087,0.40781262516975403
4.019987106323242,1.6106695149931882,1.5203708410263062,3.2242159843444824,0.3544060289859772
4.0230560302734375,1.6171553568864032,1.5264743566513062,3.317875862121582,0.3031357228755951
4.026122093200684,1.6235611079830343,1.5321965217590332,3.1053788661956787,0.35867857933044434
4.029188871383667,1.629884802480098,1.5383001565933228,3.194003105163574,0.3458609879016876
4.032254934310913,1.6361141046297802,1.5440223217010498,3.2040741443634033,0.4287480115890503
4.035325527191162,1.642250225576752,1.5501258373260498,2.985534429550171,0.33731594681739807
4.0383827686309814,1.648248814789816,1.5562294721603394,3.2010529041290283,0.24460211396217346
4.041451930999756,1.654150607755075,1.562333106994629,3.0953078269958496,0.23306630551815033
4.044517755508423,1.6599170096254425,1.5684367418289185,3.2272374629974365,0.4129396378993988
4.047584295272827,1.6655472445632498,1.574540376663208,3.459876298904419,0.29587242007255554
4.0506508350372314,1.6710315922111847,1.580643892288208,3.325932741165161,0.3988403081893921
4.053719997406006,1.6763663999616325,1.5867475271224976,3.310826301574707,0.29373615980148315
4.056797981262207,1.6815536051445075,1.592851161956787,3.4125428199768066,0.3321889042854309
4.059871673583984,1.6865630170401233,1.5989547967910767,3.3732662200927734,0.20059509575366974
4.062938690185547,1.6913842153646876,1.6050583124160767,3.154726505279541,0.22708477079868317
4.066006183624268,1.6960218130084834,1.6103990077972412,3.124513626098633,0.3941405415534973
4.069072961807251,1.700467142378356,1.6165026426315308,3.2322728633880615,0.20273137092590332
4.072139739990234,1.7047147052192364,1.6222248077392578,3.120485305786133,0.24246585369110107
4.075207471847534,1.708759418868964,1.6279468536376953,3.0580453872680664,0.2693827748298645
4.078273773193359,1.7125921829997401,1.6336690187454224,3.0862441062927246,0.1723964363336563
4.081341028213501,1.7162103326747802,1.639009714126587,2.871732711791992,0.2364843189716339
4.084380388259888,1.7195773870559288,1.644350290298462,2.7992217540740967,0.251010924577713
4.087446451187134,1.722748953256215,1.6496909856796265,3.0791943073272705,0.2540016770362854
4.090512990951538,1.7256902109542502,1.6546502113342285,3.0399177074432373,0.1595788449048996
4.093579053878784,1.728395879777228,1.659609317779541,2.7750515937805176,0.10574502497911453
4.096644639968872,1.7308620542459394,1.664568543434143,2.4235751628875732,0.26211947202682495
4.099712610244751,1.733087147984714,1.6691462993621826,2.4950790405273438,0.1907682865858078
4.102782249450684,1.7350668513654206,1.6737239360809326,2.511192560195923,0.1753872036933899
4.105851411819458,1.736796692893748,1.6783016920089722,2.4235751628875732,0.15274280309677124
4.108917474746704,1.7382730621251798,1.6821163892745972,2.2604258060455322,0.16342411935329437
4.11198353767395,1.739495640895434,1.6863126754760742,2.1556878089904785,0.21084916591644287
4.115055799484253,1.740464309560359,1.6905088424682617,2.254383087158203,0.21213091909885406
4.118122100830078,1.7411737669729654,1.6939421892166138,1.9270771741867065,0.10061798989772797
4.121188402175903,1.741625088208378,1.6973754167556763,1.7609063386917114,0.12155336886644363
4.1242547035217285,1.7418176032563748,1.7008087635040283,1.850537896156311,0.11984435468912125
4.127320766448975,1.7417510415667732,1.7034790515899658,1.7135728597640991,0.3364614248275757
4.130382537841797,1.7414261633866237,1.7065308094024658,1.4799267053604126,0.1275349110364914
4.13345193862915,1.7408417643968481,1.7092012166976929,1.5776150226593018,0.1758144497871399
4.136517763137817,1.740000332528996,1.7114900350570679,1.1929045915603638,0.1745326966047287
4.139583587646484,1.7389025862364702,1.7137788534164429,1.314763069152832,0.10147249698638916
4.142650127410889,1.7375498095860102,1.7160677909851074,0.8847333192825317,0.11557183414697647
4.145716190338135,1.7359445066061314,1.7175936698913574,0.9582512974739075,0.1279621571302414
4.148783445358276,1.7340880996759933,1.7191195487976074,0.9411306977272034,0.10318150371313095
4.151852607727051,1.7319825366622457,1.7206454277038574,0.810208261013031,0.20102235674858093
4.154931306838989,1.729624344044297,1.721789836883545,0.6641794443130493,0.1604333519935608
4.158008575439453,1.7270244729605313,1.72255277633667,0.2734264135360718,0.06857404112815857
4.161076545715332,1.7241947049926276,1.7233158349990845,0.3781643509864807,0.08438239246606827
4.164143085479736,1.7211332353818007,1.723697304725647,0.3630579113960266,0.09933622926473618
4.167211294174194,1.717841493503247,1.723697304725647,0.030716411769390106,0.07626459002494812
4.170281410217285,1.7143237213910163,1.723697304725647,-0.07804989814758301,0.021149003878235817
4.173353433609009,1.710584741757986,1.7233158349990845,-0.34090182185173035,0.08480964601039886
4.176380395889282,1.7066917337404202,1.722934365272522,-0.18077363073825836,-0.08267337828874588
4.179446697235107,1.7025425382677555,1.72255277633667,-0.31270313262939453,-0.09292744100093842
4.182513952255249,1.6981911732249706,1.721789836883545,-0.37212178111076355,-0.1570153385400772
4.185580015182495,1.6936471646973619,1.7206454277038574,-0.5292286276817322,-0.06729228794574738
4.18864631652832,1.6889152298698873,1.71950101852417,-0.5181506276130676,-0.1736781895160675
4.191713571548462,1.6840011842158051,1.71797513961792,-0.7658960819244385,-0.1723964363336563
4.1947808265686035,1.6789137703270576,1.7160677909851074,-0.9945067763328552,-0.13479819893836975
4.197848796844482,1.6736593016974355,1.7137788534164429,-1.2926069498062134,-0.13693445920944214
4.200915575027466,1.6682488865339908,1.7118715047836304,-1.3741817474365234,-0.09719996899366379
4.203981876373291,1.662689425195868,1.7092012166976929,-1.4134584665298462,-0.13607995212078094
4.207051038742065,1.6569829589058627,1.7065308094024658,-1.4225223064422607,-0.12240787595510483
4.210119724273682,1.6511440108021225,1.7034790515899658,-1.7135728597640991,-0.10830853879451752
4.213185548782349,1.645186002202937,1.7000458240509033,-1.7508354187011719,-0.1266804039478302
4.216252088546753,1.6391109625324294,1.6966124773025513,-1.763927698135376,-0.0796826109290123
4.219321250915527,1.6329239579345318,1.6931792497634888,-2.080155611038208,-0.10189975053071976
4.222384929656982,1.6266506479921852,1.6893644332885742,-2.1728084087371826,-0.11770809441804886
4.225453853607178,1.6202784071855096,1.6851682662963867,-2.2906386852264404,-0.07327382266521454
4.228520154953003,1.6138329149208333,1.6809719800949097,-2.4769513607025146,0.008758679032325745
4.231586933135986,1.6073173127538922,1.6767758131027222,-2.4527809619903564,-0.01516746822744608
4.234656572341919,1.600736114283516,1.6721980571746826,-2.6209659576416016,-0.010040436871349812
4.2377259731292725,1.5941056753173979,1.667620301246643,-2.6280155181884766,-0.06729228794574738
4.2407920360565186,1.5874426218346747,1.6626611948013306,-2.681391716003418,-0.05062943324446678
4.243858575820923,1.580748616126331,1.6577019691467285,-2.723689556121826,-0.09292744100093842
4.246924638748169,1.5740356757880183,1.652742862701416,-2.6239871978759766,-0.03353932872414589
4.249991178512573,1.5673116803361093,1.647783637046814,-2.7367818355560303,-0.05874723568558693
4.2530601024627686,1.5605824309152536,1.6424429416656494,-2.7347676753997803,0.03353932872414589
4.256137132644653,1.5538454335635332,1.6371023654937744,-2.9100022315979004,-0.016449226066470146
4.259209632873535,1.5471384075719916,1.6313802003860474,-2.9996337890625,-0.05191119387745857
4.262283802032471,1.5404578053699702,1.6256580352783203,-3.127534866333008,0.009185931645333767
4.265356779098511,1.5338198111304426,1.6199358701705933,-3.3370108604431152,-0.010467689484357834
4.268380641937256,1.5273365764234426,1.6142138242721558,-3.0802013874053955,-0.012603952549397945
4.271446943283081,1.5208213031135822,1.6081101894378662,-3.2463722229003906,0.095490962266922
4.274518013000488,1.5143650526679626,1.6023880243301392,-3.3934080600738525,0.07241931557655334
4.277586460113525,1.5079930299108957,1.596665859222412,-3.0721447467803955,0.03012130968272686
4.280656814575195,1.5017052866444245,1.5901808738708496,-3.2705423831939697,0.06515602022409439
4.283724546432495,1.49552041148032,1.58407723903656,-3.2252230644226074,0.053192950785160065
4.2867913246154785,1.489444056996043,1.5779736042022705,-3.436713218688965,0.05746547505259514
4.289857387542725,1.4834846843716993,1.571869969367981,-3.3873655796051025,0.16427862644195557
4.292923450469971,1.4776497092848542,1.5657663345336914,-3.305790901184082,0.1279621571302414
4.295989990234375,1.4719469167395725,1.5596628189086914,-3.311833381652832,0.05831998214125633
4.2990562915802,1.4663861181701012,1.5535591840744019,-3.2534217834472656,0.06558327376842499
4.302123546600342,1.4609734614329284,1.5474555492401123,-3.3924009799957275,0.13650721311569214
4.305189609527588,1.4557207494186697,1.5413519144058228,-3.3631951808929443,0.11215381324291229
4.308256149291992,1.4506328676849547,1.5352483987808228,-3.2655069828033447,0.18692301213741302
4.311323165893555,1.4457174496569476,1.5291447639465332,-3.319890022277832,0.2715190351009369
4.314380407333374,1.440997396683182,1.5234225988388062,-3.290684461593628,0.18051423132419586
4.317447662353516,1.4364491932804366,1.517700433731079,-3.2403295040130615,0.10959029197692871
4.320515394210815,1.4320946928612779,1.5119783878326416,-3.2222018241882324,0.13992522656917572
4.323581695556641,1.4279429768498604,1.5062562227249146,-2.9573357105255127,0.2052948772907257
4.3266472816467285,1.423999027924642,1.5005340576171875,-3.028839588165283,0.2052948772907257
4.329714298248291,1.4202660156029967,1.495193362236023,-3.022796869277954,0.20016784965991974
4.332780838012695,1.416751902628496,1.4894713163375854,-2.977477788925171,0.1886320263147354
4.3358471393585205,1.413461556649039,1.4845120906829834,-2.82842755317688,0.1271076500415802
4.338912725448608,1.4104002678428746,1.4791713953018188,-2.868711471557617,0.19760432839393616
4.341979265213013,1.4075709417161781,1.4742122888565063,-2.810299873352051,0.20230410993099213
4.345045804977417,1.404978767304381,1.4692530632019043,-2.56356143951416,0.2399023473262787
4.3481128215789795,1.402627246751695,1.4646753072738647,-2.4880292415618896,0.27621880173683167
4.351180791854858,1.4005196774860202,1.4600976705551147,-2.4265964031219482,0.2540016770362854
4.354259490966797,1.3986538953094407,1.4555199146270752,-2.2765393257141113,0.3031357228755951
4.3573384284973145,1.3970403790052148,1.4513237476348877,-2.3329365253448486,0.2540016770362854
4.360381364822388,1.3956961039974085,1.4471274614334106,-2.0308079719543457,0.23050278425216675
4.363447904586792,1.3945952093583247,1.4433127641677856,-2.068070411682129,0.2399023473262787
4.366514682769775,1.3937506769368722,1.439497947692871,-1.925062894821167,0.21853971481323242
4.369580984115601,1.3931639275571768,1.4360647201538086,-1.78306245803833,0.24759289622306824
4.372646808624268,1.3928357119142405,1.4326313734054565,-1.8676584959030151,0.27963683009147644
4.375715732574463,1.3927664668164477,1.4295796155929565,-1.5302815437316895,0.3616693317890167
4.3787829875946045,1.3929565839456024,1.4265278577804565,-1.621927261352539,0.29074540734291077
4.38184928894043,1.3934054928808122,1.4238574504852295,-1.3469901084899902,0.31210803985595703
4.3849170207977295,1.3941129359722564,1.421187162399292,-1.2825360298156738,0.3163805603981018
4.387984752655029,1.395077712937555,1.418898344039917,-0.9824215769767761,0.29501792788505554
4.391052961349487,1.3962985997175645,1.416990876197815,-1.1898832321166992,0.23135729134082794
4.394119024276733,1.3977725316851233,1.41470205783844,-1.018676996231079,0.29330891370773315
4.397185802459717,1.399498517329509,1.41317617893219,-0.7930876612663269,0.32791638374328613
4.400252342224121,1.401473516064444,1.4120317697525024,-0.6460517048835754,0.34372472763061523
4.403318643569946,1.4036945376901615,1.4105058908462524,-0.5443350672721863,0.2834821045398712
4.406382322311401,1.406156218765271,1.409742832183838,-0.4567177891731262,0.24332036077976227
4.409449338912964,1.4088597769123083,1.408979892730713,-0.24925611913204193,0.29373615980148315
4.412515640258789,1.4117979338168272,1.408216953277588,-0.3680933713912964,0.21683070063591003
4.415582656860352,1.4149676961536954,1.408216953277588,0.038773175328969955,0.24802014231681824
4.418648958206177,1.4183628799921926,1.408216953277588,-0.07402151823043823,0.24588388204574585
4.421715259552002,1.4219791574726302,1.4085984230041504,0.269398033618927,0.34244295954704285
4.424781084060669,1.4258105476492438,1.4085984230041504,0.24422064423561096,0.3458609879016876
4.427847862243652,1.4298531988840169,1.4093613624572754,0.3680933713912964,0.39072251319885254
4.430914402008057,1.4340996113071078,1.4101243019104004,0.6087892055511475,0.46420997381210327
4.433981657028198,1.4385448452532372,1.4112688302993774,0.6672007441520691,0.4795910716056824
4.437047719955444,1.4431794922981434,1.4120317697525024,0.5020371079444885,0.4586556851863861
4.440113544464111,1.4479979810683146,1.413939118385315,0.7175555229187012,0.5304341316223145
4.443180799484253,1.4529958846285402,1.415464997291565,0.8414282202720642,0.5137712955474854
4.446249485015869,1.4581660213961039,1.4173723459243774,1.0277409553527832,0.4906996190547943
4.449319124221802,1.4635000955212862,1.419661283493042,1.2019684314727783,0.5009536743164062
4.4523820877075195,1.4689764924775701,1.421950101852417,1.4134584665298462,0.4462653398513794
4.455458402633667,1.4746233400558606,1.4246203899383545,1.2855573892593384,0.5799953937530518
4.458529472351074,1.480398682421606,1.4272907972335815,1.6501258611679077,0.5479514598846436
4.461601734161377,1.486305740499483,1.4303425550460815,1.8253605365753174,0.48300907015800476
4.4646689891815186,1.4923235786372646,1.4337759017944336,1.7508354187011719,0.6543374061584473
4.467735767364502,1.4984518200488761,1.437209129333496,1.8162965774536133,0.505226194858551
4.470802307128906,1.504681802516585,1.4406423568725586,1.8434882164001465,0.42063018679618835
4.4738688468933105,1.5110047480777478,1.4444571733474731,2.1879148483276367,0.4001220762729645
4.476935148239136,1.5174107674263078,1.4486533403396606,2.1929502487182617,0.4906996190547943
4.480003595352173,1.5238953969716653,1.4528496265411377,2.399405002593994,0.3770504295825958
4.4830710887908936,1.5304424972566704,1.4570459127426147,2.4668803215026855,0.3539787828922272
4.486138105392456,1.537043315613822,1.4616235494613647,2.56557559967041,0.4253299832344055
4.48920464515686,1.5436880249720937,1.4662013053894043,2.5978026390075684,0.43814754486083984
4.492273569107056,1.5503729860899447,1.4711604118347168,2.3490500450134277,0.40268558263778687
4.495343923568726,1.5570862399432586,1.4761196374893188,2.682398796081543,0.3817501962184906
4.498381614685059,1.5637430611420955,1.4814603328704834,2.806271553039551,0.3150987923145294
4.501448392868042,1.5704688382858547,1.486419439315796,2.857633352279663,0.3992675542831421
4.504515647888184,1.5771909424103088,1.4917601346969604,2.967406749725342,0.4804455637931824
4.507582426071167,1.5838973013076953,1.497100830078125,3.0469672679901123,0.46634623408317566
4.510650634765625,1.590582110992754,1.5028228759765625,2.879789352416992,0.4137941598892212
4.513718128204346,1.5972307572709357,1.508163571357727,2.988555669784546,0.3761959373950958
4.516784906387329,1.6038333898522366,1.5142672061920166,3.038910388946533,0.3629510998725891
4.519851922988892,1.6103822651557955,1.5199893712997437,2.876768112182617,0.26211947202682495
4.522917985916138,1.6168651358404442,1.5257114171981812,3.2302587032318115,0.5146257877349854
4.525984764099121,1.623275910363345,1.5318150520324707,3.3440604209899902,0.3544060289859772
4.529051065444946,1.629602571559024,1.5379186868667603,3.4004578590393066,0.43942931294441223
4.532118558883667,1.6358391343873349,1.5440223217010498,3.334996461868286,0.43857482075691223
4.535184860229492,1.6419714936200365,1.5497443675994873,3.452826738357544,0.38858625292778015
4.538250923156738,1.6479925240368167,1.5558480024337769,3.5253376960754395,0.2715190351009369
4.541316986083984,1.6538937693827758,1.5619516372680664,3.282627582550049,0.37106889486312866
4.544446229934692,1.659784012903977,1.568055272102356,3.1960175037384033,0.38730448484420776
4.547513246536255,1.6654184165258195,1.574540376663208,3.2574501037597656,0.3291981518268585
4.550579309463501,1.670905395659601,1.580643892288208,3.492103338241577,0.2698100209236145
4.553648233413696,1.6762434818691343,1.586366057395935,3.2262301445007324,0.29288166761398315
4.55672550201416,1.6814333937822248,1.5924696922302246,3.5132524967193604,0.3338979184627533
4.559797763824463,1.686444619374637,1.5985733270645142,3.2433509826660156,0.2535744309425354
4.562864303588867,1.6912694357814964,1.6046768426895142,3.292698621749878,0.3462882339954376
4.565931558609009,1.695911233424323,1.6103990077972412,3.315861701965332,0.3048447370529175
4.568997859954834,1.7003606172938375,1.6161211729049683,3.2504005432128906,0.19717708230018616
4.572063684463501,1.7046118087536872,1.6222248077392578,3.0550241470336914,0.29288166761398315
4.575130939483643,1.7086610455841005,1.6275653839111328,2.9512932300567627,0.33731594681739807
4.578197956085205,1.7124999924257696,1.6332875490188599,2.9603569507598877,0.24844738841056824
4.581264019012451,1.716122177701007,1.6386282444000244,2.9361867904663086,0.23263904452323914
4.584331750869751,1.7195252418655227,1.6439688205718994,3.141634225845337,0.22623026371002197
4.5873801708221436,1.7226828160037841,1.649309515953064,2.7367818355560303,0.2360570728778839
4.59044623374939,1.7256286700954409,1.654268741607666,2.556511878967285,0.22708477079868317
4.593512535095215,1.7283397036260186,1.659609317779541,2.861661672592163,0.2223849892616272
4.59657883644104,1.7308116538245963,1.6641870737075806,2.4235751628875732,0.2582741975784302
4.599646091461182,1.733041506155808,1.6691462993621826,2.5917601585388184,0.1253986358642578
4.602712631225586,1.7350247083871215,1.6733424663543701,2.551476240158081,0.1899137794971466
4.605778932571411,1.7367587392460182,1.6779202222824097,2.4326391220092773,0.18008697032928467
4.608846187591553,1.7382416099643305,1.6821163892745972,2.22316312789917,0.2078583985567093
4.611914873123169,1.7394710531873978,1.6863126754760742,2.111375570297241,0.22922103106975555
4.6149821281433105,1.740444096503336,1.6901273727416992,2.086198329925537,0.18179598450660706
4.6180479526519775,1.7411596532568814,1.6939421892166138,2.1476309299468994,0.11471732705831528
4.62111496925354,1.7416173026612773,1.6973754167556763,1.8243534564971924,0.13565270602703094
4.624181509017944,1.7418160259491453,1.7004272937774658,1.7075303792953491,0.1753872036933899
4.627247333526611,1.7417556636085338,1.7034790515899658,1.6380407810211182,0.23007553815841675
4.630313873291016,1.7414362771029237,1.7065308094024658,1.4899977445602417,0.22537575662136078
4.633380889892578,1.7408582145738056,1.7092012166976929,1.4628061056137085,0.20144960284233093
4.636446952819824,1.7400226639652288,1.7114900350570679,1.4114443063735962,0.13650721311569214
4.639512538909912,1.73893091559686,1.7137788534164429,1.138521432876587,0.1412069946527481
4.642578601837158,1.7375842503844563,1.715686321258545,1.1042801141738892,0.1412069946527481
4.645644903182983,1.735984682987258,1.7175936698913574,0.8172579407691956,0.13180743157863617
4.648711919784546,1.7341342223362444,1.7191195487976074,0.8222934603691101,0.10489051789045334
4.651780843734741,1.7320345791708935,1.7206454277038574,0.654108464717865,0.13223467767238617
4.65485954284668,1.729682093028051,1.7214083671569824,0.6148317456245422,0.10489051789045334
4.657936096191406,1.7270884703086655,1.72255277633667,0.5121080279350281,0.07754635065793991
4.661004304885864,1.7242640348118,1.722934365272522,0.1284046620130539,0.11429007351398468
4.664070129394531,1.721208742059062,1.7233158349990845,0.11934080719947815,0.048493172973394394
4.6671364307403564,1.717924495070696,1.723697304725647,0.14955367147922516,0.08993667364120483
4.670202970504761,1.7144163453638002,1.723697304725647,-0.0961776152253151,0.06173800304532051
4.673272371292114,1.7106861711795307,1.7233158349990845,-0.32579538226127625,0.05105668678879738
4.6763434410095215,1.706740489580937,1.722934365272522,-0.3449302017688751,0.04251163452863693
4.679383277893066,1.7026304099577256,1.72255277633667,-0.2230716347694397,-0.08865492045879364
4.682451009750366,1.6982824434424002,1.721789836883545,-0.6692149043083191,-0.06900129467248917
4.685517311096191,1.6937419963068778,1.7206454277038574,-0.6964064836502075,-0.1429159939289093
4.688583135604858,1.6890145774699494,1.71950101852417,-0.878690779209137,-0.1433432549238205
4.691650390625,1.6841041805784176,1.71797513961792,-0.9683222770690918,-0.21640345454216003
4.6947174072265625,1.6790206641772996,1.7160677909851074,-0.964293897151947,-0.20102235674858093
4.697783708572388,1.6737724467488764,1.7141603231430054,-1.295628309249878,-0.12027160823345184
4.700850486755371,1.6683653013581834,1.7118715047836304,-1.2583657503128052,-0.10318150371313095
4.703916549682617,1.6628093741000045,1.7095826864242554,-1.2090181112289429,-0.095918208360672
4.7069830894470215,1.657110772090888,1.7065308094024658,-1.6380407810211182,-0.15658807754516602
4.710049152374268,1.6512797259009453,1.7034790515899658,-1.8686655759811401,-0.08950942009687424
4.713115453720093,1.6453235476357249,1.7004272937774658,-1.8052185773849487,-0.14035248756408691
4.716183185577393,1.6392486695115147,1.6969939470291138,-1.9844815731048584,-0.056183718144893646
4.719249963760376,1.6330688061411403,1.6931792497634888,-1.9995880126953125,-0.07541008293628693
4.722316741943359,1.6267912637511508,1.6893644332885742,-2.094254970550537,-0.08780041337013245
4.7253828048706055,1.6204268588522912,1.6855497360229492,-2.1546807289123535,-0.05020218342542648
4.728451728820801,1.613977538959278,1.6809719800949097,-2.3309223651885986,-0.05831998214125633
4.731525421142578,1.6074486162539825,1.6767758131027222,-2.252368927001953,-0.01516746822744608
4.7345921993255615,1.600874672896471,1.6721980571746826,-2.4356603622436523,-0.0032043945975601673
4.7376604080200195,1.5942477594612974,1.667620301246643,-2.5786678791046143,-0.016876477748155594
4.740730285644531,1.5875771439149373,1.663042664527893,-2.6088807582855225,-0.05447470769286156
4.743796110153198,1.580885206712272,1.658083438873291,-2.711604595184326,-0.013885710388422012
4.746862173080444,1.574172573940714,1.6531243324279785,-2.6068665981292725,-0.09677271544933319
4.749929189682007,1.5674476370345387,1.647783637046814,-2.848569393157959,-0.046784162521362305
4.752997636795044,1.5607193342251724,1.6424429416656494,-3.1114213466644287,0.027557794004678726
4.756073951721191,1.5539835971708402,1.6371023654937744,-2.9120163917541504,0.02670328877866268
4.759144067764282,1.5472812528286135,1.6317616701126099,-3.0741589069366455,-0.03695734962821007
4.76221227645874,1.5406128240570083,1.6256580352783203,-3.285648822784424,0.001495384145528078
4.7652809619903564,1.5339830251101336,1.6199358701705933,-3.191988945007324,-0.008331426419317722
4.768346786499023,1.527408861375962,1.6142138242721558,-3.2282445430755615,0.01516746822744608
4.771381139755249,1.5209604324056616,1.6084916591644287,-3.161776065826416,0.07199206203222275
4.7744481563568115,1.514511071128014,1.6027694940567017,-3.184939384460449,0.08096437156200409
4.777514219284058,1.5081420708319333,1.596665859222412,-3.447791337966919,0.0322575718164444
4.7805821895599365,1.501856990404604,1.5901808738708496,-3.316868782043457,0.05105668678879738
4.78364896774292,1.4956715422290658,1.5844587087631226,-3.3460745811462402,0.043366141617298126
4.786716461181641,1.4895910472712226,1.5779736042022705,-3.451819658279419,0.04422064498066902
4.789783477783203,1.4836269115004819,1.5722514390945435,-3.292698621749878,0.1412069946527481
4.79284930229187,1.4777892839945466,1.5657663345336914,-3.313847541809082,0.1288166642189026
4.795916557312012,1.4720818576519494,1.560044288635254,-3.328953981399536,0.09805447608232498
4.798982858657837,1.4665175719571009,1.5539406538009644,-3.3803157806396484,0.08267337828874588
4.802049160003662,1.4611028917194646,1.5478370189666748,-3.43369197845459,0.08737315982580185
4.805115699768066,1.455845452893075,1.5413519144058228,-3.4175784587860107,0.11599908769130707
4.808182001113892,1.4507538778375106,1.5356298685073853,-3.2060883045196533,0.22665750980377197
4.811248779296875,1.4458345592311908,1.5295262336730957,-3.186953544616699,0.21512168645858765
4.814315557479858,1.441095607184559,1.5234225988388062,-3.148684024810791,0.14035248756408691
4.817385673522949,1.4365392098145535,1.517700433731079,-3.0610666275024414,0.13009841740131378
4.820456027984619,1.4321770745761402,1.5119783878326416,-3.1023576259613037,0.14847028255462646
4.823523044586182,1.4280204677215176,1.5062562227249146,-3.033874988555908,0.19845883548259735
4.826589345932007,1.4240716103079543,1.50091552734375,-2.869718551635742,0.22964827716350555
4.82965612411499,1.4203348074325126,1.495193362236023,-2.842526912689209,0.17026016116142273
4.832722187042236,1.4168170333889578,1.489852786064148,-2.874753952026367,0.1424887478351593
4.835788249969482,1.4135226131450513,1.4845120906829834,-2.9089951515197754,0.16128785908222198
4.8388543128967285,1.4104564366812928,1.4795528650283813,-2.7861294746398926,0.1578698456287384
4.841919898986816,1.4076234775192877,1.4742122888565063,-2.682398796081543,0.125825896859169
4.844986915588379,1.4050262891692984,1.4692530632019043,-2.5927672386169434,0.24972915649414062
4.848053455352783,1.402670453121159,1.4646753072738647,-2.682398796081543,0.2715190351009369
4.8511199951171875,1.4005590449534182,1.4600976705551147,-2.6068665981292725,0.2403295934200287
4.854188442230225,1.3986941179943067,1.4555199146270752,-2.3077592849731445,0.32535287737846375
4.857264995574951,1.3970759039131824,1.4513237476348877,-2.3107805252075195,0.2851911187171936
4.860341548919678,1.3957120774724963,1.4471274614334106,-2.075120210647583,0.3368886709213257
4.863382816314697,1.3946159177939794,1.4433127641677856,-2.0388646125793457,0.21554894745349884
4.866452217102051,1.3937653112656985,1.439497947692871,-2.059006690979004,0.2070038914680481
4.869518756866455,1.3931732675154438,1.4360647201538086,-1.990524172782898,0.23306630551815033
4.872589588165283,1.3928394675992606,1.4326313734054565,-1.69343101978302,0.29416343569755554
4.87565541267395,1.3927653270764309,1.4295796155929565,-1.6048065423965454,0.2582741975784302
4.878721237182617,1.3929502005486365,1.4265278577804565,-1.6712749004364014,0.3462882339954376
4.881789922714233,1.3933943482910185,1.4238574504852295,-1.4154726266860962,0.37576866149902344
4.8848557472229,1.3940962830669719,1.421187162399292,-1.4728771448135376,0.29117265343666077
4.8879218101501465,1.395055341114782,1.418898344039917,-1.2029755115509033,0.3210803270339966
4.890995740890503,1.3962734987847787,1.416990876197815,-1.1808193922042847,0.3330434262752533
4.894061803817749,1.3977427128898101,1.4150835275650024,-1.0559395551681519,0.3535515367984772
4.897127866744995,1.3994635932283588,1.41317617893219,-0.8615701794624329,0.3638055920600891
4.900194406509399,1.401433911062218,1.4120317697525024,-0.877683699131012,0.3347524106502533
4.90326189994812,1.4036512200899551,1.4105058908462524,-0.5111009478569031,0.32535287737846375
4.906327962875366,1.4061104483810505,1.409742832183838,-0.4778667986392975,0.3189440667629242
4.909384250640869,1.4087999432488885,1.408979892730713,-0.41744107007980347,0.21127641201019287
4.91245436668396,1.4117369455151507,1.4085984230041504,-0.3147173225879669,0.3001449704170227
4.915521621704102,1.4149023938010452,1.408216953277588,-0.05690089240670204,0.2377660721540451
4.918588638305664,1.4182939414156304,1.408216953277588,0.04280155524611473,0.28091859817504883
4.92165470123291,1.4219056309628273,1.4085984230041504,0.15458914637565613,0.24203860759735107
4.924721717834473,1.4257343446932833,1.408979892730713,0.33989471197128296,0.34287023544311523
4.927788496017456,1.4297729847849143,1.4093613624572754,0.5151293277740479,0.3838864862918854
4.93085503578186,1.4340155054817594,1.4101243019104004,0.5715266466140747,0.4629282057285309
4.933921813964844,1.438456266195681,1.410887360572815,0.3147173225879669,0.38644999265670776
4.93698787689209,1.4430872482377313,1.412413239479065,0.9129320383071899,0.44882887601852417
4.940054416656494,1.4479033534790193,1.4135576486587524,0.7910735011100769,0.45310139656066895
4.943121671676636,1.4528979103150212,1.415464997291565,1.0579537153244019,0.5223163366317749
4.946187734603882,1.4580603581472402,1.4173723459243774,1.0780956745147705,0.443701833486557
4.949256658554077,1.463389983184483,1.419661283493042,1.153627872467041,0.43344777822494507
4.952329874038696,1.4688818940191601,1.421950101852417,1.1949187517166138,0.41977569460868835
4.955382585525513,1.4744824716975622,1.4246203899383545,1.4466925859451294,0.5317158699035645
4.958458662033081,1.480264028294647,1.4272907972335815,1.6722819805145264,0.5163347721099854
4.961525917053223,1.4861584773613394,1.4303425550460815,1.7075303792953491,0.5573510527610779
4.964592695236206,1.4921725048514662,1.4337759017944336,1.9814603328704834,0.5663233399391174
4.967658996582031,1.4982971257420503,1.4368276596069336,1.8918287754058838,0.4953994154930115
4.9707255363464355,1.504524661587403,1.4406423568725586,1.9119707345962524,0.4881361126899719
4.973791837692261,1.510844899039334,1.4444571733474731,2.21712064743042,0.43344777822494507
4.976857900619507,1.5172484347347972,1.4486533403396606,2.209063768386841,0.46933698654174805
4.979924440383911,1.5237272644060686,1.4528496265411377,2.395376443862915,0.42404821515083313
4.982990980148315,1.5302707787797651,1.4570459127426147,2.4497597217559814,0.4586556851863861
4.986058235168457,1.5368708068687678,1.4616235494613647,2.564568519592285,0.3501335084438324
4.989124536514282,1.5435139532730051,1.4662013053894043,2.3279011249542236,0.35739681124687195
4.992190599441528,1.5501918795433094,1.4711604118347168,2.5011215209960938,0.6372472643852234
4.995257616043091,1.55689727632059,1.4761196374893188,2.692469596862793,0.5300068855285645
4.998324394226074,1.5636175895131028,1.481078863143921,2.83044171333313,0.44840162992477417
5.001382112503052,1.570323492171852,1.486419439315796,2.808285713195801,0.32364386320114136
5.004448175430298,1.5770431934024796,1.4917601346969604,2.9220874309539795,0.43942931294441223
5.007515907287598,1.5837520652788317,1.497100830078125,2.9573357105255127,0.33902496099472046
5.010581970214844,1.5904328509575683,1.5028228759765625,3.2211947441101074,0.3949950337409973
5.013648986816406,1.5970813496083385,1.508163571357727,3.0610666275024414,0.3146715462207794
5.01671576499939,1.6036850928418676,1.513885736465454,3.0600595474243164,0.3625238537788391
5.019782066345215,1.6102337786250764,1.5199893712997437,3.151705265045166,0.34287023544311523
5.022847890853882,1.6167177125535142,1.5257114171981812,3.2584574222564697,0.42362096905708313
5.025914669036865,1.6231302764231772,1.5318150520324707,3.318882942199707,0.39157700538635254
5.02898097038269,1.6294589429056348,1.5375372171401978,3.124513626098633,0.3326161503791809
5.032047510147095,1.6356958008471596,1.5436408519744873,2.973449230194092,0.3368886709213257
5.035114049911499,1.6418310944353223,1.5497443675994873,3.127534866333008,0.287327378988266
5.038179874420166,1.6478543224752524,1.5558480024337769,3.2725565433502197,0.16256961226463318
5.041246175765991,1.6537588976336057,1.5619516372680664,3.3521173000335693,0.19589532911777496
5.044312000274658,1.6595342207813928,1.568055272102356,3.1033647060394287,0.27750056982040405
5.047381401062012,1.665179142552262,1.574158787727356,3.3702449798583984,0.35568779706954956
5.050448417663574,1.6706742392906258,1.5802624225616455,3.2121310234069824,0.3044174909591675
5.053516864776611,1.6760182428511858,1.586366057395935,3.3772945404052734,0.2403295934200287
5.056593418121338,1.68121408095656,1.5924696922302246,3.190981864929199,0.22537575662136078
5.059666395187378,1.686233923433986,1.5981918573379517,3.459876298904419,0.35739681124687195
5.062733888626099,1.6910679422365205,1.6042953729629517,3.297734022140503,0.3052719831466675
5.065800905227661,1.6957173585189016,1.6103990077972412,3.016754388809204,0.3497062623500824
5.068867444992065,1.7001753540903923,1.6161211729049683,3.17084002494812,0.19845883548259735
5.071933031082153,1.704434753405295,1.6218433380126953,3.183932304382324,0.22708477079868317
5.0749993324279785,1.7084915746032208,1.6275653839111328,3.183932304382324,0.3044174909591675
5.078066110610962,1.7123393597383787,1.6332875490188599,2.982513189315796,0.21213091909885406
5.081133604049683,1.7159725695505634,1.6386282444000244,3.195010185241699,0.2890363931655884
5.084200143814087,1.7193838580429737,1.6439688205718994,2.968413829803467,0.3048447370529175
5.087268590927124,1.7225712335669088,1.649309515953064,2.9462578296661377,0.18179598450660706
5.0903356075286865,1.7255264427969894,1.654268741607666,3.0520026683807373,0.16769665479660034
5.093383073806763,1.7282300489594535,1.6592278480529785,2.5907530784606934,0.19290456175804138
5.096451997756958,1.7307141897436502,1.6641870737075806,2.404440402984619,0.24631112813949585
5.099518775939941,1.7329538257407646,1.6687648296356201,2.4719157218933105,0.22452124953269958
5.1025848388671875,1.734947015962656,1.6733424663543701,2.4417028427124023,0.23178453743457794
5.105650901794434,1.7366913526469168,1.6779202222824097,2.391348123550415,0.1424887478351593
5.108717918395996,1.7381846716325535,1.6821163892745972,2.1486382484436035,0.19290456175804138
5.111783742904663,1.7394237413414988,1.6859312057495117,1.8686655759811401,0.17752346396446228
5.114850282669067,1.7404075518886464,1.6897459030151367,2.1758296489715576,0.13479819893836975
5.117916584014893,1.7411342772996692,1.6935607194900513,2.1556878089904785,0.15317006409168243
5.120989799499512,1.741603689682416,1.6969939470291138,1.764934778213501,0.14633402228355408
5.124055862426758,1.7418129740534332,1.7004272937774658,2.060013771057129,0.16855116188526154
5.127122640609741,1.7417631717619046,1.7034790515899658,1.6732890605926514,0.16470588743686676
5.130189418792725,1.7414542777372475,1.7061493396759033,1.5463950634002686,0.16684214770793915
5.13325834274292,1.7408862632343,1.7088197469711304,1.4054017066955566,0.1890592873096466
5.13632869720459,1.7400596532816492,1.7114900350570679,1.2835431098937988,0.1591515988111496
5.139379978179932,1.7389834059236753,1.7137788534164429,1.141542673110962,0.10873579233884811
5.142446756362915,1.7376473757085928,1.715686321258545,1.0307621955871582,0.1292439103126526
5.14551305770874,1.736058632390893,1.7175936698913574,0.8212863206863403,0.07754635065793991
5.148580074310303,1.7342188885227863,1.7191195487976074,0.8162508606910706,0.15530632436275482
5.15164852142334,1.7321301866477041,1.7206454277038574,0.7286335825920105,0.10489051789045334
5.154725790023804,1.729789372367975,1.721789836883545,0.45369648933410645,0.10189975053071976
5.157802104949951,1.72720643210401,1.72255277633667,0.5020371079444885,0.10489051789045334
5.16087007522583,1.7243925120288706,1.7233158349990845,0.1414969116449356,0.03952086716890335
5.1639368534088135,1.7213463433867024,1.723697304725647,0.16365301609039307,0.07455558329820633
5.167003631591797,1.7180714022984331,1.723697304725647,0.004531929735094309,0.13522544503211975
5.170069932937622,1.7145731132564912,1.723697304725647,-0.027695124968886375,0.07754635065793991
5.173135995864868,1.710856475480403,1.723697304725647,0.046829938888549805,0.03823911026120186
5.176202297210693,1.7069264285716501,1.722934365272522,-0.34291601181030273,-0.048493172973394394
5.1792683601379395,1.7027894170670699,1.72255277633667,-0.34090182185173035,-0.08566414564847946
5.182334661483765,1.6984509392663059,1.721789836883545,-0.41844815015792847,-0.1117265596985817
5.185380458831787,1.6939486944533564,1.72102689743042,-0.5201647877693176,-0.16256961226463318
5.1884472370147705,1.6892280084362137,1.71950101852417,-0.7034561634063721,-0.13565270602703094
5.191513776779175,1.684326634093181,1.7183566093444824,-0.7054703831672668,-0.2403295934200287
5.194579839706421,1.6792522914190642,1.71644926071167,-0.7648890018463135,-0.23520256578922272
5.197646856307983,1.6740101090365367,1.7141603231430054,-1.2674295902252197,-0.17923247814178467
5.200713157653809,1.6686107019123533,1.7118715047836304,-1.4275578260421753,-0.1899137794971466
5.203779220581055,1.6630613194735377,1.7095826864242554,-1.4064087867736816,-0.0788281038403511
5.206845283508301,1.6573697850190683,1.7069122791290283,-1.5312886238098145,-0.14590676128864288
5.209912061691284,1.6515431727684533,1.7038605213165283,-1.6571755409240723,-0.1433432549238205
5.212981224060059,1.6455867733933394,1.7004272937774658,-1.7437857389450073,-0.07199206203222275
5.216050863265991,1.6395129727244269,1.6969939470291138,-1.9280842542648315,-0.08993667364120483
5.219117164611816,1.6333384995797522,1.6931792497634888,-1.9623254537582397,-0.13437095284461975
5.222183465957642,1.6270659774103746,1.6897459030151367,-2.063035011291504,-0.10617227107286453
5.225249290466309,1.6207057137501708,1.6855497360229492,-2.2664682865142822,-0.024139773100614548
5.228315114974976,1.614266179760533,1.6813534498214722,-2.4175326824188232,-0.02841229923069477
5.231382131576538,1.6077543889798587,1.6771572828292847,-2.385305643081665,-0.06729228794574738
5.234448194503784,1.6011845539437952,1.6725795269012451,-2.374227523803711,0.024994278326630592
5.237514019012451,1.594564928424559,1.6680018901824951,-2.538383960723877,-0.021576257422566414
5.240579843521118,1.587904827885632,1.663042664527893,-2.6461431980133057,-0.02542153000831604
5.243646144866943,1.5812130940349203,1.6584649085998535,-2.700526475906372,-0.06216525658965111
5.24671196937561,1.5745017390067981,1.6531243324279785,-2.710597276687622,-0.10275425016880035
5.249778747558594,1.567777592928354,1.6481651067733765,-2.868711471557617,-0.07412832975387573
5.252846956253052,1.5610495907752162,1.642824411392212,-2.972442150115967,0.032684825360774994
5.255924463272095,1.5543105307286402,1.637483835220337,-2.973449230194092,0.025848783552646637
5.258994102478027,1.5476080298011148,1.6317616701126099,-3.026825428009033,-0.051483940333127975
5.262061357498169,1.540939984053111,1.6260395050048828,-2.985534429550171,-0.08737315982580185
5.265129089355469,1.5343100571168762,1.6203173398971558,-3.2524147033691406,-0.04592965543270111
5.268195390701294,1.5277321956008818,1.6145952939987183,-3.2030670642852783,-0.0049134050495922565
5.2712647914886475,1.5212065065941915,1.6088731288909912,-3.148684024810791,0.051483940333127975
5.274333953857422,1.5147498714489673,1.6031509637832642,-3.2252230644226074,0.08566414564847946
5.277379751205444,1.508419623257458,1.596665859222412,-3.2634928226470947,0.05191119387745857
5.280447721481323,1.5021304931537949,1.590562343597412,-3.3470816612243652,0.005340657662600279
5.283514499664307,1.4959405906401713,1.584840178489685,-3.2413365840911865,0.013031205162405968
5.286581039428711,1.4898571151275932,1.578355073928833,-3.5354084968566895,0.04934767633676529
5.289649724960327,1.483884480123093,1.5722514390945435,-3.60892653465271,0.1437705010175705
5.292719125747681,1.4780345130176933,1.566529393196106,-3.0973219871520996,0.11386281996965408
5.295786142349243,1.472321708985867,1.560044288635254,-3.2232089042663574,0.06216525658965111
5.298852920532227,1.466750387067119,1.5543221235275269,-3.120485305786133,0.07754635065793991
5.301921844482422,1.4613246318800022,1.5482184886932373,-3.3561456203460693,0.11941710859537125
5.304987907409668,1.4560612959769172,1.5417333841323853,-3.2000458240509033,0.10489051789045334
5.308054447174072,1.4509622831043052,1.5360113382339478,-3.434699058532715,0.21127641201019287
5.311120510101318,1.4460367474035865,1.5299077033996582,-3.315861701965332,0.18692301213741302
5.314187049865723,1.4412904703709832,1.5238040685653687,-3.0943007469177246,0.1429159939289093
5.317253828048706,1.4367309318281616,1.5180819034576416,-3.0761730670928955,0.13907071948051453
5.320322513580322,1.4323626253852204,1.512359857559204,-3.187960624694824,0.13095292448997498
5.323382616043091,1.4282063121510373,1.506637692451477,-3.0489814281463623,0.1574425846338272
5.326451301574707,1.424244859378907,1.50091552734375,-3.124513626098633,0.23562981188297272
5.329518556594849,1.4204977955768003,1.4955748319625854,-2.9261157512664795,0.13308918476104736
5.332585573196411,1.416969057280824,1.4902342557907104,-2.840512752532959,0.14889752864837646
5.335652112960815,1.4136640822393052,1.484893560409546,-2.847562313079834,0.10788128525018692
5.338718414306641,1.4105874421515234,1.4795528650283813,-2.82641339302063,0.18521401286125183
5.341784715652466,1.4077434387540138,1.4745937585830688,-2.664271116256714,0.18435950577259064
5.344850778579712,1.4051364875268963,1.4696345329284668,-2.402426242828369,0.32364386320114136
5.347917079925537,1.4027700532415412,1.4650568962097168,-2.5011215209960938,0.2381933331489563
5.3509838581085205,1.400647550115518,1.4604791402816772,-2.4245822429656982,0.2663919925689697
5.354052305221558,1.3987715644233139,1.4559013843536377,-2.1657588481903076,0.3052719831466675
5.357128858566284,1.3971421468178462,1.4517052173614502,-2.362142324447632,0.2980087101459503
5.360198020935059,1.3957700149739563,1.4475089311599731,-2.0499427318573,0.27621880173683167
5.363268136978149,1.3946526851499044,1.4433127641677856,-2.1516594886779785,0.2223849892616272
5.366337537765503,1.3937924564364133,1.4398794174194336,-1.8414740562438965,0.1723964363336563
5.369380235671997,1.393194441055193,1.436446189880371,-1.8596017360687256,0.27963683009147644
5.3724470138549805,1.3928492178777907,1.433012843132019,-1.8616158962249756,0.2723735272884369
5.375513076782227,1.3927630351410711,1.429961085319519,-1.7276722192764282,0.40695810317993164
5.378579616546631,1.3929359571081334,1.426909327507019,-1.6178988218307495,0.34372472763061523
5.381646633148193,1.3933678478229785,1.4238574504852295,-1.5615015029907227,0.3326161503791809
5.3847129344940186,1.394057868076605,1.421187162399292,-1.2825360298156738,0.33774319291114807
5.387778997421265,1.3950049804344136,1.418898344039917,-1.2482948303222656,0.30954450368881226
5.390846252441406,1.3962083398846352,1.416990876197815,-0.9471732378005981,0.24588388204574585
5.3939127922058105,1.3976654712142116,1.4150835275650024,-0.9481803774833679,0.3509880304336548
5.396979093551636,1.3993743191416408,1.41317617893219,-0.9391164779663086,0.29501792788505554
5.400045871734619,1.4013327739797048,1.4120317697525024,-0.8484779000282288,0.2826276123523712
5.403113126754761,1.4035380430027913,1.4105058908462524,-0.5725337862968445,0.3685053884983063
5.406179189682007,1.4059855667303676,1.409742832183838,-0.45470359921455383,0.21213091909885406
5.40924596786499,1.408673176089426,1.408979892730713,-0.34190890192985535,0.26254671812057495
5.412311792373657,1.4115953920162032,1.4085984230041504,-0.3368734121322632,0.30698099732398987
5.415381908416748,1.4147532501670468,1.408216953277588,-0.10423437505960464,0.23392081260681152
5.418447971343994,1.4181335082401425,1.408216953277588,0.05589379742741585,0.26126497983932495
5.421514272689819,1.421735454579241,1.408216953277588,0.10624857246875763,0.27493706345558167
5.424580335617065,1.4255531826706587,1.4085984230041504,0.24824902415275574,0.31338977813720703
5.4276463985443115,1.4295812973030038,1.4093613624572754,0.3831998109817505,0.3937132954597473
5.430712938308716,1.4338144932785077,1.4101243019104004,0.3781643509864807,0.42191195487976074
5.433780670166016,1.4382476353289049,1.410887360572815,0.5674982666969299,0.4411383271217346
5.436846971511841,1.4428703295580867,1.412413239479065,0.6621652841567993,0.443274587392807
5.439913749694824,1.4476784964174425,1.4135576486587524,0.965300977230072,0.48557260632514954
5.442980527877808,1.4526642915629542,1.415464997291565,1.0972304344177246,0.5517967343330383
5.446046590805054,1.457819089237375,1.4173723459243774,0.9763790369033813,0.4573739171028137
5.449115037918091,1.463140576403386,1.4192798137664795,1.0086060762405396,0.5607690811157227
5.452186584472656,1.4686225059960762,1.421950101852417,1.313755989074707,0.659037172794342
5.455268621444702,1.4742708847093164,1.424238920211792,1.4366216659545898,0.5821316838264465
5.458354234695435,1.4800655732370567,1.426909327507019,1.4940260648727417,0.49710842967033386
5.461386442184448,1.4858877612161965,1.4303425550460815,1.694438099861145,0.5509422421455383
5.464455842971802,1.4919016893512773,1.4333943128585815,1.7055160999298096,0.5274433493614197
5.467522144317627,1.498021525679385,1.4368276596069336,1.8243534564971924,0.6205844283103943
5.470595598220825,1.5042588264347554,1.440260887145996,1.9995880126953125,0.48685434460639954
5.4736621379852295,1.5105757991735103,1.4444571733474731,2.207049608230591,0.3531242907047272
5.476729154586792,1.5169779851165617,1.4482718706130981,2.22114896774292,0.49796292185783386
5.479795694351196,1.523453887919547,1.4524681568145752,2.1466238498687744,0.3633783459663391
5.482863426208496,1.5299974354892507,1.4566643238067627,2.232227087020874,0.43302053213119507
5.4859302043914795,1.5365943419335026,1.4612420797348022,2.4265964031219482,0.37491416931152344
5.488997936248779,1.5432389070217027,1.4662013053894043,2.5756466388702393,0.49924468994140625
5.492064714431763,1.5499171327604586,1.4707789421081543,2.5867247581481934,0.4582284390926361
5.495131492614746,1.556621160923706,1.4757381677627563,2.7680017948150635,0.42063018679618835
5.498198509216309,1.5633415587085941,1.481078863143921,2.833462953567505,0.383031964302063
5.501264572143555,1.570065732984842,1.4860379695892334,2.869718551635742,0.4813000559806824
5.504331111907959,1.5767868349143948,1.491378664970398,2.7518882751464844,0.4757457971572876
5.507383346557617,1.5834626001429257,1.497100830078125,3.139620065689087,0.35782405734062195
5.510452508926392,1.5901513868243047,1.50244140625,2.8918745517730713,0.38773176074028015
5.513519048690796,1.5968005054890997,1.508163571357727,3.179903984069824,0.3039902448654175
5.5165855884552,1.603405810900381,1.513885736465454,3.029846668243408,0.31253528594970703
5.519652366638184,1.6099580026541676,1.5196079015731812,3.169832944869995,0.19931334257125854
5.522720813751221,1.6164503474644496,1.5253299474716187,3.4125428199768066,0.3522697687149048
5.5257909297943115,1.6228730822629782,1.5314335823059082,3.316868782043457,0.34757000207901
5.528857231140137,1.6292052767044407,1.5375372171401978,3.2604715824127197,0.4108033776283264
5.531924486160278,1.635447483685221,1.5432593822479248,3.3490958213806152,0.35568779706954956
5.534991502761841,1.641587974636478,1.5493628978729248,3.195010185241699,0.30740824341773987
5.538057327270508,1.6476157971218897,1.5558480024337769,3.5051956176757812,0.3347524106502533
5.541122913360596,1.6535239576303584,1.5619516372680664,3.304783821105957,0.25955596566200256
5.544188976287842,1.659305051125961,1.568055272102356,3.2312657833099365,0.3304798901081085
5.547255039215088,1.6649495681177207,1.5737773180007935,3.458869218826294,0.33859768509864807
5.5503246784210205,1.6704554572173935,1.5802624225616455,3.5766994953155518,0.382177472114563
5.553382158279419,1.675786973195673,1.586366057395935,3.3420462608337402,0.20144960284233093
5.556458950042725,1.6809904870176327,1.592088222503662,3.322911500930786,0.3009994626045227
5.5595314502716064,1.6860171541750826,1.5981918573379517,3.288670063018799,0.18692301213741302
5.562597990036011,1.69085762269508,1.6042953729629517,3.2030670642852783,0.23263904452323914
5.565665006637573,1.6955153330089168,1.6100175380706787,2.977477788925171,0.4603646993637085
5.568731069564819,1.6999812419173845,1.6157397031784058,3.163790225982666,0.34799724817276
5.571799278259277,1.7042531148980162,1.6218433380126953,3.165804624557495,0.24246585369110107
5.574865341186523,1.708318636742581,1.6271839141845703,2.9261157512664795,0.24844738841056824
5.577933311462402,1.7121771626603661,1.6329060792922974,3.00164794921875,0.23306630551815033
5.581000566482544,1.715819541377141,1.6386282444000244,3.2000458240509033,0.3458609879016876
5.584068059921265,1.7192415437070259,1.643587350845337,2.8918745517730713,0.3796139359474182
5.587133884429932,1.722436117267975,1.6489280462265015,2.7327535152435303,0.27920958399772644
5.590200424194336,1.7254011076643632,1.654268741607666,2.9230945110321045,0.13308918476104736
5.593269109725952,1.728133168014496,1.6592278480529785,2.711604595184326,0.1745326966047287
5.596338987350464,1.7306270016895122,1.663805603981018,2.5031356811523438,0.20956741273403168
5.599380731582642,1.732858277390871,1.6687648296356201,2.38832688331604,0.24972915649414062
5.602447509765625,1.734863043639654,1.6733424663543701,2.374227523803711,0.1924773007631302
5.605513095855713,1.7366183310939587,1.6779202222824097,2.4638590812683105,0.2369115799665451
5.608579635620117,1.7381227909551233,1.6817349195480347,2.1667659282684326,0.1758144497871399
5.6116485595703125,1.73937447784103,1.6859312057495117,2.105333089828491,0.2403295934200287
5.614718437194824,1.740370532064218,1.6897459030151367,1.9854886531829834,0.10745403170585632
5.617784738540649,1.7411083328921064,1.6935607194900513,2.0217440128326416,0.0963454619050026
5.620850563049316,1.7415880401783703,1.6969939470291138,1.761913537979126,0.20273137092590332
5.623916864395142,1.7418090909744415,1.7004272937774658,1.6511329412460327,0.18307773768901825
5.626983404159546,1.74177104939028,1.7030975818634033,1.5051041841506958,0.21683070063591003
5.630049705505371,1.7414739778152406,1.7061493396759033,1.4084229469299316,0.2501564025878906
5.633116960525513,1.740918111417375,1.7088197469711304,1.4074158668518066,0.23178453743457794
5.636185646057129,1.7401038885052458,1.7111085653305054,1.0911879539489746,0.2052948772907257
5.639252185821533,1.739033557081362,1.7133973836898804,1.141542673110962,0.13522544503211975
5.642322540283203,1.7377064203884662,1.715686321258545,0.99853515625,0.13607995212078094
5.6453857421875,1.7361296013701237,1.7175936698913574,1.0075989961624146,0.10830853879451752
5.64845609664917,1.7342980842797369,1.7191195487976074,0.7437399625778198,0.10830853879451752
5.651522874832153,1.7322205488319353,1.7206454277038574,0.9089036583900452,0.07028305530548096
5.654591083526611,1.7298969526392056,1.7214083671569824,0.46981003880500793,0.10232700407505035
5.65766716003418,1.727324775255775,1.72255277633667,0.5956969261169434,0.09250018745660782
5.660736560821533,1.72451986122431,1.722934365272522,0.19890135526657104,0.07028305530548096
5.663806438446045,1.7214805725448423,1.7233158349990845,0.173723965883255,0.08737315982580185
5.666875600814819,1.7182126370256317,1.723697304725647,-0.0015106431674212217,0.09292744100093842
5.669941425323486,1.7147241523279961,1.723697304725647,-0.13041886687278748,0.01773098297417164
5.6730077266693115,1.711016272019796,1.7233158349990845,-0.1273975670337677,-0.008331426419317722
5.676074743270874,1.70709408680189,1.722934365272522,-0.21300068497657776,-0.0049134050495922565
5.67914080619812,1.7029655774633643,1.72255277633667,-0.29356831312179565,-0.05404745414853096
5.6822075843811035,1.6986346522561142,1.721789836883545,-0.42247653007507324,-0.0950637087225914
5.685274124145508,1.6941090410627186,1.7206454277038574,-0.6400091648101807,-0.12240787595510483
5.688342571258545,1.6893921453435188,1.71950101852417,-0.7961089611053467,-0.1283894032239914
5.691380739212036,1.6845429327258563,1.71797513961792,-0.7679103016853333,-0.1882047802209854
5.694446802139282,1.6794759731821076,1.71644926071167,-0.8182650208473206,-0.19589532911777496
5.697514295578003,1.6742400175807715,1.7145417928695679,-1.1777981519699097,-0.17154192924499512
5.70058012008667,1.6688481459631317,1.7122529745101929,-1.4144655466079712,-0.13736172020435333
5.703646183013916,1.6633051195784663,1.7095826864242554,-1.3590753078460693,-0.13351644575595856
5.706714868545532,1.6576146574772899,1.7069122791290283,-1.5171892642974854,-0.09036392718553543
5.709784030914307,1.6517889834502473,1.7038605213165283,-1.6702678203582764,-0.09933622926473618
5.712849855422974,1.6458441729666435,1.7008087635040283,-1.6742961406707764,-0.11599908769130707
5.71591591835022,1.639782308712832,1.6969939470291138,-1.8948501348495483,-0.08096437156200409
5.718982934951782,1.6336109112365385,1.6935607194900513,-1.8424811363220215,-0.15317006409168243
5.722048997879028,1.6273429783380133,1.6897459030151367,-2.0096590518951416,-0.10061798989772797
5.725114822387695,1.6209864084942593,1.6855497360229492,-2.228198766708374,-0.06558327376842499
5.728180885314941,1.6145496483672146,1.6817349195480347,-2.2654612064361572,-0.03994812071323395
5.731249809265137,1.608036641647052,1.6771572828292847,-2.253376007080078,-0.018585488200187683
5.734318256378174,1.6014640699273754,1.6725795269012451,-2.550469160079956,0.014740215614438057
5.737380027770996,1.5948551553008472,1.6680018901824951,-2.4437170028686523,-0.0472114123404026
5.740445613861084,1.5881971366918022,1.6634241342544556,-2.545433759689331,-0.02713054046034813
5.743512153625488,1.5815060135782202,1.6584649085998535,-2.808285713195801,-0.0625925064086914
5.7465784549713135,1.5747943086503535,1.653505802154541,-2.7659876346588135,-0.09164568781852722
5.749645233154297,1.5680704208321972,1.6481651067733765,-2.9593498706817627,-0.08224612474441528
5.752714157104492,1.5613406740825766,1.6432058811187744,-2.8898603916168213,-0.033966582268476486
5.755791664123535,1.5546010029880188,1.6378653049468994,-2.866697072982788,0.03866636008024216
5.7588677406311035,1.547883428783866,1.6321431398391724,-3.131563186645508,-0.057892728596925735
5.761939287185669,1.5412046757482194,1.6264209747314453,-3.0731518268585205,-0.029266804456710815
5.76500940322876,1.534567865627256,1.6206988096237183,-3.2302587032318115,-0.006622415501624346
5.768075227737427,1.5279889282123627,1.6149767637252808,-3.157747745513916,0.01901274174451828
5.77114200592041,1.521466302375458,1.6088731288909912,-3.316868782043457,0.08224612474441528
5.774208307266235,1.5150127266596514,1.6031509637832642,-3.2201876640319824,0.06985580176115036
5.777274131774902,1.5086377477746835,1.5970473289489746,-3.186953544616699,0.04165713116526604
5.780340671539307,1.5023483615570319,1.5909438133239746,-3.2624857425689697,0.045075152069330215
5.78338360786438,1.4962026791929341,1.584840178489685,-3.2030670642852783,0.045075152069330215
5.786453008651733,1.4901088679145056,1.5787365436553955,-3.311833381652832,0.06601052731275558
5.789519309997559,1.4841358478980602,1.572632908821106,-3.2000458240509033,0.11856260150671005
5.792585372924805,1.4782867278820198,1.566529393196106,-3.4226138591766357,0.1292439103126526
5.795651197433472,1.4725701600446135,1.5604257583618164,-3.3581597805023193,0.03653009980916977
5.798717737197876,1.4669928847242653,1.5543221235275269,-3.3964293003082275,0.05233844369649887
5.80178427696228,1.4615645323874944,1.5478370189666748,-3.589791774749756,0.0801098644733429
5.804849863052368,1.456294777105594,1.5421148538589478,-3.296726942062378,0.09933622926473618
5.807916164398193,1.4511885554174135,1.5360113382339478,-3.303776502609253,0.1899137794971466
5.810983419418335,1.4462531889820402,1.5299077033996582,-3.4165713787078857,0.2240939885377884
5.814050674438477,1.4414976233276817,1.5238040685653687,-3.3390250205993652,0.16940565407276154
5.817117214202881,1.4369299657981627,1.5180819034576416,-3.0640878677368164,0.1279621571302414
5.820183277130127,1.4325565329549212,1.512359857559204,-3.192996025085449,0.1433432549238205
5.823249816894531,1.428382458246788,1.506637692451477,-3.0761730670928955,0.1437705010175705
5.826318740844727,1.4244116315234148,1.50091552734375,-2.827420473098755,0.20999465882778168
5.829381465911865,1.4206606551867742,1.4955748319625854,-2.7941863536834717,0.1412069946527481
5.8324480056762695,1.4171225901025135,1.4902342557907104,-3.139620065689087,0.20102235674858093
5.8355138301849365,1.4138082414453563,1.484893560409546,-2.7518882751464844,0.12454413622617722
5.838582515716553,1.4107189046384596,1.4799343347549438,-2.684412956237793,0.15616083145141602
5.841651678085327,1.407861945365314,1.4745937585830688,-2.838498592376709,0.2394750863313675
5.844717502593994,1.40524482970349,1.4696345329284668,-2.564568519592285,0.32578012347221375
5.847784042358398,1.4028676811928342,1.4650568962097168,-2.6491646766662598,0.3039902448654175
5.850850343704224,1.4007348239857,1.4604791402816772,-2.4628520011901855,0.2569924592971802
5.8539183139801025,1.3988482717600303,1.4559013843536377,-2.4396886825561523,0.25998321175575256
5.856994390487671,1.3972080664904372,1.4517052173614502,-2.4386816024780273,0.19546806812286377
5.860067129135132,1.395823338120233,1.4475089311599731,-2.244312286376953,0.251438170671463
5.863134145736694,1.394696098275664,1.4436942338943481,-1.8747081756591797,0.20401312410831451
5.866200923919678,1.3938252638984734,1.4398794174194336,-1.8001830577850342,0.2552834451198578
5.869267702102661,1.3932120306408275,1.436446189880371,-1.8213320970535278,0.286472886800766
5.8723366260528564,1.3928571516176738,1.433012843132019,-1.839459776878357,0.25955596566200256
5.875382661819458,1.392761425335334,1.429961085319519,-1.60782790184021,0.34116122126579285
5.87845253944397,1.3929236464424934,1.426909327507019,-1.3882811069488525,0.24332036077976227
5.881519079208374,1.3933447319731065,1.424238920211792,-1.245273470878601,0.2501564025878906
5.884585618972778,1.3940240920627,1.4215686321258545,-1.384252667427063,0.32791638374328613
5.887651443481445,1.3949604696496423,1.4192798137664795,-1.1979399919509888,0.3368886709213257
5.890718460083008,1.3961531165057826,1.416990876197815,-1.1516135931015015,0.1903410404920578
5.893787622451782,1.397601047839576,1.4150835275650024,-1.0267337560653687,0.29074540734291077
5.896853685379028,1.3992995215322033,1.41317617893219,-0.8837262392044067,0.2693827748298645
5.8999199867248535,1.4012475117403533,1.4120317697525024,-0.7507896423339844,0.30997177958488464
5.902985572814941,1.4034414638672024,1.410887360572815,-0.6853284239768982,0.2535744309425354
5.906052827835083,1.4058799401588462,1.409742832183838,-0.4315403997898102,0.32150760293006897
5.909119367599487,1.4085575385451141,1.408979892730713,-0.14753948152065277,0.3309071362018585
5.912186622619629,1.4114715304363854,1.4085984230041504,-0.29054704308509827,0.21298542618751526
5.915253162384033,1.4146162303208294,1.408216953277588,0.047837033867836,0.23306630551815033
5.918319463729858,1.4179873503861693,1.408216953277588,0.10222018510103226,0.221530482172966
5.9213831424713135,1.4215769554811413,1.4085984230041504,0.011581597849726677,0.2403295934200287
5.924452304840088,1.425389514704156,1.408979892730713,0.3197528123855591,0.2988632023334503
5.927520513534546,1.4294118469935377,1.4093613624572754,0.2683909237384796,0.3689326345920563
5.9305901527404785,1.4336411425924906,1.4101243019104004,0.497001588344574,0.40781262516975403
5.9336559772491455,1.438063658957402,1.410887360572815,0.6249027252197266,0.5150530338287354
5.936722040176392,1.442678328581736,1.4120317697525024,0.6259098052978516,0.5141985416412354
5.939789056777954,1.4474794864477283,1.4135576486587524,0.6682078242301941,0.4612191915512085
5.9428558349609375,1.452458202010855,1.415464997291565,0.9381093978881836,0.43302053213119507
5.9459288120269775,1.4576180236746612,1.4173723459243774,1.0932021141052246,0.40439459681510925
5.948995590209961,1.4629304745681724,1.4192798137664795,1.3550468683242798,0.4885633587837219
5.952064514160156,1.4684017821698696,1.4215686321258545,1.314763069152832,0.5902494788169861
5.955142259597778,1.4740365029514817,1.424238920211792,1.540352463722229,0.47019150853157043
5.958221197128296,1.479812964553069,1.4272907972335815,1.6994736194610596,0.574013888835907
5.961294174194336,1.4857088094570146,1.429961085319519,1.762920618057251,0.5073624849319458
5.9643635749816895,1.4917192269922335,1.4333943128585815,1.7941405773162842,0.6158846616744995
5.9674413204193115,1.4978588545683464,1.4368276596069336,1.9683680534362793,0.49753567576408386
5.970508098602295,1.5040799091523995,1.440260887145996,1.940169334411621,0.47104600071907043
5.973573923110962,1.5103928577326977,1.4440757036209106,2.3178300857543945,0.32407110929489136
5.976640224456787,1.5167912514069757,1.4482718706130981,2.2775464057922363,0.3488517701625824
5.979707479476929,1.5232666406049522,1.4524681568145752,2.3228657245635986,0.5500877499580383
5.982774257659912,1.529806407510644,1.4566643238067627,2.4950790405273438,0.444129079580307
5.985840559005737,1.5364008122505493,1.4612420797348022,2.359121084213257,0.42276644706726074
5.9889068603515625,1.5430410770848,1.4658198356628418,2.56557559967041,0.5069352388381958
5.991973400115967,1.5497178644420218,1.4707789421081543,2.984527349472046,0.5522239804267883
5.995040416717529,1.5564217898731023,1.4757381677627563,2.687434196472168,0.4565194249153137
5.998107194900513,1.5631413379654797,1.481078863143921,2.842526912689209,0.2732280492782593
6.00117301940918,1.5698649589309155,1.4860379695892334,3.018768548965454,0.3783321976661682
6.004241466522217,1.5765905057359393,1.491378664970398,2.833462953567505,0.502662718296051
6.007307529449463,1.5832970225226106,1.4967193603515625,2.9120163917541504,0.41934844851493835
6.01037859916687,1.5899906710996692,1.50244140625,3.0600595474243164,0.5364156365394592
6.013445615768433,1.5966417550708403,1.508163571357727,3.158754825592041,0.46805524826049805
6.016512632369995,1.6032492479468137,1.513885736465454,3.0570383071899414,0.34415197372436523
6.01957893371582,1.6098018144910005,1.5196079015731812,3.0902724266052246,0.21383993327617645
6.0226452350616455,1.6162912734631785,1.5253299474716187,3.279606342315674,0.29159989953041077
6.025710821151733,1.6227065033582417,1.5310521125793457,3.186953544616699,0.3924315273761749
6.0287766456604,1.6290399954503367,1.5375372171401978,3.438727378845215,0.4300297498703003
6.031843423843384,1.6352837747860527,1.5432593822479248,3.3430533409118652,0.4167849123477936
6.034913063049316,1.6414322665271845,1.5493628978729248,3.3964293003082275,0.3018539845943451
6.037981748580933,1.6474685960157363,1.5554665327072144,3.3360037803649902,0.26169222593307495
6.0410475730896,1.6533802560266553,1.561570167541504,3.4034790992736816,0.24118410050868988
6.044113874435425,1.6591650429097382,1.5676738023757935,3.2403295040130615,0.34799724817276
6.047180891036987,1.6648147408964855,1.5737773180007935,3.292698621749878,0.3210803270339966
6.0502471923828125,1.6703183279173512,1.579880952835083,3.133577585220337,0.33731594681739807
6.053314685821533,1.6756710168045044,1.5859845876693726,3.4085144996643066,0.251010924577713
6.056384086608887,1.6808658631414473,1.5917067527770996,3.184939384460449,0.18649576604366302
6.059455871582031,1.6858955988779731,1.5981918573379517,3.2040741443634033,0.29587242007255554
6.0625221729278564,1.6907401298852538,1.6039139032363892,3.4065003395080566,0.30740824341773987
6.065589427947998,1.6954028166181965,1.6096360683441162,3.128541946411133,0.2706645429134369
6.068655967712402,1.6998741780485829,1.6157397031784058,3.2121310234069824,0.4146486520767212
6.071722984313965,1.7041493331500064,1.6214618682861328,2.9371938705444336,0.1600061058998108
6.074793577194214,1.7082258489915423,1.6268024444580078,2.882810592651367,0.20102235674858093
6.077864408493042,1.712092847530936,1.6329060792922974,3.173861265182495,0.12497138977050781
6.0809326171875,1.715741221641377,1.638246774673462,2.9140305519104004,0.24374762177467346
6.083999872207642,1.7191679107109112,1.643587350845337,2.858640432357788,0.40439459681510925
6.087067127227783,1.722368992206522,1.6489280462265015,2.8908674716949463,0.21341268718242645
6.0901336669921875,1.7253390454556907,1.6538872718811035,2.8838179111480713,0.1894865334033966
6.09320068359375,1.7280748404060307,1.658846378326416,2.5766537189483643,0.1882047802209854
6.096268892288208,1.730572757489408,1.663805603981018,2.6139161586761475,0.24716563522815704
6.099338531494141,1.7328289688622702,1.6683833599090576,2.4709086418151855,0.1903410404920578
6.102384805679321,1.7348245361419075,1.6729609966278076,2.367177724838257,0.17795071005821228
6.105453968048096,1.7365868443569212,1.6775387525558472,2.2584116458892822,0.20956741273403168
6.1085216999053955,1.7380967117393094,1.6817349195480347,2.248340606689453,0.24332036077976227
6.1115882396698,1.7393523358303455,1.6855497360229492,1.9321125745773315,0.17880521714687347
6.1146557331085205,1.740352759176017,1.6897459030151367,2.077134370803833,0.1288166642189026
6.117721796035767,1.7410957788689148,1.6931792497634888,2.101304531097412,0.1766689568758011
6.120787858963013,1.7415808182800254,1.6969939470291138,2.0046234130859375,0.16726939380168915
6.123854398727417,1.7418071725129758,1.7000458240509033,1.8193179368972778,0.16385138034820557
6.1269211769104,1.7417743973372457,1.7030975818634033,1.4960402250289917,0.1741054356098175
6.129987001419067,1.7414826447650433,1.7061493396759033,1.6189059019088745,0.2082856446504593
6.133053302764893,1.7409322722273892,1.7088197469711304,1.5665370225906372,0.22580300271511078
6.136120080947876,1.7401239763604797,1.7111085653305054,1.1495994329452515,0.22452124953269958
6.1391870975494385,1.7390589302586288,1.7133973836898804,1.296635389328003,0.19546806812286377
6.142253398895264,1.7377391060737288,1.715686321258545,1.1042801141738892,0.12368962913751602
6.145321846008301,1.7361650558994426,1.717212200164795,1.1083085536956787,0.11642633378505707
6.148382663726807,1.7343448013945264,1.7191195487976074,0.9209887981414795,0.09079118072986603
6.1514527797698975,1.7322707809569158,1.720263957977295,0.7195696830749512,0.1446250081062317
6.154521226882935,1.729952558606771,1.721789836883545,0.6339665651321411,0.10232700407505035
6.157598257064819,1.7273850238971686,1.72255277633667,0.5090867280960083,0.0796826109290123
6.160674333572388,1.7245790638569645,1.722934365272522,0.18480201065540314,0.10531777143478394
6.163751125335693,1.7215373783288521,1.723697304725647,0.16868849098682404,0.095918208360672
6.166822671890259,1.7182709104540663,1.723697304725647,0.06697184592485428,0.09976348280906677
6.169890880584717,1.7147834538325475,1.723697304725647,-0.054886702448129654,0.10147249698638916
6.1729583740234375,1.7110776556199065,1.7233158349990845,-0.08207827806472778,0.04293888807296753
6.176024436950684,1.707160111213106,1.722934365272522,-0.29054704308509827,0.03781185671687126
6.179092168807983,1.7030326571295982,1.72255277633667,-0.19487297534942627,-0.07541008293628693
6.182164669036865,1.6986966185348933,1.721789836883545,-0.45369648933410645,-0.13565270602703094
6.185230493545532,1.6941747680057377,1.7206454277038574,-0.6128175854682922,-0.19632257521152496
6.18828821182251,1.6894773085260906,1.71950101852417,-0.4305332899093628,-0.14761577546596527
6.191349029541016,1.6845944394357777,1.7183566093444824,-0.8001373410224915,-0.16726939380168915
6.194378852844238,1.6795900983148204,1.7160677909851074,-1.139528512954712,-0.251865416765213
6.197443962097168,1.6743618809695886,1.7141603231430054,-1.312748908996582,-0.08053711801767349
6.200511932373047,1.6689697366961944,1.7122529745101929,-1.0791027545928955,-0.09164568781852722
6.203579902648926,1.663426482605915,1.7095826864242554,-1.455756425857544,-0.13095292448997498
6.206646203994751,1.6577434873963526,1.7069122791290283,-1.452735185623169,-0.08267337828874588
6.209712743759155,1.651925755350896,1.7038605213165283,-1.8223391771316528,-0.10318150371313095
6.212778806686401,1.6459832944728963,1.7004272937774658,-1.8253605365753174,-0.1429159939289093
6.2158448696136475,1.6399240308677556,1.6969939470291138,-1.9723963737487793,-0.07498283684253693
6.218913793563843,1.6337511562712623,1.6935607194900513,-2.2614328861236572,-0.13864347338676453
6.2219836711883545,1.6274774878750409,1.6897459030151367,-1.8908216953277588,-0.09933622926473618
6.225050210952759,1.6211212268407054,1.6859312057495117,-2.1647517681121826,-0.045502401888370514
6.228116512298584,1.614685544805638,1.6813534498214722,-2.402426242828369,-0.0318303182721138
6.231182813644409,1.6081795050428576,1.6775387525558472,-2.257404327392578,0.021576257422566414
6.234251976013184,1.601606613679683,1.6729609966278076,-2.55550479888916,0.03524833917617798
6.237323045730591,1.594978555551421,1.6683833599090576,-2.5988097190856934,-0.02883955091238022
6.240386247634888,1.5883263982198468,1.6634241342544556,-2.5957884788513184,-0.01901274174451828
6.2434539794921875,1.5816331761141325,1.6584649085998535,-2.665278196334839,-0.095918208360672
6.246520519256592,1.5749212564561408,1.653505802154541,-2.8838179111480713,-0.016449226066470146
6.249587774276733,1.5681964407862794,1.648546576499939,-2.7831082344055176,-0.06088349595665932
6.252656698226929,1.5614666237503823,1.6432058811187744,-2.7911651134490967,-0.019867246970534325
6.255735874176025,1.5547230432163797,1.6378653049468994,-2.987548589706421,-0.0318303182721138
6.258817434310913,1.5479930824148467,1.6321431398391724,-2.9553215503692627,-0.049774929881095886
6.261884927749634,1.5413225660605099,1.6264209747314453,-2.984527349472046,-0.035675592720508575
6.2649595737457275,1.5346752221047808,1.6206988096237183,-3.1154496669769287,-0.027557794004678726
6.26802659034729,1.5280928693041143,1.6149767637252808,-3.1073930263519287,-0.005340657662600279
6.271093368530273,1.5215692419743712,1.6088731288909912,-3.3551385402679443,0.06045624613761902
6.274159908294678,1.515114013094445,1.6031509637832642,-3.181918144226074,0.08096437156200409
6.277226448059082,1.50873625773194,1.5970473289489746,-3.4024720191955566,0.07541008293628693
6.280292749404907,1.502445930952061,1.5909438133239746,-3.2433509826660156,0.056183718144893646
6.2833592891693115,1.496251394448606,1.584840178489685,-3.2554359436035156,0.011322194710373878
6.286383152008057,1.4902463145216562,1.5787365436553955,-3.2695353031158447,0.042084380984306335
6.289452075958252,1.4842655251595913,1.5730143785476685,-3.135591745376587,0.13009841740131378
6.292518138885498,1.4784136046951792,1.566529393196106,-3.4951248168945312,0.1266804039478302
6.295584440231323,1.4726931694448315,1.560807228088379,-3.188967704772949,0.05703822523355484
6.298651456832886,1.4671118870737059,1.5547035932540894,-3.481025457382202,0.0796826109290123
6.301718711853027,1.4616789809429895,1.5485999584197998,-3.2423439025878906,0.03781185671687126
6.30478572845459,1.456403364749665,1.5421148538589478,-3.149691104888916,0.10446326434612274
6.307851552963257,1.451294399421965,1.5363928079605103,-3.3843443393707275,0.16684214770793915
6.310917854309082,1.4463568315425883,1.5302891731262207,-3.148684024810791,0.1882047802209854
6.313986539840698,1.4415951709257329,1.5241855382919312,-3.1003432273864746,0.20059509575366974
6.31705641746521,1.4370186646957839,1.518463373184204,-3.019775629043579,0.13009841740131378
6.320122480392456,1.4326413309112904,1.512359857559204,-3.0429389476776123,0.17026016116142273
6.323188781738281,1.4284635456653405,1.5070191621780396,-2.981506109237671,0.18735027313232422
6.3262550830841064,1.4244918590894189,1.5012969970703125,-3.0983290672302246,0.2078583985567093
6.329321622848511,1.4207318834185045,1.495956301689148,-2.880796432495117,0.1412069946527481
6.332387208938599,1.4171905855832712,1.490615725517273,-2.7901580333709717,0.1279621571302414
6.335458755493164,1.4138657856541605,1.4852750301361084,-2.7277181148529053,0.10788128525018692
6.338525295257568,1.410774393897237,1.4799343347549438,-2.6632637977600098,0.1292439103126526
6.341601133346558,1.407907086207131,1.4749752283096313,-2.552483320236206,0.18649576604366302
6.3446691036224365,1.4052842865189445,1.4700160026550293,-2.7347676753997803,0.21853971481323242
6.3477373123168945,1.402902082521837,1.4654383659362793,-2.6350653171539307,0.2685282528400421
6.3508055210113525,1.4007642282048929,1.4604791402816772,-2.535362720489502,0.3317616581916809
6.35387396812439,1.3988737640780975,1.4562828540802002,-2.214099407196045,0.29074540734291077
6.356950521469116,1.3972296772722768,1.4517052173614502,-2.4185397624969482,0.2535744309425354
6.360022783279419,1.3958415091025687,1.4475089311599731,-2.080155611038208,0.34714275598526
6.363090991973877,1.3947101842652343,1.4436942338943481,-1.9703822135925293,0.2501564025878906
6.366156816482544,1.3938359653663825,1.440260887145996,-1.6853742599487305,0.21042190492153168
6.369223117828369,1.3932190956804447,1.436446189880371,-1.854566216468811,0.16684214770793915
6.3722920417785645,1.3928604511194,1.433012843132019,-1.7296863794326782,0.29672694206237793
6.375364065170288,1.3927612339705355,1.429961085319519,-1.761913537979126,0.3945677876472473
6.378441095352173,1.3929225596142918,1.426909327507019,-1.6883955001831055,0.3334706723690033
6.381510019302368,1.393343107098087,1.424238920211792,-1.5161821842193604,0.23306630551815033
6.384578227996826,1.3940221449027235,1.4215686321258545,-1.3429617881774902,0.3044174909591675
6.387646913528442,1.3949588970335216,1.4192798137664795,-1.243259310722351,0.23263904452323914
6.390714645385742,1.3961514748298918,1.416990876197815,-1.1304646730422974,0.19717708230018616
6.3937811851501465,1.397597745987044,1.4150835275650024,-0.9501945376396179,0.19888609647750854
6.396847486495972,1.3992958351315812,1.4135576486587524,-0.9139391183853149,0.19632257521152496
6.399921417236328,1.4012484782957542,1.4120317697525024,-0.7175555229187012,0.2531471848487854
6.4029881954193115,1.4034434453684907,1.410887360572815,-0.7558251023292542,0.2843366265296936
6.406054258346558,1.4058811336541932,1.409742832183838,-0.5866330862045288,0.2052948772907257
6.409120798110962,1.4085588429404305,1.408979892730713,-0.35902953147888184,0.23178453743457794
6.412186861038208,1.4114717659968417,1.4085984230041504,-0.2824902832508087,0.2740825414657593
6.415255308151245,1.4146185107111797,1.4085984230041504,0.1263904720544815,0.30783551931381226
6.41832709312439,1.417996016793296,1.408216953277588,0.027695124968886375,0.26211947202682495
6.4213831424713135,1.4215769554811406,1.4085984230041504,-0.02064545638859272,0.2851911187171936
6.42444920539856,1.4253855570893874,1.4085984230041504,0.2502632141113281,0.37149614095687866
6.427515268325806,1.4294047940489056,1.4093613624572754,0.3801785409450531,0.4415655732154846
6.43058180809021,1.433629373020371,1.4101243019104004,0.40233463048934937,0.4898451268672943
6.433648586273193,1.4380527640046856,1.410887360572815,0.580590546131134,0.4462653398513794
6.436715126037598,1.4426677115384816,1.4120317697525024,0.7517967224121094,0.37405967712402344
6.439781904220581,1.4474680798783668,1.4135576486587524,0.7648890018463135,0.4266117215156555
6.4428486824035645,1.4524463889760266,1.415464997291565,0.99853515625,0.5466697216033936
6.4459147453308105,1.4575940258230211,1.4173723459243774,1.1032730340957642,0.5667505860328674
6.448982238769531,1.4629070047329549,1.4192798137664795,1.1133440732955933,0.5530785322189331
6.4520487785339355,1.468373346409719,1.4215686321258545,1.2100251913070679,0.45310139656066895
6.4551169872283936,1.4739896547978808,1.424238920211792,1.7085374593734741,0.43302053213119507
6.458194017410278,1.4797613863823262,1.4272907972335815,1.7518424987792969,0.47873654961586
6.461270570755005,1.4856630487079112,1.4303425550460815,1.5796291828155518,0.49967193603515625
6.464350938796997,1.491694246511457,1.4333943128585815,1.8726940155029297,0.504371702671051
6.46738076210022,1.4977370181281116,1.4368276596069336,1.918013334274292,0.6569008827209473
6.470447063446045,1.503955151051667,1.440260887145996,2.0046234130859375,0.41849392652511597
6.473513126373291,1.5102668171562503,1.4440757036209106,2.096269130706787,0.32791638374328613
6.476578712463379,1.5166621266380313,1.4482718706130981,2.397390604019165,0.4325932562351227
6.479645013809204,1.523134081968306,1.4524681568145752,2.2876172065734863,0.34244295954704285
6.482714653015137,1.529678741242774,1.4566643238067627,2.39034104347229,0.5112077593803406
6.485780954360962,1.536272157282657,1.4612420797348022,2.4245822429656982,0.43387502431869507
6.488847255706787,1.5429116244119885,1.4658198356628418,2.6169373989105225,0.3693598806858063
6.491913080215454,1.5495862455653442,1.4707789421081543,2.5001144409179688,0.3544060289859772
6.494982004165649,1.5562939284838448,1.4753566980361938,2.677363157272339,0.38773176074028015
6.498048782348633,1.5630132622721005,1.4806973934173584,2.861661672592163,0.20871290564537048
6.501116037368774,1.569739996260199,1.4860379695892334,2.821377992630005,0.26083773374557495
6.504183530807495,1.5764636164900343,1.491378664970398,3.025818347930908,0.4325932562351227
6.507249593734741,1.583170486427541,1.4967193603515625,3.036896228790283,0.32364386320114136
6.510315895080566,1.5898543065948165,1.50244140625,3.185946464538574,0.5547875165939331
6.513382911682129,1.5965061789203923,1.5077821016311646,3.0661020278930664,0.40866711735725403
6.516453981399536,1.6031233616911131,1.5135042667388916,3.17084002494812,0.4278934895992279
6.51952338218689,1.6096836351029407,1.5196079015731812,3.119478225708008,0.32535287737846375
6.522589445114136,1.6161738213897938,1.5253299474716187,3.0892653465270996,0.3539787828922272
6.525655746459961,1.6225919477759343,1.5310521125793457,3.192996025085449,0.40781262516975403
6.528721809387207,1.6289274897427386,1.5371557474136353,3.2010529041290283,0.4936904013156891
6.531789302825928,1.6351744357340132,1.5432593822479248,3.181918144226074,0.4283207356929779
6.534856796264648,1.6413205287941106,1.5493628978729248,3.2675211429595947,0.2710917890071869
6.537924528121948,1.6473571022720566,1.5554665327072144,3.1114213466644287,0.21469444036483765
6.540990591049194,1.6532715190620288,1.561570167541504,3.3722591400146484,0.2736552953720093
6.544057130813599,1.6590592046475676,1.567292332649231,3.2393224239349365,0.31338977813720703
6.547122955322266,1.6647093346524604,1.5737773180007935,3.471961498260498,0.3958495557308197
6.550189733505249,1.670216578185957,1.5794994831085205,3.177889585494995,0.3847409784793854
6.553261995315552,1.6755804101030856,1.58560311794281,3.4226138591766357,0.31210803985595703
6.556350231170654,1.6808094715600657,1.592088222503662,3.189974784851074,0.251865416765213
6.559445142745972,1.685878334720246,1.5978103876113892,3.156740665435791,0.2578469514846802
6.562517881393433,1.6907334759969175,1.6039139032363892,3.0943007469177246,0.29330891370773315
6.565588474273682,1.695401396114523,1.6096360683441162,3.2433509826660156,0.42404821515083313
6.568655967712402,1.6998741780485838,1.6153582334518433,2.998626708984375,0.3642328381538391
6.571722745895386,1.7041490086348245,1.6214618682861328,3.2685282230377197,0.14932478964328766
6.574791193008423,1.7082227643744061,1.6271839141845703,3.153719425201416,0.31039902567863464
6.5778584480285645,1.7120855487320747,1.6325246095657349,3.1003432273864746,0.29544517397880554
6.580925941467285,1.715733521230775,1.638246774673462,3.0681161880493164,0.28049135208129883
6.583992958068848,1.7191604382003614,1.643587350845337,2.7951934337615967,0.3655146062374115
6.587059736251831,1.7223615537921817,1.648546576499939,2.4860150814056396,0.21383993327617645
6.590126037597656,1.7253319455489549,1.6538872718811035,2.7458457946777344,0.21127641201019287
6.593191862106323,1.7280673121671817,1.658846378326416,2.552483320236206,0.22836652398109436
6.596257925033569,1.7305642588390828,1.663805603981018,2.4406957626342773,0.14932478964328766
6.599325656890869,1.7328200180092406,1.6683833599090576,2.413504123687744,0.2732280492782593
6.6023828983306885,1.7348233631809062,1.6729609966278076,2.4658732414245605,0.08523689955472946
6.6054511070251465,1.7365853184343394,1.6775387525558472,2.4356603622436523,0.18777751922607422
6.608517408370972,1.7380947763438876,1.6817349195480347,2.1889219284057617,0.22580300271511078
6.611583471298218,1.7393505812571963,1.6859312057495117,2.2856030464172363,0.2211032211780548
6.614649772644043,1.7403510641453763,1.6897459030151367,2.371206283569336,0.11557183414697647
6.617716312408447,1.7410946799979041,1.6931792497634888,1.9794460535049438,0.18008697032928467
6.62078332901001,1.7415802923546422,1.6969939470291138,1.9552757740020752,0.13266193866729736
6.623849630355835,1.7418070216479713,1.7000458240509033,1.766948938369751,0.16299687325954437
6.626915693283081,1.7417746872518343,1.7030975818634033,1.5081254243850708,0.21170367300510406
6.629982233047485,1.741483299423776,1.7061493396759033,1.3661249876022339,0.18307773768901825
6.633056402206421,1.7409315853230116,1.7088197469711304,1.449713945388794,0.20401312410831451
6.636123180389404,1.7401230293947012,1.7114900350570679,1.383245587348938,0.18393224477767944
6.63918924331665,1.7390580956118673,1.7137788534164429,1.2573586702346802,0.16385138034820557
6.642258405685425,1.7377367435004405,1.715686321258545,1.1747767925262451,0.1104447990655899
6.645328044891357,1.73616162104946,1.717212200164795,0.8293430805206299,0.10702677816152573
6.648382902145386,1.734344649945738,1.7191195487976074,0.8192721605300903,0.1420614868402481
6.6514503955841064,1.732272487281841,1.720263957977295,0.7457541823387146,0.13907071948051453
6.654519081115723,1.7299542646558537,1.7214083671569824,0.5775692462921143,0.07370107620954514
6.657595634460449,1.727387314727207,1.72255277633667,0.329823762178421,0.08908216655254364
6.660665273666382,1.7245876753774263,1.722934365272522,0.3338521420955658,0.10147249698638916
6.663731813430786,1.721557193832805,1.723697304725647,0.2734264135360718,0.06601052731275558
6.666799545288086,1.7182963513013603,1.723697304725647,0.02668802998960018,0.0946364551782608
6.669865846633911,1.7148128028286918,1.723697304725647,0.047837033867836,0.06686503440141678
6.672932863235474,1.7111093636264827,1.7233158349990845,-0.23213550448417664,0.07669184356927872
6.67599892616272,1.7071935714283564,1.722934365272522,-0.3368734121322632,-0.02072175219655037
6.679064989089966,1.7030701207413608,1.72255277633667,-0.3167315125465393,-0.03952086716890335
6.682132244110107,1.6987434121562899,1.721789836883545,-0.4325474798679352,-0.13180743157863617
6.685199737548828,1.694221077194221,1.7206454277038574,-0.6359807848930359,-0.1587243527173996
6.688269376754761,1.6895068035237777,1.71950101852417,-0.6480659246444702,-0.18350499868392944
6.691336393356323,1.6846149594765367,1.71797513961792,-0.878690779209137,-0.1882047802209854
6.694437742233276,1.6794911945941364,1.71644926071167,-0.8847333192825317,-0.1762416958808899
6.697505474090576,1.6742553067254426,1.7141603231430054,-1.1485923528671265,-0.18649576604366302
6.700572729110718,1.6688613289829501,1.7122529745101929,-1.1002517938613892,-0.10104524344205856
6.703638553619385,1.6633190928171686,1.7095826864242554,-1.4124513864517212,-0.13864347338676453
6.70670485496521,1.657633449364515,1.7069122791290283,-1.6873884201049805,-0.16214236617088318
6.709771394729614,1.6518132322464754,1.7038605213165283,-1.7598992586135864,-0.08310063183307648
6.712839603424072,1.6458642514147777,1.7004272937774658,-1.7709773778915405,-0.10916304588317871
6.7159106731414795,1.6397927733991509,1.6969939470291138,-2.094254970550537,-0.09848172962665558
6.718976974487305,1.633623003299176,1.6935607194900513,-1.940169334411621,-0.1766689568758011
6.722043752670288,1.627353779869246,1.6897459030151367,-2.1818723678588867,-0.10959029197692871
6.725110292434692,1.6209958618579383,1.6855497360229492,-2.0146944522857666,-0.08908216655254364
6.7281763553619385,1.6145592124624564,1.6813534498214722,-2.3168230056762695,-0.04122987762093544
6.731242895126343,1.608051386894348,1.6771572828292847,-2.411489963531494,-0.018158236518502235
6.734311580657959,1.6014784279272936,1.6725795269012451,-2.541405439376831,0.02883955091238022
6.737385272979736,1.5948437955706787,1.6680018901824951,-2.5051498413085938,-0.045075152069330215
6.740454912185669,1.5881768898546338,1.6634241342544556,-2.4981002807617188,-0.024994278326630592
6.7435221672058105,1.5814841241768114,1.658083438873291,-2.836484432220459,-0.03866636008024216
6.746588706970215,1.5747718442193386,1.653505802154541,-2.6632637977600098,-0.07370107620954514
6.74965500831604,1.5680489817106846,1.6481651067733765,-2.7327535152435303,-0.0322575718164444
6.752723455429077,1.5613202924760985,1.642824411392212,-2.8908674716949463,0.05917448550462723
6.755801439285278,1.5545796205116218,1.637483835220337,-3.159761905670166,0.03610284626483917
6.758877754211426,1.5478616029190035,1.6317616701126099,-3.1073930263519287,-0.056183718144893646
6.761950254440308,1.5411808923346302,1.6264209747314453,-3.3521173000335693,0.016876477748155594
6.765021800994873,1.5345411569164389,1.6203173398971558,-3.324925661087036,0.0010681315325200558
6.768089056015015,1.5279593790122268,1.6145952939987183,-3.334996461868286,0.019439993426203728
6.77115535736084,1.5214380474393518,1.6088731288909912,-3.332982301712036,0.07583733648061752
6.774221181869507,1.514985786724893,1.6027694940567017,-3.466926097869873,0.09378194808959961
6.777287483215332,1.5086101687591142,1.5970473289489746,-3.2594645023345947,0.07754635065793991
6.780353307723999,1.502322638226071,1.5909438133239746,-3.2403295040130615,0.0318303182721138
6.78338360786438,1.4962026791929341,1.584840178489685,-3.17285418510437,0.001495384145528078
6.7864532470703125,1.4901083989152428,1.5787365436553955,-3.3964293003082275,0.05746547505259514
6.789519548416138,1.4841353881551822,1.572632908821106,-3.328953981399536,0.11770809441804886
6.792586088180542,1.4782853784700758,1.566529393196106,-3.322911500930786,0.12240787595510483
6.79565167427063,1.4725692816457092,1.5604257583618164,-3.189974784851074,0.10104524344205856
6.798718452453613,1.4669916009055883,1.5543221235275269,-3.1980316638946533,0.046784162521362305
6.801783800125122,1.4615653644816302,1.5482184886932373,-3.3501029014587402,0.10360875725746155
6.804856538772583,1.4562834784441199,1.5421148538589478,-3.17285418510437,0.13565270602703094
6.807923316955566,1.4511768430731489,1.5360113382339478,-3.4095215797424316,0.23306630551815033
6.81099009513855,1.4462426408926754,1.5299077033996582,-3.4155642986297607,0.2211032211780548
6.814056396484375,1.44148892416551,1.5241855382919312,-3.2302587032318115,0.12198062241077423
6.817122936248779,1.4369216215835754,1.5180819034576416,-3.016754388809204,0.12027160823345184
6.820189714431763,1.432547558951237,1.512359857559204,-3.137605905532837,0.10104524344205856
6.8232581615448,1.4283713784250747,1.506637692451477,-3.028839588165283,0.2048676311969757
6.826329231262207,1.424398419275121,1.5012969970703125,-3.0912795066833496,0.1574425846338272
6.829382658004761,1.4206592371399425,1.495956301689148,-2.872739791870117,0.10232700407505035
6.832453727722168,1.4171161950402618,1.4902342557907104,-3.0761730670928955,0.1271076500415802
6.835520029067993,1.4138017692104792,1.484893560409546,-2.967406749725342,0.1112993061542511
6.8385865688323975,1.4107149772191823,1.4799343347549438,-2.4497597217559814,0.12240787595510483
6.8416526317596436,1.4078610942694976,1.4749752283096313,-2.8032500743865967,0.21127641201019287
6.844719648361206,1.4052430817741255,1.4700160026550293,-2.6602425575256348,0.24417486786842346
6.8477864265441895,1.4028659275430988,1.4650568962097168,-2.6632637977600098,0.2552834451198578
6.850853443145752,1.4007327926684374,1.4604791402816772,-2.4739298820495605,0.3001449704170227
6.853921413421631,1.3988464919945733,1.4562828540802002,-2.3319294452667236,0.20102235674858093
6.856997728347778,1.397206424307793,1.4517052173614502,-2.4195468425750732,0.20956741273403168
6.860071420669556,1.3958215824638907,1.4478904008865356,-2.228198766708374,0.16128785908222198
6.863142013549805,1.3946935355822228,1.4436942338943481,-2.102311849594116,0.33902496099472046
6.866208791732788,1.3938233605887815,1.4398794174194336,-2.0187227725982666,0.21170367300510406
6.869274377822876,1.3932109774773236,1.436446189880371,-1.8263676166534424,0.22623026371002197
6.872343063354492,1.3928566797425768,1.433012843132019,-1.5101395845413208,0.2736552953720093
6.875379800796509,1.3927613952742017,1.429961085319519,-1.7216296195983887,0.29587242007255554
6.878446102142334,1.3929230346578958,1.426909327507019,-1.678324580192566,0.27579155564308167
6.881513357162476,1.3933437054739328,1.424238920211792,-1.4356145858764648,0.29459068179130554
6.884579181671143,1.3940223960651843,1.4215686321258545,-1.454749345779419,0.31039902567863464
6.887646198272705,1.3949586487767618,1.4192798137664795,-1.1788052320480347,0.1903410404920578
6.890713214874268,1.3961508593028227,1.416990876197815,-1.0569466352462769,0.2373388260602951
6.893781661987305,1.3975979905306324,1.4150835275650024,-0.8766765594482422,0.25998321175575256
6.896848440170288,1.399296402203787,1.4135576486587524,-0.9713435769081116,0.29416343569755554
6.899914979934692,1.4012441292190054,1.4120317697525024,-0.7648890018463135,0.2565651834011078
6.9029810428619385,1.4034380416932424,1.410887360572815,-0.6833142638206482,0.2856183648109436
6.906047105789185,1.4058751666990614,1.4101243019104004,-0.4567177891731262,0.32407110929489136
6.90911340713501,1.4085521041167703,1.4093613624572754,-0.4295262098312378,0.2710917890071869
6.912179946899414,1.4114649353115034,1.4085984230041504,-0.34090182185173035,0.21383993327617645
6.915247678756714,1.4146104031609406,1.4085984230041504,-0.021652551367878914,0.19461356103420258
6.91831374168396,1.4179808514814423,1.408216953277588,-0.06596475094556808,0.24887464940547943
6.921380281448364,1.4215735017279882,1.4085984230041504,-0.03373769670724869,0.3612420856952667
6.924446105957031,1.4253815996898935,1.408979892730713,0.19487297534942627,0.40823987126350403
6.927518844604492,1.429409602809812,1.4093613624572754,0.13344015181064606,0.4155031740665436
6.930584669113159,1.4336334081366737,1.4101243019104004,0.40233463048934937,0.5154802799224854
6.933651447296143,1.4380569812734905,1.410887360572815,0.4939803183078766,0.46420997381210327
6.936717748641968,1.4426717385820753,1.4120317697525024,0.618860125541687,0.42404821515083313
6.939783573150635,1.4474707413246362,1.413939118385315,0.8031586408615112,0.4902723729610443
6.942850828170776,1.4524499327890585,1.415464997291565,0.7558251023292542,0.5137712955474854
6.9459168910980225,1.4575976862907183,1.416990876197815,0.9693293571472168,0.5535057783126831
6.948983430862427,1.4629091001344983,1.419661283493042,1.3479973077774048,0.4731822609901428
6.952050447463989,1.468376362140335,1.4215686321258545,1.3631036281585693,0.537697434425354
6.955118894577026,1.4739931901793393,1.4246203899383545,1.5645227432250977,0.4475471079349518
6.958195447921753,1.479764100768374,1.4272907972335815,1.6894025802612305,0.5970855355262756
6.961271047592163,1.485663973096428,1.4303425550460815,1.679331660270691,0.45139238238334656
6.964340925216675,1.4916744520125296,1.4333943128585815,1.7347218990325928,0.4607919454574585
6.9673826694488525,1.4977408548823132,1.4368276596069336,1.8827649354934692,0.48429083824157715
6.970451354980469,1.5039639218886747,1.4406423568725586,2.040879011154175,0.4958266615867615
6.9735188484191895,1.510278678380947,1.4440757036209106,2.075120210647583,0.4808728098869324
6.9765846729278564,1.5166746374056228,1.4482718706130981,2.234241247177124,0.3514152765274048
6.979650974273682,1.5231467295201881,1.4524681568145752,2.399405002593994,0.4578011631965637
6.982717990875244,1.5296858899966708,1.4566643238067627,2.391348123550415,0.5000991821289062
6.985784292221069,1.5362793615015358,1.4612420797348022,2.399405002593994,0.46634623408317566
6.9888505935668945,1.5429188734008008,1.4658198356628418,2.535362720489502,0.49753567576408386
6.99191689491272,1.5495945689882222,1.4707789421081543,2.7700159549713135,0.5509422421455383
6.994990348815918,1.556312194035386,1.4757381677627563,2.842526912689209,0.47061875462532043
6.99805760383606,1.5630326041694833,1.4806973934173584,2.568596839904785,0.35654231905937195
7.001123905181885,1.569757250596299,1.4860379695892334,2.681391716003418,0.32877087593078613
7.004189968109131,1.5764777155364236,1.491378664970398,3.0902724266052246,0.45395588874816895
7.007256269454956,1.5831850671486127,1.4967193603515625,2.9996337890625,0.4317387640476227
7.010322570800781,1.5898688251566588,1.5020599365234375,3.0842297077178955,0.503089964389801
7.013380527496338,1.5965010235752009,1.508163571357727,3.143648386001587,0.45181962847709656
7.016448974609375,1.603112614400771,1.5135042667388916,2.9361867904663086,0.3202258348464966
7.0195159912109375,1.6096679101067064,1.5196079015731812,3.16479754447937,0.3150987923145294
7.022582530975342,1.6161592636891513,1.5253299474716187,3.194003105163574,0.5300068855285645
7.025649070739746,1.6225780604498083,1.5314335823059082,3.3954222202301025,0.4633554518222809
7.02871561050415,1.6289147698639879,1.5371557474136353,3.333989381790161,0.4578011631965637
7.031781911849976,1.6351595015313414,1.5432593822479248,3.303776502609253,0.35526055097579956
7.034847974777222,1.6413030072327,1.5493628978729248,3.286655902862549,0.3689326345920563
7.037913799285889,1.6473361925847825,1.5554665327072144,3.451819658279419,0.2890363931655884
7.040979862213135,1.6532510406416052,1.561570167541504,3.3581597805023193,0.24673838913440704
7.044046401977539,1.6590391879646964,1.5676738023757935,3.4054932594299316,0.32578012347221375
7.0471131801605225,1.664691544967276,1.5737773180007935,3.432684898376465,0.4167849123477936
7.050180673599243,1.6702005297609759,1.5794994831085205,3.309819221496582,0.30569925904273987
7.05324912071228,1.6755582636902162,1.5859845876693726,3.4205996990203857,0.32364386320114136
7.056330442428589,1.6807765007683368,1.592088222503662,3.3410391807556152,0.3031357228755951
7.059382677078247,1.6857777761577117,1.5978103876113892,3.283634662628174,0.29758143424987793
7.062450408935547,1.6906288149047746,1.6039139032363892,3.2675211429595947,0.34799724817276
7.065516471862793,1.695294094967115,1.6096360683441162,3.0932936668395996,0.45096513628959656
7.0685834884643555,1.6997707409427498,1.6153582334518433,3.187960624694824,0.3185168206691742
7.071649551391602,1.7040493244079864,1.6214618682861328,2.996612548828125,0.23135729134082794
7.074717998504639,1.7081280050854,1.6268024444580078,3.0812084674835205,0.2980087101459503
7.077787399291992,1.7119984845097513,1.6325246095657349,2.82238507270813,0.2052948772907257
7.080854892730713,1.7156515021486523,1.638246774673462,2.979491949081421,0.2236667424440384
7.083921670913696,1.7190833272031463,1.6432058811187744,3.17889666557312,0.3838864862918854
7.086989164352417,1.722290461576788,1.648546576499939,2.7931792736053467,0.1429159939289093
7.090056657791138,1.7252673141100192,1.6538872718811035,2.666285276412964,0.191622793674469
7.093123197555542,1.7280086464503663,1.6584649085998535,2.6521859169006348,0.11471732705831528
7.096189737319946,1.7305113498305758,1.663805603981018,2.5746395587921143,0.1920500546693802
7.099256277084351,1.732771708277507,1.6683833599090576,2.407461643218994,0.23263904452323914
7.102324962615967,1.7347876886324758,1.6729609966278076,2.6622567176818848,0.1899137794971466
7.105380058288574,1.736547354503379,1.6775387525558472,2.4517738819122314,0.19333180785179138
7.108446359634399,1.7380626626133213,1.6817349195480347,2.1687800884246826,0.252719908952713
7.111513137817383,1.7393246295473364,1.6855497360229492,2.232227087020874,0.21213091909885406
7.114580154418945,1.740331194293869,1.6893644332885742,2.1425955295562744,0.09207294136285782
7.1176464557647705,1.7410806091147741,1.6931792497634888,2.088212490081787,0.11856260150671005
7.120713949203491,1.741572166827784,1.6966124773025513,1.7075303792953491,0.07669184356927872
7.123783588409424,1.7418048677304845,1.7000458240509033,1.8424811363220215,0.17026016116142273
7.126852989196777,1.7417779434580047,1.7030975818634033,1.6622110605239868,0.20187686383724213
7.129919528961182,1.7414918499966499,1.7057678699493408,1.4899977445602417,0.26169222593307495
7.132986545562744,1.7409470031532184,1.7088197469711304,1.5846647024154663,0.23050278425216675
7.136053800582886,1.740144164104612,1.7111085653305054,1.298649549484253,0.15402457118034363
7.13912034034729,1.7390848346609742,1.7133973836898804,1.3187915086746216,0.18521401286125183
7.142187833786011,1.7377699822593693,1.715686321258545,1.1465781927108765,0.14590676128864288
7.145256280899048,1.7362013233017166,1.717212200164795,0.8766765594482422,0.09292744100093842
7.148326396942139,1.7343805013701292,1.7191195487976074,0.9794003367424011,0.0942092016339302
7.15138053894043,1.7323224168584277,1.720263957977295,0.8152437806129456,0.16214236617088318
7.1544482707977295,1.7300104979192599,1.7214083671569824,0.7256122827529907,0.13009841740131378
7.157524824142456,1.727449101401462,1.7221713066101074,0.35600823163986206,0.07199206203222275
7.160598039627075,1.7246515182098887,1.722934365272522,0.27544060349464417,0.11642633378505707
7.163668155670166,1.721622447266716,1.723697304725647,0.22005034983158112,0.027985045686364174
7.16673469543457,1.7183676225549347,1.723697304725647,-0.08812084794044495,0.12069886177778244
7.169800281524658,1.714889600050508,1.723697304725647,-0.01762416958808899,0.10659952461719513
7.172867059707642,1.7111910842633424,1.7233158349990845,-0.24824902415275574,0.05447470769286156
7.175933361053467,1.707279501339377,1.722934365272522,-0.20897230505943298,0.008758679032325745
7.178999662399292,1.7031601000665342,1.72255277633667,-0.3197528123855591,-0.03994812071323395
7.182066202163696,1.6988386522507075,1.721789836883545,-0.5443350672721863,-0.10104524344205856
7.185132265090942,1.6943226037882324,1.72102689743042,-0.5191577076911926,-0.16641488671302795
7.188198804855347,1.6896172555273226,1.7198824882507324,-0.6561226844787598,-0.16385138034820557
7.191266298294067,1.6847287338938584,1.71797513961792,-0.8353856801986694,-0.16641488671302795
7.19433331489563,1.6796665363580376,1.71644926071167,-0.7669031620025635,-0.14035248756408691
7.197380542755127,1.6744716928602068,1.7141603231430054,-1.2140535116195679,-0.1433432549238205
7.200447082519531,1.6690853061742983,1.7122529745101929,-1.1707484722137451,-0.1108720526099205
7.203513145446777,1.663548651336059,1.7095826864242554,-1.3751888275146484,-0.05532921478152275
7.2065794467926025,1.6578686741434123,1.7069122791290283,-1.5947356224060059,-0.15146104991436005
7.209645986557007,1.6520537744814034,1.7038605213165283,-1.4920119047164917,-0.191622793674469
7.212713003158569,1.6461120893143428,1.7004272937774658,-1.7256580591201782,-0.13095292448997498
7.215779542922974,1.64005428806973,1.6969939470291138,-1.8787364959716797,-0.02542153000831604
7.21884560585022,1.6338894177549166,1.6935607194900513,-1.8787364959716797,-0.15402457118034363
7.221911668777466,1.6276256959204387,1.6897459030151367,-1.9744106531143188,-0.10275425016880035
7.224977254867554,1.6212734144898708,1.6859312057495117,-2.071091890335083,-0.04122987762093544
7.228044509887695,1.614837510740236,1.6817349195480347,-2.361135244369507,-0.0634470134973526
7.2311110496521,1.6083325045017782,1.6771572828292847,-2.4588234424591064,0.014740215614438057
7.234177112579346,1.6017675877016917,1.6729609966278076,-2.4940719604492188,0.04293888807296753
7.23724365234375,1.595150466109263,1.6683833599090576,-2.4346532821655273,0.004058899823576212
7.2403106689453125,1.5884909431371301,1.6634241342544556,-2.5917601585388184,-0.02072175219655037
7.243386745452881,1.5817801330998706,1.6584649085998535,-2.7861294746398926,-0.025848783552646637
7.2464563846588135,1.575061782436127,1.653505802154541,-2.680384635925293,-0.06814679503440857
7.249526739120483,1.5683303037881977,1.648546576499939,-2.850583553314209,-0.05703822523355484
7.252609491348267,1.5615701033464782,1.6432058811187744,-2.9291369915008545,-0.015594720840454102
7.255688667297363,1.5548263128527522,1.6378653049468994,-2.880796432495117,-0.0019226367585361004
7.258768558502197,1.5480996253203145,1.6321431398391724,-2.810299873352051,-0.025848783552646637
7.261837482452393,1.541425471458471,1.6268024444580078,-2.817349433898926,0.0010681315325200558
7.2649054527282715,1.5347918390820017,1.6206988096237183,-3.4256350994110107,-0.05191119387745857
7.267971992492676,1.5282095657179682,1.6149767637252808,-3.313847541809082,0.03823911026120186
7.271039247512817,1.5216838075842083,1.6092545986175537,-3.297734022140503,0.09121843427419662
7.27410626411438,1.5152262989347216,1.6031509637832642,-3.2614786624908447,0.08780041337013245
7.277171850204468,1.5088490774496168,1.5970473289489746,-3.4024720191955566,0.02883955091238022
7.280237913131714,1.5025576063724004,1.5909438133239746,-3.3561456203460693,0.048493172973394394
7.283304691314697,1.4963607891347934,1.584840178489685,-3.3501029014587402,0.024994278326630592
7.286371231079102,1.4902697755074006,1.579118013381958,-3.310826301574707,0.029694056138396263
7.289443731307983,1.484281623991487,1.5730143785476685,-3.147676706314087,0.11300831288099289
7.292510271072388,1.4784284561301682,1.5669108629226685,-3.2594645023345947,0.11514458060264587
7.295578241348267,1.4727045951255504,1.5604257583618164,-3.274570941925049,0.05447470769286156
7.298646688461304,1.4671204510745752,1.5543221235275269,-3.324925661087036,0.039093613624572754
7.301715850830078,1.4616839766948349,1.5482184886932373,-3.3712520599365234,0.1117265596985817
7.3047850131988525,1.4564045761705298,1.5424963235855103,-3.276585102081299,0.11642633378505707
7.3078508377075195,1.4512955715548912,1.5360113382339478,-3.147676706314087,0.18649576604366302
7.3109166622161865,1.446358716712884,1.5302891731262207,-3.323918581008911,0.2048676311969757
7.313983201980591,1.4416002499881122,1.5245670080184937,-3.2312657833099365,0.125825896859169
7.317049980163574,1.4370280607965107,1.518463373184204,-3.135591745376587,0.08822766691446304
7.320116758346558,1.4326493159428322,1.5127413272857666,-3.008697748184204,0.14590676128864288
7.323182821273804,1.4284714687365228,1.5070191621780396,-3.122499465942383,0.12368962913751602
7.326249361038208,1.4244990750329303,1.501678466796875,-2.975463390350342,0.251438170671463
7.32931661605835,1.4207378465104832,1.495956301689148,-2.978484869003296,0.15616083145141602
7.332380533218384,1.4171980570926905,1.490615725517273,-2.984527349472046,0.13138018548488617
7.335446357727051,1.4138787494633691,1.4852750301361084,-2.7911651134490967,0.14035248756408691
7.338519811630249,1.4107797158676265,1.4803158044815063,-2.549462080001831,0.1570153385400772
7.341585636138916,1.4079209394402792,1.4749752283096313,-2.6511788368225098,0.1728236824274063
7.344651699066162,1.4052984900738132,1.4700160026550293,-2.525291919708252,0.31338977813720703
7.347718715667725,1.402915788615834,1.4654383659362793,-2.4356603622436523,0.27963683009147644
7.350784540176392,1.4007780100355645,1.4608606100082397,-2.372213363647461,0.27835509181022644
7.353851318359375,1.3988868045271192,1.4562828540802002,-2.3299152851104736,0.2373388260602951
7.356920480728149,1.3972445057736125,1.4520866870880127,-2.1627373695373535,0.1741054356098175
7.359997034072876,1.3958520844291127,1.4475089311599731,-2.3238728046417236,0.21298542618751526
7.3630664348602295,1.394718222707609,1.4436942338943481,-2.246326446533203,0.2202487289905548
7.366133213043213,1.3938417139864518,1.440260887145996,-2.0187227725982666,0.2548561692237854
7.369199275970459,1.3932228961991273,1.436446189880371,-1.834424376487732,0.21811245381832123
7.3722662925720215,1.3928623816566372,1.433012843132019,-1.8878004550933838,0.3001449704170227
7.375334978103638,1.3927609537695305,1.429961085319519,-1.69343101978302,0.29031816124916077
7.378380060195923,1.3929168241030034,1.426909327507019,-1.4899977445602417,0.2715190351009369
7.381446599960327,1.3933317961058505,1.424238920211792,-1.556465983390808,0.19803158938884735
7.3845131397247314,1.3940050618746425,1.4215686321258545,-1.3419547080993652,0.2728008031845093
7.387579917907715,1.3949357040744377,1.4192798137664795,-1.2593728303909302,0.22494849562644958
7.390646696090698,1.3961222983739692,1.416990876197815,-1.1506065130233765,0.2728008031845093
7.393712997436523,1.39756283899124,1.415464997291565,-0.9199817180633545,0.4612191915512085
7.396779298782349,1.3992553520103974,1.4135576486587524,-0.9794003367424011,0.24545662105083466
7.399845600128174,1.4011973248064304,1.4120317697525024,-0.8273289203643799,0.252292662858963
7.402915000915527,1.4033882103023834,1.410887360572815,-0.617853045463562,0.2856183648109436
7.405984401702881,1.4058229122245856,1.409742832183838,-0.3983062505722046,0.3048447370529175
7.409051179885864,1.4084954218724381,1.4093613624572754,-0.34090182185173035,0.2826276123523712
7.41211724281311,1.4114030417776886,1.4085984230041504,-0.2885328531265259,0.28177309036254883
7.415184259414673,1.4145430634760703,1.4085984230041504,0.2532845139503479,0.23562981188297272
7.418253183364868,1.4179121187326649,1.4085984230041504,0.15559624135494232,0.29074540734291077
7.421321392059326,1.4215024538211702,1.4085984230041504,0.1727168709039688,0.2582741975784302
7.424386024475098,1.4253049295635871,1.408979892730713,0.20897230505943298,0.2728008031845093
7.427454710006714,1.4293234079898502,1.4093613624572754,0.19487297534942627,0.5082169771194458
7.4305219650268555,1.4335450114470287,1.4101243019104004,0.3781643509864807,0.42404821515083313
7.433591604232788,1.4379688048714294,1.410887360572815,0.6591439843177795,0.4163576662540436
7.4366607666015625,1.4425842723935145,1.412413239479065,0.5523918271064758,0.4133669137954712
7.4397292137146,1.4473840813219703,1.4135576486587524,0.6208743453025818,0.4906996190547943
7.442798852920532,1.4523641172525006,1.415464997291565,0.9924925565719604,0.42319372296333313
7.445865631103516,1.4575102635959185,1.4173723459243774,1.142549753189087,0.5265888571739197
7.448933362960815,1.462821113443969,1.419661283493042,1.3661249876022339,0.48172733187675476
7.45199990272522,1.4682850478848088,1.421950101852417,1.2523231506347656,0.40610361099243164
7.455068826675415,1.4739004041852628,1.4246203899383545,1.6883955001831055,0.5244525671005249
7.4581520557403564,1.4796817769791673,1.4272907972335815,1.678324580192566,0.4889906048774719
7.461225509643555,1.4855757072232625,1.4303425550460815,1.678324580192566,0.5962310433387756
7.4642956256866455,1.4915849204345253,1.4333943128585815,1.7860838174819946,0.6180208921432495
7.467361927032471,1.4976991323262954,1.4368276596069336,2.083176851272583,0.5500877499580383
7.470380067825317,1.5038182524406656,1.440260887145996,2.0358433723449707,0.4317387640476227
7.4734461307525635,1.5101279639354095,1.4440757036209106,2.232227087020874,0.4009765684604645
7.476519346237183,1.5165375349077592,1.4482718706130981,2.2845959663391113,0.4257572293281555
7.479585647583008,1.5230081258848411,1.4524681568145752,2.3299152851104736,0.3787594437599182
7.482652187347412,1.5295449696409844,1.4566643238067627,2.39839768409729,0.48429083824157715
7.485718011856079,1.536136316530168,1.4612420797348022,2.568596839904785,0.5077897310256958
7.488785028457642,1.5427764904168173,1.4658198356628418,2.566582679748535,0.37534141540527344
7.491850852966309,1.5494504754887428,1.4703974723815918,2.6390936374664307,0.5441061854362488
7.49491810798645,1.5561540705695533,1.4753566980361938,2.701533555984497,0.4590829312801361
7.497985124588013,1.562873688531995,1.4806973934173584,2.818356513977051,0.3761959373950958
7.501051902770996,1.5695993464006064,1.4860379695892334,2.882810592651367,0.4800183176994324
7.504117727279663,1.5763194894786636,1.4909971952438354,2.967406749725342,0.4411383271217346
7.507184028625488,1.5830272769950002,1.4967193603515625,3.0399177074432373,0.4612191915512085
7.510249853134155,1.589710667997773,1.5020599365234375,3.019775629043579,0.4411383271217346
7.51331639289856,1.596362334965841,1.5077821016311646,3.1033647060394287,0.4586556851863861
7.516380310058594,1.602965208701504,1.5135042667388916,3.2131381034851074,0.3009994626045227
7.51944637298584,1.609519772868134,1.519226312637329,3.126527786254883,0.32278934121131897
7.522513389587402,1.6160136664112672,1.5253299474716187,3.0439460277557373,0.3168078064918518
7.525579452514648,1.6224332123101888,1.5310521125793457,3.1990387439727783,0.45224690437316895
7.528645753860474,1.6287714007828673,1.5371557474136353,3.2191805839538574,0.45310139656066895
7.531712532043457,1.6350192842015703,1.5432593822479248,3.3712520599365234,0.4308842718601227
7.534778594970703,1.641165170831908,1.5489814281463623,3.2111239433288574,0.28220033645629883
7.537845134735107,1.6472023361488188,1.5550850629806519,3.311833381652832,0.29373615980148315
7.540910959243774,1.6531194864514058,1.561570167541504,3.279606342315674,0.3300526440143585
7.543977499008179,1.6589105966477184,1.567292332649231,3.177889585494995,0.27707332372665405
7.547043323516846,1.6645643710385618,1.573395848274231,3.294712781906128,0.37021440267562866
7.550110101699829,1.670075475330692,1.5794994831085205,3.3490958213806152,0.47916379570961
7.553178787231445,1.6754372286446246,1.58560311794281,3.3631951808929443,0.27707332372665405
7.55624794960022,1.6806389806833466,1.5917067527770996,3.2292516231536865,0.2659647464752197
7.5593249797821045,1.685684828959348,1.5978103876113892,3.1154496669769287,0.29117265343666077
7.562383651733398,1.6905251760313689,1.6039139032363892,3.2322728633880615,0.22964827716350555
7.565453767776489,1.6952005652203117,1.6096360683441162,3.2614786624908447,0.4808728098869324
7.568521022796631,1.6996815063141106,1.6153582334518433,3.016754388809204,0.3616693317890167
7.571587085723877,1.7039641603698699,1.6210802793502808,3.2111239433288574,0.30698099732398987
7.574653148651123,1.708043949422691,1.6268024444580078,3.026825428009033,0.3027084767818451
7.577721118927002,1.7119171595246208,1.6325246095657349,2.813321113586426,0.19674982130527496
7.5807881355285645,1.7155743294749561,1.6378653049468994,3.16479754447937,0.24203860759735107
7.583857774734497,1.7190141074675138,1.6432058811187744,2.9603569507598877,0.28134584426879883
7.586927652359009,1.7222283966308498,1.648546576499939,2.9210803508758545,0.2394750863313675
7.589993715286255,1.72520857551567,1.653505802154541,2.6098878383636475,0.23349355161190033
7.593060255050659,1.7279547644252418,1.658846378326416,2.855619192123413,0.16726939380168915
7.596126317977905,1.7304620331892997,1.6634241342544556,2.5998167991638184,0.2082856446504593
7.599193096160889,1.7327276054487342,1.6683833599090576,2.4286105632781982,0.18564125895500183
7.602262020111084,1.7347488304789405,1.6729609966278076,2.3500571250915527,0.13565270602703094
7.605331182479858,1.73652116004361,1.6771572828292847,2.3047380447387695,0.13607995212078094
7.6083824634552,1.7380336655470534,1.6813534498214722,2.0177156925201416,0.20444037020206451
7.611448764801025,1.739300759348847,1.6851682662963867,2.0177156925201416,0.18649576604366302
7.614516258239746,1.7403128410240087,1.6893644332885742,2.084183931350708,0.13821622729301453
7.617584943771362,1.7410681081713417,1.6931792497634888,2.055985450744629,0.13907071948051453
7.620654344558716,1.7415650803420117,1.6966124773025513,1.69745934009552,0.11258106678724289
7.623720645904541,1.7418027030334562,1.7000458240509033,1.78104829788208,0.16385138034820557
7.626786947250366,1.7417812558588919,1.7030975818634033,1.5101395845413208,0.23306630551815033
7.629854440689087,1.7415006112814826,1.7057678699493408,1.5997711420059204,0.17923247814178467
7.632922172546387,1.7409610922348453,1.7084382772445679,1.625955581665039,0.16641488671302795
7.635990381240845,1.740163368175676,1.7111085653305054,1.3701533079147339,0.16385138034820557
7.639058828353882,1.7391085966950977,1.7133973836898804,1.4064087867736816,0.20401312410831451
7.642126560211182,1.7377987328465816,1.7153048515319824,1.1737697124481201,0.126253142952919
7.6451942920684814,1.736235507031679,1.717212200164795,0.9209887981414795,0.13394369184970856
7.648261785507202,1.7344213927956353,1.718738079071045,0.9371023178100586,0.12240787595510483
7.651331186294556,1.7323576146789121,1.720263957977295,0.842435359954834,0.18307773768901825
7.6543824672698975,1.730062639597557,1.7214083671569824,0.5544060468673706,0.13949798047542572
7.657458782196045,1.7275066130682615,1.7221713066101074,0.4899519383907318,0.13907071948051453
7.6605305671691895,1.724715474508557,1.722934365272522,0.24623483419418335,0.09335469454526901
7.663597822189331,1.7216944289194465,1.7233158349990845,0.22911421954631805,0.1279621571302414
7.666664361953735,1.7184448070059013,1.723697304725647,0.13746853172779083,0.04165713116526604
7.66973090171814,1.7149707563649592,1.723697304725647,0.011581597849726677,0.063019759953022
7.672799348831177,1.7112750708988878,1.7233158349990845,0.03373769670724869,0.05362020432949066
7.675951719284058,1.7072554505406496,1.722934365272522,-0.43556877970695496,0.03012130968272686
7.679094552993774,1.7030293700923602,1.72255277633667,-0.16868849098682404,-0.024994278326630592
7.682215452194214,1.6986232876276304,1.721789836883545,-0.5725337862968445,-0.07541008293628693
7.68533992767334,1.6940098398036285,1.7206454277038574,-0.7135271430015564,-0.1266804039478302
7.6884801387786865,1.6891763682783052,1.71950101852417,-0.7658960819244385,-0.15231555700302124
7.691580057144165,1.6842187502939674,1.71797513961792,-0.739711582660675,-0.14975203573703766
7.694650888442993,1.6791327059129324,1.7160677909851074,-1.0055848360061646,-0.21213091909885406
7.697718381881714,1.673885934624039,1.7141603231430054,-1.157656192779541,-0.14718852937221527
7.700785875320435,1.6684807964502761,1.7118715047836304,-1.2875715494155884,-0.06045624613761902
7.703852653503418,1.662926634115516,1.7092012166976929,-1.4265507459640503,-0.09121843427419662
7.706918716430664,1.6572317978600046,1.7065308094024658,-1.6511329412460327,-0.15530632436275482
7.709983587265015,1.651405753375356,1.7034790515899658,-1.7468070983886719,-0.13607995212078094
7.713051080703735,1.645449811541304,1.7004272937774658,-1.7206225395202637,-0.10019073635339737
7.716123104095459,1.6393687021601242,1.6969939470291138,-1.7699702978134155,-0.09677271544933319
7.7192041873931885,1.6331617912130225,1.6931792497634888,-2.0207369327545166,-0.1416342407464981
7.722272872924805,1.6268817067465626,1.6893644332885742,-2.050949811935425,-0.09933622926473618
7.7253406047821045,1.6205150131220565,1.6855497360229492,-2.3047380447387695,-0.08566414564847946
7.728380441665649,1.6141281732814199,1.6809719800949097,-2.38429856300354,-0.03482108935713768
7.731447696685791,1.6076144925556524,1.6767758131027222,-2.535362720489502,0.00747692072764039
7.734514474868774,1.6010419402987939,1.6725795269012451,-2.4709086418151855,-0.013885710388422012
7.7375805377960205,1.5944208190501643,1.6680018901824951,-2.2594187259674072,-0.02713054046034813
7.740646600723267,1.5877594303918927,1.663042664527893,-2.4699015617370605,-0.07071030884981155
7.74371337890625,1.5810660981316906,1.658083438873291,-2.692469596862793,-0.07754635065793991
7.7467803955078125,1.5743517891469527,1.6531243324279785,-2.6008238792419434,-0.03866636008024216
7.749849796295166,1.5676217660416838,1.647783637046814,-3.0560312271118164,-0.013885710388422012
7.752926826477051,1.5608745310384595,1.642824411392212,-2.9271228313446045,-0.010040436871349812
7.7559990882873535,1.554147318863873,1.6371023654937744,-3.1124284267425537,0.013885710388422012
7.759069204330444,1.5474443727448068,1.6313802003860474,-3.1033647060394287,-0.016876477748155594
7.762138366699219,1.5407730326754283,1.6260395050048828,-3.0610666275024414,0.010467689484357834
7.765206575393677,1.5341431889670136,1.6203173398971558,-3.140627145767212,0.0006408789195120335
7.76827597618103,1.5275600722411933,1.6145952939987183,-3.180911064147949,0.042084380984306335
7.771344900131226,1.5210370678688356,1.6084916591644287,-3.17889666557312,0.07626459002494812
7.774389266967773,1.5146341967893702,1.6023880243301392,-3.471961498260498,0.0950637087225914
7.777459621429443,1.508254744669254,1.596665859222412,-3.177889585494995,0.022858014330267906
7.7805256843566895,1.501971897036046,1.590562343597412,-3.185946464538574,0.05062943324446678
7.783592224121094,1.4957850519462557,1.5844587087631226,-3.185946464538574,-0.010040436871349812
7.786668539047241,1.489685175879924,1.578355073928833,-3.3954222202301025,0.0322575718164444
7.789737224578857,1.4837159548784493,1.5722514390945435,-3.145662546157837,0.13992522656917572
7.792803764343262,1.4778750420348385,1.566147804260254,-3.128541946411133,0.10360875725746155
7.795870304107666,1.472166894525207,1.560044288635254,-3.169832944869995,0.04592965543270111
7.798936605453491,1.4666004148261764,1.5539406538009644,-3.3833372592926025,0.037384603172540665
7.8020031452178955,1.4611830024259453,1.5478370189666748,-3.323918581008911,0.05276569724082947
7.8050689697265625,1.4559243472844137,1.5417333841323853,-3.2584574222564697,0.0792553573846817
7.8081374168396,1.450826688284937,1.5356298685073853,-3.3611810207366943,0.18564125895500183
7.811206102371216,1.445901795012861,1.5295262336730957,-3.2534217834472656,0.1745326966047287
7.81427264213562,1.4411606455139103,1.5238040685653687,-3.148684024810791,0.14505226910114288
7.81734299659729,1.436601228854132,1.517700433731079,-3.309819221496582,0.12368962913751602
7.820383548736572,1.4322777549974135,1.5119783878326416,-2.9603569507598877,0.09207294136285782
7.823458909988403,1.4281052902681668,1.5062562227249146,-2.973449230194092,0.12027160823345184
7.8265252113342285,1.424152047237524,1.50091552734375,-2.9230945110321045,0.1604333519935608
7.8295910358428955,1.420411868430948,1.4955748319625854,-2.809292793273926,0.15359731018543243
7.8326575756073,1.4168888777503696,1.489852786064148,-2.876768112182617,0.1758144497871399
7.835724830627441,1.4135884604695326,1.484893560409546,-2.8888533115386963,0.07412832975387573
7.838790655136108,1.4105177454780302,1.4795528650283813,-2.6582283973693848,0.11001754552125931
7.841856479644775,1.4076796982734425,1.4745937585830688,-2.526298999786377,0.1271076500415802
7.8449225425720215,1.4050783378066287,1.4696345329284668,-2.672327756881714,0.27493706345558167
7.847989559173584,1.4027170587338835,1.4650568962097168,-2.534355640411377,0.2569924592971802
7.85105562210083,1.400600834229248,1.4604791402816772,-2.231220006942749,0.18606851994991302
7.854122161865234,1.3987317623393853,1.4559013843536377,-2.510185480117798,0.20016784965991974
7.857192277908325,1.397111225633443,1.4513237476348877,-2.355092763900757,0.21127641201019287
7.86025857925415,1.3957455015259133,1.4471274614334106,-2.4547951221466064,0.1723964363336563
7.863327264785767,1.3946336833983517,1.4436942338943481,-1.8757152557373047,0.2211032211780548
7.866380214691162,1.3937823124974555,1.4398794174194336,-2.1395742893218994,0.24716563522815704
7.869446039199829,1.3931843169320346,1.436446189880371,-1.7488212585449219,0.26126497983932495
7.872512102127075,1.3928446971961752,1.433012843132019,-1.838452696800232,0.2672465145587921
7.875577688217163,1.3927640063312194,1.429961085319519,-1.6430761814117432,0.26382848620414734
7.8786444664001465,1.3929424108215076,1.426909327507019,-1.7296863794326782,0.3313344120979309
7.88171124458313,1.3933797274809976,1.4238574504852295,-1.5866788625717163,0.2552834451198578
7.884777784347534,1.3940752427981935,1.4215686321258545,-1.1445640325546265,0.2659647464752197
7.887844800949097,1.3950281160972542,1.4192798137664795,-1.1616846323013306,0.29629969596862793
7.89091157913208,1.3962367401729556,1.416990876197815,-1.1777981519699097,0.23434805870056152
7.893978595733643,1.397699507821242,1.4150835275650024,-0.9512016773223877,0.2881819009780884
7.897045135498047,1.3994138764032082,1.41317617893219,-1.0065919160842896,0.31082627177238464
7.900111198425293,1.40137718360858,1.4120317697525024,-0.6913710236549377,0.24802014231681824
7.903177976608276,1.4035873062603077,1.410887360572815,-0.48592355847358704,0.26425573229789734
7.9062464237213135,1.4060419338334575,1.409742832183838,-0.5151293277740479,0.26041045784950256
7.9093177318573,1.4087389041125251,1.408979892730713,-0.4305332899093628,0.2984359562397003
7.912384033203125,1.4116670531785018,1.4085984230041504,-0.13142596185207367,0.23392081260681152
7.915463209152222,1.4148399813601438,1.4085984230041504,0.002517738612368703,0.24588388204574585
7.91854453086853,1.4182435859695786,1.408216953277588,-0.02668802998960018,0.24203860759735107
7.921616554260254,1.4218593582714467,1.4085984230041504,0.030716411769390106,0.17154192924499512
7.924687147140503,1.4256900057720614,1.408979892730713,0.4587319791316986,0.3014267086982727
7.927753925323486,1.4297263090217553,1.4093613624572754,0.3449302017688751,0.4962539076805115
7.930819749832153,1.4339655500137825,1.4101243019104004,0.6410162448883057,0.4466926157474518
7.933887004852295,1.4384047756350369,1.4112688302993774,0.6752575039863586,0.4813000559806824
7.936952829360962,1.4430332574349412,1.412413239479065,0.7346761226654053,0.48599985241889954
7.940019130706787,1.4478469135768255,1.413939118385315,0.9844357967376709,0.3321889042854309
7.943086862564087,1.4528402614191533,1.415464997291565,0.9713435769081116,0.5018081665039062
7.946153163909912,1.4580012317614337,1.41775381565094,1.2472877502441406,0.4766002893447876
7.949223041534424,1.463330750749199,1.419661283493042,1.1697413921356201,0.5210345387458801
7.952290773391724,1.4688110809052446,1.421950101852417,1.3036850690841675,0.442420095205307
7.955357313156128,1.4744355342931055,1.4246203899383545,1.401373267173767,0.5013809204101562
7.958380460739136,1.4801153994367988,1.4272907972335815,1.5474021434783936,0.574013888835907
7.961446762084961,1.4860048095245415,1.4303425550460815,1.7528495788574219,0.5829861760139465
7.96451473236084,1.4920181976583535,1.4337759017944336,1.833417296409607,0.5428244471549988
7.967581033706665,1.498140095068012,1.4368276596069336,2.061020851135254,0.5462424755096436
7.970647811889648,1.50436562810878,1.4406423568725586,2.054978370666504,0.35696956515312195
7.973714828491211,1.5106851028635944,1.4444571733474731,2.207049608230591,0.3676508665084839
7.976780891418457,1.5170866500083064,1.4482718706130981,2.200000047683716,0.4578011631965637
7.979846954345703,1.5235627185531238,1.4524681568145752,2.232227087020874,0.5073624849319458
7.982913255691528,1.530104206829325,1.4570459127426147,2.517235040664673,0.43900206685066223
7.985985994338989,1.5367148029607818,1.4616235494613647,2.4799726009368896,0.4155031740665436
7.989052057266235,1.5433564805898945,1.4662013053894043,2.38631272315979,0.5253070592880249
7.9921181201934814,1.5500336867312026,1.4707789421081543,2.4437170028686523,0.37448692321777344
7.995184421539307,1.5567370322138825,1.4757381677627563,2.7780728340148926,0.43558403849601746
7.99825119972229,1.563457093166118,1.481078863143921,2.7690088748931885,0.34030669927597046
8.001319885253906,1.5701870322138471,1.486419439315796,2.7881436347961426,0.3313344120979309
8.00438666343689,1.5769084903159842,1.491378664970398,2.7851223945617676,0.46677348017692566
8.007466793060303,1.5836448226882751,1.497100830078125,3.0640878677368164,0.45395588874816895
8.010538339614868,1.5903379996846323,1.50244140625,2.867704391479492,0.4808728098869324
8.013615846633911,1.59700972899055,1.508163571357727,3.195010185241699,0.3202258348464966
8.016690969467163,1.6036319037670028,1.513885736465454,3.16681170463562,0.31338977813720703
8.019768238067627,1.610204381459714,1.5196079015731812,3.0802013874053955,0.2565651834011078
8.02283787727356,1.616696648950822,1.5257114171981812,3.185946464538574,0.29373615980148315
8.025904178619385,1.6231084771376685,1.5318150520324707,3.3410391807556152,0.43344777822494507
8.02897047996521,1.6294374433086847,1.5375372171401978,3.2131381034851074,0.41849392652511597
8.032036781311035,1.635674151779163,1.5436408519744873,3.16882586479187,0.32278934121131897
8.035102844238281,1.6418088709707708,1.5497443675994873,3.3964293003082275,0.3172350525856018
8.038169145584106,1.6478334475282856,1.5558480024337769,3.3400321006774902,0.3779049217700958
8.04123592376709,1.6537393650711494,1.5619516372680664,3.334996461868286,0.3650873601436615
8.044301986694336,1.6595155756718374,1.568055272102356,3.332982301712036,0.42148470878601074
8.04736876487732,1.6651561962060428,1.574158787727356,3.313847541809082,0.29715418815612793
8.050450086593628,1.6706771884013225,1.579880952835083,3.3541314601898193,0.3364614248275757
8.053516387939453,1.6760174247466142,1.586366057395935,3.3722591400146484,0.31338977813720703
8.056582927703857,1.681196649148096,1.5924696922302246,3.2282445430755615,0.3031357228755951
8.059648752212524,1.6862056019991831,1.5981918573379517,3.128541946411133,0.29629969596862793
8.06271505355835,1.6910388142204766,1.6042953729629517,3.144655466079712,0.3159533143043518
8.065782308578491,1.695689735029321,1.6100175380706787,3.0499885082244873,0.3505607545375824
8.068848609924316,1.7001485681068926,1.6157397031784058,2.99560546875,0.2839093506336212
8.071914911270142,1.704410169082768,1.6218433380126953,3.124513626098633,0.23050278425216675
8.074981689453125,1.708468826300427,1.6271839141845703,3.1033647060394287,0.4253299832344055
8.078049659729004,1.7123192890133259,1.6329060792922974,2.9200732707977295,0.21426717936992645
8.081117868423462,1.715954491104389,1.638246774673462,2.839505672454834,0.32834362983703613
8.084185600280762,1.7193682085740511,1.6439688205718994,3.0499885082244873,0.3317616581916809
8.087252140045166,1.7225547564819688,1.6489280462265015,2.707576036453247,0.35910582542419434
8.090322017669678,1.7255138636078569,1.654268741607666,2.704554796218872,0.16086061298847198
8.093382120132446,1.7282292396094852,1.6592278480529785,2.6390936374664307,0.18051423132419586
8.09644865989685,1.7307116192917131,1.663805603981018,2.3218586444854736,0.21084916591644287
8.09952163696289,1.7329558007454084,1.6687648296356201,2.558526039123535,0.21853971481323242
8.102587938308716,1.734948905410658,1.6733424663543701,2.403433322906494,0.21469444036483765
8.105653762817383,1.7366928632832013,1.6775387525558472,2.2835888862609863,0.191195547580719
8.108719825744629,1.7381855215516229,1.6821163892745972,2.197985887527466,0.2074311375617981
8.111786365509033,1.7394246921593313,1.6859312057495117,2.1325244903564453,0.1903410404920578
8.114852905273438,1.7404082834485208,1.6897459030151367,1.9965667724609375,0.18179598450660706
8.117920160293579,1.7411349743885922,1.6935607194900513,2.107347249984741,0.09079118072986603
8.120986938476562,1.7416033734870844,1.6969939470291138,1.9421836137771606,0.1728236824274063
8.12405276298523,1.7418128932708243,1.7004272937774658,1.8898146152496338,0.1595788449048996
8.127118825912476,1.7417633947038635,1.7034790515899658,1.5756008625030518,0.221530482172966
8.130184888839722,1.7414549248982336,1.7061493396759033,1.5020828247070312,0.18094147741794586
8.133250951766968,1.7408879417224583,1.7088197469711304,1.3913023471832275,0.15274280309677124
8.136319398880005,1.7400625455379302,1.7114900350570679,1.2613869905471802,0.20102235674858093
8.139379978179932,1.7389834059236753,1.7133973836898804,0.9461661577224731,0.1429159939289093
8.142448425292969,1.7376465795757303,1.715686321258545,1.1073014736175537,0.1420614868402481
8.145517110824585,1.7360563659827946,1.7175936698913574,0.9532158374786377,0.12454413622617722
8.148583173751831,1.734216903436883,1.7191195487976074,0.7014420032501221,0.12368962913751602
8.151649951934814,1.7321291554898568,1.7206454277038574,0.810208261013031,0.15017929673194885
8.154716730117798,1.7297966224639572,1.721789836883545,0.5654841065406799,0.10104524344205856
8.15778374671936,1.7272225588227272,1.72255277633667,0.6390020847320557,0.08310063183307648
8.160849809646606,1.7244118702944755,1.722934365272522,0.22810712456703186,0.1266804039478302
8.163915872573853,1.7213679657772558,1.723697304725647,0.20292973518371582,0.18606851994991302
8.166982412338257,1.7180948369082916,1.723697304725647,0.3147173225879669,0.09250018745660782
8.170048475265503,1.7145983598611279,1.723697304725647,-0.1757381558418274,0.03439383581280708
8.17311429977417,1.7108835304843313,1.7233158349990845,-0.02668802998960018,0.03952086716890335
8.176180362701416,1.7069552850735261,1.722934365272522,-0.31270313262939453,-0.0023498893715441227
8.179245710372925,1.7028207233181167,1.72255277633667,-0.42348363995552063,-0.13479819893836975
8.182312250137329,1.6984833632356644,1.721789836883545,-0.5030441880226135,-0.13095292448997498
8.18538498878479,1.6939418585196506,1.7206454277038574,-0.5715266466140747,-0.125825896859169
8.188451290130615,1.6892216480930398,1.71950101852417,-0.5715266466140747,-0.19546806812286377
8.19151759147644,1.6843204271548775,1.71797513961792,-0.8112154006958008,-0.20315861701965332
8.194583654403687,1.6792458729871607,1.71644926071167,-1.073060154914856,-0.20871290564537048
8.19765019416809,1.6740043161476321,1.7141603231430054,-0.9914854764938354,-0.1591515988111496
8.200716257095337,1.6686051666836355,1.7118715047836304,-1.3067063093185425,-0.13308918476104736
8.203782320022583,1.6630556363495181,1.7095826864242554,-1.2855573892593384,-0.12497138977050781
8.206848382949829,1.657363962435333,1.7065308094024658,-1.6460975408554077,-0.09378194808959961
8.209916830062866,1.6515340135918968,1.7034790515899658,-1.386266827583313,-0.11856260150671005
8.212985754013062,1.645577893736304,1.7004272937774658,-1.7417715787887573,-0.09762722253799438
8.216052532196045,1.6395096404122518,1.6969939470291138,-1.782055377960205,-0.10788128525018692
8.21911883354187,1.6333351113943417,1.6931792497634888,-2.0076446533203125,-0.08566414564847946
8.222186088562012,1.6270605732106043,1.6893644332885742,-2.1728084087371826,-0.1104447990655899
8.225254774093628,1.6206942637366766,1.6855497360229492,-2.197985887527466,-0.06088349595665932
8.228325843811035,1.6142435166329632,1.6813534498214722,-2.38631272315979,-0.018585488200187683
8.231380462646484,1.6077579496216705,1.6771572828292847,-2.228198766708374,0.0006408789195120335
8.23444676399231,1.601187631677287,1.6725795269012451,-2.4819867610931396,-0.013031205162405968
8.237512826919556,1.5945675108563202,1.6680018901824951,-2.4910504817962646,-0.05233844369649887
8.240578651428223,1.5879074241379239,1.6634241342544556,-2.842526912689209,-0.04165713116526604
8.243645429611206,1.5812146577678907,1.658083438873291,-2.6491646766662598,-0.0784008577466011
8.246711492538452,1.5745027839349826,1.653505802154541,-2.823392152786255,-0.09036392718553543
8.249778270721436,1.567778638745217,1.6481651067733765,-2.9140305519104004,-0.048493172973394394
8.252845287322998,1.5610532488075555,1.642824411392212,-3.0560312271118164,0.0318303182721138
8.255912065505981,1.5543376469085528,1.637483835220337,-3.177889585494995,0.0049134050495922565
8.258978366851807,1.54764232207744,1.6317616701126099,-3.0963149070739746,-0.03012130968272686
8.262044429779053,1.5409766856576084,1.6260395050048828,-3.281620502471924,-0.001495384145528078
8.265112161636353,1.5343465155571194,1.6206988096237183,-3.0560312271118164,0.00021362630650401115
8.268181562423706,1.527761735644947,1.6145952939987183,-3.2584574222564697,-0.0079041738063097
8.271253108978271,1.5212312203144516,1.6084916591644287,-3.315861701965332,0.03524833917617798
8.274324417114258,1.5147698179230717,1.6027694940567017,-3.3903868198394775,0.03524833917617798
8.277382612228394,1.5084137161336253,1.596665859222412,-3.1084001064300537,0.07156481593847275
8.280452251434326,1.5021212763759182,1.5909438133239746,-3.2614786624908447,0.05105668678879738
8.28351902961731,1.4959315236321782,1.584840178489685,-3.2514076232910156,0.04165713116526604
8.286586046218872,1.4898472741148086,1.5787365436553955,-3.2081024646759033,0.046784162521362305
8.289652585983276,1.4838789681650328,1.572632908821106,-3.015747308731079,0.10959029197692871
8.292719841003418,1.4780331649522909,1.566147804260254,-3.3591668605804443,0.08181887865066528
8.295786142349243,1.4723217089858671,1.5604257583618164,-3.2725565433502197,0.05233844369649887
8.29885220527649,1.4667516693606073,1.5539406538009644,-3.430670738220215,0.05362020432949066
8.301918506622314,1.4613304489437469,1.5478370189666748,-3.43570613861084,0.10189975053071976
8.304984092712402,1.4560677434659655,1.5417333841323853,-3.2332799434661865,0.10446326434612274
8.30804967880249,1.4509700797541523,1.5356298685073853,-3.2070953845977783,0.20144960284233093
8.311115741729736,1.4460442697692293,1.5299077033996582,-3.0993361473083496,0.20059509575366974
8.31418228149414,1.4412977072415722,1.5238040685653687,-3.2161593437194824,0.19760432839393616
8.317248344421387,1.4367389135665356,1.5180819034576416,-3.1013503074645996,0.17111466825008392
8.320316791534424,1.4323705860544045,1.512359857559204,-3.2524147033691406,0.16470588743686676
8.3233802318573,1.4282094711453608,1.5062562227249146,-3.182925224304199,0.11557183414697647
8.326446294784546,1.4242511511165983,1.50091552734375,-3.002655029296875,0.2061493843793869
8.329514980316162,1.4205020385562095,1.4955748319625854,-2.9180591106414795,0.2232394963502884
8.332581758499146,1.416973308636304,1.4902342557907104,-2.8908674716949463,0.13907071948051453
8.33564805984497,1.4136683009981605,1.484893560409546,-2.872739791870117,0.16556039452552795
8.338716268539429,1.4105895143249505,1.4795528650283813,-2.818356513977051,0.10104524344205856
8.341785192489624,1.4077430148009498,1.4745937585830688,-2.55953311920166,0.21042190492153168
8.34485125541687,1.4051361007147505,1.4696345329284668,-2.7347676753997803,0.21170367300510406
8.34791874885559,1.40276883143796,1.4650568962097168,-2.5706112384796143,0.2898908853530884
8.350985765457153,1.4006463067439594,1.4600976705551147,-2.524284839630127,0.22836652398109436
8.354052066802979,1.3987717004889881,1.4559013843536377,-2.4547951221466064,0.2706645429134369
8.357118368148804,1.3971472720171336,1.4513237476348877,-2.3138017654418945,0.21554894745349884
8.360185384750366,1.3957751425110216,1.4475089311599731,-2.2664682865142822,0.31338977813720703
8.363251209259033,1.3946581427172342,1.4436942338943481,-1.9834744930267334,0.24246585369110107
8.366317749023438,1.3937971769843118,1.4398794174194336,-1.9794460535049438,0.1890592873096466
8.369379758834839,1.3931945148528613,1.436446189880371,-1.9270771741867065,0.20956741273403168
8.372445821762085,1.3928493017624413,1.433012843132019,-1.6511329412460327,0.2843366265296936
8.375511646270752,1.392763014940579,1.429961085319519,-1.5111466646194458,0.30698099732398987
8.378580331802368,1.3929360276572922,1.4265278577804565,-1.7105516195297241,0.252292662858963
8.381733894348145,1.3933839190769024,1.4238574504852295,-1.52423894405365,0.3009994626045227
8.384860038757324,1.3940974460743365,1.421187162399292,-1.4446784257888794,0.25912871956825256
8.387993574142456,1.395080856990851,1.418898344039917,-1.0982376337051392,0.252292662858963
8.391117572784424,1.3963270491307402,1.416990876197815,-0.8706340193748474,0.3180895745754242
8.394219398498535,1.3978250505383674,1.41470205783844,-1.018676996231079,0.2847638726234436
8.397291660308838,1.399562558967191,1.41317617893219,-0.9924925565719604,0.2544289231300354
8.400362491607666,1.4015490568475308,1.41165030002594,-0.7105058431625366,0.2561379373073578
8.403436660766602,1.4037848974065628,1.4105058908462524,-0.460746169090271,0.2676737606525421
8.406502485275269,1.406257662184858,1.409742832183838,-0.36003661155700684,0.2834821045398712
8.409567832946777,1.4089689769561196,1.408979892730713,-0.3358663320541382,0.2890363931655884
8.412718534469604,1.4120005412505015,1.408216953277588,-0.14854657649993896,0.26083773374557495
8.41584324836731,1.4152475141440481,1.408216953277588,-0.13444724678993225,0.21939422190189362
8.418962478637695,1.4187225744368959,1.408216953277588,-0.15257495641708374,0.2668192684650421
8.422136783599854,1.4224932774623094,1.408216953277588,0.0639505609869957,0.24332036077976227
8.425306558609009,1.4264884791148815,1.408979892730713,0.32881665229797363,0.37576866149902344
8.428409099578857,1.4306153016563985,1.4093613624572754,0.35600823163986206,0.4146486520767212
8.431522607803345,1.4349655353791346,1.4101243019104004,0.5100938677787781,0.538979172706604
8.43461561203003,1.4394876799110075,1.4112688302993774,0.48592355847358704,0.4296025037765503
8.4376859664917,1.4441676621848154,1.412413239479065,0.6349737048149109,0.5338521599769592
8.440752983093262,1.4490255291392338,1.4143205881118774,0.9481803774833679,0.5539330244064331
8.443819522857666,1.454058255478187,1.4158464670181274,0.9753719568252563,0.4719005227088928
8.446962833404541,1.4593914041103553,1.41775381565094,1.0247195959091187,0.5163347721099854
8.45015025138855,1.464971237860738,1.4200427532196045,1.1677271127700806,0.42148470878601074
8.453330039978027,1.4707012705580846,1.422713041305542,1.4064087867736816,0.4877088665962219
8.45645809173584,1.4764885828540781,1.4253833293914795,1.310734748840332,0.42319372296333313
8.459580421447754,1.4824052158041865,1.428435206413269,1.6450904607772827,0.5633325576782227
8.46268367767334,1.4884151956391283,1.431486964225769,1.69343101978302,0.5270161032676697
8.465754747390747,1.494480949372239,1.4345388412475586,1.8737010955810547,0.5714503526687622
8.46882176399231,1.5006469158997686,1.4383535385131836,1.9270771741867065,0.5244525671005249
8.471887826919556,1.5069099047459709,1.4417868852615356,2.0277867317199707,0.3996948301792145
8.47495722770691,1.5132694817384287,1.4459830522537231,2.1496453285217285,0.4454108476638794
8.478026628494263,1.5197094207026072,1.4501793384552002,2.1667659282684326,0.2211032211780548
8.481093168258667,1.5262140431973843,1.4543755054473877,2.411489963531494,0.43643853068351746
8.484159708023071,1.5327796580660178,1.4585717916488647,2.2856030464172363,0.4287480115890503
8.487226724624634,1.5393975491673983,1.4635308980941772,2.6280155181884766,0.4407110810279846
8.490294456481934,1.5460584279456175,1.4681086540222168,2.520256280899048,0.4590829312801361
8.49336314201355,1.5527529433636171,1.4726864099502563,2.545433759689331,0.6009308099746704
8.49638295173645,1.5593619894297444,1.4780269861221313,2.713618755340576,0.5086442232131958
8.499451160430908,1.5660886023197842,1.4829862117767334,2.7267110347747803,0.42148470878601074
8.502517461776733,1.5728128232457341,1.488326907157898,2.809292793273926,0.5069352388381958
8.505583047866821,1.579527283840065,1.493667483329773,2.8959028720855713,0.4599374234676361
8.508648872375488,1.5862241092997054,1.4990081787109375,2.968413829803467,0.5774319171905518
8.511714935302734,1.5928933555305453,1.5047303438186646,3.142641305923462,0.4744640290737152
8.514780759811401,1.5995240876833463,1.510452389717102,3.2191805839538574,0.5693141222000122
8.51784896850586,1.6061120831087103,1.516174554824829,3.2191805839538574,0.40781262516975403
8.520916938781738,1.6126418719040285,1.5218967199325562,3.2332799434661865,0.3697871267795563
8.523982763290405,1.6190997695532796,1.5280003547668457,3.2393224239349365,0.2732280492782593
8.527048110961914,1.6254797942531989,1.5337224006652832,3.2514076232910156,0.37405967712402344
8.530113458633423,1.6317734903096324,1.5398260354995728,3.2272374629974365,0.3783321976661682
8.533179998397827,1.637973910773433,1.5459296703338623,3.3631951808929443,0.41977569460868835
8.536245822906494,1.6440679755862768,1.5520333051681519,3.43369197845459,0.2860456109046936
8.539311408996582,1.6500476379500166,1.5581368207931519,3.4216067790985107,0.2557106912136078
8.542381763458252,1.6559135128706286,1.5642404556274414,3.279606342315674,0.31125351786613464
8.545447826385498,1.6616395584762174,1.570344090461731,3.2383153438568115,0.3672236204147339
8.548513889312744,1.667225562417305,1.5764477252960205,3.302769422531128,0.30869001150131226
8.551587104797363,1.6726757385820623,1.58255136013031,3.449805498123169,0.18692301213741302
8.554653644561768,1.6779574396771304,1.58865487575531,3.3531243801116943,0.2232394963502884
8.557722330093384,1.683078348528465,1.594377040863037,3.2544288635253906,0.3992675542831421
8.560797691345215,1.688037672155226,1.6004806756973267,3.2564430236816406,0.31082627177238464
8.563866138458252,1.6928061455227148,1.6065843105316162,3.169832944869995,0.3022812306880951
8.566934823989868,1.6973883747419867,1.6123063564300537,3.2524147033691406,0.3454337418079376
8.57000184059143,1.701774835976789,1.6184099912643433,3.3501029014587402,0.19931334257125854
8.573067903518677,1.7059602875447064,1.6241321563720703,3.2282445430755615,0.19845883548259735
8.576134204864502,1.7099402125132834,1.6294728517532349,3.0479743480682373,0.21469444036483765
8.579203605651855,1.7137120689977128,1.6351948976516724,3.0590524673461914,0.3001449704170227
8.582271337509155,1.7172642457507634,1.640535593032837,2.964385509490967,0.2236667424440384
8.585338115692139,1.7205925736671905,1.6458762884140015,2.9261157512664795,0.12027160823345184
8.588380098342896,1.7236691042621661,1.6512168645858765,2.9110093116760254,0.19888609647750854
8.591446161270142,1.7265387748351173,1.6561760902404785,2.7528953552246094,0.09335469454526901
8.594512224197388,1.7291720724078652,1.6611353158950806,2.6582283973693848,0.13095292448997498
8.597580671310425,1.7315668547000822,1.6657129526138306,2.4819867610931396,0.2552834451198578
8.6006498336792,1.733717893957381,1.6706721782684326,2.564568519592285,0.3005722165107727
8.603716373443604,1.7356198844079627,1.6748683452606201,2.512199640274048,0.21255818009376526
8.606782674789429,1.7372718261924778,1.6794461011886597,2.373220443725586,0.16641488671302795
8.609848499298096,1.7386712265174207,1.6832607984542847,2.197985887527466,0.13693445920944214
8.6129150390625,1.7398165222585185,1.6874570846557617,2.1415884494781494,0.19461356103420258
8.615982055664062,1.7407057751631596,1.6912717819213867,1.925062894821167,0.13394369184970856
8.61904788017273,1.7413372711890878,1.6947051286697388,1.834424376487732,0.09335469454526901
8.622113943099976,1.7417104876125826,1.6981383562088013,1.8777294158935547,0.18307773768901825
8.625179767608643,1.7418248125106195,1.7015717029571533,1.8616158962249756,0.16214236617088318
8.628246784210205,1.7416800086639368,1.7046234607696533,1.556465983390808,0.19717708230018616
8.63131332397461,1.7412762792072602,1.7072938680648804,1.3721675872802734,0.21640345454216003
8.634385108947754,1.7406128679973303,1.7099641561508179,1.4084229469299316,0.14932478964328766
8.637451410293579,1.7396931068709969,1.7122529745101929,1.0952162742614746,0.14932478964328766
8.640523672103882,1.7385148741247698,1.7145417928695679,1.2603799104690552,0.13736172020435333
8.643590450286865,1.7370842479984228,1.71644926071167,1.0770885944366455,0.11215381324291229
8.646656274795532,1.7354020406417057,1.71797513961792,0.8857404589653015,0.13437095284461975
8.649723052978516,1.733469703730945,1.71950101852417,0.6752575039863586,0.10360875725746155
8.652788639068604,1.7312914855909531,1.72102689743042,0.5936827659606934,0.08523689955472946
8.65585708618164,1.7288675430460911,1.721789836883545,0.5070725679397583,0.053192950785160065
8.658933639526367,1.7261960449301315,1.72255277633667,0.2834973633289337,0.042084380984306335
8.662006616592407,1.7232905836790366,1.7233158349990845,0.1727168709039688,0.095918208360672
8.665079593658447,1.7201525254187096,1.723697304725647,0.1928587704896927,0.16513313353061676
8.66814923286438,1.7167903270457543,1.723697304725647,-0.12236209958791733,0.11599908769130707
8.671215534210205,1.7132097243463082,1.723697304725647,0.03776608034968376,0.06216525658965111
8.67428183555603,1.7094124995685733,1.7233158349990845,-0.04179446026682854,0.06729228794574738
8.677350044250488,1.7054017322023143,1.722934365272522,-0.21904325485229492,-0.06601052731275558
8.680384159088135,1.7012336330306204,1.7221713066101074,-0.2996108829975128,-0.042084380984306335
8.683450937271118,1.6968228395766436,1.7214083671569824,-0.43959715962409973,-0.14077973365783691
8.686517715454102,1.6922196914363294,1.720263957977295,-0.5997253656387329,-0.11856260150671005
8.689584016799927,1.6874317829716263,1.7191195487976074,-0.722590982913971,-0.17795071005821228
8.692651748657227,1.6824631637654999,1.7175936698913574,-0.8998397588729858,-0.21298542618751526
8.695717334747314,1.6773270609452753,1.715686321258545,-1.0498969554901123,-0.13992522656917572
8.698784351348877,1.672025172169714,1.7133973836898804,-1.0055848360061646,-0.0963454619050026
8.701850891113281,1.6665685895803084,1.7111085653305054,-1.1657129526138306,-0.10275425016880035
8.704919576644897,1.660960632238094,1.7084382772445679,-1.4084229469299316,-0.03439383581280708
8.707988500595093,1.6552129513385423,1.7053864002227783,-1.7246509790420532,-0.13693445920944214
8.71105432510376,1.6493405242111927,1.7023346424102783,-1.621927261352539,-0.10147249698638916
8.714121580123901,1.6433435061536834,1.6992828845977783,-1.7045090198516846,-0.11300831288099289
8.717188835144043,1.6372335158792624,1.6954680681228638,-2.0136873722076416,-0.12069886177778244
8.720255136489868,1.6310215768564058,1.6920348405838013,-2.0086519718170166,-0.10275425016880035
8.723324060440063,1.6247095965876261,1.6882200241088867,-1.9552757740020752,-0.095918208360672
8.726379871368408,1.6183397346392774,1.6840238571166992,-2.218127727508545,-0.06472877413034439
8.729448318481445,1.6118678131369808,1.6798275709152222,-2.250354766845703,0.0032043945975601673
8.73251724243164,1.605328603657975,1.6756312847137451,-2.360128164291382,-0.03353932872414589
8.735582828521729,1.59874003166086,1.6706721782684326,-2.382284164428711,0.03653009980916977
8.738651275634766,1.5920985844607896,1.666094422340393,-2.6239871978759766,-0.0643015205860138
8.741719484329224,1.585420779598429,1.661516785621643,-2.702540636062622,-0.0476386658847332
8.74478554725647,1.5787207247094237,1.656557559967041,-2.672327756881714,-0.053192950785160065
8.74785327911377,1.5720000473661064,1.651598334312439,-2.671320676803589,-0.049774929881095886
8.750919342041016,1.565276034778338,1.646257758140564,-2.836484432220459,-0.06771954149007797
8.75398588180542,1.5585539705164346,1.640535593032837,-2.971435070037842,0.04464789852499962
8.757054805755615,1.551839672255902,1.6355763673782349,-2.880796432495117,-0.01901274174451828
8.7601318359375,1.5451307183774694,1.6298543214797974,-2.9371938705444336,-0.07498283684253693
8.763206005096436,1.5384610838915418,1.6241321563720703,-3.008697748184204,-0.11258106678724289
8.766280889511108,1.5318329348054516,1.6184099912643433,-2.9593498706817627,-0.05447470769286156
8.769355058670044,1.5252592447050066,1.6126878261566162,-2.863675832748413,-0.01602197252213955
8.772383451461792,1.5188447207817362,1.6065843105316162,-2.837491512298584,0.08310063183307648
8.775449275970459,1.5124224123157664,1.6004806756973267,-3.128541946411133,0.027557794004678726
8.778516054153442,1.5060795770329518,1.5947585105895996,-3.1033647060394287,0.05276569724082947
8.781583070755005,1.4998271613175558,1.5882734060287476,-3.279606342315674,0.02200350910425186
8.784648418426514,1.493678266780634,1.58255136013031,-3.313847541809082,0.019867246970534325
8.78771424293518,1.487637657701685,1.5764477252960205,-3.2232089042663574,0.010467689484357834
8.790781736373901,1.4817120732748184,1.570344090461731,-3.440741539001465,0.13864347338676453
8.793848037719727,1.475915863635186,1.5642404556274414,-3.2554359436035156,0.07284656912088394
8.796914339065552,1.4702553071921591,1.5581368207931519,-3.4085144996643066,0.06857404112815857
8.799980163574219,1.464739653579144,1.5516518354415894,-3.331975221633911,0.08609139919281006
8.803045988082886,1.4593761974957913,1.5455482006072998,-3.489082098007202,0.16299687325954437
8.80611252784729,1.454171704164631,1.5398260354995728,-3.0741589069366455,0.12283512949943542
8.809178590774536,1.4491359402142532,1.5337224006652832,-3.2705423831939697,0.18777751922607422
8.812247037887573,1.444271849072971,1.5276188850402832,-3.2614786624908447,0.15573357045650482
8.815314054489136,1.439592782681197,1.5215152502059937,-3.328953981399536,0.1920500546693802
8.81838321685791,1.4351003085225593,1.5157930850982666,-3.182925224304199,0.17837797105312347
8.821455478668213,1.4308002100627042,1.5100709199905396,-3.0439460277557373,0.191622793674469
8.82452130317688,1.426711896600968,1.5047303438186646,-2.973449230194092,0.19632257521152496
8.827587842941284,1.4228313369978993,1.4990081787109375,-2.5826961994171143,0.13821622729301453
8.830654621124268,1.419164994175115,1.493667483329773,-2.99359130859375,0.1578698456287384
8.833723306655884,1.4157165486974739,1.488326907157898,-2.974456310272217,0.21469444036483765
8.836792469024658,1.412492992441041,1.4829862117767334,-2.861661672592163,0.1591515988111496
8.839858531951904,1.4095025781657224,1.4780269861221313,-2.698512315750122,0.14505226910114288
8.842928409576416,1.4067430931332812,1.4726864099502563,-2.553490400314331,0.19974060356616974
8.846069812774658,1.4041666594274067,1.4677271842956543,-2.6088807582855225,0.2505836486816406
8.849137306213379,1.4018960901796311,1.4631494283676147,-2.511192560195923,0.251865416765213
8.852205991744995,1.3998705125978752,1.4585717916488647,-2.4467384815216064,0.33774319291114807
8.855273246765137,1.39809463795757,1.4539940357208252,-2.4699015617370605,0.287327378988266
8.858342409133911,1.3965692331492205,1.4497978687286377,-2.39235520362854,0.2646830081939697
8.861381530761719,1.395308957218818,1.4459830522537231,-2.236255407333374,0.21213091909885406
8.864455938339233,1.3942892526681916,1.4421683549880981,-2.3107805252075195,0.1745326966047287
8.867528676986694,1.3935280830269137,1.438735008239746,-1.9985809326171875,0.1907682865858078
8.870596885681152,1.3930265088833604,1.434920310974121,-1.9260700941085815,0.24246585369110107
8.873664617538452,1.3927839810192406,1.4318684339523315,-1.7709773778915405,0.35867857933044434
8.876731157302856,1.3928007048808362,1.428435206413269,-1.6491187810897827,0.2980087101459503
8.879796981811523,1.3930764165500356,1.425764799118042,-1.5181963443756104,0.3009994626045227
8.88286304473877,1.3936107321130493,1.4230945110321045,-1.3026779890060425,0.22623026371002197
8.885932922363281,1.3944039927472107,1.4208056926727295,-1.2543374300003052,0.27707332372665405
8.88900089263916,1.3954537819637023,1.418135404586792,-1.1828335523605347,0.29758143424987793
8.892067670822144,1.3967583958303837,1.41622793674469,-1.2825360298156738,0.24332036077976227
8.895134687423706,1.3983163859718744,1.4143205881118774,-0.9089036583900452,0.23306630551815033
8.898200988769531,1.4001248959422798,1.4127947092056274,-0.8343786001205444,0.3180895745754242
8.901266813278198,1.4021812358340315,1.41165030002594,-0.7568322420120239,0.23178453743457794
8.904335975646973,1.4044852535661871,1.4105058908462524,-0.5372854471206665,0.251438170671463
8.907381057739258,1.4070105083757676,1.409742832183838,-0.24522773921489716,0.27579155564308167
8.910447597503662,1.40979070003514,1.408979892730713,-0.3449302017688751,0.29245442152023315
8.913514137268066,1.4128047475484824,1.4085984230041504,-0.24824902415275574,0.19717708230018616
8.916581153869629,1.4160486976414106,1.408216953277588,-0.12236209958791733,0.27792781591415405
8.919647216796875,1.4195161687221804,1.4085984230041504,0.10524147748947144,0.31338977813720703
8.922713279724121,1.4232029872165972,1.4085984230041504,0.16667430102825165,0.30612650513648987
8.925779819488525,1.427104303675974,1.408979892730713,0.10020599514245987,0.29288166761398315
8.92884635925293,1.4312137690331612,1.409742832183838,0.4728313088417053,0.37534141540527344
8.931912660598755,1.435524938717987,1.4105058908462524,0.6128175854682922,0.40225833654403687
8.93497896194458,1.4400317240617286,1.41165030002594,0.6087892055511475,0.45096513628959656
8.938045740127563,1.4447281790623514,1.4127947092056274,0.7538109421730042,0.5077897310256958
8.941112279891968,1.4496062574615738,1.4143205881118774,0.8645914196968079,0.5462424755096436
8.944178342819214,1.454658275329898,1.41622793674469,1.0770885944366455,0.5060807466506958
8.947245121002197,1.4598787148600347,1.418135404586792,1.0287480354309082,0.4966811537742615
8.950314283370972,1.4652629076690231,1.420424222946167,1.1868619918823242,0.3971312940120697
8.953380346298218,1.4707931869464734,1.422713041305542,1.3872740268707275,0.5265888571739197
8.956449031829834,1.4764716138817233,1.4253833293914795,1.4134584665298462,0.5329976081848145
8.95952582359314,1.4823006067619893,1.428435206413269,1.612863302230835,0.6261386871337891
8.962599515914917,1.4882505782253925,1.431486964225769,1.7739986181259155,0.46848249435424805
8.965671062469482,1.4943141825746664,1.434920310974121,1.9300984144210815,0.4569466710090637
8.968738794326782,1.5004787684408247,1.4383535385131836,1.8263676166534424,0.5765774250030518
8.971804857254028,1.5067392021058745,1.4417868852615356,2.0338292121887207,0.5368428826332092
8.974870681762695,1.513089019061371,1.4459830522537231,2.21309232711792,0.442420095205307
8.977936506271362,1.5195192786781673,1.4497978687286377,2.1355459690093994,0.40653085708618164
8.981003046035767,1.5260219621061908,1.4543755054473877,2.352071523666382,0.5676050782203674
8.984069108963013,1.5325848981724148,1.4585717916488647,2.696498155593872,0.5227435827255249
8.98713493347168,1.5391988351557844,1.4631494283676147,2.4517738819122314,0.4116578996181488
8.990201473236084,1.5458560223052562,1.4681086540222168,2.3450217247009277,0.4419928193092346
8.993268251419067,1.5525455587790336,1.4726864099502563,2.6350653171539307,0.5441061854362488
8.996334791183472,1.5592564720705022,1.4776455163955688,2.7408101558685303,0.4924086332321167
8.999380826950073,1.5659343478939718,1.4829862117767334,2.7498741149902344,0.34799724817276
9.002447366714478,1.572659162372154,1.488326907157898,2.697505235671997,0.45181962847709656
9.005513429641724,1.5793749649575355,1.493667483329773,2.9553215503692627,0.5018081665039062
9.00857949256897,1.5860728330257656,1.4990081787109375,3.022796869277954,0.4898451268672943
9.011645555496216,1.5927428247838014,1.5047303438186646,3.16479754447937,0.4099488854408264
9.014712572097778,1.5993770958136684,1.510452389717102,3.2433509826660156,0.6047760844230652
9.017778873443604,1.6059621833549924,1.516174554824829,3.189974784851074,0.4582284390926361
9.020845174789429,1.6124898634596212,1.5218967199325562,3.1094071865081787,0.3014267086982727
9.023910999298096,1.6189494464783132,1.5280003547668457,3.3400321006774902,0.3347524106502533
9.026977062225342,1.62533285877841,1.5337224006652832,3.2524147033691406,0.43387502431869507
9.030042886734009,1.6316296341619692,1.5398260354995728,3.2201876640319824,0.3522697687149048
9.033108949661255,1.6378314054224206,1.5459296703338623,3.2342870235443115,0.39114975929260254
9.036175012588501,1.6439284739841256,1.5520333051681519,3.2453651428222656,0.27664607763290405
9.039240837097168,1.6499113292220688,1.5581368207931519,3.3390250205993652,0.33817043900489807
9.042306661605835,1.6557715703333449,1.563858985900879,3.2634928226470947,0.35825130343437195
9.045388460159302,1.6615299911218564,1.570344090461731,3.3803157806396484,0.44925612211227417
9.048457860946655,1.6671247909751419,1.576066255569458,3.316868782043457,0.3368886709213257
9.051530599594116,1.672576923383592,1.58255136013031,3.5686426162719727,0.23263904452323914
9.054596662521362,1.677860770147908,1.5882734060287476,3.194003105163574,0.2561379373073578
9.057668447494507,1.6829898942383787,1.594377040863037,3.302769422531128,0.34287023544311523
9.060750961303711,1.6879636460454794,1.6004806756973267,3.333989381790161,0.18307773768901825
9.063823461532593,1.6927410875310605,1.6062028408050537,3.1084001064300537,0.21683070063591003
9.06689167022705,1.697325261926087,1.6123063564300537,3.153719425201416,0.24246585369110107
9.069957256317139,1.7017124865858326,1.6180285215377808,3.0580453872680664,0.18521401286125183
9.073023319244385,1.7059008860444302,1.6237506866455078,3.0791943073272705,0.21512168645858765
9.076090335845947,1.7098847519218896,1.6294728517532349,3.018768548965454,0.12967117130756378
9.079157590866089,1.7136571179099807,1.6348134279251099,2.7377889156341553,0.22537575662136078
9.082225322723389,1.7172125979491555,1.640535593032837,3.0630807876586914,0.31082627177238464
9.085291862487793,1.720544054603948,1.6458762884140015,2.9019455909729004,0.3309071362018585
9.088358402252197,1.7236479656027683,1.6512168645858765,2.835477113723755,0.2078583985567093
9.091383218765259,1.7264822264622572,1.655794620513916,2.7790799140930176,0.2403295934200287
9.094452142715454,1.7291227671589975,1.6611353158950806,2.5907530784606934,0.13736172020435333
9.097519636154175,1.7315215889131128,1.666094422340393,2.7287251949310303,0.2685282528400421
9.100586175918579,1.733675782403859,1.6702907085418701,2.5887389183044434,0.2082856446504593
9.103652238845825,1.7355826552634985,1.6748683452606201,2.514213800430298,0.23306630551815033
9.106718301773071,1.7372397310920982,1.6794461011886597,2.3148088455200195,0.19888609647750854
9.109784603118896,1.7386446496299024,1.6832607984542847,2.108354330062866,0.14590676128864288
9.1128511428833,1.7397952661210676,1.6874570846557617,2.353078603744507,0.19375905394554138
9.115917444229126,1.740689693519554,1.6912717819213867,2.061020851135254,0.09933622926473618
9.118988752365112,1.741327532438267,1.6947051286697388,2.1204395294189453,0.045075152069330215
9.122055053710938,1.7417057566419178,1.6981383562088013,1.7609063386917114,0.17923247814178467
9.125120639801025,1.7418250572868534,1.7015717029571533,1.5695582628250122,0.18136873841285706
9.128188610076904,1.741685166337162,1.7042419910430908,1.69141685962677,0.2531471848487854
9.13125729560852,1.7412859749277754,1.7072938680648804,1.3631036281585693,0.22623026371002197
9.134324073791504,1.7406285680558045,1.7099641561508179,1.4195010662078857,0.2394750863313675
9.137385845184326,1.7397154569601843,1.7122529745101929,1.1888761520385742,0.19760432839393616
9.140458106994629,1.7385426904583092,1.7145417928695679,0.9773861169815063,0.126253142952919
9.143534898757935,1.737112411584783,1.71644926071167,0.8394140601158142,0.14975203573703766
9.146601676940918,1.7354341882163093,1.7183566093444824,0.8273289203643799,0.09805447608232498
9.149667978286743,1.7335065907740015,1.71950101852417,0.6208743453025818,0.027557794004678726
9.152735710144043,1.7313311679924546,1.72102689743042,0.6007324457168579,0.09933622926473618
9.155804634094238,1.7289110066526663,1.721789836883545,0.5050583481788635,0.12497138977050781
9.158881187438965,1.7262435929737625,1.72255277633667,0.400320440530777,0.12967117130756378
9.161954402923584,1.723341906281994,1.7233158349990845,0.43758296966552734,0.09079118072986603
9.165021657943726,1.7202138113540757,1.723697304725647,0.02568093314766884,0.0318303182721138
9.168095111846924,1.716851547564718,1.723697304725647,-0.07502861320972443,0.05532921478152275
9.171162605285645,1.7132733839661962,1.723697304725647,-0.13847562670707703,0.037384603172540665
9.17423152923584,1.7094765157305913,1.7233158349990845,-0.08812084794044495,0.03311207890510559
9.177300930023193,1.7054675674602973,1.722934365272522,-0.3167315125465393,-0.025848783552646637
9.18036699295044,1.7012577684049508,1.7221713066101074,-0.5050583481788635,-0.10531777143478394
9.183441400527954,1.6968368574184687,1.7214083671569824,-0.43959715962409973,-0.1723964363336563
9.186507225036621,1.692235757449358,1.720263957977295,-0.5956969261169434,-0.15616083145141602
9.189573049545288,1.687449230041642,1.7191195487976074,-0.6943923234939575,-0.15445181727409363
9.192639112472534,1.6824839859942506,1.7175936698913574,-0.8132295608520508,-0.20230410993099213
9.19570517539978,1.6773477604396714,1.715686321258545,-1.0952162742614746,-0.22751201689243317
9.198771953582764,1.672046922444594,1.7133973836898804,-1.3782100677490234,-0.09933622926473618
9.20184063911438,1.6665870820775994,1.7111085653305054,-1.4376287460327148,-0.07113756239414215
9.2049081325531,1.6609818100458233,1.7084382772445679,-1.4839551448822021,-0.042084380984306335
9.207975387573242,1.6552377945538403,1.7057678699493408,-1.6753032207489014,-0.10275425016880035
9.211041688919067,1.6493649841199074,1.7023346424102783,-1.8726940155029297,-0.08480964601039886
9.214108943939209,1.6433684500200185,1.6992828845977783,-1.9492332935333252,-0.0801098644733429
9.217175483703613,1.6372603438103674,1.6958495378494263,-1.940169334411621,-0.10916304588317871
9.22024154663086,1.6310493237844401,1.6920348405838013,-2.067063331604004,-0.15060654282569885
9.22331190109253,1.6247347799333625,1.6882200241088867,-2.235248327255249,-0.10574502497911453
9.226391315460205,1.6183157319788732,1.6840238571166992,-2.048935651779175,-0.07284656912088394
9.229460954666138,1.6118410174413091,1.6798275709152222,-2.2725107669830322,-0.007049668114632368
9.232527017593384,1.605307679357906,1.6756312847137451,-2.3309223651885986,-0.0006408789195120335
9.235594034194946,1.5987158567991053,1.6706721782684326,-2.6521859169006348,-0.020294498652219772
9.238659858703613,1.5920799506474588,1.666094422340393,-2.527306079864502,-0.048493172973394394
9.24172592163086,1.585406737323426,1.661516785621643,-2.4739298820495605,-0.07156481593847275
9.244792461395264,1.5787055928075107,1.656557559967041,-2.6562142372131348,-0.059601739048957825
9.247859954833984,1.5719854111839648,1.6512168645858765,-2.6431219577789307,-0.11001754552125931
9.25092887878418,1.5652551197703877,1.6458762884140015,-2.9402151107788086,-0.04422064498066902
9.253998756408691,1.5585257688797294,1.640535593032837,-2.7367818355560303,-0.0049134050495922565
9.257067441940308,1.5518120670341073,1.6351948976516724,-2.7649805545806885,-0.033966582268476486
9.260145664215088,1.5451006353961476,1.6298543214797974,-2.837491512298584,-0.04122987762093544
9.263222455978394,1.5384254993785813,1.6237506866455078,-3.015747308731079,-0.08224612474441528
9.266302824020386,1.5317858317254804,1.6180285215377808,-3.1013503074645996,-0.023285267874598503
9.269381046295166,1.5252039273156037,1.6123063564300537,-3.0892653465270996,-0.04251163452863693
9.27244758605957,1.5187096014923576,1.6065843105316162,-3.2131381034851074,0.07241931557655334
9.275514364242554,1.5122869142527489,1.6004806756973267,-3.179903984069824,0.059601739048957825
9.278580665588379,1.505946889949556,1.594377040863037,-3.4125428199768066,0.008331426419317722
9.281646728515625,1.499698418299896,1.5882734060287476,-3.4185855388641357,-0.01345845777541399
9.284713745117188,1.4935483820147648,1.58255136013031,-3.2423439025878906,0.04422064498066902
9.28778076171875,1.4875078735944811,1.576066255569458,-3.3762874603271484,0.06045624613761902
9.290847778320312,1.4815858646765032,1.5699626207351685,-3.4135499000549316,0.12198062241077423
9.293913841247559,1.4757929320548104,1.563858985900879,-3.2665140628814697,0.0801098644733429
9.296980142593384,1.4701353796075616,1.5577553510665894,-3.488075017929077,0.054901961237192154
9.300047159194946,1.464620793203078,1.5516518354415894,-3.3762874603271484,0.09164568781852722
9.30311393737793,1.4592591099271526,1.5455482006072998,-3.122499465942383,0.10788128525018692
9.306179761886597,1.4540594492450827,1.5394445657730103,-3.1003432273864746,0.2364843189716339
9.309246063232422,1.4490270673688697,1.5333409309387207,-3.0761730670928955,0.21383993327617645
9.312314748764038,1.444166550339974,1.5272372961044312,-3.2222018241882324,0.19632257521152496
9.315383434295654,1.439489104365821,1.5215152502059937,-3.0882582664489746,0.11557183414697647
9.318460702896118,1.4349894057213735,1.515411615371704,-3.304783821105957,0.2202487289905548
9.321526765823364,1.430702823408953,1.5100709199905396,-3.2010529041290283,0.12112611532211304
9.324592590332031,1.4266192934325594,1.504348874092102,-3.014740228652954,0.20401312410831451
9.327658653259277,1.4227442420201901,1.498626708984375,-2.9462578296661377,0.1766689568758011
9.33072566986084,1.4190826419037017,1.4932860136032104,-2.853605031967163,0.22452124953269958
9.333791255950928,1.415642722596926,1.487945318222046,-2.879789352416992,0.1275349110364914
9.336857557296753,1.4124271066883487,1.482604742050171,-2.685420036315918,0.09762722253799438
9.33992338180542,1.409441842587775,1.4776455163955688,-2.6300296783447266,0.18393224477767944
9.34299612045288,1.406684906777501,1.4726864099502563,-2.815335273742676,0.31168079376220703
9.346062421798706,1.4041724243580087,1.4677271842956543,-2.511192560195923,0.2980087101459503
9.349129676818848,1.4019014339797642,1.4631494283676147,-2.6521859169006348,0.251438170671463
9.352195739746094,1.3998768668764543,1.4585717916488647,-2.4145114421844482,0.191195547580719
9.35526156425476,1.3981009266112325,1.4539940357208252,-2.4185397624969482,0.17880521714687347
9.358330726623535,1.3965745593711687,1.4497978687286377,-2.389333963394165,0.19589532911777496
9.361382722854614,1.3953085119782553,1.4459830522537231,-2.2825818061828613,0.19888609647750854
9.36445665359497,1.3942890454250252,1.4421683549880981,-1.9623254537582397,0.17111466825008392
9.367528200149536,1.3935281810752638,1.4383535385131836,-1.7155871391296387,0.2211032211780548
9.37059473991394,1.393026769213073,1.4353017807006836,-1.7568780183792114,0.2668192684650421
9.373660802841187,1.3927841216117776,1.4318684339523315,-1.6199129819869995,0.32364386320114136
9.376727104187012,1.3928005117374818,1.4288166761398315,-1.5715724229812622,0.221530482172966
9.37979531288147,1.3930761960722757,1.425764799118042,-1.5997711420059204,0.31125351786613464
9.382862329483032,1.3936105773659293,1.4230945110321045,-1.4638131856918335,0.30869001150131226
9.385929346084595,1.3944029186909541,1.420424222946167,-1.1677271127700806,0.27963683009147644
9.388996124267578,1.395451951728943,1.418135404586792,-1.0216983556747437,0.3787594437599182
9.392061710357666,1.3967556139273207,1.41622793674469,-1.143556833267212,0.1416342407464981
9.39512825012207,1.3983128522357253,1.4143205881118774,-0.8605630397796631,0.24417486786842346
9.398195266723633,1.400121289054206,1.4127947092056274,-0.6228885054588318,0.2676737606525421
9.401261568069458,1.4021775075375198,1.4112688302993774,-0.7669031620025635,0.3155260682106018
9.404330015182495,1.4044805432085654,1.4105058908462524,-0.6390020847320557,0.23434805870056152
9.407381057739258,1.407010508375768,1.409742832183838,-0.43556877970695496,0.2544289231300354
9.41044807434082,1.4097911506423422,1.408979892730713,-0.0951705202460289,0.3155260682106018
9.413513898849487,1.4128045042345807,1.4085984230041504,-0.029709314927458763,0.29117265343666077
9.416582584381104,1.4160502634765335,1.4085984230041504,-0.10926985740661621,0.1732509285211563
9.419651508331299,1.4195211770661373,1.4085984230041504,-0.002517738612368703,0.2646830081939697
9.422718048095703,1.4232088890223862,1.4085984230041504,0.1414969116449356,0.34415197372436523
9.42578411102295,1.4271099106970473,1.408979892730713,0.27946898341178894,0.31168079376220703
9.428850173950195,1.431219008226954,1.409742832183838,0.425497829914093,0.3779049217700958
9.4319167137146,1.435530768230974,1.4105058908462524,0.6490730047225952,0.5176165699958801
9.434983015060425,1.4400378077796938,1.41165030002594,0.7054703831672668,0.6351110339164734
9.438051462173462,1.444737114112993,1.4127947092056274,0.6742504239082336,0.5197528004646301
9.441121339797974,1.449620931969802,1.4143205881118774,0.9230029582977295,0.45352864265441895
9.44418740272522,1.4546734550249,1.41622793674469,1.1959258317947388,0.5582055449485779
9.447253704071045,1.4598935529454549,1.418135404586792,0.9693293571472168,0.5295796394348145
9.450323104858398,1.4652786056949374,1.420424222946167,1.2331883907318115,0.4471198618412018
9.453380346298218,1.4707931869464723,1.422713041305542,1.3077133893966675,0.6064850687980652
9.456449031829834,1.4764716138817222,1.425764799118042,1.6178988218307495,0.5637598037719727
9.45952582359314,1.4823006067619904,1.428435206413269,1.6148775815963745,0.45481041073799133
9.4625985622406,1.4882487133785025,1.431486964225769,1.7115586996078491,0.6257114410400391
9.465667009353638,1.494306107597882,1.434920310974121,1.8837720155715942,0.5282978415489197
9.468735456466675,1.5004720054064002,1.4383535385131836,2.1879148483276367,0.37106889486312866
9.4718017578125,1.5067328265573905,1.4421683549880981,2.1395742893218994,0.48172733187675476
9.474867820739746,1.5130830544465972,1.4459830522537231,1.9784389734268188,0.38858625292778015
9.477934837341309,1.519515758106658,1.4501793384552002,2.2684824466705322,0.3347524106502533
9.481000900268555,1.5260173893910527,1.4543755054473877,2.1556878089904785,0.48471808433532715
9.484069108963013,1.5325848981724135,1.4585717916488647,2.521263360977173,0.37320515513420105
9.487138986587524,1.539207608753845,1.4635308980941772,2.4860150814056396,0.3638055920600891
9.490206718444824,1.545867439283001,1.4681086540222168,2.7458457946777344,0.42319372296333313
9.493273496627808,1.5525570217037512,1.4726864099502563,2.719661235809326,0.6376745104789734
9.496339559555054,1.5592669192031432,1.4776455163955688,2.858640432357788,0.5599145293235779
9.499383926391602,1.5659411455251735,1.4829862117767334,2.9241015911102295,0.4906996190547943
9.502454280853271,1.57267431958415,1.488326907157898,2.9059739112854004,0.47788205742836
9.50551986694336,1.5793890496275587,1.493667483329773,2.831448793411255,0.5684596300125122
9.508586406707764,1.5860879093105127,1.4990081787109375,3.020782709121704,0.46634623408317566
9.51165223121643,1.5927573096848873,1.5047303438186646,3.0761730670928955,0.44925612211227417
9.514719486236572,1.5993920016587224,1.510452389717102,3.134584665298462,0.4885633587837219
9.51778793334961,1.6059815598439202,1.516174554824829,2.8858320713043213,0.29288166761398315
9.520855188369751,1.6125110761497061,1.5218967199325562,3.3551385402679443,0.2561379373073578
9.523924350738525,1.618977416746618,1.5280003547668457,3.2302587032318115,0.32449835538864136
9.526993036270142,1.6253658986424993,1.5337224006652832,3.318882942199707,0.37320515513420105
9.530065774917603,1.6316762957594695,1.5398260354995728,3.320897340774536,0.2693827748298645
9.533133029937744,1.637879710520792,1.5459296703338623,3.329961061477661,0.4146486520767212
9.536200761795044,1.6439792088661038,1.5516518354415894,3.2695353031158447,0.23221179842948914
9.53926682472229,1.6499615315540108,1.5581368207931519,3.3752803802490234,0.22964827716350555
9.542332649230957,1.6558206958804935,1.5642404556274414,3.452826738357544,0.6013580560684204
9.545382022857666,1.661518107171444,1.5699626207351685,3.299748182296753,0.4266117215156555
9.548449277877808,1.6671093492752556,1.5764477252960205,3.457862138748169,0.37235066294670105
9.551522970199585,1.6725635771784002,1.58255136013031,3.3581597805023193,0.2676737606525421
9.554588794708252,1.67784741801686,1.5882734060287476,3.2634928226470947,0.26041045784950256
9.557657718658447,1.6829722753246896,1.594377040863037,3.3420462608337402,0.20401312410831451
9.560736417770386,1.6879405988154759,1.6004806756973267,3.482032537460327,0.32449835538864136
9.563813924789429,1.6927265444995097,1.6065843105316162,3.0922865867614746,0.29117265343666077
9.566880941390991,1.6973095649584664,1.6123063564300537,3.2000458240509033,0.33945220708847046
9.569947481155396,1.701698810758168,1.6180285215377808,3.297734022140503,0.23306630551815033
9.573014259338379,1.7058888098317695,1.6241321563720703,3.330968141555786,0.17880521714687347
9.576080322265625,1.7098720863637742,1.6294728517532349,3.022796869277954,0.3317616581916809
9.579146385192871,1.7136437286282187,1.6351948976516724,2.877775192260742,0.2574197053909302
9.582216024398804,1.7172021552580845,1.640535593032837,2.6542000770568848,0.3039902448654175
9.585288286209106,1.7205403009734586,1.6458762884140015,2.838498592376709,0.26211947202682495
9.58835482597351,1.7236444800925357,1.650835394859314,2.857633352279663,0.18350499868392944
9.591380596160889,1.7264798681185305,1.6561760902404785,2.8002288341522217,0.11685358732938766
9.594448328018188,1.7291196335522347,1.660753846168518,2.4517738819122314,0.11728084087371826
9.59751582145691,1.7315187565933352,1.6657129526138306,2.7780728340148926,0.16470588743686676
9.600581645965576,1.7336727816433457,1.6706721782684326,2.673334836959839,0.17111466825008392
9.603657484054565,1.7355857041309608,1.6748683452606201,2.4457314014434814,0.17795071005821228
9.606727361679077,1.7372442549052218,1.6794461011886597,2.245319366455078,0.14676126837730408
9.609793663024902,1.7386484247165268,1.6836423873901367,2.402426242828369,0.18307773768901825
9.612859964370728,1.739798207354658,1.6874570846557617,2.077134370803833,0.16940565407276154
9.61592698097229,1.7406920743850613,1.6912717819213867,2.1476309299468994,0.14505226910114288
9.618993043899536,1.7413282425169065,1.6947051286697388,1.9582971334457397,0.11429007351398468
9.622060060501099,1.74170616258539,1.6981383562088013,1.7115586996078491,0.20444037020206451
9.625126123428345,1.7418250386395817,1.7011902332305908,1.764934778213501,0.21683070063591003
9.628191947937012,1.7416848729253782,1.7046234607696533,1.621927261352539,0.20999465882778168
9.63125991821289,1.7412855230096735,1.7072938680648804,1.6289769411087036,0.19418631494045258
9.634328603744507,1.7406274063201461,1.7095826864242554,1.3298695087432861,0.1886320263147354
9.637381315231323,1.7397169968255262,1.7122529745101929,1.384252667427063,0.1758144497871399
9.64044737815857,1.738547231154614,1.7145417928695679,1.0760815143585205,0.19974060356616974
9.643516540527344,1.7371217006717725,1.71644926071167,1.1083085536956787,0.12283512949943542
9.646584272384644,1.7354444194968055,1.7183566093444824,0.8283360004425049,0.12411688268184662
9.649651765823364,1.7335174341306394,1.71950101852417,0.8585488796234131,0.11728084087371826
9.652718544006348,1.7313440223767305,1.7206454277038574,0.5936827659606934,0.11599908769130707
9.655785322189331,1.7289269914780396,1.721789836883545,0.5121080279350281,0.1275349110364914
9.658855199813843,1.7262671252861095,1.72255277633667,0.40535593032836914,0.11856260150671005
9.661931991577148,1.723363914556569,1.7233158349990845,0.24623483419418335,0.11300831288099289
9.66500473022461,1.7202317026444585,1.7233158349990845,0.03373769670724869,0.08310063183307648
9.66807222366333,1.7168774173682428,1.723697304725647,0.07603570818901062,0.12155336886644363
9.671137809753418,1.7133031842790258,1.723697304725647,0.0005035477224737406,0.016449226066470146
9.674203634262085,1.7095119883562078,1.7233158349990845,-0.21300068497657776,-0.002777141984552145
9.677271842956543,1.7055065324587675,1.722934365272522,-0.018631266430020332,-0.06558327376842499
9.68034291267395,1.7012916144656411,1.7221713066101074,-0.3821927309036255,-0.08096437156200409
9.683380603790283,1.6969261774144044,1.7214083671569824,-0.4909590184688568,-0.1271076500415802
9.68644642829895,1.6923288245330435,1.720263957977295,-0.6601510643959045,-0.15487907826900482
9.689512491226196,1.6875455271083195,1.7191195487976074,-0.7447471022605896,-0.1894865334033966
9.69257926940918,1.6825825574685602,1.717212200164795,-0.8937972187995911,-0.14761577546596527
9.69564700126648,1.6774467577519998,1.715686321258545,-1.1707484722137451,-0.1903410404920578
9.698713779449463,1.6721489474614268,1.7130159139633179,-1.401373267173767,-0.09933622926473618
9.701780080795288,1.6666962831996817,1.7111085653305054,-1.401373267173767,-0.13138018548488617
9.704846382141113,1.6610960485208117,1.7084382772445679,-1.4829480648040771,-0.10318150371313095
9.70791220664978,1.6553574601982506,1.7053864002227783,-1.5836576223373413,-0.1570153385400772
9.710978269577026,1.6494877139021955,1.7027161121368408,-1.694438099861145,-0.11514458060264587
9.714044332504272,1.6434959631920851,1.6992828845977783,-1.7327077388763428,-0.09890898317098618
9.717110872268677,1.6373901439921643,1.6954680681228638,-2.113389730453491,-0.049774929881095886
9.72017765045166,1.6311797580877492,1.6916533708572388,-2.3349506855010986,-0.08651865273714066
9.723246812820435,1.624869562083226,1.6882200241088867,-1.988510012626648,-0.07541008293628693
9.726317882537842,1.6184697306899891,1.6840238571166992,-2.1496453285217285,-0.05746547505259514
9.729380130767822,1.6120123893638119,1.6798275709152222,-2.4940719604492188,-0.0019226367585361004
9.732447385787964,1.6054781191259582,1.6752498149871826,-2.55953311920166,-0.005767910275608301
9.73551344871521,1.5988896961592365,1.6710536479949951,-2.22517728805542,-0.03524833917617798
9.738586664199829,1.592238846388839,1.666094422340393,-2.679377317428589,-0.03012130968272686
9.741652488708496,1.58556691621635,1.661516785621643,-2.391348123550415,-0.05447470769286156
9.744718790054321,1.5788668213765584,1.656557559967041,-2.516227960586548,-0.08352788537740707
9.747788190841675,1.5721427483899857,1.651598334312439,-2.7690088748931885,-0.14847028255462646
9.750854253768921,1.5654187804652953,1.646257758140564,-2.812314033508301,-0.06729228794574738
9.753920793533325,1.558696548943423,1.6409170627593994,-2.833462953567505,-0.05874723568558693
9.75698971748352,1.5519818713479345,1.6355763673782349,-2.9482719898223877,0.0079041738063097
9.760066032409668,1.545273881028305,1.6302357912063599,-3.004669189453125,-0.037384603172540665
9.76314115524292,1.5386013710606297,1.6241321563720703,-3.0630807876586914,-0.07541008293628693
9.766213655471802,1.5319773327550346,1.6184099912643433,-3.145662546157837,-0.06088349595665932
9.769282817840576,1.5254130404297273,1.6126878261566162,-3.2151522636413574,-0.019439993426203728
9.772348880767822,1.5189175676580327,1.6065843105316162,-3.3531243801116943,0.03781185671687126
9.775382995605469,1.5125604297502364,1.6008621454238892,-3.2644999027252197,0.0625925064086914
9.778448820114136,1.506217692781273,1.5947585105895996,-3.314854621887207,0.0318303182721138
9.78152322769165,1.4999482287682033,1.58865487575531,-3.3652093410491943,0.012176699936389923
9.784589290618896,1.4937958694884363,1.58255136013031,-3.186953544616699,0.027985045686364174
9.787655353546143,1.48775260262708,1.5764477252960205,-3.280613422393799,0.04934767633676529
9.79072093963623,1.4818283101944865,1.570344090461731,-3.3803157806396484,0.1283894032239914
9.793787956237793,1.4760281600831338,1.5642404556274414,-3.2524147033691406,0.09079118072986603
9.796854257583618,1.4703648642416696,1.5581368207931519,-3.311833381652832,0.05020218342542648
9.799920558929443,1.4648454623487268,1.5516518354415894,-3.5303730964660645,0.11813534796237946
9.802987098693848,1.4594777370367655,1.5455482006072998,-3.3732662200927734,0.1292439103126526
9.80605411529541,1.4542692961570458,1.5398260354995728,-3.298741102218628,0.14505226910114288
9.809119939804077,1.4492306478144028,1.5333409309387207,-3.3551385402679443,0.21042190492153168
9.812185764312744,1.4443672137805694,1.5276188850402832,-3.483039617538452,0.18735027313232422
9.815253496170044,1.4396833578725936,1.5215152502059937,-3.1073930263519287,0.19803158938884735
9.818323373794556,1.4351860453915761,1.5157930850982666,-3.146669626235962,0.1728236824274063
9.821380138397217,1.430903252801488,1.5100709199905396,-3.0671091079711914,0.2505836486816406
9.824446201324463,1.426809577153427,1.5047303438186646,-2.973449230194092,0.2228122353553772
9.827512979507446,1.4229235416002775,1.4990081787109375,-3.014740228652954,0.13266193866729736
9.830579996109009,1.419251618836378,1.493667483329773,-2.9180591106414795,0.16385138034820557
9.833646059036255,1.415800611547903,1.488326907157898,-2.8898603916168213,0.1416342407464981
9.83671259880066,1.412573982763967,1.4829862117767334,-2.6552071571350098,0.1591515988111496
9.839778661727905,1.4095775251775744,1.4780269861221313,-2.839505672454834,0.1766689568758011
9.842844724655151,1.4068151671522586,1.4730678796768188,-2.870725631713867,0.18136873841285706
9.845911026000977,1.4042908219984793,1.4681086540222168,-2.697505235671997,0.2501564025878906
9.848977327346802,1.4020084612003023,1.4635308980941772,-2.6018311977386475,0.2377660721540451
9.852043390274048,1.3999716218084195,1.4585717916488647,-2.411489963531494,0.3462882339954376
9.855110168457031,1.3981827522009358,1.4543755054473877,-2.368185043334961,0.27621880173683167
9.858179569244385,1.3966438059064061,1.4501793384552002,-2.410482883453369,0.23263904452323914
9.861258029937744,1.3953552932388362,1.4459830522537231,-2.2644541263580322,0.2894636392593384
9.864328622817993,1.3943263645945365,1.4421683549880981,-2.1436026096343994,0.22452124953269958
9.867379903793335,1.3935589767892995,1.438735008239746,-2.0237584114074707,0.2377660721540451
9.870452880859375,1.3930442609739715,1.434920310974121,-1.9774318933486938,0.23520256578922272
9.873518705368042,1.3927896443633114,1.4318684339523315,-1.627969741821289,0.2847638726234436
9.876585483551025,1.392794047316726,1.4288166761398315,-1.6299840211868286,0.3193713426589966
9.879651308059692,1.3930574605618018,1.425764799118042,-1.908949375152588,0.2578469514846802
9.882718563079834,1.393579758060248,1.4230945110321045,-1.2009613513946533,0.22879377007484436
9.885788202285767,1.3943608081287635,1.420424222946167,-1.467841625213623,0.3052719831466675
9.888854026794434,1.3953976939156083,1.4185168743133545,-1.018676996231079,0.251865416765213
9.891920328140259,1.396689907720035,1.41622793674469,-1.0418401956558228,0.24631112813949585
9.894986867904663,1.3982355197971463,1.4143205881118774,-0.7528038620948792,0.2211032211780548
9.898054122924805,1.4000325928057693,1.4127947092056274,-0.9753719568252563,0.2364843189716339
9.901121139526367,1.4020779576170335,1.4112688302993774,-0.9381093978881836,0.26254671812057495
9.904187679290771,1.4043683312725233,1.4105058908462524,-0.547356367111206,0.28220033645629883
9.907253742218018,1.406900199450359,1.4093613624572754,-0.5161364078521729,0.2980087101459503
9.910322666168213,1.4096728358339292,1.408979892730713,-0.24522773921489716,0.1758144497871399
9.913379669189453,1.412667738739819,1.4085984230041504,-0.00553902518004179,0.2223849892616272
9.916446208953857,1.4159012070310075,1.408216953277588,-0.20192264020442963,0.2651102542877197
9.919512748718262,1.419359458395092,1.408216953277588,0.12437628954648972,0.24887464940547943
9.922578811645508,1.4230367693793695,1.4085984230041504,0.15156786143779755,0.32364386320114136
9.925644159317017,1.4269272697464284,1.408979892730713,0.2673838436603546,0.4740367829799652
9.928713321685791,1.4310312478512077,1.409742832183838,0.19990845024585724,0.37576866149902344
9.931782960891724,1.4353385748692729,1.4105058908462524,0.5362783074378967,0.4419928193092346
9.934849739074707,1.4398379339548606,1.41165030002594,0.5423209071159363,0.4116578996181488
9.937915325164795,1.4445247062707096,1.4127947092056274,0.7094987630844116,0.4877088665962219
9.940982103347778,1.4493955764648168,1.4143205881118774,0.7840238213539124,0.4471198618412018
9.944048404693604,1.4544407272644149,1.41622793674469,0.9471732378005981,0.5603417754173279
9.947115898132324,1.459655470366012,1.418135404586792,1.0660104751586914,0.5334249138832092
9.950182437896729,1.4650284353365968,1.420424222946167,1.311741828918457,0.5658960938453674
9.953248739242554,1.4705528048373535,1.422713041305542,1.379217267036438,0.5180438160896301
9.956316947937012,1.4762243579259982,1.4253833293914795,1.5322957038879395,0.41849392652511597
9.959380626678467,1.482022605469307,1.428435206413269,1.7397574186325073,0.5312886238098145
9.962448835372925,1.4879560733929682,1.431486964225769,1.5856717824935913,0.7175707817077637
9.965516090393066,1.494005568423088,1.4345388412475586,1.764934778213501,0.5449607372283936
9.968583822250366,1.5001648945790829,1.437972068786621,1.8978713750839233,0.502662718296051
9.971650838851929,1.506422497719485,1.4417868852615356,2.071091890335083,0.5607690811157227
9.974717378616333,1.5127695140216284,1.4456015825271606,2.073106050491333,0.4449836015701294
9.977783441543579,1.5191964795861932,1.4497978687286377,2.1546807289123535,0.3685053884983063
9.980851411819458,1.5256988976291725,1.4539940357208252,2.2684824466705322,0.3210803270339966
9.983917236328125,1.532258520129559,1.4585717916488647,2.4950790405273438,0.45224690437316895
9.986983060836792,1.5388701360031907,1.4631494283676147,2.528313159942627,0.40524908900260925
9.990050792694092,1.5455280836338312,1.4677271842956543,2.6270084381103516,0.5962310433387756
9.993116855621338,1.5522147249002267,1.4726864099502563,2.696498155593872,0.538551926612854
9.996183156967163,1.5589242685008082,1.4776455163955688,2.861661672592163,0.5479514598846436
9.999252319335938,1.5656525095822487,1.482604742050171,2.6290225982666016,0.4112306535243988
10.002321004867554,1.572382144236076,1.487945318222046,2.725703716278076,0.4270389974117279
10.00538158416748,1.5790864727875442,1.4932860136032104,3.0671091079711914,0.5248798131942749
10.008447885513306,1.5857858368412459,1.498626708984375,2.971435070037842,0.45566490292549133
10.011513710021973,1.5924567114177872,1.504348874092102,3.018768548965454,0.5838406682014465
10.014580011367798,1.5990912680780447,1.5100709199905396,3.129549026489258,0.443274587392807
10.017653465270996,1.6056939205779412,1.5157930850982666,3.155733585357666,0.3514152765274048
10.020719289779663,1.6122231287008535,1.5215152502059937,3.1134355068206787,0.3343251645565033
10.023786306381226,1.6186881540498144,1.5276188850402832,3.0540168285369873,0.40653085708618164
10.026852130889893,1.6250743768862324,1.5333409309387207,3.329961061477661,0.30740824341773987
10.029918432235718,1.6313758186736054,1.5394445657730103,3.3672237396240234,0.42148470878601074
10.032985210418701,1.637583082397706,1.5455482006072998,3.2453651428222656,0.3488517701625824
10.03605055809021,1.6436831423700657,1.5516518354415894,3.2655069828033447,0.2706645429134369
10.039116859436035,1.649671710667244,1.5577553510665894,3.327946901321411,0.26297399401664734
10.04218316078186,1.6555379824248044,1.563858985900879,3.5777065753936768,0.5060807466506958
10.045249223709106,1.6612728082245443,1.5699626207351685,3.301762342453003,0.5176165699958801
10.04831600189209,1.6668694250967595,1.576066255569458,3.3893797397613525,0.3535515367984772
10.051382780075073,1.6723181685387043,1.5821698904037476,3.3551385402679443,0.29074540734291077
10.05445122718811,1.6776137835002363,1.5882734060287476,3.2161593437194824,0.3018539845943451
10.057520627975464,1.6827469597796758,1.5939955711364746,3.2403295040130615,0.3633783459663391
10.060596942901611,1.6877193675787325,1.6000992059707642,3.322911500930786,0.3176623284816742
10.063669443130493,1.6925059973024903,1.6062028408050537,3.4115357398986816,0.2557106912136078
10.066737651824951,1.6970996967909027,1.6119248867034912,3.282627582550049,0.40354010462760925
10.069803476333618,1.7014971075669845,1.6176470518112183,3.175875425338745,0.2535744309425354
10.072869539260864,1.7056956647901176,1.6233692169189453,3.0076904296875,0.15060654282569885
10.07593584060669,1.7096890892636936,1.6290913820266724,2.9230945110321045,0.42447546124458313
10.079002380371094,1.7134714039306682,1.6348134279251099,2.9523003101348877,0.29587242007255554
10.082069873809814,1.717037748756639,1.6401541233062744,2.862668752670288,0.2886091470718384
10.085136413574219,1.720380611233971,1.645494818687439,2.9241015911102295,0.2890363931655884
10.088202714920044,1.7234959374612127,1.6504539251327515,2.9543144702911377,0.19717708230018616
10.091269254684448,1.7263795862538276,1.655794620513916,2.9462578296661377,0.07284656912088394
10.094335794448853,1.729027024888299,1.660753846168518,2.882810592651367,0.15573357045650482
10.097381353378296,1.7314186762560373,1.6657129526138306,2.7498741149902344,0.30698099732398987
10.100447177886963,1.7335834609402783,1.6702907085418701,2.4850080013275146,0.2651102542877197
10.103516101837158,1.7355032675804702,1.6744868755340576,2.4376745223999023,0.23178453743457794
10.106585264205933,1.7371730488311337,1.6790646314620972,2.39638352394104,0.18777751922607422
10.1096510887146,1.7385887592578007,1.6832607984542847,2.1556878089904785,0.18222324550151825
10.112720012664795,1.7397512951428786,1.6870756149291992,2.1587090492248535,0.18350499868392944
10.115786075592041,1.7406566436858864,1.6908903121948242,2.1375601291656494,0.17068742215633392
10.118853092193604,1.7413048251844558,1.6947051286697388,2.0086519718170166,0.07241931557655334
10.12192177772522,1.7416946970195684,1.6981383562088013,1.8173037767410278,0.15445181727409363
10.124990463256836,1.7418252565953285,1.7011902332305908,1.6863813400268555,0.18521401286125183
10.128056526184082,1.7416965307597319,1.7042419910430908,1.4728771448135376,0.24332036077976227
10.131123304367065,1.741308812348914,1.7069122791290283,1.4859693050384521,0.2369115799665451
10.13418960571289,1.7406627974415572,1.7095826864242554,1.6551613807678223,0.1745326966047287
10.137258529663086,1.7397585224417196,1.7118715047836304,1.1193865537643433,0.16427862644195557
10.140329360961914,1.738596973343131,1.7145417928695679,1.2493019104003906,0.14718852937221527
10.143383502960205,1.7371887462834934,1.7160677909851074,0.9773861169815063,0.17795071005821228
10.146453380584717,1.7355211065861387,1.71797513961792,1.012634515762329,0.15616083145141602
10.149519920349121,1.7336053598917796,1.71950101852417,0.7769741415977478,0.126253142952919
10.152586221694946,1.731442851991801,1.7206454277038574,0.7507896423339844,0.16812390089035034
10.155652284622192,1.7290368504477194,1.721789836883545,0.654108464717865,0.1437705010175705
10.158721685409546,1.7263877578767186,1.72255277633667,0.4567177891731262,0.12411688268184662
10.16179895401001,1.7234943045168052,1.7233158349990845,0.48390936851501465,0.10232700407505035
10.16487741470337,1.7203660434896506,1.723697304725647,0.2512703239917755,0.1574425846338272
10.167948246002197,1.7170173303645686,1.723697304725647,-0.05387960746884346,0.13565270602703094
10.171016454696655,1.713448829361136,1.723697304725647,0.018631266430020332,0.06857404112815857
10.174082279205322,1.7096661059939897,1.7233158349990845,-0.18480201065540314,0.014312963001430035
10.177148818969727,1.7056711309597539,1.722934365272522,-0.3640649914741516,-0.07669184356927872
10.180214881896973,1.7014713621511275,1.7221713066101074,-0.2542915940284729,-0.11001754552125931
10.183281421661377,1.6970717291735395,1.7214083671569824,-0.32680246233940125,-0.13009841740131378
10.186349868774414,1.692476486933231,1.720263957977295,-0.6339665651321411,-0.1108720526099205
10.189381122589111,1.687754184031922,1.7191195487976074,-0.6742504239082336,-0.20059509575366974
10.192447900772095,1.6827987147171324,1.7175936698913574,-0.966308057308197,-0.1587243527173996
10.19551420211792,1.6776725268568844,1.715686321258545,-1.138521432876587,-0.20187686383724213
10.198580741882324,1.6723820562715532,1.7133973836898804,-1.08615243434906,-0.20358586311340332
10.20164704322815,1.666935979493812,1.7111085653305054,-1.3560540676116943,-0.08651865273714066
10.204714298248291,1.6613402144674378,1.7084382772445679,-1.5886930227279663,-0.03781185671687126
10.207780122756958,1.6556074497057718,1.7057678699493408,-1.5000686645507812,-0.13565270602703094
10.210846424102783,1.649742695489701,1.7027161121368408,-1.5645227432250977,-0.08908216655254364
10.213912725448608,1.6437555393532992,1.6992828845977783,-1.7488212585449219,-0.12411688268184662
10.216978788375854,1.6376553480795297,1.6958495378494263,-1.8314030170440674,-0.09207294136285782
10.2200448513031,1.6314507154328017,1.6924163103103638,-1.851544976234436,-0.11386281996965408
10.223112106323242,1.6251483843709573,1.6882200241088867,-2.099290370941162,-0.11258106678724289
10.226179599761963,1.6187596098569337,1.6844053268432617,-2.3460288047790527,-0.0314030684530735
10.22924542427063,1.6122979066319678,1.6798275709152222,-2.243305206298828,0.010894942097365856
10.232311487197876,1.6057689009849587,1.6756312847137451,-2.3470358848571777,0.045502401888370514
10.235382318496704,1.599172501515807,1.6710536479949951,-2.4437170028686523,-0.020294498652219772
10.23844861984253,1.5925384651768615,1.6664758920669556,-2.5816891193389893,-0.07412832975387573
10.241515636444092,1.5858653897972477,1.661516785621643,-2.521263360977173,-0.02883955091238022
10.244589805603027,1.579149077844499,1.656557559967041,-2.537376880645752,-0.11984435468912125
10.24765658378601,1.5724312767107875,1.651598334312439,-2.681391716003418,-0.02243076264858246
10.250723600387573,1.5657053212815712,1.6466392278671265,-2.6401007175445557,-0.02072175219655037
10.253791093826294,1.5589806783192222,1.6409170627593994,-2.815335273742676,0.02883955091238022
10.256859540939331,1.5522663001648926,1.6355763673782349,-2.699519395828247,0.0322575718164444
10.259936809539795,1.5455550629995156,1.6302357912063599,-2.8888533115386963,-0.03695734962821007
10.263009548187256,1.538886129964552,1.6241321563720703,-3.182925224304199,-0.03823911026120186
10.266077041625977,1.53227081464167,1.6187914609909058,-3.017761468887329,-0.019439993426203728
10.269144535064697,1.525707531041218,1.6126878261566162,-3.3793087005615234,-0.0019226367585361004
10.272211074829102,1.5192080409735287,1.6069657802581787,-3.2383153438568115,0.046784162521362305
10.275276899337769,1.5127814359316425,1.6008621454238892,-3.023804187774658,0.063019759953022
10.278343200683594,1.5064347498474837,1.5947585105895996,-3.2685282230377197,0.01901274174451828
10.281380653381348,1.5002368216787,1.58865487575531,-3.5031814575195312,0.013031205162405968
10.284450769424438,1.4940715410490866,1.5829328298568726,-3.298741102218628,0.029694056138396263
10.287517070770264,1.488022684909698,1.576829195022583,-3.2584574222564697,0.033966582268476486
10.290582656860352,1.482092877867092,1.5707255601882935,-3.2534217834472656,0.08822766691446304
10.293649673461914,1.4762868177174235,1.5642404556274414,-3.4971389770507812,0.07028305530548096
10.296717882156372,1.4706137462965678,1.5585182905197144,-3.120485305786133,0.03994812071323395
10.299795627593994,1.4650674239430561,1.5520333051681519,-3.3913938999176025,0.05362020432949066
10.302869081497192,1.45968140488221,1.5459296703338623,-3.2524147033691406,0.11215381324291229
10.30593729019165,1.4544646627815776,1.5402075052261353,-3.3621881008148193,0.14590676128864288
10.309003114700317,1.4494194840800174,1.5341038703918457,-3.192996025085449,0.1578698456287384
10.312069654464722,1.4445481241889742,1.5280003547668457,-3.4085144996643066,0.19888609647750854
10.315135717391968,1.4398597275058416,1.5218967199325562,-3.181918144226074,0.14505226910114288
10.31820273399353,1.4353591125161045,1.516174554824829,-3.472968578338623,0.10275425016880035
10.321271181106567,1.431052489691417,1.510452389717102,-3.323918581008911,0.191622793674469
10.324341297149658,1.4269462292664623,1.5047303438186646,-3.0932936668395996,0.15402457118034363
10.327383279800415,1.4230835869916014,1.4993896484375,-3.0550241470336914,0.20401312410831451
10.330453157424927,1.419399151733214,1.4940489530563354,-3.0771801471710205,0.13650721311569214
10.333520412445068,1.415937648300242,1.4887083768844604,-2.8878462314605713,0.14761577546596527
10.336589336395264,1.4126992796440991,1.483367681503296,-2.973449230194092,0.1736781895160675
10.339658498764038,1.4096905805744187,1.4784084558486938,-2.706568956375122,0.14035248756408691
10.34272575378418,1.406917936830491,1.4730678796768188,-2.853605031967163,0.19418631494045258
10.345792055130005,1.404384276031467,1.4684901237487793,-2.523277521133423,0.24460211396217346
10.348857879638672,1.4020927982655957,1.4635308980941772,-2.410482883453369,0.24759289622306824
10.351923942565918,1.4000463421574614,1.4589532613754272,-2.3289082050323486,0.32620736956596375
10.354990005493164,1.3982481329552057,1.4543755054473877,-2.4568092823028564,0.1907682865858078
10.358060598373413,1.3966987405443478,1.4505608081817627,-2.252368927001953,0.2898908853530884
10.361137866973877,1.3954007744199313,1.4459830522537231,-2.3480429649353027,0.2681010067462921
10.364211082458496,1.394361020155542,1.4425498247146606,-1.7488212585449219,0.1899137794971466
10.36728310585022,1.3935794036194538,1.438735008239746,-1.6561684608459473,0.22708477079868317
10.370352029800415,1.3930570330606042,1.4353017807006836,-1.8737010955810547,0.24716563522815704
10.373382568359375,1.3927954573459544,1.4318684339523315,-1.7075303792953491,0.2890363931655884
10.376449823379517,1.392788373233579,1.4288166761398315,-1.7981688976287842,0.26169222593307495
10.379515886306763,1.393040362308329,1.426146388053894,-1.3923094272613525,0.32150760293006897
10.382582902908325,1.3935511964167724,1.4230945110321045,-1.6299840211868286,0.17752346396446228
10.385650157928467,1.3943201485254741,1.4208056926727295,-1.2684366703033447,0.26211947202682495
10.38871693611145,1.3953458673346557,1.4185168743133545,-1.297642469406128,0.31338977813720703
10.391783475875854,1.3966268196745317,1.41622793674469,-1.1687343120574951,0.22665750980377197
10.3948495388031,1.3981609152107342,1.41470205783844,-0.9824215769767761,0.3296253979206085
10.397918939590454,1.399948135491129,1.41317617893219,-0.8978255987167358,0.26211947202682495
10.400996923446655,1.4019903295397798,1.41165030002594,-0.7940947413444519,0.2676737606525421
10.404070138931274,1.4042760600706266,1.4105058908462524,-0.4748454988002777,0.251010924577713
10.407136678695679,1.4067991353637892,1.409742832183838,-0.3680933713912964,0.26425573229789734
10.410203456878662,1.4095607321900268,1.408979892730713,-0.28148317337036133,0.2668192684650421
10.413269519805908,1.4125558370583597,1.4085984230041504,-0.24724192917346954,0.17026016116142273
10.41633915901184,1.415784514399814,1.408216953277588,-0.007553216069936752,0.21640345454216003
10.41938042640686,1.4192056611044055,1.408216953277588,0.054886702448129654,0.27835509181022644
10.422446489334106,1.4228736060440044,1.4085984230041504,0.19890135526657104,0.31082627177238464
10.425521612167358,1.426767698733014,1.408979892730713,0.3791714310646057,0.3022812306880951
10.428589105606079,1.4308611731141205,1.4093613624572754,0.22710002958774567,0.5646143555641174
10.431654930114746,1.4351549528713838,1.4101243019104004,0.5967040657997131,0.45011061429977417
10.434721946716309,1.4396466196520383,1.41165030002594,0.7135271430015564,0.35910582542419434
10.437788724899292,1.4443275005499596,1.4127947092056274,0.7709315419197083,0.5654688477516174
10.440855026245117,1.4491902159908379,1.4143205881118774,0.9864500164985657,0.5312886238098145
10.443923950195312,1.454232642224935,1.41622793674469,1.1012588739395142,0.45523765683174133
10.446993112564087,1.459443609872781,1.418135404586792,1.072053074836731,0.5483787059783936
10.45005989074707,1.4648107507352064,1.4200427532196045,1.1838407516479492,0.5620508193969727
10.453126192092896,1.470329208658243,1.422713041305542,1.6330052614212036,0.6265659332275391
10.45619249343872,1.475991613462405,1.4253833293914795,1.5040971040725708,0.4881361126899719
10.459261894226074,1.481795485301388,1.428435206413269,1.7870908975601196,0.5586327910423279
10.462340831756592,1.4877451554818446,1.431486964225769,1.8726940155029297,0.6000763177871704
10.465386629104614,1.4937479699360894,1.4345388412475586,1.6571755409240723,0.5419699549674988
10.468456029891968,1.499906260833834,1.437972068786621,1.9572900533676147,0.3689326345920563
10.47152304649353,1.5061598943564056,1.4414052963256836,2.1395742893218994,0.5701686143875122
10.474588871002197,1.5125018421670677,1.4456015825271606,1.9542686939239502,0.5547875165939331
10.477655172348022,1.5189261089244845,1.4497978687286377,2.234241247177124,0.2980087101459503
10.480724096298218,1.5254277619642527,1.4536125659942627,2.207049608230591,0.45523765683174133
10.483790874481201,1.5319870626025114,1.4581903219223022,2.543419599533081,0.5159075260162354
10.486857175827026,1.5385977604898056,1.4627679586410522,2.4386816024780273,0.3928587734699249
10.48992371559143,1.5452515757096825,1.4677271842956543,2.387319803237915,0.4582284390926361
10.492990255355835,1.551938116685799,1.4723048210144043,2.6521859169006348,0.6150301098823547
10.496057271957397,1.5586484998886194,1.4772640466690063,2.7347676753997803,0.4620737135410309
10.49912691116333,1.5653774729722376,1.482604742050171,2.7297322750091553,0.32449835538864136
10.502203702926636,1.5721249762762433,1.4875638484954834,2.722682476043701,0.4313115179538727
10.505276441574097,1.5788563861692462,1.4932860136032104,2.7418172359466553,0.4620737135410309
10.508342742919922,1.5855565154604951,1.498626708984375,3.1154496669769287,0.3808957040309906
10.511383056640625,1.5921731168261457,1.504348874092102,3.026825428009033,0.3608148396015167
10.514463424682617,1.5988398106561599,1.509689450263977,3.129549026489258,0.44840162992477417
10.517539501190186,1.605450055322426,1.5157930850982666,3.2504005432128906,0.45181962847709656
10.520610332489014,1.6119921708850793,1.5215152502059937,3.2493934631347656,0.4727550148963928
10.523676633834839,1.6184582322902494,1.5272372961044312,3.325932741165161,0.30997177958488464
10.526743650436401,1.624849816189169,1.5333409309387207,3.2211947441101074,0.38815900683403015
10.529809713363647,1.6311539665088983,1.5390630960464478,3.2473793029785156,0.38986802101135254
10.53287649154663,1.6373647623490912,1.5455482006072998,3.183932304382324,0.33731594681739807
10.535942792892456,1.6434705586683886,1.5512703657150269,3.3843443393707275,0.2569924592971802
10.53900957107544,1.6494641870467566,1.5573738813400269,3.306797981262207,0.31039902567863464
10.542075872421265,1.655334886021443,1.5634775161743164,3.2675211429595947,0.4795910716056824
10.54514193534851,1.6610744401664321,1.569581151008606,3.274570941925049,0.45096513628959656
10.548208951950073,1.6666765108853598,1.5756847858428955,3.3813228607177734,0.41977569460868835
10.551275491714478,1.6721301355849925,1.5817883014678955,3.177889585494995,0.19589532911777496
10.554343461990356,1.6774305327172392,1.587891936302185,3.3541314601898193,0.2223849892616272
10.557383060455322,1.6825205160924743,1.5939955711364746,3.17688250541687,0.2997176945209503
10.560458660125732,1.6874996619910907,1.6000992059707642,3.2322728633880615,0.3334706723690033
10.563528299331665,1.6922901466840026,1.6058213710784912,3.181918144226074,0.37576866149902344
10.566596508026123,1.6968925599410793,1.6115434169769287,3.0550241470336914,0.3616693317890167
10.569662809371948,1.7012996552898014,1.6176470518112183,3.16882586479187,0.23178453743457794
10.57273006439209,1.705509086895549,1.6233692169189453,3.015747308731079,0.1882047802209854
10.575797080993652,1.7095128976809377,1.6290913820266724,2.8858320713043213,0.28091859817504883
10.578863859176636,1.7133051895601574,1.6344319581985474,2.8999314308166504,0.2561379373073578
10.581932306289673,1.7168825359666595,1.639772653579712,3.000640869140625,0.26083773374557495
10.585006952285767,1.7202440461186272,1.6451133489608765,2.810299873352051,0.2689555287361145
10.588073968887329,1.723369765737235,1.6504539251327515,3.014740228652954,0.18265049159526825
10.591142654418945,1.7262651828932658,1.655794620513916,2.829434633255005,0.09164568781852722
10.594212293624878,1.7289250185578533,1.6603723764419556,2.5988097190856934,0.2065766453742981
10.597280979156494,1.7313436654135779,1.665331482887268,2.4306249618530273,0.18222324550151825
10.600360631942749,1.7335257214539308,1.6699092388153076,2.513206720352173,0.2386205792427063
10.603442907333374,1.7354603810241247,1.6744868755340576,2.519249200820923,0.2710917890071869
10.606511354446411,1.7371357979573685,1.6790646314620972,2.2946670055389404,0.18692301213741302
10.609580755233765,1.7385591230854762,1.6828793287277222,2.101304531097412,0.2206759750843048
10.612647533416748,1.7397267902267801,1.6870756149291992,1.994552493095398,0.23178453743457794
10.615718364715576,1.7406394244040206,1.6908903121948242,1.8646372556686401,0.10574502497911453
10.618794441223145,1.7412948514022832,1.6947051286697388,1.9965667724609375,0.13607995212078094
10.62186312675476,1.741689674984798,1.6977568864822388,1.937148094177246,0.2565651834011078
10.624929428100586,1.741825189216027,1.7011902332305908,1.6601969003677368,0.17880521714687347
10.627995491027832,1.7417016198790867,1.7042419910430908,1.4386358261108398,0.24802014231681824
10.631061792373657,1.7413191312039387,1.7069122791290283,1.60984206199646,0.17837797105312347
10.634128093719482,1.740678290550715,1.7095826864242554,1.312748908996582,0.11557183414697647
10.637195587158203,1.7397796501759404,1.7118715047836304,1.311741828918457,0.13821622729301453
10.64026165008545,1.7386253422064566,1.7141603231430054,1.1717555522918701,0.18606851994991302
10.643327713012695,1.7372167208787148,1.7160677909851074,0.8041657209396362,0.191195547580719
10.646379947662354,1.735563930295629,1.71797513961792,0.9028610587120056,0.14932478964328766
10.649446964263916,1.733653817016378,1.71950101852417,0.7125200033187866,0.11386281996965408
10.652512788772583,1.7314975021663566,1.7206454277038574,0.739711582660675,0.16299687325954437
10.655580520629883,1.7290959236115646,1.721789836883545,0.5997253656387329,0.1441977620124817
10.658649444580078,1.7264528420307144,1.72255277633667,0.39024949073791504,0.12454413622617722
10.661726236343384,1.7235653905080204,1.7233158349990845,0.37312886118888855,0.0792553573846817
10.664796113967896,1.7204516254654043,1.723697304725647,0.12437628954648972,0.0788281038403511
10.6678626537323,1.7171137121106494,1.723697304725647,0.15156786143779755,0.07797360420227051
10.670928478240967,1.7135542023871395,1.723697304725647,-0.008560311049222946,0.0643015205860138
10.673994541168213,1.709777324719375,1.7233158349990845,0.01762416958808899,0.030975814908742905
10.67706036567688,1.7057892716494374,1.722934365272522,-0.18178072571754456,-0.0036316472105681896
10.680125951766968,1.7015960104431551,1.7221713066101074,-0.22609293460845947,-0.11514458060264587
10.683194875717163,1.6971985723766831,1.7214083671569824,-0.5443350672721863,-0.125825896859169
10.68626093864441,1.6926123191408053,1.7206454277038574,-0.6943923234939575,-0.1600061058998108
10.689327478408813,1.6878392943988356,1.7191195487976074,-0.7004348635673523,-0.13565270602703094
10.6923828125,1.6829056960102997,1.7175936698913574,-0.7538109421730042,-0.1886320263147354
10.695452213287354,1.6777778075986816,1.715686321258545,-0.9683222770690918,-0.21042190492153168
10.698522090911865,1.6724847314232347,1.7137788534164429,-1.1828335523605347,-0.11557183414697647
10.701598167419434,1.6670239700441243,1.7111085653305054,-1.1898832321166992,-0.03653009980916977
10.704666376113892,1.661428737730318,1.7088197469711304,-1.5091325044631958,-0.10617227107286453
10.707732677459717,1.6556971880213291,1.7057678699493408,-1.6843671798706055,-0.10617227107286453
10.710798978805542,1.6498343966332047,1.7027161121368408,-1.8555734157562256,-0.09036392718553543
10.713865995407104,1.6438476574241212,1.6992828845977783,-1.8314030170440674,-0.09677271544933319
10.7169349193573,1.637743387456132,1.6958495378494263,-1.782055377960205,-0.08310063183307648
10.720010757446289,1.6315202501941162,1.6924163103103638,-2.200000047683716,-0.1600061058998108
10.723079919815063,1.6252149811169012,1.6882200241088867,-2.1365530490875244,-0.11813534796237946
10.72614574432373,1.6188305566247911,1.6844053268432617,-2.200000047683716,-0.13052567839622498
10.729211807250977,1.6123691395382502,1.6802090406417847,-2.241290807723999,-0.021576257422566414
10.73227858543396,1.6058392839631999,1.6756312847137451,-2.5726253986358643,-0.010040436871349812
10.735344886779785,1.5992532137417084,1.6714351177215576,-2.39839768409729,0.002777141984552145
10.738380670547485,1.5926859180822592,1.6664758920669556,-2.372213363647461,-0.04080262407660484
10.741446495056152,1.5860161657230296,1.6618982553482056,-2.538383960723877,-0.07669184356927872
10.744513273239136,1.5793165388164587,1.6569390296936035,-2.666285276412964,-0.0643015205860138
10.747580766677856,1.57259748778259,1.651598334312439,-2.9039597511291504,-0.11514458060264587
10.750650644302368,1.5658653259109712,1.6466392278671265,-2.813321113586426,-0.03994812071323395
10.753719806671143,1.559136854467613,1.641298532485962,-2.716639995574951,0.010894942097365856
10.7567880153656,1.5524225968994494,1.6355763673782349,-3.138612985610962,0.006622415501624346
10.75986385345459,1.5457138368558452,1.6302357912063599,-2.9019455909729004,-0.014312963001430035
10.762933015823364,1.539051759235029,1.6245136260986328,-3.16479754447937,-0.032684825360774994
10.76600170135498,1.5324327092481231,1.6187914609909058,-2.9039597511291504,-0.01773098297417164
10.769070386886597,1.5258654907127975,1.6130692958831787,-3.2363011837005615,0.019867246970534325
10.77213716506958,1.5193638906239044,1.6069657802581787,-3.2191805839538574,0.09121843427419662
10.775203466415405,1.5129344587726248,1.6012436151504517,-3.155733585357666,0.06216525658965111
10.778270244598389,1.5065847435384967,1.5947585105895996,-3.158754825592041,0.1112993061542511
10.781337022781372,1.5003251799569748,1.5890363454818726,-3.322911500930786,0.00747692072764039
10.784381628036499,1.494209222650836,1.5829328298568726,-3.3843443393707275,0.03994812071323395
10.787447690963745,1.488158281936535,1.576829195022583,-3.2413365840911865,0.0476386658847332
10.790513277053833,1.482225714825549,1.5707255601882935,-3.288670063018799,0.0963454619050026
10.793579578399658,1.4764180353827334,1.564621925354004,-3.3490958213806152,0.05447470769286156
10.796646118164062,1.4707448280176678,1.5585182905197144,-3.2373082637786865,0.049774929881095886
10.799715518951416,1.465209883071823,1.5524147748947144,-3.171847105026245,0.021149003878235817
10.802793264389038,1.459812370937624,1.5463111400604248,-3.305790901184082,0.0801098644733429
10.805866479873657,1.4545831972686047,1.5402075052261353,-3.3803157806396484,0.11941710859537125
10.808937072753906,1.4495263468012691,1.5341038703918457,-3.2634928226470947,0.17196917533874512
10.81200385093689,1.4446507685068444,1.5280003547668457,-3.1013503074645996,0.21170367300510406
10.815072298049927,1.439954811417911,1.5222781896591187,-3.031860828399658,0.13266193866729736
10.818148851394653,1.4354365092538701,1.516174554824829,-3.191988945007324,0.0963454619050026
10.821218729019165,1.4311244234849019,1.510452389717102,-3.137605905532837,0.1271076500415802
10.82428789138794,1.427015891318367,1.505111813545227,-3.0620737075805664,0.16256961226463318
10.827356815338135,1.4231162903832923,1.4993896484375,-2.9069809913635254,0.17795071005821228
10.8303804397583,1.4194839030379156,1.4940489530563354,-2.854612112045288,0.15487907826900482
10.833447933197021,1.4160168695948807,1.4887083768844604,-3.032867908477783,0.1574425846338272
10.83651876449585,1.412771183339876,1.483367681503296,-2.725703716278076,0.13138018548488617
10.839584350585938,1.4097605222358724,1.4784084558486938,-2.6360723972320557,0.15530632436275482
10.842650413513184,1.4069832028172018,1.4734493494033813,-2.6481573581695557,0.17965972423553467
10.845717191696167,1.4044432694429207,1.4684901237487793,-2.6249942779541016,0.24502937495708466
10.848783731460571,1.402145338464897,1.4635308980941772,-2.554497480392456,0.2685282528400421
10.851850271224976,1.4000926150489432,1.4589532613754272,-2.5756466388702393,0.3847409784793854
10.854916334152222,1.398288408192207,1.4547569751739502,-2.39235520362854,0.2693827748298645
10.857985496520996,1.3967336150517555,1.4501793384552002,-2.4195468425750732,0.37235066294670105
10.861064195632935,1.3954288525308998,1.4463645219802856,-2.2795605659484863,0.26382848620414734
10.8641357421875,1.3943834318781965,1.4425498247146606,-2.081162691116333,0.2232394963502884
10.867202281951904,1.3935966564263558,1.438735008239746,-1.9331196546554565,0.13650721311569214
10.870270729064941,1.3930675329648623,1.4353017807006836,-1.683359980583191,0.252719908952713
10.873342037200928,1.3927972866633436,1.432249903678894,-1.908949375152588,0.2847638726234436
10.876380681991577,1.3927856764489215,1.4288166761398315,-1.5151751041412354,0.33774319291114807
10.879446744918823,1.393031827158685,1.426146388053894,-1.6299840211868286,0.22879377007484436
10.882513046264648,1.3935366858681622,1.423475980758667,-1.6350194215774536,0.2552834451198578
10.885578632354736,1.3942992860839292,1.4208056926727295,-1.1334859132766724,0.29416343569755554
10.888644456863403,1.39531867305444,1.4185168743133545,-1.1073014736175537,0.2723735272884369
10.891711235046387,1.3965937206319756,1.4166094064712524,-1.08615243434906,0.2587014436721802
10.894777774810791,1.3981221295021373,1.41470205783844,-0.9441519975662231,0.2552834451198578
10.897847175598145,1.3999034963417185,1.4127947092056274,-0.9602655172348022,0.24930189549922943
10.900923252105713,1.4019385484475233,1.41165030002594,-0.6742504239082336,0.29159989953041077
10.903991937637329,1.4042148677221382,1.4105058908462524,-0.7256122827529907,0.20315861701965332
10.907058238983154,1.4067316105657417,1.409742832183838,-0.3670862913131714,0.2377660721540451
10.910126447677612,1.409488501407875,1.408979892730713,-0.3842069208621979,0.2381933331489563
10.913196086883545,1.4124814006281428,1.4085984230041504,-0.04280155524611473,0.2544289231300354
10.916268587112427,1.4157077355664727,1.4085984230041504,-0.13646143674850464,0.27621880173683167
10.919353008270264,1.4191738443937234,1.4085984230041504,0.07502861320972443,0.2561379373073578
10.922385931015015,1.4227990662581758,1.4085984230041504,0.060929276049137115,0.30997177958488464
10.925455570220947,1.4266818424039862,1.408979892730713,0.03776608034968376,0.43430227041244507
10.928521156311035,1.4307682786204183,1.4093613624572754,0.1606317162513733,0.30826276540756226
10.93158745765686,1.4350583213309567,1.4105058908462524,0.6148317456245422,0.4748912751674652
10.934653997421265,1.4395450287140754,1.41165030002594,0.6762645840644836,0.41806668043136597
10.937720775604248,1.4442217839868523,1.4127947092056274,0.6208743453025818,0.32706186175346375
10.940788507461548,1.4490828396592275,1.4143205881118774,0.9572442173957825,0.4911268651485443
10.943854808807373,1.4541171588826938,1.41622793674469,0.9441519975662231,0.5808499455451965
10.946921348571777,1.4593199034702544,1.418135404586792,1.2029755115509033,0.5176165699958801
10.949987649917603,1.4646825407625528,1.4200427532196045,1.1949187517166138,0.41806668043136597
10.953053712844849,1.4701970731886629,1.422713041305542,1.386266827583313,0.4159304201602936
10.956120491027832,1.4758570624700467,1.4253833293914795,1.314763069152832,0.4607919454574585
10.959189176559448,1.4816564795478913,1.4280537366867065,1.3943235874176025,0.5231708288192749
10.962265491485596,1.4875981118412844,1.431486964225769,1.679331660270691,0.5624780654907227
10.965336561203003,1.4936483983700326,1.4345388412475586,1.940169334411621,0.4902723729610443
10.968382835388184,1.4997582036902313,1.4383535385131836,2.2715036869049072,0.4766002893447876
10.9714515209198,1.5060129836315495,1.4417868852615356,1.9290913343429565,0.41721218824386597
10.974517822265625,1.5123539141957865,1.4456015825271606,2.2906386852264404,0.504798948764801
10.977583408355713,1.5187748968424801,1.4497978687286377,2.3047380447387695,0.42063018679618835
10.980649948120117,1.5252699026988992,1.4536125659942627,2.1436026096343994,0.5116350054740906
10.983716011047363,1.5318262787719252,1.4581903219223022,2.4527809619903564,0.46506446599960327
10.986782312393188,1.5384358136032583,1.4627679586410522,2.4487526416778564,0.46420997381210327
10.989848375320435,1.5450876688004707,1.4673457145690918,2.4789655208587646,0.5090714693069458
10.992914199829102,1.5517719620301833,1.4723048210144043,2.5947813987731934,0.5347066521644592
10.996047258377075,1.5586265646686759,1.4772640466690063,2.703547716140747,0.3958495557308197
10.999117374420166,1.5653565578266433,1.482604742050171,2.6390936374664307,0.29459068179130554
11.002193689346313,1.5721030224194685,1.4875638484954834,3.002655029296875,0.5167620182037354
11.005266427993774,1.578834472098788,1.4932860136032104,2.83044171333313,0.46890974044799805
11.008333444595337,1.5855362337980055,1.498626708984375,2.9220874309539795,0.3522697687149048
11.011385917663574,1.5921793276477407,1.504348874092102,3.2252230644226074,0.4804455637931824
11.014444351196289,1.5987986659680982,1.5100709199905396,3.1053788661956787,0.42276644706726074
11.017510175704956,1.6053872907043076,1.515411615371704,3.165804624557495,0.3941405415534973
11.020576238632202,1.611919884575613,1.5215152502059937,3.0711376667022705,0.35696956515312195
11.023642539978027,1.6183867367906177,1.5272372961044312,3.2272374629974365,0.5223163366317749
11.026707887649536,1.62477576172642,1.5333409309387207,3.2715494632720947,0.37491416931152344
11.029774904251099,1.6310829096831199,1.5390630960464478,3.3742733001708984,0.4569466710090637
11.032842636108398,1.6372967499949567,1.5451667308807373,3.155733585357666,0.43643853068351746
11.035908222198486,1.6434023329540088,1.5512703657150269,3.2282445430755615,0.3202258348464966
11.038973808288574,1.6493949792958045,1.5573738813400269,3.43973445892334,0.3984130620956421
11.0420401096344,1.655267151638544,1.5634775161743164,3.325932741165161,0.37363240122795105
11.045106649398804,1.6610091618463025,1.569581151008606,3.288670063018799,0.5244525671005249
11.048173189163208,1.6666120228353507,1.5756847858428955,3.2050812244415283,0.35782405734062195
11.051239013671875,1.672066160952921,1.5817883014678955,3.169832944869995,0.3163805603981018
11.05430793762207,1.677370080544091,1.587891936302185,3.2705423831939697,0.3667963743209839
11.057385683059692,1.6825248362651977,1.593614101409912,3.2201876640319824,0.3163805603981018
11.060462236404419,1.687505348607372,1.6000992059707642,3.3460745811462402,0.4278934895992279
11.063531398773193,1.6922948908721342,1.6058213710784912,3.2473793029785156,0.2646830081939697
11.066605567932129,1.696905868139755,1.6115434169769287,3.290684461593628,0.40823987126350403
11.069671392440796,1.7013117152269013,1.6176470518112183,3.298741102218628,0.2587014436721802
11.07273817062378,1.705519942366002,1.6233692169189453,3.0872511863708496,0.18649576604366302
11.075806856155396,1.709525323967387,1.6287097930908203,2.82842755317688,0.18521401286125183
11.078872680664062,1.7133157878363927,1.6344319581985474,2.9593498706817627,0.18307773768901825
11.081940412521362,1.7168916943539778,1.639772653579712,2.9543144702911377,0.24673838913440704
11.085006713867188,1.7202437942439417,1.6451133489608765,2.7347676753997803,0.19974060356616974
11.088073253631592,1.7233690636417884,1.6504539251327515,2.9422292709350586,0.19974060356616974
11.091139078140259,1.7262619453150034,1.6554131507873535,2.673334836959839,0.11343556642532349
11.094205617904663,1.728919493609479,1.660753846168518,2.808285713195801,0.1288166642189026
11.097274780273438,1.731339024356591,1.665331482887268,2.6209659576416016,0.20144960284233093
11.100353956222534,1.7335212595504372,1.6699092388153076,2.4366674423217773,0.19375905394554138
11.103381395339966,1.7354242295293187,1.6744868755340576,2.400412082672119,0.21298542618751526
11.10644817352295,1.737103838313728,1.6786831617355347,2.087205410003662,0.32150760293006897
11.10951542854309,1.738531476765155,1.6828793287277222,2.368185043334961,0.1924773007631302
11.112581253051758,1.7397042559088158,1.6870756149291992,2.071091890335083,0.2390478402376175
11.115647554397583,1.7406212826643284,1.6905088424682617,1.8978713750839233,0.095490962266922
11.118713617324829,1.7412809521701638,1.6947051286697388,2.069077491760254,0.1882047802209854
11.121779680252075,1.7416823665374044,1.6977568864822388,1.8092470169067383,0.23477530479431152
11.124845266342163,1.7418249279074656,1.7011902332305908,1.9311054944992065,0.19632257521152496
11.127911567687988,1.7417084498902362,1.7042419910430908,1.4476996660232544,0.19845883548259735
11.13097858428955,1.7413329241912554,1.7069122791290283,1.6138705015182495,0.17196917533874512
11.134045362472534,1.7406989648117224,1.7095826864242554,1.4376287460327148,0.22751201689243317
11.13711166381836,1.7398076526247137,1.7118715047836304,1.313755989074707,0.22922103106975555
11.140177726745605,1.7386603314607918,1.7141603231430054,1.1687343120574951,0.16256961226463318
11.143244981765747,1.7372580508135724,1.7160677909851074,1.0478827953338623,0.1903410404920578
11.146316289901733,1.7356009375006138,1.71797513961792,0.8676127195358276,0.12027160823345184
11.149383068084717,1.7336961417307912,1.71950101852417,0.9028610587120056,0.1574425846338272
11.152451992034912,1.7315426424496687,1.7206454277038574,0.65108722448349,0.13693445920944214
11.15552043914795,1.7291452790151078,1.721789836883545,0.654108464717865,0.10061798989772797
11.158589839935303,1.7265064430725323,1.722934365272522,0.47081711888313293,0.10104524344205856
11.161667108535767,1.7236230953888125,1.7233158349990845,0.31270313262939453,0.08438239246606827
11.164741277694702,1.7205092591071238,1.723697304725647,0.049851223826408386,0.03952086716890335
11.167808532714844,1.717174566002891,1.723697304725647,-0.038773175328969955,0.15103380382061005
11.17087435722351,1.7136189365556722,1.7233158349990845,-0.2824902832508087,0.021576257422566414
11.173940896987915,1.7098452399823918,1.7233158349990845,0.009567406959831715,0.04635690897703171
11.177007913589478,1.705859247312195,1.722934365272522,-0.3993133306503296,-0.061310749500989914
11.18007779121399,1.7016634443411263,1.7221713066101074,-0.3680933713912964,-0.06985580176115036
11.183145523071289,1.6972708356676849,1.7214083671569824,-0.4103913903236389,-0.17196917533874512
11.186214208602905,1.692683632061192,1.7206454277038574,-0.721583902835846,-0.24844738841056824
11.189284324645996,1.687907721203917,1.7191195487976074,-0.5080796480178833,-0.13650721311569214
11.19235897064209,1.682944863946242,1.7175936698913574,-0.8243076205253601,-0.16726939380168915
11.195443391799927,1.6777927844103702,1.7160677909851074,-0.8323643803596497,-0.19290456175804138
11.19851541519165,1.6724964144047882,1.7137788534164429,-1.309727668762207,-0.0792553573846817
11.201603651046753,1.6670140998066987,1.7114900350570679,-1.3469901084899902,-0.1433432549238205
11.204675674438477,1.661411564243196,1.7088197469711304,-1.4426642656326294,-0.09036392718553543
11.207746982574463,1.655670134550427,1.7057678699493408,-1.622934341430664,-0.08352788537740707
11.210815191268921,1.6498030648675386,1.7027161121368408,-1.69141685962677,-0.13736172020435333
11.213880062103271,1.6438199307806654,1.6992828845977783,-1.8585946559906006,-0.10019073635339737
11.216947078704834,1.637718987381239,1.6958495378494263,-1.9673609733581543,-0.14932478964328766
11.220022916793823,1.63149545243532,1.6920348405838013,-2.360128164291382,-0.13180743157863617
11.223089218139648,1.6251957430297992,1.6882200241088867,-2.409475803375244,-0.12027160823345184
11.226155757904053,1.6188095733404477,1.6844053268432617,-2.0338292121887207,-0.0643015205860138
11.22922158241272,1.6123484272525734,1.6802090406417847,-2.3268940448760986,-0.013885710388422012
11.232290029525757,1.6058148036740614,1.6756312847137451,-2.39839768409729,-0.042084380984306335
11.235358476638794,1.5992239113935967,1.6714351177215576,-2.248340606689453,-0.0049134050495922565
11.238383531570435,1.5926797099114876,1.6664758920669556,-2.6068665981292725,-0.030975814908742905
11.241461515426636,1.5859834121508154,1.6618982553482056,-2.670313596725464,-0.018158236518502235
11.244528532028198,1.5792831518418244,1.6569390296936035,-2.7750515937805176,-0.0796826109290123
11.24759554862976,1.5725650822235593,1.6519798040390015,-2.5706112384796143,-0.08523689955472946
11.250661849975586,1.5658407499551945,1.6466392278671265,-2.695491075515747,-0.010467689484357834
11.253727912902832,1.5591190949747868,1.641298532485962,-2.9382009506225586,0.0019226367585361004
11.256794691085815,1.5524080086940035,1.6355763673782349,-2.996612548828125,-0.005767910275608301
11.259862661361694,1.5457164313508671,1.6302357912063599,-3.2423439025878906,-0.04122987762093544
11.262938499450684,1.5390398908466525,1.6245136260986328,-2.9432363510131836,-0.0801098644733429
11.266007661819458,1.5324198999904062,1.6187914609909058,-3.127534866333008,-0.03610284626483917
11.269073963165283,1.52585787125249,1.6130692958831787,-3.033874988555908,-0.013031205162405968
11.272139549255371,1.5193588625697738,1.6069657802581787,-3.149691104888916,0.06686503440141678
11.275205850601196,1.5129294897708359,1.6012436151504517,-3.326939821243286,0.0643015205860138
11.278271675109863,1.5065818019948811,1.5947585105895996,-3.4155642986297607,0.02542153000831604
11.281339168548584,1.500320833996986,1.58865487575531,-3.3571527004241943,0.04422064498066902
11.284382104873657,1.4942082729334945,1.5829328298568726,-3.171847105026245,0.0036316472105681896
11.28744888305664,1.4881559515825287,1.576829195022583,-3.2393224239349365,0.063019759953022
11.290514945983887,1.4822225186753815,1.5707255601882935,-3.3631951808929443,0.11813534796237946
11.293580770492554,1.4764158032001402,1.564621925354004,-3.3984436988830566,0.07370107620954514
11.296647071838379,1.470743085552863,1.5585182905197144,-3.2665140628814697,0.0472114123404026
11.299715757369995,1.4652094589327633,1.5520333051681519,-3.5485007762908936,0.08096437156200409
11.302792310714722,1.4598140189309583,1.5463111400604248,-3.3652093410491943,0.14035248756408691
11.30586314201355,1.4545887869560847,1.5402075052261353,-3.2665140628814697,0.17111466825008392
11.30893087387085,1.449536381402293,1.5341038703918457,-3.0550241470336914,0.1762416958808899
11.311997413635254,1.4446608143030686,1.5280003547668457,-3.156740665435791,0.18393224477767944
11.315064191818237,1.4399669708313598,1.5218967199325562,-3.1970245838165283,0.1292439103126526
11.318132162094116,1.4354604939583624,1.5165560245513916,-3.2332799434661865,0.1587243527173996
11.32119870185852,1.4311519047230552,1.510452389717102,-3.171847105026245,0.12155336886644363
11.324265003204346,1.4270457658261644,1.5047303438186646,-3.0781872272491455,0.17068742215633392
11.327331304550171,1.4231478303683844,1.4993896484375,-3.141634225845337,0.1894865334033966
11.330380201339722,1.419484181114081,1.4940489530563354,-2.9271228313446045,0.21084916591644287
11.333446025848389,1.4160189560607426,1.4887083768844604,-2.838498592376709,0.24460211396217346
11.336519002914429,1.4127709402173647,1.483367681503296,-2.670313596725464,0.16983291506767273
11.339585781097412,1.4097591715849989,1.4784084558486938,-2.810299873352051,0.20016784965991974
11.342651605606079,1.4069821690085687,1.4734493494033813,-2.672327756881714,0.23093003034591675
11.345717191696167,1.4044432694429203,1.4684901237487793,-2.56758975982666,0.23221179842948914
11.348783016204834,1.4021458459818312,1.4635308980941772,-2.706568956375122,0.28049135208129883
11.351848602294922,1.4000936649622315,1.4589532613754272,-2.4850080013275146,0.3847409784793854
11.354915380477905,1.3982889305042396,1.4547569751739502,-2.514213800430298,0.22665750980377197
11.357983589172363,1.3967345027317086,1.4505608081817627,-2.227191686630249,0.2980087101459503
11.36106014251709,1.3954304015564039,1.4463645219802856,-2.409475803375244,0.27920958399772644
11.364129543304443,1.3943852827815655,1.4421683549880981,-2.240283727645874,0.21383993327617645
11.367196083068848,1.393597987048895,1.438735008239746,-1.9985809326171875,0.24118410050868988
11.370262384414673,1.3930686209583154,1.4353017807006836,-2.0277867317199707,0.29074540734291077
11.373328447341919,1.3927979101560934,1.4318684339523315,-1.8314030170440674,0.3663691282272339
11.376380443572998,1.392785667377579,1.4288166761398315,-1.763927698135376,0.3189440667629242
11.379446983337402,1.393031856364209,1.425764799118042,-1.6380407810211182,0.26340124011039734
11.382513761520386,1.3935368337618854,1.4230945110321045,-1.4144655466079712,0.21939422190189362
11.385579824447632,1.3942996326461106,1.4208056926727295,-1.156649112701416,0.28134584426879883
11.388645887374878,1.3953192084036643,1.4185168743133545,-1.0982376337051392,0.2236667424440384
11.391712427139282,1.3965942656793446,1.4166094064712524,-1.0227054357528687,0.2856183648109436
11.39478063583374,1.3981236731433102,1.41470205783844,-1.0579537153244019,0.2228122353553772
11.397850751876831,1.3999057176613978,1.41317617893219,-0.7417258024215698,0.26126497983932495
11.40092658996582,1.401940891451737,1.41165030002594,-0.6772716641426086,0.30997177958488464
11.40399718284607,1.4042189671603462,1.4105058908462524,-0.6782788038253784,0.24802014231681824
11.407064437866211,1.406736941195745,1.409742832183838,-0.5403066873550415,0.2997176945209503
11.410130262374878,1.4094920759249019,1.408979892730713,-0.24925611913204193,0.2728008031845093
11.413196325302124,1.4124816420915873,1.408216953277588,-0.3842069208621979,0.2672465145587921
11.416262865066528,1.4157015154798496,1.4085984230041504,0.09214923530817032,0.2740825414657593
11.419328689575195,1.4191456390688475,1.408216953277588,-0.13344015181064606,0.20230410993099213
11.422379970550537,1.422791734187747,1.4085984230041504,0.21904325485229492,0.30655375123023987
11.425446271896362,1.4266697621049078,1.408979892730713,0.2230716347694397,0.32236209511756897
11.42851972579956,1.4307663240164792,1.409742832183838,0.41844815015792847,0.4108033776283264
11.431586027145386,1.4350562736345855,1.4105058908462524,0.39024949073791504,0.5620508193969727
11.43465256690979,1.439542890958299,1.41165030002594,0.7306477427482605,0.38901349902153015
11.437719345092773,1.4442195593391505,1.4127947092056274,0.5886473059654236,0.40524908900260925
11.440786600112915,1.449079761985771,1.4143205881118774,0.8595559597015381,0.45481041073799133
11.443853616714478,1.4541151685395606,1.4158464670181274,1.0247195959091187,0.503089964389801
11.446920156478882,1.4593178492877852,1.41775381565094,0.9733577370643616,0.5547875165939331
11.449986457824707,1.4646804257953616,1.420424222946167,1.3429617881774902,0.5607690811157227
11.45305323600769,1.470196204142938,1.4223315715789795,1.1979399919509888,0.48642709851264954
11.456119298934937,1.4758548354342385,1.4253833293914795,1.5655298233032227,0.4633554518222809
11.459187746047974,1.4816537457252912,1.4280537366867065,1.4889906644821167,0.6436560750007629
11.462264060974121,1.4875953205640529,1.4311054944992065,1.5282673835754395,0.539833664894104
11.465336799621582,1.493648872451299,1.4345388412475586,1.7085374593734741,0.5714503526687622
11.468383073806763,1.4997586858683758,1.437972068786621,1.921034574508667,0.4629282057285309
11.471452713012695,1.5060154317382863,1.4414052963256836,2.050949811935425,0.5120622515678406
11.474525928497314,1.5123707896727558,1.4456015825271606,2.3430075645446777,0.4419928193092346
11.477591753005981,1.5187924776177664,1.4494163990020752,2.1284961700439453,0.3817501962184906
11.480658531188965,1.525288173932567,1.4536125659942627,2.4225680828094482,0.48514533042907715
11.483725786209106,1.5318472710603444,1.4581903219223022,2.5867247581481934,0.47061875462532043
11.486792087554932,1.5384569580877314,1.4627679586410522,2.513206720352173,0.43643853068351746
11.489859104156494,1.5451110087623288,1.4673457145690918,2.5887389183044434,0.46805524826049805
11.492924928665161,1.5517953999193195,1.4723048210144043,2.8979170322418213,0.5505149960517883
11.495992183685303,1.558505923421037,1.4772640466690063,2.677363157272339,0.49796292185783386
11.499061346054077,1.5652336819176054,1.4822232723236084,2.7982146739959717,0.3680781126022339
11.502137660980225,1.571980183968047,1.4875638484954834,2.4578163623809814,0.4095216393470764
11.505207061767578,1.578704549224887,1.492904543876648,3.003662109375,0.4898451268672943
11.508273839950562,1.58540621723689,1.498626708984375,2.862668752670288,0.37363240122795105
11.511342287063599,1.5920846091278338,1.5039674043655396,3.0661020278930664,0.5334249138832092
11.514381170272827,1.598662361273873,1.509689450263977,2.9241015911102295,0.41892117261886597
11.51744818687439,1.6052546005123423,1.515411615371704,3.1073930263519287,0.4120851457118988
11.520514488220215,1.6117889395753924,1.5211337804794312,3.1053788661956787,0.4129396378993988
11.52358365058899,1.6182632224810052,1.5272372961044312,3.2352941036224365,0.3958495557308197
11.526651620864868,1.624659225875098,1.5329594612121582,3.309819221496582,0.3001449704170227
11.529720783233643,1.6309724066831566,1.5390630960464478,3.4115357398986816,0.38815900683403015
11.532787322998047,1.6371856039629509,1.5451667308807373,3.3611810207366943,0.3296253979206085
11.535854578018188,1.6432964370330763,1.5512703657150269,3.3984436988830566,0.19974060356616974
11.538923263549805,1.6492971373982581,1.5573738813400269,3.162783145904541,0.2693827748298645
11.541991949081421,1.6551759079302364,1.563096046447754,3.2151522636413574,0.34714275598526
11.545058012008667,1.6609191534201992,1.569581151008606,3.3470816612243652,0.43985655903816223
11.548124551773071,1.666524286898531,1.5756847858428955,3.2191805839538574,0.3146715462207794
11.551191329956055,1.6719825007857796,1.5817883014678955,3.4961318969726562,0.3210803270339966
11.554258108139038,1.6772852482510103,1.587891936302185,3.440741539001465,0.3326161503791809
11.557326555252075,1.682427405618348,1.593614101409912,3.2000458240509033,0.382604718208313
11.560381650924683,1.6873771513056126,1.5997177362442017,3.188967704772949,0.43814754486083984
11.563450813293457,1.6921714803722665,1.6058213710784912,3.4125428199768066,0.46591898798942566
11.566519498825073,1.6967793724454319,1.6115434169769287,3.291691541671753,0.3920042812824249
11.56958532333374,1.7011907103096997,1.6172655820846558,3.186953544616699,0.20401312410831451
11.572652339935303,1.7054049293037483,1.6233692169189453,3.2614786624908447,0.19888609647750854
11.575718402862549,1.7094128030966775,1.6287097930908203,3.1084001064300537,0.14847028255462646
11.578784942626953,1.7132102981445958,1.6344319581985474,2.967406749725342,0.16427862644195557
11.581852436065674,1.7167922159366125,1.639772653579712,3.004669189453125,0.21939422190189362
11.584919214248657,1.720151263540402,1.6451133489608765,2.9361867904663086,0.26425573229789734
11.587985515594482,1.7232828443131536,1.6504539251327515,2.9241015911102295,0.19803158938884735
11.591052055358887,1.726183065299441,1.6554131507873535,2.9220874309539795,0.08480964601039886
11.59411883354187,1.728847565787298,1.6603723764419556,2.684412956237793,0.20315861701965332
11.597185134887695,1.7312717962578572,1.665331482887268,2.7398030757904053,0.32193484902381897
11.60025429725647,1.7334545106354167,1.6699092388153076,2.6038453578948975,0.31039902567863464
11.603333234786987,1.7353958547515502,1.6744868755340576,2.531334400177002,0.1570153385400772
11.606385707855225,1.7370721352450336,1.6786831617355347,2.1869077682495117,0.21597619354724884
11.609453916549683,1.7385053393398706,1.6828793287277222,2.247333526611328,0.1736781895160675
11.612519979476929,1.7396833174274458,1.6870756149291992,2.0177156925201416,0.2646830081939697
11.615586996078491,1.7406056586313885,1.6908903121948242,2.0499427318573,0.1275349110364914
11.618653297424316,1.741270462037319,1.6943236589431763,1.9744106531143188,0.049774929881095886
11.621718883514404,1.741676921060991,1.6977568864822388,1.6360265016555786,0.08822766691446304
11.624786376953125,1.741824628975519,1.7011902332305908,1.8203250169754028,0.1570153385400772
11.627852201461792,1.7417131642006565,1.7038605213165283,1.5484092235565186,0.286900132894516
11.630919933319092,1.741342532136492,1.7069122791290283,1.4990615844726562,0.15573357045650482
11.633987188339233,1.7407133901027307,1.7095826864242554,1.4325932264328003,0.20358586311340332
11.637054204940796,1.7398267141031605,1.7118715047836304,1.1234149932861328,0.22751201689243317
11.640114545822144,1.738686547048382,1.7141603231430054,1.0992447137832642,0.15060654282569885
11.643174886703491,1.7372929243493496,1.7160677909851074,1.1143511533737183,0.13650721311569214
11.646241426467896,1.7356443212703299,1.71797513961792,0.9703364372253418,0.09207294136285782
11.649308443069458,1.73374543738818,1.71950101852417,0.6369878649711609,0.11898985505104065
11.652382850646973,1.7315938619446951,1.7206454277038574,0.7548180222511292,0.12112611532211304
11.655452013015747,1.7292013769614345,1.721789836883545,0.400320440530777,0.11770809441804886
11.658520936965942,1.7265682945639333,1.72255277633667,0.4295262098312378,0.07583733648061752
11.66159701347351,1.7236913917867858,1.7233158349990845,0.19688716530799866,0.07669184356927872
11.664670944213867,1.7205830740113308,1.723697304725647,0.047837033867836,0.0036316472105681896
11.66773772239685,1.7172540807175731,1.723697304725647,-0.07402151823043823,0.05532921478152275
11.670804500579834,1.7137023920472838,1.723697304725647,-0.13948272168636322,0.03311207890510559
11.673871040344238,1.709933583637062,1.7233158349990845,-0.02870221994817257,0.01345845777541399
11.676936626434326,1.705954254084435,1.722934365272522,-0.37413597106933594,-0.08694590628147125
11.680003643035889,1.7017671696114363,1.72255277633667,-0.5262073874473572,-0.08950942009687424
11.683069944381714,1.6973814028299776,1.7214083671569824,-0.6108033657073975,-0.1745326966047287
11.686136245727539,1.6928025119498922,1.7206454277038574,-0.43456166982650757,-0.16812390089035034
11.689202785491943,1.6880369169969844,1.7191195487976074,-0.9411306977272034,-0.17837797105312347
11.692270755767822,1.6830896950156329,1.7175936698913574,-0.9209887981414795,-0.20016784965991974
11.695337057113647,1.677973208819078,1.7160677909851074,-1.0428472757339478,-0.21469444036483765
11.698383569717407,1.6727270014788673,1.7137788534164429,-1.2825360298156738,-0.08480964601039886
11.701460123062134,1.6672722863992864,1.7114900350570679,-1.2714580297470093,-0.09848172962665558
11.704532146453857,1.6616765091155856,1.7088197469711304,-1.5111466646194458,-0.08224612474441528
11.70760202407837,1.6559441440796336,1.7061493396759033,-1.554451823234558,-0.059601739048957825
11.710669994354248,1.6500835463111454,1.7027161121368408,-2.0177156925201416,-0.08609139919281006
11.713736295700073,1.6441031936540853,1.6996643543243408,-1.8092470169067383,-0.10318150371313095
11.716803312301636,1.6380073770170704,1.6958495378494263,-1.833417296409607,-0.12198062241077423
11.71986985206604,1.6318075029342625,1.6924163103103638,-1.9129778146743774,-0.1582970917224884
11.722935914993286,1.6255128236990315,1.6886014938354492,-2.094254970550537,-0.0788281038403511
11.726002216339111,1.6191312271943687,1.6847867965698242,-2.218127727508545,-0.06601052731275558
11.729068756103516,1.612672168185958,1.6805905103683472,-2.1587090492248535,-0.010040436871349812
11.732135534286499,1.606145220149146,1.6760128736495972,-2.564568519592285,-0.029266804456710815
11.735201835632324,1.5995616028002868,1.6714351177215576,-2.562554359436035,-0.03653009980916977
11.738268375396729,1.5929295627765612,1.666857361793518,-2.5988097190856934,-0.02883955091238022
11.741336345672607,1.5862563381277661,1.6618982553482056,-2.688441276550293,-0.05661097168922424
11.744385242462158,1.5795966588642938,1.6569390296936035,-2.841519832611084,-0.09719996899366379
11.747462511062622,1.5728567255709713,1.6519798040390015,-2.694483757019043,-0.06643778085708618
11.750529050827026,1.5661320028922614,1.647020697593689,-3.028839588165283,-0.010894942097365856
11.75359582901001,1.5594084806754969,1.6416800022125244,-2.855619192123413,0.04293888807296753
11.756661653518677,1.5526987504096796,1.6359578371047974,-2.9150378704071045,0.023285267874598503
11.759729623794556,1.5460060072817676,1.6306172609329224,-3.169832944869995,-0.011322194710373878
11.762806415557861,1.539325801372289,1.6248950958251953,-2.981506109237671,-0.05276569724082947
11.765881776809692,1.5326904729683624,1.6187914609909058,-3.1013503074645996,-0.027557794004678726
11.768954038619995,1.5261134227060398,1.6130692958831787,-3.141634225845337,0.03994812071323395
11.772024869918823,1.5196007606286626,1.6073472499847412,-3.315861701965332,0.061310749500989914
11.775091171264648,1.5131685539502338,1.6012436151504517,-3.2473793029785156,0.08267337828874588
11.778157472610474,1.5068166968811934,1.595139980316162,-3.293705701828003,0.05831998214125633
11.781224489212036,1.5005531695751253,1.5890363454818726,-3.155733585357666,0.029694056138396263
11.78429365158081,1.4943844903687953,1.5829328298568726,-3.0741589069366455,0.02243076264858246
11.787365436553955,1.4883191192208483,1.5772106647491455,-3.2705423831939697,0.04892042279243469
11.790448188781738,1.4823503938523963,1.571107029914856,-3.43369197845459,0.13479819893836975
11.793514251708984,1.4765403901543779,1.5650033950805664,-3.195010185241699,0.09378194808959961
11.796581029891968,1.4708637839956125,1.5585182905197144,-3.283634662628174,0.0480659194290638
11.799649238586426,1.46532782925267,1.5524147748947144,-3.3400321006774902,0.07071030884981155
11.802726030349731,1.4599285922711196,1.5463111400604248,-3.2312657833099365,0.08267337828874588
11.805799722671509,1.4546950286814764,1.5402075052261353,-3.2725565433502197,0.12497138977050781
11.808866500854492,1.4496406291016775,1.5344853401184082,-3.0671091079711914,0.17880521714687347
11.811932802200317,1.4447616887694188,1.5283818244934082,-3.131563186645508,0.15658807754516602
11.814999341964722,1.4400642936919847,1.5222781896591187,-3.1990387439727783,0.20059509575366974
11.818066835403442,1.4355544327044774,1.5165560245513916,-3.3803157806396484,0.09976348280906677
11.821134328842163,1.431240295667063,1.510452389717102,-3.0620737075805664,0.16684214770793915
11.824200630187988,1.4271298500737124,1.505111813545227,-3.278599262237549,0.24118410050868988
11.827269315719604,1.4232245313096414,1.4993896484375,-2.858640432357788,0.21042190492153168
11.830338954925537,1.4195323082580324,1.4940489530563354,-3.0973219871520996,0.19504082202911377
11.833380222320557,1.416090992342917,1.4887083768844604,-2.7549095153808594,0.16427862644195557
11.83644700050354,1.4128444262479094,1.483367681503296,-2.851590871810913,0.13522544503211975
11.839513063430786,1.4098278941397369,1.4780269861221313,-2.814328193664551,0.11770809441804886
11.842579126358032,1.407045089964477,1.4734493494033813,-2.714625835418701,0.16726939380168915
11.845645427703857,1.4044999557523454,1.4684901237487793,-2.4981002807617188,0.19717708230018616
11.84871244430542,1.4021959865792533,1.4639123678207397,-2.546440839767456,0.31125351786613464
11.851778268814087,1.4001379781568382,1.4593347311019897,-2.256397247314453,0.20059509575366974
11.854844331741333,1.3983279110089646,1.4547569751739502,-2.3168230056762695,0.2078583985567093
11.85791301727295,1.396767415767836,1.4501793384552002,-2.4749369621276855,0.3360341787338257
11.860989093780518,1.3954576274650035,1.4463645219802856,-2.2936599254608154,0.2394750863313675
11.864059686660767,1.3944062135699808,1.4425498247146606,-2.1879148483276367,0.251438170671463
11.867127895355225,1.3936126934577129,1.4391164779663086,-1.925062894821167,0.20358586311340332
11.87019395828247,1.3930776147663697,1.4353017807006836,-1.907942295074463,0.21084916591644287
11.873259782791138,1.3928011382498213,1.432249903678894,-1.6450904607772827,0.3360341787338257
11.876325845718384,1.3927836312923212,1.4288166761398315,-1.6722819805145264,0.24844738841056824
11.879384994506836,1.3930243155961806,1.425764799118042,-1.7075303792953491,0.25998321175575256
11.882454633712769,1.3935246552653031,1.4230945110321045,-1.5745937824249268,0.3031357228755951
11.885527610778809,1.3942844896114355,1.4208056926727295,-1.1969329118728638,0.28134584426879883
11.888593912124634,1.3952997930548463,1.4185168743133545,-1.2684366703033447,0.2851911187171936
11.891660213470459,1.3965704285114156,1.4166094064712524,-1.00054931640625,0.20273137092590332
11.894726514816284,1.3980945096556672,1.41470205783844,-0.9934996366500854,0.3334706723690033
11.897797584533691,1.3998727288910908,1.4127947092056274,-1.0106202363967896,0.30655375123023987
11.900874614715576,1.4019044405354149,1.41165030002594,-0.7407187223434448,0.24417486786842346
11.903942584991455,1.4041763304330461,1.4105058908462524,-0.5141222476959229,0.33902496099472046
11.90700888633728,1.4066892053090703,1.409742832183838,-0.3177386224269867,0.2698100209236145
11.910074472427368,1.4094398347461552,1.408979892730713,-0.27443352341651917,0.2535744309425354
11.91314172744751,1.4124263832445194,1.4085984230041504,-0.22609293460845947,0.25955596566200256
11.916208028793335,1.4156419460680467,1.408216953277588,-0.022659648209810257,0.24972915649414062
11.919273853302002,1.4190820896029335,1.408216953277588,-0.1253833770751953,0.3531242907047272
11.922343254089355,1.4227465865132358,1.408216953277588,-0.06697184592485428,0.3791866898536682
11.92538046836853,1.4265843256383506,1.408979892730713,0.02870221994817257,0.3309071362018585
11.928446769714355,1.4306666977303342,1.4093613624572754,0.17976653575897217,0.3967040479183197
11.931514501571655,1.4349539433128897,1.4101243019104004,0.45571067929267883,0.4795910716056824
11.934580087661743,1.4394346320476346,1.4112688302993774,0.6611581444740295,0.4795910716056824
11.937646627426147,1.4441065254920473,1.4127947092056274,0.9068894386291504,0.46634623408317566
11.94071364402771,1.4489620919707848,1.413939118385315,0.7890592813491821,0.5124894976615906
11.943780183792114,1.4539926123893425,1.4158464670181274,1.0388189554214478,0.42362096905708313
11.94684624671936,1.4591905373148824,1.41775381565094,1.0801098346710205,0.5680323243141174
11.949915170669556,1.464553992635621,1.4200427532196045,1.2211031913757324,0.5923857688903809
11.952983856201172,1.4700697951626625,1.4223315715789795,1.450721025466919,0.5923857688903809
11.956050157546997,1.4757257024821318,1.425001859664917,1.5282673835754395,0.5646143555641174
11.959118843078613,1.4815220993886153,1.4280537366867065,1.6491187810897827,0.5342794060707092
11.96219539642334,1.4874613695600958,1.4311054944992065,1.556465983390808,0.5680323243141174
11.965263605117798,1.4935033605734112,1.434157371520996,1.8011902570724487,0.49753567576408386
11.968332529067993,1.4996564776671433,1.4375905990600586,2.068070411682129,0.505653440952301
11.971380233764648,1.5058666118675816,1.4414052963256836,1.8112611770629883,0.43344777822494507
11.974446296691895,1.5122050376548422,1.4452201128005981,2.1889219284057617,0.35654231905937195
11.977519035339355,1.518639291665487,1.4494163990020752,2.2775464057922363,0.28134584426879883
11.98058557510376,1.5251328840435363,1.4536125659942627,2.2584116458892822,0.4889906048774719
11.983651638031006,1.531688050253496,1.4578088521957397,2.382284164428711,0.3928587734699249
11.986717700958252,1.5382960646837012,1.4623864889144897,2.5947813987731934,0.43985655903816223
11.989786386489868,1.5449528236036352,1.4673457145690918,2.7720301151275635,0.5133439898490906
11.992853879928589,1.5516401942730698,1.4719233512878418,2.6129090785980225,0.5210345387458801
11.995920658111572,1.558349252766631,1.4768825769424438,2.6401007175445557,0.46463721990585327
11.998991250991821,1.5650799577564296,1.4822232723236084,2.6441290378570557,0.31210803985595703
12.002068281173706,1.5718280701612233,1.4875638484954834,2.717647075653076,0.29459068179130554
12.005139827728271,1.578557399990922,1.492904543876648,2.9412221908569336,0.4928358793258667
12.008206605911255,1.5852595463629908,1.4982452392578125,2.841519832611084,0.38815900683403015
12.01127290725708,1.5919339758168791,1.5039674043655396,2.9301443099975586,0.4112306535243988
12.01434063911438,1.5985749101094986,1.5093079805374146,3.125520706176758,0.3774776756763458
12.017380475997925,1.6051096356745524,1.515411615371704,3.2242159843444824,0.37192338705062866
12.020448207855225,1.611648358759736,1.5211337804794312,3.159761905670166,0.32748913764953613
12.023514747619629,1.6181186703062256,1.5272372961044312,3.3762874603271484,0.40781262516975403
12.026581048965454,1.624513021727201,1.5329594612121582,3.2232089042663574,0.4466926157474518
12.029656887054443,1.6308419070803208,1.5390630960464478,3.2655069828033447,0.3937132954597473
12.032726287841797,1.637062920878638,1.5447852611541748,3.2242159843444824,0.34757000207901
12.035792112350464,1.6431730835947373,1.5512703657150269,3.454840898513794,0.2061493843793869
12.03885793685913,1.649170632355282,1.5569924116134644,3.2373082637786865,0.3313344120979309
12.041930437088013,1.6550593221291725,1.563096046447754,3.187960624694824,0.33945220708847046
12.044996738433838,1.6608057106705083,1.5691996812820435,3.3611810207366943,0.4321660101413727
12.048063516616821,1.6664141344564976,1.575303316116333,3.2544288635253906,0.3851682245731354
12.051130056381226,1.6718749422896788,1.581406831741333,3.310826301574707,0.32791638374328613
12.05419635772705,1.6771800613162147,1.5875104665756226,3.2282445430755615,0.24374762177467346
12.057264804840088,1.682325585596183,1.593614101409912,3.327946901321411,0.4612191915512085
12.060336828231812,1.687305792992256,1.5997177362442017,3.167818784713745,0.42105746269226074
12.06338357925415,1.692068418582831,1.6058213710784912,3.2070953845977783,0.35483330488204956
12.066458225250244,1.6966892264119018,1.6115434169769287,3.334996461868286,0.3185168206691742
12.069525718688965,1.7011068200855124,1.6172655820846558,3.135591745376587,0.2561379373073578
12.072591781616211,1.705323684517793,1.6229877471923828,3.029846668243408,0.2531471848487854
12.075658559799194,1.7093365775240121,1.6287097930908203,3.000640869140625,0.22537575662136078
12.07872462272644,1.7131376710795594,1.6340504884719849,3.0560312271118164,0.2373388260602951
12.081793308258057,1.7167252551348606,1.639772653579712,2.855619192123413,0.29672694206237793
12.084859848022461,1.7200883786161356,1.6451133489608765,2.827420473098755,0.15658807754516602
12.087925672531128,1.7232239283258073,1.6504539251327515,2.7941863536834717,0.3321889042854309
12.090991258621216,1.7261278445919466,1.6554131507873535,2.7569236755371094,0.21213091909885406
12.0940580368042,1.7287970623343278,1.6603723764419556,2.6340582370758057,0.14676126837730408
12.097124338150024,1.7312260843071894,1.6649500131607056,2.5021286010742188,0.27920958399772644
12.100193500518799,1.7334136626123529,1.6699092388153076,2.356099843978882,0.2394750863313675
12.103272676467896,1.7353600881901243,1.6744868755340576,2.6119019985198975,0.25955596566200256
12.106353521347046,1.7370557588536564,1.6786831617355347,2.2745251655578613,0.22452124953269958
12.10938310623169,1.738475124244574,1.6828793287277222,2.358114004135132,0.21982146799564362
12.112451791763306,1.7396598960812701,1.6866941452026367,2.060013771057129,0.26211947202682495
12.115517854690552,1.740587697453796,1.6908903121948242,2.03987193107605,0.10446326434612274
12.118584156036377,1.7412583148151544,1.6943236589431763,1.837445616722107,0.08950942009687424
12.121650695800781,1.7416706924864322,1.6977568864822388,1.9844815731048584,0.19546806812286377
12.124717950820923,1.7418241615817036,1.7011902332305908,1.7951476573944092,0.16855116188526154
12.12778377532959,1.7417184775393846,1.7038605213165283,1.4275578260421753,0.1766689568758011
12.130850315093994,1.7413538139705922,1.7069122791290283,1.5635156631469727,0.20315861701965332
12.13391637802124,1.740730823693358,1.7095826864242554,1.4114443063735962,0.19290456175804138
12.136983156204224,1.7398501595169986,1.7118715047836304,1.3278553485870361,0.24161134660243988
12.140049457550049,1.7387134410673155,1.7141603231430054,1.2039825916290283,0.15274280309677124
12.143115997314453,1.7373221209088003,1.7160677909851074,1.2321813106536865,0.10659952461719513
12.146182298660278,1.7356784808488284,1.71797513961792,1.015655755996704,0.07626459002494812
12.149250030517578,1.733783921316011,1.71950101852417,0.652094304561615,0.07113756239414215
12.152318716049194,1.7316412615569259,1.7206454277038574,0.723598062992096,0.10189975053071976
12.155381202697754,1.729259303498976,1.721789836883545,0.5171434879302979,0.10659952461719513
12.158450365066528,1.7266315204030442,1.72255277633667,0.3207598924636841,0.09933622926473618
12.161527395248413,1.7237591034720567,1.7233158349990845,0.20192264020442963,0.09121843427419662
12.164601564407349,1.7206557707145584,1.723697304725647,0.21300068497657776,0.05020218342542648
12.167668104171753,1.717332141043701,1.723697304725647,0.24522773921489716,0.08438239246606827
12.17073392868042,1.7137865874678528,1.723697304725647,-0.07603570818901062,0.11728084087371826
12.173805236816406,1.7100167010124605,1.7233158349990845,-0.15660333633422852,0.0801098644733429
12.176874160766602,1.7060374126957303,1.722934365272522,-0.2683909237384796,-0.03610284626483917
12.17994213104248,1.7018531296299706,1.72255277633667,-0.15156786143779755,-0.0625925064086914
12.183011770248413,1.6974664282373861,1.7214083671569824,-0.4768596887588501,-0.15060654282569885
12.186084508895874,1.6928813351711942,1.7206454277038574,-0.6813000440597534,-0.16128785908222198
12.189151763916016,1.6881176943374603,1.7191195487976074,-0.7608606219291687,-0.1758144497871399
12.192218542098999,1.6831753523236324,1.7175936698913574,-0.8142366409301758,-0.28177309036254883
12.195286989212036,1.678058093602665,1.7160677909851074,-1.0650033950805664,-0.251438170671463
12.198358297348022,1.6727711677734287,1.7137788534164429,-1.1979399919509888,-0.10873579233884811
12.201441049575806,1.6673065724456175,1.7114900350570679,-1.2523231506347656,-0.0625925064086914
12.204513311386108,1.6617112548573159,1.7088197469711304,-1.7347218990325928,-0.0946364551782608
12.207579612731934,1.6559864811622311,1.7061493396759033,-1.4638131856918335,-0.095918208360672
12.21064567565918,1.6501304965762338,1.7030975818634033,-1.6420691013336182,-0.12069886177778244
12.2137131690979,1.644148736603206,1.6996643543243408,-1.7216296195983887,-0.13052567839622498
12.216779708862305,1.6380547025368883,1.6962310075759888,-1.8777294158935547,-0.09079118072986603
12.21984601020813,1.631856087475206,1.6924163103103638,-2.236255407333374,-0.095918208360672
12.222912311553955,1.6255616241079187,1.6886014938354492,-2.0036163330078125,-0.05362020432949066
12.22597861289978,1.6191806568984968,1.6844053268432617,-2.1234607696533203,-0.04165713116526604
12.229043960571289,1.6127246782668996,1.6802090406417847,-2.4729228019714355,-0.042084380984306335
12.232110023498535,1.6061997656058506,1.6760128736495972,-2.5947813987731934,0.020294498652219772
12.23517632484436,1.5996165879214816,1.6714351177215576,-2.400412082672119,0.022858014330267906
12.238242626190186,1.592985423172139,1.666857361793518,-2.688441276550293,-0.06942854821681976
12.241309642791748,1.586314556286734,1.6618982553482056,-2.5806820392608643,-0.04635690897703171
12.244383096694946,1.5796013533443536,1.6569390296936035,-2.7629663944244385,-0.0942092016339302
12.247453212738037,1.572877108673771,1.6519798040390015,-2.971435070037842,-0.095490962266922
12.250520467758179,1.5661508272594131,1.6466392278671265,-2.7569236755371094,-0.045075152069330215
12.253587484359741,1.5594267639034212,1.641298532485962,-2.871732711791992,-0.013031205162405968
12.256653308868408,1.552716988265109,1.6359578371047974,-3.0791943073272705,0.04293888807296753
12.259721755981445,1.5460231346112534,1.6306172609329224,-3.038910388946533,0.010894942097365856
12.262800216674805,1.5393392214547732,1.6248950958251953,-2.9412221908569336,-0.06002899259328842
12.265873193740845,1.5327089242868073,1.6191729307174683,-3.153719425201416,-0.02371251955628395
12.26893949508667,1.5261444204054457,1.6130692958831787,-3.177889585494995,0.027557794004678726
12.272005319595337,1.5196420088627949,1.6073472499847412,-3.2524147033691406,0.06472877413034439
12.275072574615479,1.513207331719195,1.6012436151504517,-3.296726942062378,0.09036392718553543
12.278139114379883,1.5068544682348497,1.5955214500427246,-3.0429389476776123,0.04080262407660484
12.281205654144287,1.500591341905348,1.5890363454818726,-3.300755262374878,-0.00961318425834179
12.28427267074585,1.4944263017997983,1.583314299583435,-3.0943007469177246,0.03311207890510559
12.287339210510254,1.4883704184220328,1.5772106647491455,-3.2463722229003906,0.0061951628886163235
12.290383100509644,1.482475129705284,1.571107029914856,-3.459876298904419,0.12497138977050781
12.293452739715576,1.4766556560291424,1.5650033950805664,-3.4236209392547607,0.09719996899366379
12.296520709991455,1.4709740828462359,1.5585182905197144,-3.2302587032318115,0.0638742670416832
12.299591541290283,1.4654305594189845,1.5527962446212769,-3.324925661087036,0.0314030684530735
12.302669763565063,1.460025914425545,1.5463111400604248,-3.478004217147827,0.04934767633676529
12.305740118026733,1.4547949451193734,1.5402075052261353,-3.274570941925049,0.10446326434612274
12.308807373046875,1.4497364503800432,1.5341038703918457,-3.4185855388641357,0.20358586311340332
12.3118736743927,1.4448540727196058,1.5283818244934082,-3.2685282230377197,0.16855116188526154
12.314940690994263,1.4401523863980588,1.5226596593856812,-3.0771801471710205,0.13821622729301453
12.318007707595825,1.4356395340992334,1.5165560245513916,-3.190981864929199,0.16726939380168915
12.321073770523071,1.4313235299020608,1.5108338594436646,-3.2644999027252197,0.14847028255462646
12.324140787124634,1.427208099547403,1.505111813545227,-3.009704828262329,0.15487907826900482
12.327207565307617,1.4233010241641795,1.4997711181640625,-3.0600595474243164,0.19589532911777496
12.330274105072021,1.4196080566342268,1.494430422782898,-2.9230945110321045,0.12967117130756378
12.333341360092163,1.4161335840726137,1.4887083768844604,-2.8032500743865967,0.20999465882778168
12.336385488510132,1.4129073058587922,1.483367681503296,-2.7549095153808594,0.07199206203222275
12.339454889297485,1.4098829668567576,1.4784084558486938,-2.7428245544433594,0.11557183414697647
12.342523336410522,1.4070936130888865,1.4734493494033813,-2.7267110347747803,0.22580300271511078
12.345592498779297,1.404541849094006,1.4684901237487793,-2.5746395587921143,0.3603875935077667
12.348659038543701,1.4022340171267926,1.4639123678207397,-2.5021286010742188,0.2394750863313675
12.351726293563843,1.4001708087584217,1.4589532613754272,-2.717647075653076,0.32321658730506897
12.354792356491089,1.3983565122548118,1.4547569751739502,-2.4296176433563232,0.24887464940547943
12.357860326766968,1.3967920767997941,1.4505608081817627,-2.1345388889312744,0.24332036077976227
12.360936164855957,1.39547799888464,1.4463645219802856,-2.2715036869049072,0.22793926298618317
12.364004611968994,1.3944228092419382,1.4425498247146606,-2.105333089828491,0.23263904452323914
12.367071390151978,1.39362497685792,1.438735008239746,-2.238269567489624,0.2851911187171936
12.370137214660645,1.393085170745708,1.4353017807006836,-2.067063331604004,0.3168078064918518
12.373203039169312,1.3928039039513527,1.4318684339523315,-1.7971618175506592,0.3488517701625824
12.376269102096558,1.392781602238675,1.429198145866394,-1.4225223064422607,0.32706186175346375
12.379335403442383,1.393018359118719,1.426146388053894,-1.4960402250289917,0.2386205792427063
12.382380962371826,1.3935096154831044,1.423475980758667,-1.4245364665985107,0.2236667424440384
12.385447263717651,1.3942613328107718,1.4208056926727295,-1.4466925859451294,0.23007553815841675
12.38851547241211,1.395270630831156,1.4185168743133545,-1.2382237911224365,0.31082627177238464
12.391582489013672,1.3965350810124835,1.41622793674469,-1.5504233837127686,0.24930189549922943
12.394655466079712,1.3980563433571844,1.41470205783844,-0.8585488796234131,0.1770962029695511
12.397722005844116,1.3998259631701702,1.41317617893219,-0.6641794443130493,0.20230410993099213
12.40079402923584,1.4018480643972233,1.41165030002594,-0.497001588344574,0.2706645429134369
12.403872966766357,1.404122075328569,1.4105058908462524,-0.6067749857902527,0.22665750980377197
12.406941890716553,1.4066317395323276,1.409742832183838,-0.366079181432724,0.2390478402376175
12.410008192062378,1.409377871282635,1.408979892730713,-0.3781643509864807,0.2839093506336212
12.413074493408203,1.4123584353950804,1.4085984230041504,-0.08812084794044495,0.2381933331489563
12.416142702102661,1.41557107476391,1.4085984230041504,-0.015609979629516602,0.22708477079868317
12.419211387634277,1.4190097842200315,1.408216953277588,-0.018631266430020332,0.29373615980148315
12.422279834747314,1.4226686766498327,1.4085984230041504,0.18178072571754456,0.41892117261886597
12.425349473953247,1.4265441171525737,1.408979892730713,0.26436254382133484,0.3291981518268585
12.428379774093628,1.4305753119901294,1.409742832183838,0.4426184594631195,0.47788205742836
12.43144679069519,1.4348571691184995,1.4105058908462524,0.49800869822502136,0.3770504295825958
12.434513330459595,1.4393350137265897,1.4112688302993774,0.6500800848007202,0.32321658730506897
12.43757963180542,1.4440024771498818,1.4127947092056274,0.6228885054588318,0.42148470878601074
12.44064712524414,1.4488548912830055,1.4143205881118774,0.7618677020072937,0.39072251319885254
12.443714141845703,1.4538824738344267,1.4158464670181274,0.8162508606910706,0.5325703620910645
12.446780920028687,1.459078087591195,1.41775381565094,0.9683222770690918,0.46506446599960327
12.449847221374512,1.464433556168463,1.4200427532196045,1.1636987924575806,0.40567636489868164
12.452913761138916,1.4699421580455143,1.422713041305542,1.4396429061889648,0.46933698654174805
12.455980777740479,1.4755961937267261,1.4253833293914795,1.4980545043945312,0.5821316838264465
12.45905590057373,1.4814018973407586,1.4280537366867065,1.625955581665039,0.5470969676971436
12.462132692337036,1.487339098166601,1.4311054944992065,1.6642252206802368,0.4595101773738861
12.465206384658813,1.493389648830229,1.434157371520996,1.7337148189544678,0.5975127816200256
12.468273401260376,1.499536947989538,1.4375905990600586,1.7870908975601196,0.48343634605407715
12.47133994102478,1.5057839017982897,1.4414052963256836,2.0247654914855957,0.45139238238334656
12.47438645362854,1.5120805118043017,1.4452201128005981,2.227191686630249,0.3774776756763458
12.477455139160156,1.5185047224555843,1.4494163990020752,2.56557559967041,0.4565194249153137
12.480521440505981,1.5249964002996155,1.4536125659942627,2.3077592849731445,0.4936904013156891
12.483588218688965,1.5315518923479317,1.4578088521957397,2.4628520011901855,0.38730448484420776
12.486654043197632,1.5381583971725201,1.4623864889144897,2.3409934043884277,0.3949950337409973
12.489721059799194,1.54481073218335,1.4673457145690918,2.4699015617370605,0.5069352388381958
12.492787837982178,1.5514959371238608,1.4719233512878418,2.524284839630127,0.6449378132820129
12.495855331420898,1.558206166545171,1.4768825769424438,2.522270441055298,0.45352864265441895
12.498924016952515,1.5649325096621616,1.4822232723236084,2.7428245544433594,0.3360341787338257
12.502001523971558,1.5716817031047567,1.487182378768921,2.853605031967163,0.27750056982040405
12.505073308944702,1.5784118082604328,1.492904543876648,2.7710230350494385,0.40268558263778687
12.508141994476318,1.585118584607151,1.4982452392578125,2.9472649097442627,0.4300297498703003
12.511208057403564,1.591793160732073,1.5039674043655396,3.2030670642852783,0.4466926157474518
12.514275550842285,1.5984344568574218,1.509689450263977,3.034882068634033,0.39157700538635254
12.51734209060669,1.605027442736753,1.515411615371704,3.151705265045166,0.3813229501247406
12.520380020141602,1.6115037003419381,1.5211337804794312,2.962371349334717,0.2403295934200287
12.523446559906006,1.6179755811587548,1.5268558263778687,3.2191805839538574,0.30997177958488464
12.52651309967041,1.6243722083152463,1.5329594612121582,3.1970245838165283,0.4445563554763794
12.529581546783447,1.6306879817847904,1.5386816263198853,3.4004578590393066,0.42447546124458313
12.53264832496643,1.6369061527195292,1.5447852611541748,3.482032537460327,0.4266117215156555
12.535715103149414,1.643020946119178,1.5508888959884644,3.325932741165161,0.34030669927597046
12.53878116607666,1.6490218953266544,1.5569924116134644,3.161776065826416,0.2851911187171936
12.541846990585327,1.6549010792851229,1.563096046447754,3.327946901321411,0.34244295954704285
12.544913053512573,1.6606506856868988,1.5691996812820435,3.316868782043457,0.41892117261886597
12.547980070114136,1.6662634410692674,1.575303316116333,3.291691541671753,0.35825130343437195
12.55104684829712,1.671728781103106,1.581406831741333,3.4155642986297607,0.2890363931655884
12.554114580154419,1.6770406578724462,1.5875104665756226,3.3390250205993652,0.31125351786613464
12.557180881500244,1.6821870936889924,1.5932326316833496,2.9361867904663086,0.2552834451198578
12.560250043869019,1.6871675229434224,1.5993362665176392,3.0449531078338623,0.24332036077976227
12.563326358795166,1.6919806362597942,1.6058213710784912,3.2725565433502197,0.3920042812824249
12.566380977630615,1.6965754699551383,1.6111619472503662,3.2111239433288574,0.3697871267795563
12.56944727897644,1.7009963061523863,1.6168841123580933,3.119478225708008,0.22836652398109436
12.572513580322266,1.7052186517360162,1.6229877471923828,3.2191805839538574,0.18606851994991302
12.575579404830933,1.7092356298719493,1.6287097930908203,3.290684461593628,0.26254671812057495
12.578645467758179,1.7130422388723148,1.6340504884719849,2.99560546875,0.2578469514846802
12.581712245941162,1.7166333199605182,1.639772653579712,3.024811267852783,0.2501564025878906
12.584779024124146,1.7200026275109381,1.6451133489608765,3.1033647060394287,0.2860456109046936
12.58784532546997,1.7231446873110485,1.650072455406189,2.7488670349121094,0.23007553815841675
12.590915441513062,1.7260588512281096,1.6554131507873535,2.9512932300567627,0.1766689568758011
12.593981742858887,1.7287335520811662,1.6603723764419556,2.535362720489502,0.11300831288099289
12.597048044204712,1.73116858491338,1.6649500131607056,2.6612496376037598,0.2070038914680481
12.600117921829224,1.733362747723917,1.6699092388153076,2.4547951221466064,0.221530482172966
12.603195667266846,1.7353144649353245,1.6744868755340576,2.6008238792419434,0.26041045784950256
12.606263399124146,1.7370097572178236,1.6786831617355347,2.4225680828094482,0.1886320263147354
12.60932993888855,1.7384523483963128,1.6828793287277222,2.3138017654418945,0.22879377007484436
12.612382888793945,1.7396361005010623,1.6866941452026367,2.1365530490875244,0.10531777143478394
12.615449666976929,1.740569855888136,1.6905088424682617,1.8908216953277588,0.06045624613761902
12.618515729904175,1.7412461639558374,1.6943236589431763,1.778027057647705,0.045502401888370514
12.62158203125,1.7416642909755027,1.6977568864822388,1.6883955001831055,0.22494849562644958
12.624647855758667,1.741823548984381,1.7011902332305908,1.8283817768096924,0.22793926298618317
12.627714157104492,1.741723751089192,1.7038605213165283,1.6340123414993286,0.21683070063591003
12.630780935287476,1.741364924632206,1.7069122791290283,1.4950331449508667,0.1753872036933899
12.633848428726196,1.740747423779719,1.7092012166976929,1.5443809032440186,0.20444037020206451
12.636918306350708,1.739871439284472,1.7118715047836304,1.2090181112289429,0.23007553815841675
12.63998794555664,1.7387387519913073,1.7141603231430054,1.1294575929641724,0.11941710859537125
12.643053770065308,1.737352871152602,1.7160677909851074,0.877683699131012,0.12240787595510483
12.646122694015503,1.7357128218172817,1.71797513961792,0.8343786001205444,0.07412832975387573
12.649190664291382,1.7338229416373063,1.71950101852417,0.774959921836853,0.10531777143478394
12.652259826660156,1.7316846906096526,1.7206454277038574,0.618860125541687,0.10916304588317871
12.655338764190674,1.729293958954199,1.721789836883545,0.5946898460388184,0.08438239246606827
12.658382892608643,1.726691852251254,1.72255277633667,0.37413597106933594,0.10702677816152573
12.661458969116211,1.7238255390158874,1.7233158349990845,0.32478827238082886,0.059601739048957825
12.664534330368042,1.7207261078434621,1.7233158349990845,0.08610665798187256,0.05404745414853096
12.667600631713867,1.7174076858216132,1.723697304725647,0.12941177189350128,0.043366141617298126
12.670666694641113,1.7138666935049842,1.723697304725647,-0.11833371222019196,0.03439383581280708
12.673733949661255,1.710106634703667,1.7233158349990845,-0.06495765596628189,-0.035675592720508575
12.676803827285767,1.706130943159701,1.722934365272522,-0.3771572411060333,-0.005767910275608301
12.679874658584595,1.7019473266418714,1.7221713066101074,-0.31270313262939453,-0.04251163452863693
12.682941198348999,1.6975694804236519,1.7214083671569824,-0.46779584884643555,-0.1420614868402481
12.686007499694824,1.6929985635769267,1.7206454277038574,-0.46578162908554077,-0.18179598450660706
12.68907356262207,1.6882414061808448,1.7191195487976074,-0.7930876612663269,-0.1741054356098175
12.69214153289795,1.6833015960116264,1.7175936698913574,-0.9955138564109802,-0.2232394963502884
12.695208072662354,1.6781917991543436,1.7160677909851074,-1.0478827953338623,-0.14889752864837646
12.69827651977539,1.6729140103051778,1.7137788534164429,-1.1475852727890015,-0.1266804039478302
12.701356410980225,1.6674586474304494,1.7114900350570679,-1.4033875465393066,-0.15274280309677124
12.704445362091064,1.661836559443413,1.7088197469711304,-1.5635156631469727,-0.13052567839622498
12.707516431808472,1.6561057978217795,1.7061493396759033,-1.4597848653793335,-0.07669184356927872
12.710582733154297,1.650251978974569,1.7030975818634033,-1.4819409847259521,-0.0801098644733429
12.713648796081543,1.644275471444187,1.6996643543243408,-1.7256580591201782,-0.17965972423553467
12.716715812683105,1.6381827848161332,1.6962310075759888,-2.0106661319732666,-0.05746547505259514
12.71978235244751,1.6319857797930137,1.6924163103103638,-1.994552493095398,-0.095918208360672
12.722848415374756,1.6256937045307094,1.6886014938354492,-1.8988784551620483,-0.17880521714687347
12.725918531417847,1.6193064573543883,1.6844053268432617,-2.2664682865142822,-0.07583733648061752
12.728987693786621,1.6128438193886503,1.6802090406417847,-2.3319294452667236,-0.012603952549397945
12.732054471969604,1.6063185283198305,1.6760128736495972,-2.2845959663391113,-0.0318303182721138
12.73512053489685,1.5997368241725616,1.6714351177215576,-2.5816891193389893,-0.05703822523355484
12.738187074661255,1.5931059276335169,1.666857361793518,-2.551476240158081,-0.03994812071323395
12.74125337600708,1.5864372232449617,1.6618982553482056,-2.5867247581481934,-0.008758679032325745
12.744323253631592,1.579732273559499,1.6569390296936035,-2.667292356491089,-0.08737315982580185
12.747380495071411,1.5730365123388377,1.6519798040390015,-2.7549095153808594,-0.05917448550462723
12.750447034835815,1.5663118806986838,1.647020697593689,-2.829434633255005,-0.005340657662600279
12.753514051437378,1.5595876600160474,1.6416800022125244,-2.7680017948150635,0.04080262407660484
12.756580352783203,1.5528764460336257,1.6359578371047974,-3.0600595474243164,0.045075152069330215
12.759649276733398,1.546180923404607,1.6306172609329224,-2.814328193664551,0.001495384145528078
12.762725830078125,1.539500275651642,1.6248950958251953,-3.036896228790283,-0.07327382266521454
12.76579999923706,1.5328662893527631,1.6191729307174683,-3.2151522636413574,-0.11728084087371826
12.768873691558838,1.5262846894534312,1.6130692958831787,-3.0751659870147705,-0.014740215614438057
12.77194333076477,1.519772814951413,1.6073472499847412,-3.331975221633911,0.07583733648061752
12.77501368522644,1.5133301474636853,1.6012436151504517,-3.306797981262207,0.04934767633676529
12.778080940246582,1.506974180513832,1.5955214500427246,-3.0731518268585205,0.03994812071323395
12.78114914894104,1.5007058813075729,1.589417815208435,-3.2594645023345947,-0.008758679032325745
12.784218788146973,1.494533704357485,1.583314299583435,-3.492103338241577,0.00021362630650401115
12.787288665771484,1.4884693101487072,1.5772106647491455,-3.3601739406585693,0.09121843427419662
12.790355682373047,1.4825276911026966,1.5707255601882935,-3.319890022277832,0.15530632436275482
12.793380737304688,1.476790648441916,1.5650033950805664,-3.310826301574707,0.08480964601039886
12.796447515487671,1.471107998057829,1.5588998794555664,-3.2544288635253906,0.03781185671687126
12.799520015716553,1.465557985195264,1.5527962446212769,-3.3652093410491943,0.06942854821681976
12.802602767944336,1.4601418637071897,1.5466926097869873,-3.4195926189422607,0.09164568781852722
12.80567455291748,1.4549049260950093,1.5405889749526978,-3.3672237396240234,0.1292439103126526
12.808745861053467,1.4498362042975044,1.5344853401184082,-3.187960624694824,0.17154192924499512
12.811814069747925,1.444947270117312,1.5283818244934082,-3.432684898376465,0.14077973365783691
12.814881086349487,1.4402419822632753,1.5226596593856812,-3.154726505279541,0.10659952461719513
12.817949056625366,1.435724020998759,1.5165560245513916,-3.4105286598205566,0.11813534796237946
12.82101583480835,1.4314032332062268,1.5108338594436646,-3.0520026683807373,0.16385138034820557
12.824081897735596,1.427285179354427,1.505111813545227,-3.0479743480682373,0.19418631494045258
12.827148199081421,1.4233746453737253,1.4997711181640625,-2.9533073902130127,0.24161134660243988
12.830214262008667,1.4196780438034342,1.4940489530563354,-2.8928816318511963,0.1420614868402481
12.833280801773071,1.4162000258611023,1.4887083768844604,-2.9996337890625,0.1416342407464981
12.836349487304688,1.412944150287185,1.483367681503296,-2.7589380741119385,0.12240787595510483
12.839380979537964,1.4099530576195294,1.4784084558486938,-2.8042571544647217,0.20187686383724213
12.842447757720947,1.4071594729880808,1.4734493494033813,-2.7669947147369385,0.11813534796237946
12.845513582229614,1.4046044453876478,1.4684901237487793,-2.4900434017181396,0.2223849892616272
12.8485848903656,1.4022869417234747,1.4639123678207397,-2.408468723297119,0.3338979184627533
12.851650953292847,1.4002185246370327,1.4593347311019897,-2.3480429649353027,0.22665750980377197
12.854716777801514,1.3983982307257876,1.4547569751739502,-2.377248764038086,0.22879377007484436
12.857784986495972,1.396827468579437,1.4505608081817627,-2.38832688331604,0.21554894745349884
12.860853672027588,1.395509900480938,1.4467459917068481,-2.076127290725708,0.24332036077976227
12.863930940628052,1.3944451381073628,1.4425498247146606,-2.1889219284057617,0.21725794672966003
12.867005109786987,1.3936394968278911,1.4391164779663086,-2.0116732120513916,0.20444037020206451
12.870076179504395,1.3930933970642767,1.4353017807006836,-1.8575875759124756,0.2736552953720093
12.873142719268799,1.392806941245128,1.432249903678894,-1.7045090198516846,0.34415197372436523
12.87620997428894,1.3927795823324267,1.4288166761398315,-1.908949375152588,0.31296253204345703
12.879276275634766,1.3930113456193178,1.426146388053894,-1.4940260648727417,0.21298542618751526
12.88234257698059,1.3935018382405082,1.423475980758667,-1.4285649061203003,0.32620736956596375
12.885381698608398,1.3942425670113487,1.4208056926727295,-1.4607919454574585,0.29330891370773315
12.88845443725586,1.3952480548756572,1.418898344039917,-1.0337834358215332,0.2663919925689697
12.891520977020264,1.3965072220831374,1.4166094064712524,-1.1717555522918701,0.2659647464752197
12.894587278366089,1.3980198408211493,1.41470205783844,-0.929045557975769,0.287327378988266
12.897654294967651,1.399784194093077,1.41317617893219,-0.7145342230796814,0.23135729134082794
12.900722980499268,1.401798500722163,1.41165030002594,-0.5866330862045288,0.2360570728778839
12.903799772262573,1.4040651678191969,1.4105058908462524,-0.617853045463562,0.19845883548259735
12.906872749328613,1.4065725526176354,1.409742832183838,-0.3952849507331848,0.2659647464752197
12.909940004348755,1.4093142390221645,1.408979892730713,-0.3026321828365326,0.3300526440143585
12.91300654411316,1.412289877064771,1.4085984230041504,-0.2371709793806076,0.29288166761398315
12.916072607040405,1.4154951440866625,1.4085984230041504,0.05690089240670204,0.28006407618522644
12.919140100479126,1.4189273794075197,1.4085984230041504,0.10725566744804382,0.2826276123523712
12.922206163406372,1.422578287666386,1.4085984230041504,0.14048981666564941,0.24802014231681824
12.925272941589355,1.4264449245873447,1.408979892730713,0.14552529156208038,0.24972915649414062
12.928343772888184,1.4305262443732658,1.409742832183838,0.32881665229797363,0.3535515367984772
12.931380987167358,1.434763212826407,1.4105058908462524,0.49800869822502136,0.40866711735725403
12.934447288513184,1.4392365513518521,1.41165030002594,0.5977111458778381,0.3847409784793854
12.93751335144043,1.4438996256350183,1.4127947092056274,0.9028610587120056,0.5317158699035645
12.940580129623413,1.4487470057792566,1.4143205881118774,0.8303502202033997,0.46890974044799805
12.94364619255066,1.4537692359104613,1.4158464670181274,0.7759670615196228,0.5466697216033936
12.946712493896484,1.4589603808615477,1.41775381565094,1.003570556640625,0.5517967343330383
12.949779510498047,1.4643136168858142,1.4200427532196045,1.3892881870269775,0.42233920097351074
12.952845573425293,1.4698180665234153,1.4223315715789795,1.2805218696594238,0.5308613777160645
12.955911636352539,1.475467199360276,1.425001859664917,1.3046921491622925,0.43814754486083984
12.958978652954102,1.4812544500941847,1.4280537366867065,1.540352463722229,0.5261616110801697
12.962048053741455,1.4871741337717599,1.4311054944992065,1.7760127782821655,0.574013888835907
12.965125560760498,1.4932290961108576,1.434157371520996,1.8173037767410278,0.6432288289070129
12.968198299407959,1.499385179958846,1.4375905990600586,1.9764248132705688,0.574441134929657
12.971270084381104,1.5056405424324633,1.4414052963256836,2.1295032501220703,0.4932631552219391
12.974341630935669,1.5119872618937296,1.4452201128005981,2.1446096897125244,0.4407110810279846
12.977380275726318,1.5183470955676415,1.4494163990020752,2.1486382484436035,0.32578012347221375
12.98045039176941,1.5248452347736352,1.4536125659942627,2.363149404525757,0.5940947532653809
12.983517169952393,1.5313993815084,1.4578088521957397,2.4598305225372314,0.4120851457118988
12.986583232879639,1.5380052833085824,1.4623864889144897,2.5011215209960938,0.42362096905708313
12.989650011062622,1.5446562120016671,1.4669642448425293,2.56960391998291,0.4919813871383667
12.992716550827026,1.5513402349412595,1.4719233512878418,2.674341917037964,0.42362096905708313
12.995783567428589,1.558048987648268,1.4768825769424438,2.7377889156341553,0.5312886238098145
12.998852491378784,1.5647756518391087,1.481841802597046,2.817349433898926,0.40482184290885925
13.001928806304932,1.5715222640495725,1.487182378768921,2.83447003364563,0.4099488854408264
13.004998445510864,1.5782479430468246,1.4925230741500854,2.7821011543273926,0.48429083824157715
13.008064985275269,1.5849505594965203,1.4982452392578125,2.968413829803467,0.39114975929260254
13.011130809783936,1.591625403889628,1.5035858154296875,2.845548152923584,0.45438316464424133
13.014198303222656,1.5982677380576313,1.5093079805374146,3.133577585220337,0.35910582542419434
13.017265319824219,1.6048630305401015,1.5150301456451416,3.3873655796051025,0.3210803270339966
13.020334005355835,1.6114060628492395,1.5211337804794312,3.134584665298462,0.28091859817504883
13.023382663726807,1.6178414638462426,1.5268558263778687,3.3873655796051025,0.43900206685066223
13.026451110839844,1.6242437106530008,1.5325779914855957,3.2665140628814697,0.383031964302063
13.029516458511353,1.6305549562632402,1.5386816263198853,3.190981864929199,0.3847409784793854
13.032582998275757,1.6367747420100847,1.5447852611541748,3.0761730670928955,0.45352864265441895
13.03565001487732,1.6428923040289574,1.5508888959884644,3.297734022140503,0.2886091470718384
13.038717031478882,1.6488975815366693,1.5569924116134644,3.456855058670044,0.3018539845943451
13.041786432266235,1.6547861798589079,1.563096046447754,3.310826301574707,0.2826276123523712
13.044852495193481,1.6605384379665007,1.5691996812820435,3.307805061340332,0.40866711735725403
13.047919273376465,1.6661535816344963,1.575303316116333,3.3772945404052734,0.3945677876472473
13.050986289978027,1.6716223341122556,1.5810253620147705,3.318882942199707,0.2651102542877197
13.054052352905273,1.6769345035409546,1.5875104665756226,3.2000458240509033,0.30569925904273987
13.057118892669678,1.6820847164685746,1.593614101409912,3.177889585494995,0.2719462811946869
13.060184955596924,1.6870637268354123,1.5993362665176392,3.2624857425689697,0.24887464940547943
13.063253402709961,1.6918686203043711,1.6054397821426392,3.3380179405212402,0.4962539076805115
13.066329717636108,1.69649991616908,1.6115434169769287,3.275578022003174,0.30869001150131226
13.069380283355713,1.7009018129675562,1.6168841123580933,2.858640432357788,0.2505836486816406
13.072446584701538,1.7051285634441913,1.6229877471923828,3.1003432273864746,0.13437095284461975
13.075512886047363,1.709150688752909,1.6283283233642578,3.0590524673461914,0.2403295934200287
13.078578472137451,1.712961353748551,1.6340504884719849,3.0580453872680664,0.20914015173912048
13.081645488739014,1.7165574922776161,1.639772653579712,2.9271228313446045,0.1920500546693802
13.08471155166626,1.719930921129734,1.644731879234314,2.693476676940918,0.19546806812286377
13.087778091430664,1.7230782567006653,1.650072455406189,2.9291369915008545,0.30869001150131226
13.09084439277649,1.725994066262917,1.655031681060791,2.9170520305633545,0.21341268718242645
13.093910217285156,1.7286738764464697,1.6599907875061035,2.6552071571350098,0.1288166642189026
13.09697699546814,1.7311149031481734,1.6649500131607056,2.403433322906494,0.20444037020206451
13.100046396255493,1.7333144253212618,1.6695277690887451,2.535362720489502,0.20444037020206451
13.10312271118164,1.735271097756638,1.6744868755340576,2.5766537189483643,0.1570153385400772
13.106195449829102,1.7369749295104473,1.6786831617355347,2.3127946853637695,0.20871290564537048
13.109262466430664,1.7384233345142683,1.6828793287277222,2.3208515644073486,0.15359731018543243
13.112328290939331,1.7396171534236329,1.6866941452026367,2.070084571838379,0.19717708230018616
13.115383386611938,1.7405523914499852,1.6905088424682617,1.9623254537582397,0.18307773768901825
13.118452310562134,1.7412347873389686,1.6943236589431763,1.940169334411621,0.06814679503440857
13.121518611907959,1.7416582631399262,1.6977568864822388,1.7870908975601196,0.13864347338676453
13.124585390090942,1.7418228889555127,1.7008087635040283,1.7105516195297241,0.17965972423553467
13.127652406692505,1.7417283169318858,1.7038605213165283,1.6450904607772827,0.16470588743686676
13.13071894645691,1.7413747397595514,1.7069122791290283,1.7931334972381592,0.2390478402376175
13.133785247802734,1.7407627454820522,1.7095826864242554,1.4617990255355835,0.2386205792427063
13.136852502822876,1.7398929148381586,1.7118715047836304,1.2805218696594238,0.2211032211780548
13.139919757843018,1.7387666901175967,1.7141603231430054,1.069031834602356,0.1924773007631302
13.142992496490479,1.7373830485184196,1.7160677909851074,1.083131194114685,0.1271076500415802
13.1461181640625,1.7357154278677165,1.71797513961792,0.9219958782196045,0.1288166642189026
13.149185180664062,1.7338265412484921,1.71950101852417,0.7417258024215698,0.08267337828874588
13.152254104614258,1.731688905638226,1.7206454277038574,0.6087892055511475,0.10702677816152573
13.155323028564453,1.7293067970211693,1.721789836883545,0.4124055802822113,0.0796826109290123
13.158381700515747,1.7266929171548995,1.72255277633667,0.2361638844013214,0.14035248756408691
13.161450624465942,1.7238336329947352,1.7233158349990845,0.32478827238082886,0.09890898317098618
13.164529085159302,1.7207315905322458,1.723697304725647,0.17775234580039978,0.09677271544933319
13.167603731155396,1.7174042179312239,1.723697304725647,0.024673838168382645,0.08566414564847946
13.170671224594116,1.713861299576362,1.723697304725647,0.007553216069936752,0.09933622926473618
13.173737049102783,1.7101027269258078,1.7233158349990845,-0.1253833770751953,0.05276569724082947
13.176805973052979,1.7061280912914911,1.722934365272522,-0.2875257432460785,-0.045502401888370514
13.179872274398804,1.7019506533878304,1.72255277633667,-0.31169605255126953,-0.09378194808959961
13.182939052581787,1.6975726121625438,1.7214083671569824,-0.5634698867797852,-0.16427862644195557
13.18600606918335,1.6930007400809934,1.7206454277038574,-0.5221790075302124,-0.19674982130527496
13.189072370529175,1.6882432911285874,1.7191195487976074,-0.7618677020072937,-0.19760432839393616
13.192142963409424,1.6832992519175882,1.7175936698913574,-0.930052638053894,-0.20144960284233093
13.195210218429565,1.6781881650978054,1.7160677909851074,-0.9975280165672302,-0.16256961226463318
13.19827914237976,1.6729094310797676,1.7137788534164429,-1.0559395551681519,-0.10959029197692871
13.201350927352905,1.6674684962692816,1.7114900350570679,-1.4255435466766357,-0.09292744100093842
13.204381465911865,1.6619543268349497,1.7088197469711304,-1.677317500114441,-0.11001754552125931
13.207449913024902,1.6562313575020293,1.7061493396759033,-1.471869945526123,-0.17111466825008392
13.210515975952148,1.650380767226373,1.7030975818634033,-1.8253605365753174,-0.09890898317098618
13.213582515716553,1.6444059087537455,1.6996643543243408,-1.8616158962249756,-0.08694590628147125
13.216649055480957,1.6383165533016646,1.6962310075759888,-1.7266651391983032,-0.0963454619050026
13.219715118408203,1.6321227132421325,1.6927977800369263,-2.090226650238037,-0.17068742215633392
13.22278118133545,1.6258326440213413,1.6886014938354492,-2.212085247039795,-0.16256961226463318
13.225847244262695,1.619455682127521,1.6847867965698242,-2.1375601291656494,-0.04251163452863693
13.228913068771362,1.6130017976846667,1.6805905103683472,-2.22114896774292,-0.023285267874598503
13.231979608535767,1.6064785475474024,1.6760128736495972,-2.534355640411377,-0.02841229923069477
13.235045671463013,1.5998981417671454,1.6718165874481201,-2.5978026390075684,0.013031205162405968
13.238112449645996,1.593267787207124,1.6672388315200806,-2.556511878967285,-0.05233844369649887
13.24117922782898,1.5865988587193605,1.662279725074768,-2.693476676940918,-0.05020218342542648
13.244246006011963,1.579901259759644,1.6569390296936035,-2.866697072982788,-0.09805447608232498
13.247312545776367,1.5731854589721352,1.6519798040390015,-2.6501717567443848,-0.11642633378505707
13.250383377075195,1.566451495886604,1.647020697593689,-2.879789352416992,0.0023498893715441227
13.253449201583862,1.559729755549301,1.6416800022125244,-3.020782709121704,0.08694590628147125
13.256515502929688,1.553018196448519,1.6359578371047974,-3.135591745376587,0.0006408789195120335
13.25958251953125,1.5463262706848113,1.6306172609329224,-3.033874988555908,-0.0036316472105681896
13.262650489807129,1.539663419398832,1.6248950958251953,-3.148684024810791,-0.06814679503440857
13.265727519989014,1.533022145349101,1.6191729307174683,-3.002655029296875,-0.024139773100614548
13.268800258636475,1.5264412546804282,1.6134508848190308,-3.014740228652954,-0.01730373129248619
13.27187180519104,1.5199237808789705,1.6077287197113037,-3.2675211429595947,0.11728084087371826
13.27494192123413,1.513479853556276,1.6016250848770142,-3.3642022609710693,0.09933622926473618
13.278011083602905,1.5071179759628923,1.5955214500427246,-3.3380179405212402,0.05105668678879738
13.281078338623047,1.5008494654172262,1.589417815208435,-3.3480887413024902,0.005340657662600279
13.284144401550293,1.4946820317187073,1.583314299583435,-3.289677381515503,0.07498283684253693
13.287210464477539,1.4886223750884968,1.577592134475708,-3.192996025085449,0.0322575718164444
13.290276765823364,1.4826790326569452,1.571107029914856,-3.292698621749878,0.12411688268184662
13.29334545135498,1.4768568307230168,1.5650033950805664,-3.3762874603271484,0.09164568781852722
13.296380519866943,1.4712306432464493,1.5588998794555664,-3.3531243801116943,0.07327382266521454
13.299449443817139,1.4656837925134836,1.5527962446212769,-3.318882942199707,-0.0006408789195120335
13.302532196044922,1.460264084586297,1.5466926097869873,-3.288670063018799,0.11215381324291229
13.30560564994812,1.4550205883183056,1.5405889749526978,-3.2191805839538574,0.13009841740131378
13.308676719665527,1.4499484145678072,1.5344853401184082,-3.0489814281463623,0.19504082202911377
13.311745405197144,1.4450547185968974,1.5287632942199707,-3.273563861846924,0.21383993327617645
13.314812898635864,1.440344567343235,1.5226596593856812,-3.1003432273864746,0.08523689955472946
13.317881345748901,1.4358216475995502,1.5165560245513916,-3.463904857635498,0.1271076500415802
13.320947885513306,1.4314968041639025,1.5108338594436646,-3.1033647060394287,0.14718852937221527
13.324013710021973,1.4273745254430168,1.5054932832717896,-3.189974784851074,0.18393224477767944
13.327079772949219,1.4234596013103842,1.4997711181640625,-2.9402151107788086,0.23135729134082794
13.330146789550781,1.4197570537588007,1.494430422782898,-2.675348997116089,0.1570153385400772
13.333212614059448,1.4162749429969044,1.489089846611023,-2.974456310272217,0.15017929673194885
13.336278200149536,1.4130172003366028,1.4837491512298584,-2.831448793411255,0.12027160823345184
13.339343786239624,1.4099883804394133,1.4784084558486938,-2.672327756881714,0.15573357045650482
13.342382907867432,1.4072160988346796,1.4734493494033813,-2.9150378704071045,0.16470588743686676
13.345450162887573,1.4046548653134452,1.4688715934753418,-2.5877318382263184,0.22494849562644958
13.348517179489136,1.4023353967234844,1.4639123678207397,-2.673334836959839,0.2561379373073578
13.351583480834961,1.4002613846430414,1.4593347311019897,-2.524284839630127,0.24545662105083466
13.354649782180786,1.398435338830872,1.4547569751739502,-2.2896316051483154,0.27750056982040405
13.357715606689453,1.3968601955180442,1.4505608081817627,-2.383291482925415,0.21811245381832123
13.36078405380249,1.3955369668490953,1.4467459917068481,-2.0348362922668457,0.3522697687149048
13.363850355148315,1.394469732211153,1.4429312944412231,-2.1879148483276367,0.221530482172966
13.366917371749878,1.3936589027874058,1.4391164779663086,-1.9814603328704834,0.26169222593307495
13.369983434677124,1.3931060933772341,1.435683250427246,-1.8072327375411987,0.20914015173912048
13.37304973602295,1.3928118196221508,1.432249903678894,-1.9552757740020752,0.27450981736183167
13.376116275787354,1.392776578742373,1.429198145866394,-1.7760127782821655,0.2403295934200287
13.379182577133179,1.3930004285340152,1.426146388053894,-1.398352026939392,0.2685282528400421
13.382249593734741,1.3934831665754501,1.423475980758667,-1.612863302230835,0.2394750863313675
13.385315418243408,1.3942237158959525,1.4208056926727295,-1.3308765888214111,0.2740825414657593
13.388382911682129,1.3952217274759011,1.4185168743133545,-1.239230990409851,0.29715418815612793
13.391452074050903,1.3964761369366256,1.4166094064712524,-1.140535593032837,0.24246585369110107
13.394517660140991,1.3979827007211443,1.41470205783844,-1.0750744342803955,0.22922103106975555
13.397584676742554,1.399741374870319,1.41317617893219,-0.7759670615196228,0.221957728266716
13.40065336227417,1.4017500629368271,1.41165030002594,-0.6208743453025818,0.29416343569755554
13.403730869293213,1.4040117230902274,1.410887360572815,-0.5131151080131531,0.3138170540332794
13.406803846359253,1.4065136904980233,1.409742832183838,-0.3932707607746124,0.2240939885377884
13.409871578216553,1.4092505008726006,1.408979892730713,-0.2865186631679535,0.29501792788505554
13.412937641143799,1.412220471915814,1.4085984230041504,-0.40434882044792175,0.21255818009376526
13.416011571884155,1.4154291235025063,1.4085984230041504,0.18580910563468933,0.20358586311340332
13.419078588485718,1.4188563699412566,1.408216953277588,0.14048981666564941,0.27664607763290405
13.422144412994385,1.4225026202783777,1.4085984230041504,0.17775234580039978,0.32706186175346375
13.42521047592163,1.4263640602313188,1.408979892730713,0.46578162908554077,0.34329748153686523
13.428279161453247,1.430438252829323,1.4093613624572754,0.19990845024585724,0.45053789019584656
13.431348323822021,1.434716608752876,1.4105058908462524,0.5020371079444885,0.5073624849319458
13.434380292892456,1.4391367572557001,1.4112688302993774,0.7145342230796814,0.3855954706668854
13.437446117401123,1.443795381699986,1.4127947092056274,0.8655985593795776,0.5295796394348145
13.44051218032837,1.448637670364522,1.4143205881118774,0.9149461984634399,0.38644999265670776
13.44357943534851,1.4536580652210138,1.4158464670181274,1.1093156337738037,0.5244525671005249
13.446645498275757,1.458845212502645,1.41775381565094,1.1173723936080933,0.5351338982582092
13.44971251487732,1.46419501794618,1.4200427532196045,1.2100251913070679,0.38815900683403015
13.452778816223145,1.4696966476514397,1.4223315715789795,1.3238269090652466,0.6133211255073547
13.45584511756897,1.475343163308056,1.425001859664917,1.4809339046478271,0.4911268651485443
13.45891809463501,1.4811389154191426,1.427672266960144,1.7236438989639282,0.5876859426498413
13.461984634399414,1.4870505860358603,1.430724024772644,1.6662393808364868,0.574013888835907
13.465051412582397,1.4930818715754963,1.434157371520996,1.8747081756591797,0.5304341316223145
13.468117952346802,1.4992228792269682,1.4375905990600586,2.096269130706787,0.6227206587791443
13.471184015274048,1.5054639772909362,1.4414052963256836,2.22316312789917,0.4620737135410309
13.474250555038452,1.5117978400901404,1.4452201128005981,2.1949644088745117,0.3937132954597473
13.477317094802856,1.5182141002063243,1.4494163990020752,2.2986953258514404,0.34842449426651
13.480382204055786,1.5247001882682747,1.4536125659942627,2.402426242828369,0.4620737135410309
13.48344874382019,1.531252527309057,1.4578088521957397,2.372213363647461,0.383459210395813
13.486514806747437,1.5378573468236147,1.4623864889144897,2.6501717567443848,0.43472954630851746
13.489581108093262,1.5445063757705617,1.4669642448425293,2.5786678791046143,0.37576866149902344
13.492647647857666,1.551189752354609,1.4715418815612793,2.39638352394104,0.48599985241889954
13.495713472366333,1.5578954713306938,1.4768825769424438,2.709590196609497,0.44840162992477417
13.49878215789795,1.5646214102950273,1.481841802597046,2.6622567176818848,0.27536430954933167
13.501861333847046,1.5713743223544145,1.487182378768921,2.9603569507598877,0.33774319291114807
13.50493311882019,1.5781049444556994,1.4925230741500854,3.025818347930908,0.443274587392807
13.508007526397705,1.5848251801344262,1.49786376953125,3.0499885082244873,0.35568779706954956
13.511074542999268,1.5915031961916706,1.5035858154296875,2.841519832611084,0.39072251319885254
13.51414442062378,1.598151429259191,1.5093079805374146,3.2322728633880615,0.3642328381538391
13.517213344573975,1.604751700559627,1.5150301456451416,3.3410391807556152,0.40909436345100403
13.520280361175537,1.6112922181380154,1.5207523107528687,3.301762342453003,0.4095216393470764
13.523349046707153,1.617770889036805,1.5268558263778687,3.276585102081299,0.5133439898490906
13.526383638381958,1.6241038066134823,1.5325779914855957,3.324925661087036,0.34201571345329285
13.529452323913574,1.630423838436174,1.5386816263198853,3.43570613861084,0.46634623408317566
13.532519340515137,1.6366466434621274,1.5444037914276123,3.120485305786133,0.3326161503791809
13.535585641860962,1.6427650258421171,1.5508888959884644,3.456855058670044,0.2728008031845093
13.538651943206787,1.6487713650210611,1.5569924116134644,3.327946901321411,0.28049135208129883
13.541718482971191,1.6546571969548667,1.5627145767211914,3.0499885082244873,0.2719462811946869
13.54478645324707,1.660415964528042,1.568818211555481,3.2131381034851074,0.3783321976661682
13.547853231430054,1.6660341787465358,1.5749218463897705,3.2363011837005615,0.31253528594970703
13.550919532775879,1.6715049209622266,1.5810253620147705,3.1990387439727783,0.31253528594970703
13.55399465560913,1.6768360170174461,1.58712899684906,3.2332799434661865,0.29202717542648315
13.557061672210693,1.6819901525925287,1.5932326316833496,3.169832944869995,0.33987945318222046
13.56012773513794,1.686972411323593,1.5993362665176392,3.144655466079712,0.28134584426879883
13.56319522857666,1.6917792253536963,1.6050583124160767,3.0741589069366455,0.32492560148239136
13.566262006759644,1.6964000327120203,1.6111619472503662,3.2685282230377197,0.31125351786613464
13.569328784942627,1.700829113258344,1.6168841123580933,3.44174861907959,0.18094147741794586
13.57237982749939,1.7050386985762773,1.6226062774658203,2.963378429412842,0.13650721311569214
13.57545280456543,1.7090738825443839,1.6283283233642578,3.0479743480682373,0.20444037020206451
13.578519105911255,1.7128895934598334,1.6340504884719849,3.015747308731079,0.32535287737846375
13.581586360931396,1.7164902428908213,1.6393911838531494,2.868711471557617,0.18777751922607422
13.584654569625854,1.719870277973935,1.644731879234314,2.82641339302063,0.21170367300510406
13.587723016738892,1.723023757278045,1.650072455406189,2.880796432495117,0.17196917533874512
13.590792655944824,1.725946811029951,1.655031681060791,3.0751659870147705,0.11642633378505707
13.593859195709229,1.7286312281531622,1.6599907875061035,2.5706112384796143,0.21255818009376526
13.596925497055054,1.7310759112409375,1.6649500131607056,2.675348997116089,0.2706645429134369
13.599994897842407,1.7332795501391691,1.6695277690887451,2.6421148777008057,0.20315861701965332
13.60307264328003,1.735241254270548,1.6741054058074951,2.56960391998291,0.19674982130527496
13.606145858764648,1.7369494332987772,1.6783016920089722,2.2684824466705322,0.13266193866729736
13.609213590621948,1.7384022405527007,1.6828793287277222,2.2835888862609863,0.16128785908222198
13.612280130386353,1.7396003729449498,1.6866941452026367,2.1566948890686035,0.18265049159526825
13.615346670150757,1.7405426651707172,1.6905088424682617,1.8555734157562256,0.15402457118034363
13.618380784988403,1.7412218240082271,1.6943236589431763,1.907942295074463,0.07626459002494812
13.621447324752808,1.7416513552843522,1.6973754167556763,1.8555734157562256,0.2403295934200287
13.624515056610107,1.741822017081395,1.7008087635040283,1.7588921785354614,0.1604333519935608
13.627583980560303,1.7417332536971737,1.7038605213165283,1.4910048246383667,0.27579155564308167
13.630654573440552,1.7413848205858933,1.7065308094024658,1.5081254243850708,0.23093003034591675
13.633721828460693,1.7407780150328156,1.7092012166976929,1.3449759483337402,0.2048676311969757
13.636788845062256,1.739913577790956,1.7118715047836304,1.138521432876587,0.15274280309677124
13.639856100082397,1.7387926585816642,1.7137788534164429,1.067017674446106,0.18777751922607422
13.642923355102539,1.7374169797003134,1.7160677909851074,1.0055848360061646,0.13308918476104736
13.645990371704102,1.7357887210217275,1.71797513961792,0.8746623992919922,0.1570153385400772
13.649057388305664,1.73391020385422,1.7191195487976074,0.8746623992919922,0.08139162510633469
13.652124643325806,1.7317840434505891,1.7206454277038574,0.7326619625091553,0.08096437156200409
13.65519118309021,1.7294141155042675,1.721789836883545,0.6470588445663452,0.15146104991436005
13.658259153366089,1.72680219835736,1.72255277633667,0.2895399332046509,0.10745403170585632
13.661325931549072,1.7239543750769837,1.7233158349990845,0.2724193036556244,0.04464789852499962
13.664382696151733,1.7208843383803527,1.7233158349990845,0.1414969116449356,0.13052567839622498
13.667449235916138,1.7175768015947293,1.723697304725647,0.05085831880569458,0.06857404112815857
13.670515775680542,1.7140461248819774,1.723697304725647,-0.04582284390926361,0.0950637087225914
13.673582792282104,1.7102969509825088,1.7233158349990845,0.04582284390926361,-0.01602197252213955
13.67664909362793,1.7063363283120434,1.722934365272522,-0.3499656617641449,-0.01901274174451828
13.679714679718018,1.702170283095112,1.72255277633667,-0.2583199739456177,-0.05703822523355484
13.68278169631958,1.697802014687361,1.7214083671569824,-0.5272144675254822,-0.15573357045650482
13.685847759246826,1.6932413553705592,1.7206454277038574,-0.5664911866188049,-0.11300831288099289
13.688915491104126,1.6884911132710234,1.7191195487976074,-0.5574273467063904,-0.13607995212078094
13.691982507705688,1.683561947234838,1.7175936698913574,-0.8696269392967224,-0.1446250081062317
13.69504976272583,1.6784596891689463,1.7160677909851074,-1.068024754524231,-0.21554894745349884
13.69811749458313,1.673191463320347,1.7137788534164429,-1.0498969554901123,-0.13479819893836975
13.701188087463379,1.6677607469576303,1.7114900350570679,-1.1918975114822388,-0.13095292448997498
13.704268455505371,1.6621624674488007,1.7088197469711304,-1.5927214622497559,-0.1271076500415802
13.707345962524414,1.6564274481581407,1.7061493396759033,-1.6511329412460327,-0.06857404112815857
13.71038293838501,1.6506372493476873,1.7030975818634033,-1.5161821842193604,-0.10830853879451752
13.713454246520996,1.6446581857712075,1.6996643543243408,-1.9170061349868774,-0.10659952461719513
13.71652102470398,1.6385729622132705,1.6962310075759888,-1.7357289791107178,-0.13437095284461975
13.719586849212646,1.6323838266241761,1.6927977800369263,-2.048935651779175,-0.09207294136285782
13.722654819488525,1.626093658281712,1.6889829635620117,-2.1456167697906494,-0.08139162510633469
13.725723028182983,1.619715602460793,1.6847867965698242,-2.1889219284057617,-0.06088349595665932
13.728789567947388,1.6132631558177335,1.6805905103683472,-2.4920575618743896,-0.07199206203222275
13.731856107711792,1.606742452446597,1.6763943433761597,-2.4940719604492188,-0.022858014330267906
13.734922647476196,1.6001631741813382,1.6718165874481201,-2.2674753665924072,0.04165713116526604
13.737988471984863,1.593536640722875,1.6672388315200806,-2.4809796810150146,-0.03012130968272686
13.741055250167847,1.5868690798764964,1.662279725074768,-2.412497043609619,-0.043793391436338425
13.744121789932251,1.580172968760364,1.657320499420166,-2.6632637977600098,-0.10232700407505035
13.747188329696655,1.5734577326859218,1.652742862701416,-2.6280155181884766,-0.07498283684253693
13.750255584716797,1.5667317736028061,1.647020697593689,-2.8938887119293213,-0.06729228794574738
13.753322124481201,1.5600082145811514,1.6416800022125244,-3.0570383071899414,0.01773098297417164
13.756380081176758,1.5533142351243472,1.636720895767212,-2.7619593143463135,0.03952086716890335
13.759446382522583,1.5466227209319798,1.6309987306594849,-2.8898603916168213,-0.022858014330267906
13.762512922286987,1.539961375411005,1.6252765655517578,-3.145662546157837,-0.021576257422566414
13.765580415725708,1.5333385587670942,1.6195544004440308,-3.0640878677368164,-0.02713054046034813
13.768646955490112,1.5267682219676981,1.6138323545455933,-3.151705265045166,0.027557794004678726
13.771713018417358,1.5202590618372929,1.6077287197113037,-3.17084002494812,0.06686503440141678
13.774779796600342,1.5138182209362083,1.6020065546035767,-3.2111239433288574,0.1266804039478302
13.777847290039062,1.507455316210127,1.5955214500427246,-3.3823299407958984,0.07199206203222275
13.78091549873352,1.501179859939726,1.5897992849349976,-3.287662982940674,0.0010681315325200558
13.78398323059082,1.4950036251516028,1.5836957693099976,-3.169832944869995,0.03823911026120186
13.787049531936646,1.4889376104177288,1.577592134475708,-3.2564430236816406,0.030548561364412308
13.790115594863892,1.4829883752724282,1.5714884996414185,-3.3480887413024902,0.12368962913751602
13.793182134628296,1.4771633787599536,1.565384864807129,-3.2292516231536865,0.05233844369649887
13.796251058578491,1.4714678337185632,1.559281349182129,-3.3783016204833984,0.046784162521362305
13.799322366714478,1.4659105321277495,1.5531777143478394,-3.274570941925049,0.04934767633676529
13.802386045455933,1.4605174649768697,1.5466926097869873,-3.4095215797424316,0.1446250081062317
13.805465459823608,1.455256174672321,1.5409704446792603,-3.2624857425689697,0.11001754552125931
13.808537244796753,1.4501750392649393,1.5348668098449707,-3.1144425868988037,0.18435950577259064
13.811604261398315,1.4452758706386977,1.5287632942199707,-3.0610666275024414,0.23392081260681152
13.814678430557251,1.4405471410636803,1.5230411291122437,-3.125520706176758,0.11898985505104065
13.817746639251709,1.4360161525094937,1.516937494277954,-3.177889585494995,0.15231555700302124
13.820814371109009,1.4316809512269897,1.511215329170227,-2.964385509490967,0.10617227107286453
13.823880195617676,1.4275497662823253,1.5054932832717896,-3.1134355068206787,0.15274280309677124
13.826946258544922,1.4236256751299305,1.500152587890625,-3.0751659870147705,0.21982146799564362
13.830012321472168,1.4199148315603445,1.4948118925094604,-2.82842755317688,0.1288166642189026
13.833078384399414,1.4164227436603776,1.489089846611023,-2.9281299114227295,0.1753872036933899
13.836144924163818,1.4131541042194415,1.4837491512298584,-2.807278633117676,0.14761577546596527
13.839211702346802,1.410114099383702,1.4787899255752563,-2.6360723972320557,0.22580300271511078
13.842278242111206,1.4073077155185514,1.4738308191299438,-2.6199588775634766,0.1882047802209854
13.845344543457031,1.4047390645908748,1.4688715934753418,-2.5021286010742188,0.21982146799564362
13.84838056564331,1.4024335233280327,1.4642938375473022,-2.4165256023406982,0.34714275598526
13.851446628570557,1.400348684986183,1.4597162008285522,-2.4195468425750732,0.251865416765213
13.854512929916382,1.3985115116352222,1.4551384449005127,-2.4165256023406982,0.23050278425216675
13.857578754425049,1.3969251294569949,1.4509422779083252,-2.2664682865142822,0.22964827716350555
13.860645771026611,1.3955911186673176,1.4467459917068481,-2.1566948890686035,0.1745326966047287
13.863712310791016,1.3945122741638294,1.4429312944412231,-2.1174182891845703,0.22793926298618317
13.866778373718262,1.3936900785265278,1.4391164779663086,-2.0096590518951416,0.21383993327617645
13.869845151901245,1.393125462982312,1.435683250427246,-1.8908216953277588,0.3291981518268585
13.872910976409912,1.3928195426619618,1.432249903678894,-1.920027494430542,0.32236209511756897
13.875978469848633,1.3927726008435295,1.429198145866394,-1.554451823234558,0.3334706723690033
13.879044771194458,1.3929848113969456,1.4265278577804565,-1.4134584665298462,0.252292662858963
13.882110834121704,1.3934557440115865,1.4238574504852295,-1.3248341083526611,0.28006407618522644
13.885179996490479,1.3941855732180986,1.421187162399292,-1.3913023471832275,0.21939422190189362
13.888248682022095,1.3951726949675103,1.418898344039917,-1.2815289497375488,0.27963683009147644
13.891318559646606,1.3964162672609313,1.4166094064712524,-1.1485923528671265,0.3005722165107727
13.89438271522522,1.397911079029155,1.41470205783844,-0.9975280165672302,0.27450981736183167
13.897455215454102,1.3996620896975753,1.41317617893219,-0.8263218402862549,0.27792781591415405
13.900525569915771,1.4016614795103735,1.4120317697525024,-0.5674982666969299,0.3142443001270294
13.903601884841919,1.4039120051318912,1.4105058908462524,-0.46678873896598816,0.2689555287361145
13.906673192977905,1.4064024075314785,1.409742832183838,-0.48491644859313965,0.24417486786842346
13.909740447998047,1.4091286811683716,1.408979892730713,-0.4899519383907318,0.2057221382856369
13.912808179855347,1.4120903815584334,1.4085984230041504,-0.2230716347694397,0.2881819009780884
13.915881156921387,1.4152883555134643,1.408216953277588,-0.1284046620130539,0.2232394963502884
13.918947696685791,1.4187055636138373,1.4085984230041504,0.07704280316829681,0.27621880173683167
13.922013759613037,1.4223428083792553,1.4085984230041504,0.16163882613182068,0.2980087101459503
13.925080299377441,1.4261958204838732,1.408979892730713,0.35802242159843445,0.43558403849601746
13.928146123886108,1.4302573588626941,1.4093613624572754,0.39125657081604004,0.43857482075691223
13.93121337890625,1.4345243061411779,1.4101243019104004,0.40334174036979675,0.3958495557308197
13.934279203414917,1.4389863502205777,1.4112688302993774,0.6128175854682922,0.41806668043136597
13.937347650527954,1.4436428715082903,1.4127947092056274,0.8998397588729858,0.47019150853157043
13.940380573272705,1.44842615104808,1.413939118385315,0.8353856801986694,0.4795910716056824
13.943447351455688,1.4534383417895886,1.4158464670181274,1.2130464315414429,0.4906996190547943
13.946513175964355,1.4586179706583022,1.41775381565094,1.1173723936080933,0.5282978415489197
13.94957971572876,1.4639601464310814,1.419661283493042,1.241245150566101,0.503089964389801
13.952645540237427,1.469454449066085,1.4223315715789795,1.401373267173767,0.41763943433761597
13.955714225769043,1.475099280042806,1.425001859664917,1.3913023471832275,0.49881741404533386
13.95878267288208,1.4808807350487334,1.427672266960144,1.5655298233032227,0.5210345387458801
13.961848735809326,1.4867860126016053,1.4311054944992065,1.8424811363220215,0.5137712955474854
13.964915990829468,1.4928131519905485,1.434157371520996,1.6652323007583618,0.5146257877349854
13.967982292175293,1.4989490038201378,1.4375905990600586,1.8978713750839233,0.40567636489868164
13.971048355102539,1.5051858262488422,1.441023826599121,2.054978370666504,0.4582284390926361
13.974115133285522,1.5115163211998206,1.4448386430740356,2.1365530490875244,0.3954222798347473
13.977181196212769,1.5179281396594817,1.4490348100662231,2.39839768409729,0.48429083824157715
13.980247735977173,1.5244142442461586,1.4532310962677002,2.241290807723999,0.4595101773738861
13.983314275741577,1.53096401351881,1.4574273824691772,2.4356603622436523,0.35996031761169434
13.986382007598877,1.5375702988455358,1.4623864889144897,2.6169373989105225,0.5197528004646301
13.989448308944702,1.544217639350748,1.4669642448425293,2.7387959957122803,0.5582055449485779
13.992515563964844,1.5509013178537687,1.4715418815612793,2.4960861206054688,0.5582055449485779
13.995582342147827,1.5576083006110313,1.4765011072158813,2.4558022022247314,0.3996948301792145
13.998649597167969,1.5643307099669768,1.481841802597046,2.8959028720855713,0.31039902567863464
14.001718282699585,1.5710606554752429,1.4868009090423584,2.876768112182617,0.3629510998725891
14.004794359207153,1.577801178865819,1.492141604423523,2.835477113723755,0.5804226994514465
14.00786304473877,1.5845098706225038,1.49786376953125,2.994598388671875,0.5223163366317749
14.010930061340332,1.591189336380072,1.503204345703125,3.132570266723633,0.3625238537788391
14.013997793197632,1.597834853748135,1.508926510810852,3.2050812244415283,0.46677348017692566
14.017070770263672,1.6044462272477433,1.514648675918579,3.182925224304199,0.48429083824157715
14.020138263702393,1.6109905596550842,1.5207523107528687,3.2403295040130615,0.3779049217700958
14.023204326629639,1.6174669642784258,1.5264743566513062,3.2564430236816406,0.3843137323856354
14.026270389556885,1.623868893591365,1.5325779914855957,3.2352941036224365,0.42063018679618835
14.029338836669922,1.630191722821385,1.5383001565933228,3.2483863830566406,0.47019150853157043
14.03238034248352,1.636366783504353,1.5444037914276123,3.0721447467803955,0.5201800465583801
14.035446643829346,1.6424900308960426,1.5505073070526123,3.17285418510437,0.3138170540332794
14.038512945175171,1.6485016433312232,1.5562294721603394,3.0822155475616455,0.3193713426589966
14.041579246520996,1.6543926962535707,1.5627145767211914,3.182925224304199,0.24161134660243988
14.044645071029663,1.660153558579013,1.568818211555481,3.2211947441101074,0.3924315273761749
14.047712087631226,1.665778764907277,1.5749218463897705,3.2493934631347656,0.3458609879016876
14.05077838897705,1.6712564346669583,1.580643892288208,3.124513626098633,0.30612650513648987
14.053844213485718,1.6765789488099527,1.58712899684906,3.277592182159424,0.18606851994991302
14.056910037994385,1.6817392716464339,1.592851161956787,3.293705701828003,0.3035629689693451
14.059975862503052,1.6867297447866347,1.5989547967910767,3.138612985610962,0.21512168645858765
14.063041925430298,1.6915433291407282,1.6050583124160767,3.1124284267425537,0.29758143424987793
14.06610918045044,1.6961742480652975,1.6107804775238037,3.146669626235962,0.43900206685066223
14.069175958633423,1.7006130410196991,1.6165026426315308,3.0892653465270996,0.2719462811946869
14.072242498397827,1.7048535289533036,1.6226062774658203,3.314854621887207,0.13864347338676453
14.07531452178955,1.708896799349903,1.6279468536376953,3.003662109375,0.3317616581916809
14.078382730484009,1.712724439721452,1.6336690187454224,2.7740445137023926,0.30954450368881226
14.081453084945679,1.716338358583416,1.6393911838531494,3.0791943073272705,0.2236667424440384
14.084519624710083,1.7197263508443341,1.644350290298462,3.1023576259613037,0.2535744309425354
14.087586164474487,1.7228880115624778,1.6496909856796265,2.844541072845459,0.22708477079868317
14.090653419494629,1.7258193026178537,1.655031681060791,2.7669947147369385,0.18350499868392944
14.093719959259033,1.7285145047460964,1.659609317779541,2.535362720489502,0.10232700407505035
14.0967857837677,1.7309697822162882,1.664568543434143,2.5051498413085938,0.2698100209236145
14.099854469299316,1.7331840974986206,1.6695277690887451,2.673334836959839,0.19589532911777496
14.102935075759888,1.7351589134825165,1.6741054058074951,2.4880292415618896,0.18649576604366302
14.106012344360352,1.7368804621949852,1.6783016920089722,2.39436936378479,0.251438170671463
14.109080076217651,1.7383442890480745,1.6824978590011597,2.252368927001953,0.16385138034820557
14.112146377563477,1.7395534387269658,1.6863126754760742,2.1526665687561035,0.2240939885377884
14.11521291732788,1.7405069218421,1.6901273727416992,2.1808652877807617,0.18777751922607422
14.118281841278076,1.7412036597716194,1.6939421892166138,1.8777294158935547,0.023285267874598503
14.121351957321167,1.7416418952048844,1.6977568864822388,1.9129778146743774,0.1108720526099205
14.124380350112915,1.7418199666062923,1.7008087635040283,1.7437857389450073,0.18606851994991302
14.127446413040161,1.741742788519612,1.7034790515899658,1.4769054651260376,0.20401312410831451
14.130513429641724,1.7414065249919952,1.7065308094024658,1.5151751041412354,0.1728236824274063
14.13357949256897,1.740811884240047,1.7092012166976929,1.5796291828155518,0.22793926298618317
14.136645793914795,1.7399596083454798,1.7114900350570679,1.2200961112976074,0.19974060356616974
14.139711856842041,1.7388510948802622,1.7137788534164429,1.139528512954712,0.17111466825008392
14.142778873443604,1.7374874695511557,1.7160677909851074,0.9713435769081116,0.12198062241077423
14.14584493637085,1.7358716043380842,1.7175936698913574,1.1203936338424683,0.11215381324291229
14.148912191390991,1.7340047393437061,1.7191195487976074,0.8686197996139526,0.06472877413034439
14.151978969573975,1.7318905748298472,1.7206454277038574,0.5735408663749695,0.07669184356927872
14.1550452709198,1.72953236508125,1.721789836883545,0.5413138270378113,0.11813534796237946
14.158111333847046,1.7269335127857746,1.72255277633667,0.42348363995552063,0.1437705010175705
14.161177396774292,1.7240977015718666,1.7233158349990845,0.3529869616031647,0.08139162510633469
14.164243936538696,1.7210286456011057,1.723697304725647,0.2552987039089203,0.1266804039478302
14.167312860488892,1.7177286732902708,1.723697304725647,0.004531929735094309,0.07028305530548096
14.170382738113403,1.7142038589094784,1.723697304725647,-0.0790569931268692,0.06857404112815857
14.173458337783813,1.71045325944965,1.7233158349990845,-0.3479514718055725,0.04080262407660484
14.176525115966797,1.7065005102923754,1.722934365272522,-0.29759669303894043,-0.001495384145528078
14.17959213256836,1.702340703721408,1.72255277633667,-0.3348592221736908,-0.1117265596985817
14.182658672332764,1.697981010354939,1.721789836883545,-0.6339665651321411,-0.14847028255462646
14.185725688934326,1.6934265497385876,1.7206454277038574,-0.7034561634063721,-0.13992522656917572
14.188791751861572,1.6886862516893695,1.71950101852417,-0.8545204997062683,-0.18051423132419586
14.191859245300293,1.6837634293293722,1.71797513961792,-0.931059718132019,-0.2377660721540451
14.19492506980896,1.6786703832115502,1.7160677909851074,-1.0368047952651978,-0.22623026371002197
14.19799256324768,1.673409135837933,1.7141603231430054,-1.227145791053772,-0.1279621571302414
14.201061725616455,1.667987240239713,1.7118715047836304,-1.2644083499908447,-0.15317006409168243
14.204138994216919,1.662400671851198,1.7092012166976929,-1.5826505422592163,-0.13138018548488617
14.2072114944458,1.6566808810342575,1.7061493396759033,-1.5967497825622559,-0.11343556642532349
14.210282325744629,1.6508310650371696,1.7034790515899658,-1.5594873428344727,-0.043793391436338425
14.213351488113403,1.6448601437489159,1.7000458240509033,-1.7045090198516846,-0.126253142952919
14.21638298034668,1.6388492187130135,1.6966124773025513,-1.7709773778915405,-0.09335469454526901
14.219451665878296,1.6326588318407218,1.6931792497634888,-1.8797436952590942,-0.07284656912088394
14.222517967224121,1.6263761743908163,1.6893644332885742,-1.992538332939148,-0.1441977620124817
14.225584268569946,1.62000580385584,1.6851682662963867,-2.1395742893218994,-0.09292744100093842
14.228650093078613,1.6135581857953567,1.6809719800949097,-2.256397247314453,0.014312963001430035
14.231717348098755,1.6070388499720687,1.6763943433761597,-2.4276034832000732,-0.0314030684530735
14.234783172607422,1.6004635519204242,1.6721980571746826,-2.4779584407806396,0.011322194710373878
14.237850427627563,1.593835923791452,1.6672388315200806,-2.411489963531494,-0.006622415501624346
14.240917205810547,1.587169904803032,1.6626611948013306,-2.689448356628418,-0.01901274174451828
14.243985176086426,1.5804717602450429,1.6577019691467285,-2.725703716278076,-0.08267337828874588
14.247054815292358,1.5737503709637524,1.652742862701416,-2.7972075939178467,-0.08865492045879364
14.250125885009766,1.5670162360429583,1.6474021673202515,-2.9271228313446045,-0.012176699936389923
14.25319242477417,1.5602924395713333,1.642061471939087,-2.8989243507385254,0.025848783552646637
14.256258964538574,1.5535790364267252,1.636720895767212,-3.0751659870147705,0.014740215614438057
14.25932788848877,1.5468808013296467,1.6313802003860474,-3.008697748184204,-0.01901274174451828
14.262380599975586,1.5402480479588856,1.6256580352783203,-3.015747308731079,-0.053192950785160065
14.26544737815857,1.533624815417011,1.6199358701705933,-3.0479743480682373,0.018585488200187683
14.268514156341553,1.5270515796277981,1.6138323545455933,-3.292698621749878,-0.008758679032325745
14.271580934524536,1.5205381019419733,1.6081101894378662,-3.173861265182495,0.0625925064086914
14.274646520614624,1.514096545113936,1.6020065546035767,-3.281620502471924,0.0801098644733429
14.27771282196045,1.5077324488445385,1.5962843894958496,-3.293705701828003,0.011322194710373878
14.280779123306274,1.5014567723698087,1.5897992849349976,-3.2181735038757324,0.023285267874598503
14.283846378326416,1.4952769269725534,1.58407723903656,-3.290684461593628,0.05020218342542648
14.2869131565094,1.4892049940625383,1.5779736042022705,-3.285648822784424,0.02713054046034813
14.289980173110962,1.483248563692763,1.5714884996414185,-3.3752803802490234,0.10104524344205856
14.293046951293945,1.4774174071962758,1.565384864807129,-3.482032537460327,0.09719996899366379
14.296113729476929,1.4717197162709872,1.5596628189086914,-3.2514076232910156,0.0801098644733429
14.299181699752808,1.4661618211513499,1.5531777143478394,-3.4054932594299316,0.05233844369649887
14.302262783050537,1.46073144426458,1.5470740795135498,-3.314854621887207,0.09079118072986603
14.3053457736969,1.4554575796898588,1.5413519144058228,-3.2363011837005615,0.05917448550462723
14.308382511138916,1.450426878031149,1.5348668098449707,-3.2393224239349365,0.24502937495708466
14.311450242996216,1.445517633275808,1.5291447639465332,-3.2604715824127197,0.20315861701965332
14.314517974853516,1.4407893381930488,1.5234225988388062,-3.2121310234069824,0.14547951519489288
14.317585468292236,1.43624936412179,1.5173189640045166,-2.963378429412842,0.15487907826900482
14.320652484893799,1.431904741535371,1.5115967988967896,-3.1043717861175537,0.20444037020206451
14.323718070983887,1.4277630875284952,1.505874752998352,-2.989562749862671,0.16385138034820557
14.32678508758545,1.4238266886664506,1.500152587890625,-3.128541946411133,0.19418631494045258
14.329851150512695,1.4201044955434585,1.4948118925094604,-3.004669189453125,0.16086061298847198
14.332920551300049,1.4165970832248647,1.4894713163375854,-2.980499029159546,0.18051423132419586
14.335991144180298,1.4133126074511566,1.4845120906829834,-2.9100022315979004,0.11300831288099289
14.33905839920044,1.4102605579897702,1.4787899255752563,-2.8938887119293213,0.13180743157863617
14.342125177383423,1.4074421953691478,1.4742122888565063,-2.5967955589294434,0.1907682865858078
14.345191478729248,1.4048615951754204,1.4692530632019043,-2.6219730377197266,0.27920958399772644
14.348258256912231,1.40252178712415,1.4646753072738647,-2.522270441055298,0.23178453743457794
14.351324796676636,1.400426819015151,1.4597162008285522,-2.56960391998291,0.32492560148239136
14.354380130767822,1.398585905664023,1.4555199146270752,-2.3289082050323486,0.23263904452323914
14.357446432113647,1.3969883931349913,1.4509422779083252,-2.235248327255249,0.30954450368881226
14.360512495040894,1.3956438004759448,1.4467459917068481,-2.104326009750366,0.3526970446109772
14.363577842712402,1.394554213900931,1.4429312944412231,-2.0217440128326416,0.23263904452323914
14.366644144058228,1.3937206874838368,1.439497947692871,-1.9854886531829834,0.17795071005821228
14.369709968566895,1.3931449068137511,1.4360647201538086,-1.8726940155029297,0.1766689568758011
14.372776985168457,1.3928275037595574,1.4326313734054565,-1.937148094177246,0.3009994626045227
14.375842809677124,1.3927691960832802,1.429198145866394,-1.8837720155715942,0.29416343569755554
14.37890911102295,1.3929699480105044,1.4265278577804565,-1.5695582628250122,0.3364614248275757
14.381976842880249,1.3934297654212435,1.4238574504852295,-1.2503089904785156,0.32150760293006897
14.385042905807495,1.3941474710926045,1.421187162399292,-1.227145791053772,0.2364843189716339
14.38810920715332,1.3951222652459139,1.418898344039917,-1.2493019104003906,0.3309071362018585
14.391176223754883,1.3963529716493934,1.4166094064712524,-1.2362096309661865,0.22580300271511078
14.394242286682129,1.3978370640869482,1.4150835275650024,-0.8112154006958008,0.2399023473262787
14.397308349609375,1.3995726827104606,1.41317617893219,-0.7115129232406616,0.2399023473262787
14.400386095046997,1.401565285477762,1.4120317697525024,-0.6833142638206482,0.23349355161190033
14.403469324111938,1.4038099696035053,1.4105058908462524,-0.4778667986392975,0.3343251645565033
14.40654468536377,1.4062933752779259,1.409742832183838,-0.4154268801212311,0.27450981736183167
14.409614562988281,1.4090121382926668,1.408979892730713,-0.45168229937553406,0.3048447370529175
14.412680625915527,1.411962609550971,1.4085984230041504,-0.3519798517227173,0.2582741975784302
14.415748119354248,1.4151451773768662,1.408216953277588,-0.057907987385988235,0.29672694206237793
14.418814659118652,1.418552696991756,1.4085984230041504,0.07402151823043823,0.27707332372665405
14.421880960464478,1.4221807722438105,1.4085984230041504,0.17775234580039978,0.35910582542419434
14.424947500228882,1.4260245803542784,1.4085984230041504,0.10624857246875763,0.3168078064918518
14.428013801574707,1.4300778173609552,1.4093613624572754,0.4325474798679352,0.4300297498703003
14.431080341339111,1.4343350953201004,1.4101243019104004,0.3771572411060333,0.40225833654403687
14.434146165847778,1.4387887244713773,1.4112688302993774,0.616845965385437,0.41806668043136597
14.437211990356445,1.44343306469812,1.412413239479065,0.6601510643959045,0.4573739171028137
14.44027853012085,1.4482623706786226,1.413939118385315,0.9914854764938354,0.4599374234676361
14.443345546722412,1.4532692021883922,1.415464997291565,0.8545204997062683,0.383031964302063
14.446380853652954,1.458391029292101,1.41775381565094,0.9773861169815063,0.48343634605407715
14.449447393417358,1.4637264044820935,1.419661283493042,1.0065919160842896,0.382177472114563
14.452513694763184,1.4692151201321273,1.421950101852417,1.1455711126327515,0.48215457797050476
14.455586433410645,1.4748614124231822,1.425001859664917,1.537331223487854,0.5257343649864197
14.458652257919312,1.4806323366103407,1.427672266960144,1.6742961406707764,0.5321431159973145
14.461719512939453,1.4865346535183088,1.430724024772644,1.557473063468933,0.5842679738998413
14.464786052703857,1.4925555164131081,1.4337759017944336,1.9572900533676147,0.539833664894104
14.467852354049683,1.4986868664944657,1.437209129333496,2.0227510929107666,0.60904860496521
14.470919132232666,1.5049210417757937,1.4406423568725586,2.0136873722076416,0.4757457971572876
14.473984956741333,1.5112458584635158,1.4448386430740356,2.072098970413208,0.41934844851493835
14.477051258087158,1.5176548558640144,1.4490348100662231,2.391348123550415,0.34372472763061523
14.480118036270142,1.524138556070081,1.4532310962677002,2.3138017654418945,0.3996948301792145
14.483184576034546,1.5306858289822316,1.4574273824691772,2.4769513607025146,0.35739681124687195
14.486250877380371,1.5372869395085829,1.4620050191879272,2.521263360977173,0.4159304201602936
14.489317655563354,1.5439336310383798,1.4665827751159668,2.687434196472168,0.5791409015655518
14.492381572723389,1.550608764377538,1.4715418815612793,2.4376745223999023,0.5547875165939331
14.495448112487793,1.5573143694613196,1.4761196374893188,2.6370794773101807,0.3774776756763458
14.498514890670776,1.5640353124813995,1.4814603328704834,2.725703716278076,0.2070038914680481
14.50158405303955,1.5707663202939646,1.4868009090423584,2.676356077194214,0.4270389974117279
14.504660606384277,1.5775083436358575,1.492141604423523,2.9462578296661377,0.37277790904045105
14.507734537124634,1.5842293743401716,1.4974822998046875,3.0993361473083496,0.40695810317993164
14.510806798934937,1.5909215091805864,1.503204345703125,3.1164567470550537,0.5458152294158936
14.513875961303711,1.597571734037535,1.508926510810852,3.119478225708008,0.38687723875045776
14.516942977905273,1.604172323696508,1.514648675918579,3.117464065551758,0.2847638726234436
14.520009517669678,1.610717124585098,1.5203708410263062,3.2242159843444824,0.29544517397880554
14.523078203201294,1.6172019587386128,1.5260928869247437,3.2171664237976074,0.4966811537742615
14.526145458221436,1.6236096145314975,1.5321965217590332,3.2010529041290283,0.5099260210990906
14.52921199798584,1.6299321481221718,1.5383001565933228,3.4065003395080566,0.45481041073799133
14.532279253005981,1.6361631165729607,1.5440223217010498,3.2181735038757324,0.3202258348464966
14.535346269607544,1.642291306935572,1.5501258373260498,3.2383153438568115,0.27920958399772644
14.53838300704956,1.6482492780439824,1.5562294721603394,3.43570613861084,0.3018539845943451
14.541451930999756,1.6541506077550732,1.562333106994629,3.301762342453003,0.34030669927597046
14.544518232345581,1.6599178960192769,1.5684367418289185,3.314854621887207,0.3138170540332794
14.547585010528564,1.665548541091763,1.574540376663208,3.44376277923584,0.3185168206691742
14.550651550292969,1.6710328537536383,1.580643892288208,3.3460745811462402,0.34457921981811523
14.553718566894531,1.6763639506332588,1.5867475271224976,3.430670738220215,0.28134584426879883
14.556784391403198,1.6815310727311334,1.592851161956787,3.297734022140503,0.2839093506336212
14.559850454330444,1.6865290359767766,1.5989547967910767,3.2050812244415283,0.3522697687149048
14.562916994094849,1.6913507491825424,1.6046768426895142,3.2413365840911865,0.35867857933044434
14.565984725952148,1.695990028553301,1.6103990077972412,3.184939384460449,0.3458609879016876
14.569051742553711,1.700437056833062,1.6165026426315308,2.994598388671875,0.3454337418079376
14.572118282318115,1.7046856875761385,1.6222248077392578,3.2594645023345947,0.17026016116142273
14.575185298919678,1.7087309316566635,1.6279468536376953,3.0661020278930664,0.4808728098869324
14.57825231552124,1.7125661047059677,1.6332875490188599,3.0439460277557373,0.2070038914680481
14.581319332122803,1.7161855105508437,1.639009714126587,3.0771801471710205,0.19674982130527496
14.584380626678467,1.7195776425295086,1.644350290298462,2.7468528747558594,0.2715190351009369
14.587448120117188,1.7227506171909628,1.649309515953064,2.998626708984375,0.2501564025878906
14.590514659881592,1.7256917480476668,1.6546502113342285,2.7680017948150635,0.20315861701965332
14.593581199645996,1.7283976900371731,1.659609317779541,2.844541072845459,0.16726939380168915
14.596648693084717,1.7308651549633696,1.6641870737075806,2.7398030757904053,0.3146715462207794
14.599717617034912,1.733090578703655,1.6691462993621826,2.682398796081543,0.3450064957141876
14.602797746658325,1.7350762150355832,1.6737239360809326,2.412497043609619,0.18692301213741302
14.60587477684021,1.736808897981637,1.6783016920089722,2.253376007080078,0.16385138034820557
14.608942031860352,1.7382838650426968,1.6821163892745972,2.248340606689453,0.19931334257125854
14.612008333206177,1.7395044882822355,1.6863126754760742,2.2825818061828613,0.25912871956825256
14.615076065063477,1.740469843757822,1.6901273727416992,2.0227510929107666,0.1420614868402481
14.618143320083618,1.7411777781642979,1.6939421892166138,2.1375601291656494,0.10403601080179214
14.62121033668518,1.7416273849680564,1.6973754167556763,1.9512474536895752,0.16769665479660034
14.624276399612427,1.741818042427446,1.7004272937774658,1.5635156631469727,0.18521401286125183
14.627342224121094,1.7417496629228657,1.7034790515899658,1.625955581665039,0.2693827748298645
14.630385875701904,1.7414256684432106,1.7065308094024658,1.5463950634002686,0.2997176945209503
14.633455276489258,1.7408409881673155,1.7092012166976929,1.5292744636535645,0.20144960284233093
14.636521816253662,1.739999050160753,1.7114900350570679,1.309727668762207,0.18435950577259064
14.639591455459595,1.7388994406790408,1.7137788534164429,1.017669916152954,0.15487907826900482
14.64265751838684,1.7375462428621318,1.715686321258545,1.0488898754119873,0.16556039452552795
14.645723581314087,1.7359403334178796,1.7175936698913574,0.8867475390434265,0.08694590628147125
14.648790836334229,1.7340833259856565,1.7191195487976074,0.7457541823387146,0.09378194808959961
14.651856899261475,1.7319794202409788,1.7206454277038574,0.7497825622558594,0.08352788537740707
14.65492296218872,1.7296310658263372,1.721789836883545,0.5161364078521729,0.0788281038403511
14.657989740371704,1.727041116595493,1.72255277633667,0.4929732084274292,0.0796826109290123
14.661056995391846,1.7242134802819502,1.722934365272522,0.22810712456703186,0.10019073635339737
14.664123773574829,1.721153235029761,1.7233158349990845,0.1606317162513733,0.16641488671302795
14.667190074920654,1.7178650329591416,1.723697304725647,0.06797894090414047,0.11557183414697647
14.670256614685059,1.7143530161475569,1.723697304725647,-0.07804989814758301,0.03695734962821007
14.673323154449463,1.7106226460328748,1.7233158349990845,-0.16365301609039307,0.03482108935713768
14.676383256912231,1.706687957840767,1.722934365272522,-0.1908445805311203,-0.02542153000831604
14.679452180862427,1.7025349363039697,1.72255277633667,-0.3509727716445923,-0.08438239246606827
14.68251919746399,1.6981835636762002,1.7214083671569824,-0.6430304646492004,-0.11856260150671005
14.685585975646973,1.6936381462017458,1.7206454277038574,-0.5846189260482788,-0.11984435468912125
14.688651323318481,1.6889073537619153,1.71950101852417,-0.6228885054588318,-0.1253986358642578
14.691718578338623,1.6839930190930468,1.71797513961792,-0.7497825622558594,-0.16385138034820557
14.694788217544556,1.6789013081592903,1.7160677909851074,-0.8907759189605713,-0.2223849892616272
14.697855234146118,1.6736481076593879,1.7141603231430054,-1.0932021141052246,-0.11856260150671005
14.70092225074768,1.668236942731888,1.7118715047836304,-1.2795147895812988,-0.10830853879451752
14.703989028930664,1.6626762881979051,1.7092012166976929,-1.4235293865203857,-0.14547951519489288
14.707054853439331,1.6569757814892714,1.7065308094024658,-1.3459830284118652,-0.11258106678724289
14.710120916366577,1.6511417177506513,1.7034790515899658,-1.851544976234436,-0.13223467767238617
14.713186979293823,1.645183194523646,1.7000458240509033,-1.6732890605926514,-0.13949798047542572
14.716256618499756,1.6391019072449933,1.6966124773025513,-1.9985809326171875,-0.08139162510633469
14.71932601928711,1.6329142672106596,1.6931792497634888,-1.9502403736114502,-0.1604333519935608
14.722382545471191,1.6266555653630093,1.6893644332885742,-1.907942295074463,-0.09848172962665558
14.725448846817017,1.6202888699293094,1.6851682662963867,-2.1345388889312744,-0.0788281038403511
14.728514671325684,1.613844506270325,1.6809719800949097,-2.365163564682007,-0.004486152436584234
14.731580972671509,1.6073300370089174,1.6767758131027222,-2.4467384815216064,0.010040436871349812
14.734647035598755,1.6007566428685596,1.6725795269012451,-2.3067522048950195,-0.0036316472105681896
14.73771357536316,1.594132543535765,1.667620301246643,-2.5786678791046143,-0.02072175219655037
14.740780591964722,1.5874675534860676,1.6626611948013306,-2.5786678791046143,-0.06729228794574738
14.743847131729126,1.5807736409786703,1.6577019691467285,-2.9341726303100586,-0.048493172973394394
14.746913433074951,1.5740602341618517,1.652742862701416,-2.7428245544433594,-0.10403601080179214
14.749980449676514,1.5673352113062933,1.647783637046814,-2.7267110347747803,-0.059601739048957825
14.75304627418518,1.5606127374014906,1.6424429416656494,-2.7599451541900635,0.0049134050495922565
14.756112813949585,1.5538986125193917,1.6371023654937744,-2.8969099521636963,-0.018158236518502235
14.759178876876831,1.5472054132855775,1.6313802003860474,-3.0459601879119873,-0.019439993426203728
14.762245416641235,1.5405409960447043,1.6256580352783203,-3.0610666275024414,-0.05917448550462723
14.765311479568481,1.5339173252729288,1.6199358701705933,-3.023804187774658,0.0036316472105681896
14.768381834030151,1.5273340313103676,1.6142138242721558,-3.2363011837005615,0.009185931645333767
14.771448850631714,1.5208172708538905,1.6084916591644287,-3.1144425868988037,0.053192950785160065
14.77451491355896,1.5143715304388687,1.6023880243301392,-3.00567626953125,0.10830853879451752
14.777580499649048,1.5080053251685577,1.5962843894958496,-3.300755262374878,0.06686503440141678
14.780647039413452,1.5017251551030704,1.5901808738708496,-3.0650949478149414,0.07711909711360931
14.783713340759277,1.4955428147939254,1.58407723903656,-3.285648822784424,0.07199206203222275
14.786779165267944,1.4894679265296804,1.5779736042022705,-3.030853748321533,0.04122987762093544
14.789844751358032,1.4835089955026914,1.5722514390945435,-3.454840898513794,0.13778896629810333
14.792911052703857,1.477673041120026,1.5657663345336914,-3.279606342315674,0.10659952461719513
14.795977354049683,1.4719701313111426,1.5596628189086914,-3.4115357398986816,0.07626459002494812
14.799044609069824,1.4664070255279082,1.5535591840744019,-3.3702449798583984,0.09335469454526901
14.802112102508545,1.460993367740738,1.5474555492401123,-3.3561456203460693,0.09890898317098618
14.805178880691528,1.4557388455669902,1.5413519144058228,-3.17889666557312,0.1266804039478302
14.808245182037354,1.4506507599127214,1.5352483987808228,-3.319890022277832,0.2061493843793869
14.811311483383179,1.445735834836551,1.5291447639465332,-3.3853514194488525,0.23135729134082794
14.814380645751953,1.4409970357698696,1.5234225988388062,-3.0711376667022705,0.21853971481323242
14.817447185516357,1.4364498854123644,1.517700433731079,-3.138612985610962,0.10574502497911453
14.82051396369934,1.4320966770783248,1.5119783878326416,-2.989562749862671,0.1595788449048996
14.823579788208008,1.4279454956876276,1.5062562227249146,-3.0520026683807373,0.1920500546693802
14.82664680480957,1.4239996250005784,1.5005340576171875,-3.2171664237976074,0.1920500546693802
14.829712629318237,1.420267988044524,1.495193362236023,-3.0610666275024414,0.11685358732938766
14.832778930664062,1.416754019415758,1.489852786064148,-2.9069809913635254,0.14547951519489288
14.835846900939941,1.41346180367151,1.4845120906829834,-2.855619192123413,0.14547951519489288
14.838914394378662,1.4103986642609143,1.4795528650283813,-2.7700159549713135,0.2202487289905548
14.841981887817383,1.407568622907405,1.4742122888565063,-2.7327535152435303,0.14077973365783691
14.845048189163208,1.4049768452142883,1.4696345329284668,-2.6441290378570557,0.2565651834011078
14.848114728927612,1.4026258601145956,1.4650568962097168,-2.39638352394104,0.2377660721540451
14.851180791854858,1.4005196774860202,1.4600976705551147,-2.6098878383636475,0.2228122353553772
14.854248762130737,1.3986599605885257,1.4555199146270752,-2.3017165660858154,0.2390478402376175
14.857319831848145,1.3970493618656838,1.4513237476348877,-2.2624399662017822,0.29501792788505554
14.860380172729492,1.3956965816213605,1.4471274614334106,-2.196978807449341,0.2505836486816406
14.863447427749634,1.3945953606483918,1.4433127641677856,-1.9875028133392334,0.29288166761398315
14.866514205932617,1.393750788244297,1.439497947692871,-1.9512474536895752,0.2702372670173645
14.8695809841156,1.393163927557177,1.4360647201538086,-1.8132753372192383,0.1890592873096466
14.872647047042847,1.3928356964542528,1.4326313734054565,-1.8444952964782715,0.26297399401664734
14.875713109970093,1.3927664151773766,1.4295796155929565,-1.7045090198516846,0.27536430954933167
14.878779649734497,1.392956236213281,1.4265278577804565,-1.5715724229812622,0.3351796865463257
14.88184642791748,1.3934049535725408,1.4238574504852295,-1.4336004257202148,0.26340124011039734
14.884912252426147,1.394111636341981,1.421187162399292,-1.4859693050384521,0.2886091470718384
14.887978076934814,1.3950753350607088,1.418898344039917,-1.068024754524231,0.24289311468601227
14.891045093536377,1.396295143096563,1.4166094064712524,-1.159670352935791,0.21213091909885406
14.89411187171936,1.397768799542133,1.4150835275650024,-0.8857404589653015,0.21213091909885406
14.897179365158081,1.3994946324814759,1.41317617893219,-0.7306477427482605,0.2501564025878906
14.90024709701538,1.401469926807651,1.41165030002594,-0.9078965187072754,0.22708477079868317
14.903313636779785,1.4036907122026416,1.4105058908462524,-0.7850309014320374,0.251010924577713
14.90637993812561,1.4061542097155306,1.409742832183838,-0.5725337862968445,0.2399023473262787
14.909446001052856,1.4088567059406183,1.408979892730713,-0.42449072003364563,0.2676737606525421
14.912513017654419,1.4117953215338543,1.4085984230041504,-0.1253833770751953,0.30655375123023987
14.915579557418823,1.4149643778585934,1.408216953277588,-0.07200732082128525,0.23178453743457794
14.918646335601807,1.4183598808831526,1.408216953277588,-0.08107118308544159,0.31253528594970703
14.92171311378479,1.4219765507642648,1.4085984230041504,0.32277408242225647,0.34842449426651
14.924779653549194,1.4258087105074426,1.408979892730713,0.17875944077968597,0.35696956515312195
14.927846431732178,1.4298512651146114,1.4093613624572754,0.1908445805311203,0.43601128458976746
14.930912971496582,1.4340975837889438,1.4101243019104004,0.46477454900741577,0.4167849123477936
14.933978796005249,1.438540608740247,1.4112688302993774,0.6067749857902527,0.4108033776283264
14.937045335769653,1.4431758158931607,1.412413239479065,0.6138246655464172,0.46933698654174805
14.940111875534058,1.447995309224805,1.413939118385315,0.7528038620948792,0.4620737135410309
14.943178176879883,1.452991537655921,1.415464997291565,0.8726481795310974,0.539833664894104
14.946244239807129,1.4581570435848443,1.4173723459243774,1.0106202363967896,0.42233920097351074
14.949311017990112,1.4634858025214497,1.419661283493042,1.2090181112289429,0.44968336820602417
14.952381134033203,1.4689747642722386,1.421950101852417,1.3409476280212402,0.4889906048774719
14.955447435379028,1.4746029576650095,1.4246203899383545,1.449713945388794,0.5210345387458801
14.958513498306274,1.480368299887767,1.427672266960144,1.6410620212554932,0.5859769582748413
14.9615797996521,1.4862631285061536,1.430724024772644,1.763927698135376,0.6308384537696838
14.964646816253662,1.4922796657088258,1.4337759017944336,1.622934341430664,0.505653440952301
14.96771240234375,1.498404732383783,1.437209129333496,2.115403890609741,0.538979172706604
14.970779180526733,1.5046344588920513,1.4406423568725586,1.8293888568878174,0.46463721990585327
14.9738450050354,1.510955253570763,1.4444571733474731,2.076127290725708,0.40823987126350403
14.976911306381226,1.5173606597217715,1.4486533403396606,2.048935651779175,0.4129396378993988
14.979977130889893,1.523839179189122,1.4528496265411377,2.1456167697906494,0.32278934121131897
14.983043432235718,1.530383209267248,1.4574273824691772,2.515220880508423,0.46805524826049805
14.986110210418701,1.5369830628192716,1.4616235494613647,2.4769513607025146,0.4612191915512085
14.989176273345947,1.5436263718338623,1.4665827751159668,2.5806820392608643,0.4744640290737152
14.992242574691772,1.5503053291829072,1.4711604118347168,2.4840009212493896,0.60990309715271
14.995309114456177,1.5570100266383706,1.4761196374893188,2.5786678791046143,0.37405967712402344
14.998377323150635,1.5637336507054571,1.481078863143921,2.9089951515197754,0.3146715462207794
15.001443862915039,1.5704589046276531,1.486419439315796,2.7750515937805176,0.34244295954704285
15.004509925842285,1.5771784127337802,1.4917601346969604,3.0076904296875,0.46976426243782043
15.007575750350952,1.5838827261709718,1.4974822998046875,3.038910388946533,0.4296025037765503
15.010642051696777,1.590563454434358,1.5028228759765625,3.021789789199829,0.43643853068351746
15.013709545135498,1.597212211339192,1.5085450410842896,2.839505672454834,0.40524908900260925
15.016776323318481,1.6038149820655487,1.5142672061920166,2.974456310272217,0.3022812306880951
15.019842863082886,1.6103630093885677,1.5203708410263062,3.2604715824127197,0.3022812306880951
15.022909164428711,1.6168465846829507,1.5257114171981812,3.117464065551758,0.4108033776283264
15.025975465774536,1.62325659407173,1.5318150520324707,3.135591745376587,0.3616693317890167
15.029041051864624,1.6295820561372822,1.5379186868667603,3.464911937713623,0.47147324681282043
15.03210735321045,1.6358165317171478,1.5440223217010498,3.125520706176758,0.3689326345920563
15.03517460823059,1.6419511701234832,1.5497443675994873,3.3450675010681152,0.3206530809402466
15.038240671157837,1.6479725861696435,1.5558480024337769,3.132570266723633,0.30655375123023987
15.04130744934082,1.653875608830737,1.5619516372680664,3.17889666557312,0.23392081260681152
15.044382572174072,1.6596655829741132,1.568055272102356,3.2473793029785156,0.2663919925689697
15.047449350357056,1.6653024909464793,1.574540376663208,3.276585102081299,0.2587014436721802
15.05051565170288,1.6707930103245618,1.5802624225616455,3.451819658279419,0.39029526710510254
15.053588151931763,1.6761405055505338,1.586366057395935,3.2594645023345947,0.24374762177467346
15.056654214859009,1.681315067216489,1.5924696922302246,3.175875425338745,0.2505836486816406
15.059720039367676,1.6863199999853853,1.5985733270645142,3.3611810207366943,0.26297399401664734
15.062785625457764,1.691147916415886,1.6046768426895142,3.175875425338745,0.2894636392593384
15.065852403640747,1.695793817728224,1.6103990077972412,3.2473793029785156,0.2732280492782593
15.068919897079468,1.7002499087324345,1.6161211729049683,3.2665140628814697,0.2659647464752197
15.071986675262451,1.7045074942481588,1.6218433380126953,3.0983290672302246,0.20102235674858093
15.075059413909912,1.7085689897278455,1.6275653839111328,3.16882586479187,0.29202717542648315
15.078125238418579,1.7124114468116653,1.6332875490188599,3.153719425201416,0.23178453743457794
15.081192255020142,1.716039901627429,1.6386282444000244,2.871732711791992,0.27707332372665405
15.084258556365967,1.7194466612865034,1.6439688205718994,3.0993361473083496,0.31168079376220703
15.08732557296753,1.7226282550622878,1.649309515953064,2.9351797103881836,0.28220033645629883
15.090380191802979,1.7255676789586754,1.654268741607666,2.5978026390075684,0.18222324550151825
15.093446254730225,1.7282836168988953,1.6592278480529785,2.516227960586548,0.15103380382061005
15.09651231765747,1.7307605919314228,1.6641870737075806,2.526298999786377,0.21298542618751526
15.099580764770508,1.7329965695616814,1.6691462993621826,2.6028382778167725,0.18564125895500183
15.102649211883545,1.734986206126512,1.6733424663543701,2.2916457653045654,0.3044174909591675
15.10572624206543,1.7367310596930514,1.6779202222824097,2.249347686767578,0.2065766453742981
15.108798742294312,1.7382206008832013,1.6821163892745972,2.4537880420684814,0.23392081260681152
15.111868619918823,1.7394544183729106,1.6859312057495117,2.1869077682495117,0.18435950577259064
15.114937782287598,1.7404318578684785,1.6901273727416992,2.095262050628662,0.12411688268184662
15.118014097213745,1.7411531588547555,1.6935607194900513,1.8998855352401733,0.0792553573846817
15.121081829071045,1.7416137404406482,1.6969939470291138,1.8706797361373901,0.1595788449048996
15.124147653579712,1.7418152464390437,1.7004272937774658,1.6601969003677368,0.21853971481323242
15.127214193344116,1.741757700878693,1.7034790515899658,1.5343098640441895,0.13992522656917572
15.130282640457153,1.7414408345389842,1.7065308094024658,1.6622110605239868,0.2228122353553772
15.133354902267456,1.7408641970270073,1.7092012166976929,1.313755989074707,0.2048676311969757
15.136383295059204,1.7400426229588715,1.7114900350570679,1.396337866783142,0.1924773007631302
15.1394522190094,1.7389548596462987,1.7137788534164429,1.08615243434906,0.1894865334033966
15.142524480819702,1.7376102191576508,1.715686321258545,0.9119248986244202,0.09719996899366379
15.145590543746948,1.7360152281865633,1.7175936698913574,0.9179674983024597,0.1288166642189026
15.148658990859985,1.7341682663311366,1.7191195487976074,0.8696269392967224,0.11941710859537125
15.151725769042969,1.7320744279073859,1.720263957977295,0.46678873896598816,0.11856260150671005
15.154792308807373,1.7297360769033538,1.7214083671569824,0.4426184594631195,0.13180743157863617
15.157858848571777,1.727156532078633,1.72255277633667,0.3932707607746124,0.11471732705831528
15.160931825637817,1.7243334634391445,1.722934365272522,0.35902953147888184,0.09719996899366379
15.1639986038208,1.7212826426254837,1.723697304725647,0.13545434176921844,0.059601739048957825
15.167065143585205,1.7180034076825184,1.723697304725647,-0.029709314927458763,0.05105668678879738
15.17013144493103,1.7145006803136562,1.723697304725647,0.06797894090414047,0.03781185671687126
15.173197269439697,1.7107800097716916,1.7233158349990845,-0.29558250308036804,-0.07541008293628693
15.17626428604126,1.7068448202394975,1.722934365272522,-0.27846190333366394,-0.0061951628886163235
15.179330825805664,1.7027030208484955,1.72255277633667,-0.11329823732376099,-0.10873579233884811
15.18238615989685,1.6983763937112968,1.7214083671569824,-0.5513847470283508,-0.11813534796237946
15.185455322265625,1.693835669014718,1.7206454277038574,-0.617853045463562,-0.09719996899366379
15.18852186203003,1.6891108526079912,1.71950101852417,-0.7920805811882019,-0.11001754552125931
15.191588401794434,1.6842051620506826,1.71797513961792,-0.8605630397796631,-0.18094147741794586
15.194654941558838,1.6791258812320762,1.7160677909851074,-1.1012588739395142,-0.20187686383724213
15.1977219581604,1.6738797236420901,1.7141603231430054,-1.4980545043945312,-0.14761577546596527
15.200791597366333,1.6684705707937353,1.7118715047836304,-1.2362096309661865,-0.06216525658965111
15.20386815071106,1.6628981998471093,1.7092012166976929,-1.6360265016555786,-0.10489051789045334
15.206941366195679,1.6571892214258668,1.7065308094024658,-1.5745937824249268,-0.08053711801767349
15.21000862121582,1.651357640528227,1.7034790515899658,-1.8072327375411987,-0.10574502497911453
15.213075637817383,1.6454016502289024,1.7004272937774658,-1.8455023765563965,-0.11599908769130707
15.216143369674683,1.6393282195457755,1.6966124773025513,-2.0267796516418457,-0.1437705010175705
15.219209432601929,1.6331511377786256,1.6931792497634888,-2.05195689201355,-0.1907682865858078
15.222278833389282,1.6268694193585926,1.6893644332885742,-2.078141450881958,-0.11258106678724289
15.225347518920898,1.6205005707917055,1.6851682662963867,-2.1728084087371826,-0.05703822523355484
15.22838020324707,1.6141286770121437,1.6813534498214722,-2.3369650840759277,-0.05105668678879738
15.231446743011475,1.6076165276091372,1.6771572828292847,-2.242298126220703,-0.021576257422566414
15.234513282775879,1.6010445054994704,1.6725795269012451,-2.5766537189483643,0.005340657662600279
15.237579584121704,1.5944228852685618,1.6680018901824951,-2.524284839630127,0.001495384145528078
15.240647315979004,1.5877578724834311,1.663042664527893,-2.6088807582855225,-0.0314030684530735
15.243718385696411,1.5810551512336075,1.658083438873291,-2.371206283569336,-0.06686503440141678
15.246788263320923,1.5743345471887573,1.6531243324279785,-2.564568519592285,-0.043793391436338425
15.249855279922485,1.5676097391218209,1.647783637046814,-2.9281299114227295,-0.03866636008024216
15.252920866012573,1.560887594976866,1.6424429416656494,-2.9422292709350586,0.013031205162405968
15.25598692893982,1.554173911705875,1.6371023654937744,-3.0681161880493164,-0.016449226066470146
15.259053230285645,1.5474791808656714,1.6317616701126099,-3.011718988418579,0.024567024782299995
15.26211953163147,1.5408138636962225,1.6260395050048828,-3.277592182159424,-0.0784008577466011
15.26518702507019,1.5341852881264793,1.6203173398971558,-3.2181735038757324,-0.01602197252213955
15.268255949020386,1.5276028446628687,1.6145952939987183,-3.2342870235443115,0.004058899823576212
15.271328210830688,1.5210723637434411,1.6088731288909912,-3.147676706314087,0.05831998214125633
15.274380207061768,1.5146531417600508,1.6027694940567017,-2.850583553314209,0.08993667364120483
15.277446031570435,1.5082827944438348,1.596665859222412,-3.3742733001708984,0.05874723568558693
15.280513525009155,1.5019966280875783,1.590562343597412,-3.5051956176757812,0.06002899259328842
15.283579587936401,1.4958103342721027,1.5844587087631226,-3.011718988418579,0.04080262407660484
15.286645889282227,1.4897296743225257,1.5787365436553955,-3.2091095447540283,0.03866636008024216
15.289712905883789,1.483762782826946,1.5722514390945435,-3.2312657833099365,0.1275349110364914
15.292778968811035,1.4779217498265829,1.566147804260254,-3.2423439025878906,0.07241931557655334
15.295900821685791,1.4721107841136614,1.560044288635254,-3.2121310234069824,0.06173800304532051
15.29896855354309,1.4665431898278556,1.5539406538009644,-3.2403295040130615,0.07412832975387573
15.302040576934814,1.4611178319562497,1.5478370189666748,-3.2534217834472656,0.095918208360672
15.305118560791016,1.4558406238724235,1.5417333841323853,-3.316868782043457,0.15658807754516602
15.30819296836853,1.4507359728512847,1.5356298685073853,-3.17889666557312,0.2082856446504593
15.311264753341675,1.4458094017491216,1.5295262336730957,-3.334996461868286,0.15060654282569885
15.314332008361816,1.4410706855551445,1.5234225988388062,-3.142641305923462,0.10147249698638916
15.317382335662842,1.4365440591103187,1.517700433731079,-3.2070953845977783,0.095490962266922
15.32045030593872,1.4321850189563943,1.5119783878326416,-3.0973219871520996,0.10318150371313095
15.323516607284546,1.4280289774253905,1.5062562227249146,-3.013733148574829,0.13351644575595856
15.326582908630371,1.4240796797039257,1.50091552734375,-2.816342353820801,0.24502937495708466
15.329649448394775,1.4203427066008727,1.495193362236023,-3.015747308731079,0.1570153385400772
15.332715511322021,1.4168244518282693,1.489852786064148,-2.9482719898223877,0.16171512007713318
15.335781812667847,1.4135292924432241,1.4845120906829834,-2.6139161586761475,0.1266804039478302
15.338847637176514,1.4104628613583474,1.4795528650283813,-2.4809796810150146,0.21298542618751526
15.34191370010376,1.4076289683098264,1.4745937585830688,-2.6169373989105225,0.1424887478351593
15.344980478286743,1.4050314892553575,1.4696345329284668,-2.693476676940918,0.23221179842948914
15.34804654121399,1.402675491145372,1.4646753072738647,-2.5907530784606934,0.24332036077976227
15.351112842559814,1.4005636828188228,1.4600976705551147,-2.55550479888916,0.22922103106975555
15.354179620742798,1.3986991214659843,1.4555199146270752,-2.512199640274048,0.286900132894516
15.357245922088623,1.3970851548765886,1.4513237476348877,-2.2936599254608154,0.2501564025878906
15.360315322875977,1.3957226223878147,1.4471274614334106,-2.1637444496154785,0.2223849892616272
15.363380432128906,1.3946166785380771,1.4433127641677856,-2.0499427318573,0.1600061058998108
15.36644721031189,1.3937664888748995,1.439497947692871,-2.03987193107605,0.2719462811946869
15.369513988494873,1.393173987613032,1.4360647201538086,-1.9693751335144043,0.2232394963502884
15.372586727142334,1.3928396577512452,1.433012843132019,-1.678324580192566,0.2565651834011078
15.375653266906738,1.392765288379356,1.4295796155929565,-1.7709773778915405,0.27493706345558167
15.3787202835083,1.3929501027865125,1.4265278577804565,-1.6672464609146118,0.3142443001270294
15.381787061691284,1.3933938136467823,1.4238574504852295,-1.5645227432250977,0.2894636392593384
15.384854316711426,1.3940958955097862,1.4215686321258545,-1.3349050283432007,0.2574197053909302
15.387920618057251,1.3950549184456984,1.418898344039917,-1.156649112701416,0.2663919925689697
15.390987157821655,1.3962697412710465,1.416990876197815,-1.0478827953338623,0.27750056982040405
15.394053936004639,1.3977386196606745,1.4150835275650024,-0.807187020778656,0.22623026371002197
15.397120714187622,1.399459287779634,1.41317617893219,-0.807187020778656,0.21896696090698242
15.40018916130066,1.4014303297637047,1.4120317697525024,-0.6299381852149963,0.22964827716350555
15.403266191482544,1.4036544933028312,1.410887360572815,-0.6218814253807068,0.25912871956825256
15.406338453292847,1.4061192754061262,1.409742832183838,-0.32378119230270386,0.2980087101459503
15.409380674362183,1.4087966587575957,1.408979892730713,-0.22810712456703186,0.21255818009376526
15.412453889846802,1.4117364712596165,1.4085984230041504,-0.27745479345321655,0.3625238537788391
15.415520429611206,1.414901119256902,1.408216953277588,-0.0629434660077095,0.2582741975784302
15.418586254119873,1.4182912183292098,1.408216953277588,0.10121309012174606,0.21982146799564362
15.421653509140015,1.421904184435462,1.4085984230041504,0.12437628954648972,0.28220033645629883
15.424720287322998,1.4257325094493714,1.408979892730713,0.1414969116449356,0.3450064957141876
15.427785873413086,1.4297694429550685,1.4093613624572754,0.30968186259269714,0.42148470878601074
15.430853366851807,1.4340131421326672,1.4101243019104004,0.46981003880500793,0.40140384435653687
15.43392014503479,1.4384537969074631,1.4112688302993774,0.6087892055511475,0.49753567576408386
15.436987161636353,1.4430861461437565,1.412413239479065,0.3630579113960266,0.5018081665039062
15.440053462982178,1.4479018277675626,1.413939118385315,0.7880522012710571,0.5005264282226562
15.443120956420898,1.452896725528372,1.415464997291565,1.0942091941833496,0.4881361126899719
15.446187019348145,1.4580591346338194,1.4173723459243774,1.0075989961624146,0.4958266615867615
15.449254035949707,1.4633853615473602,1.419661283493042,1.2100251913070679,0.46976426243782043
15.452322959899902,1.4688693704583595,1.421950101852417,1.2714580297470093,0.40695810317993164
15.455380201339722,1.474478043240578,1.4246203899383545,1.7226366996765137,0.41934844851493835
15.458446264266968,1.480240459573469,1.427672266960144,1.6843671798706055,0.43942931294441223
15.461514234542847,1.4861357924165315,1.4303425550460815,1.8998855352401733,0.4804455637931824
15.464582681655884,1.4921526815401391,1.4337759017944336,1.7266651391983032,0.5654688477516174
15.467649221420288,1.4982774332465725,1.437209129333496,1.922041654586792,0.5633325576782227
15.470715999603271,1.5045051450512978,1.4406423568725586,2.090226650238037,0.573586642742157
15.473783016204834,1.5108265915305195,1.4444571733474731,2.21510648727417,0.37277790904045105
15.47684931755066,1.5172304006771655,1.4486533403396606,2.2946670055389404,0.34799724817276
15.479915618896484,1.5237085294071142,1.4528496265411377,2.4981002807617188,0.4877088665962219
15.482982158660889,1.5302518715946376,1.4570459127426147,2.4306249618530273,0.42020294070243835
15.486048221588135,1.536849181065055,1.4616235494613647,2.393362283706665,0.45352864265441895
15.489115715026855,1.5434947861329502,1.4662013053894043,2.4195468425750732,0.42233920097351074
15.492181539535522,1.5501721046633166,1.4711604118347168,2.5756466388702393,0.4287480115890503
15.495250940322876,1.5568826608563968,1.4761196374893188,2.56960391998291,0.43344777822494507
15.498321056365967,1.5636102703927626,1.481078863143921,2.872739791870117,0.32193484902381897
15.501384973526001,1.5703297661489788,1.486419439315796,2.829434633255005,0.3351796865463257
15.504461526870728,1.5770724305149522,1.491378664970398,2.7810940742492676,0.30612650513648987
15.507534503936768,1.5837926700623608,1.497100830078125,3.013733148574829,0.3509880304336548
15.510605573654175,1.5904841610435785,1.50244140625,3.0751659870147705,0.39072251319885254
15.513673067092896,1.5971333872487472,1.508163571357727,2.991576910018921,0.40482184290885925
15.516739845275879,1.603736744234649,1.513885736465454,3.0761730670928955,0.3851682245731354
15.51980710029602,1.6102869943321705,1.5199893712997437,3.186953544616699,0.18136873841285706
15.522876024246216,1.6167768870575654,1.5257114171981812,3.1043717861175537,0.4300297498703003
15.525944709777832,1.623192696280474,1.5318150520324707,3.16479754447937,0.40823987126350403
15.529011487960815,1.6295214810435301,1.5375372171401978,3.165804624557495,0.4633554518222809
15.53207778930664,1.6357568926204051,1.5436408519744873,3.274570941925049,0.3650873601436615
15.535144329071045,1.6418911376795935,1.5501258373260498,3.5293660163879395,0.18521401286125183
15.538209915161133,1.6479127645350162,1.5558480024337769,3.3944151401519775,0.34158846735954285
15.541278600692749,1.6538206655915493,1.5619516372680664,3.5424582958221436,0.4142214059829712
15.544349670410156,1.659604348823053,1.568055272102356,3.159761905670166,0.37363240122795105
15.547380685806274,1.6651778437683686,1.574158787727356,3.177889585494995,0.3838864862918854
15.550447225570679,1.6706721327551453,1.5802624225616455,3.296726942062378,0.3625238537788391
15.553513526916504,1.6760125160372028,1.586366057395935,3.328953981399536,0.2501564025878906
15.556586027145386,1.6812017996611779,1.592088222503662,3.2574501037597656,0.27963683009147644
15.559652090072632,1.6862109605568227,1.5985733270645142,3.140627145767212,0.27621880173683167
15.562718152999878,1.691043607914879,1.6042953729629517,3.3511099815368652,0.26211947202682495
15.565784931182861,1.6956936310743935,1.6100175380706787,3.2010529041290283,0.29672694206237793
15.568851709365845,1.7001529764386116,1.6157397031784058,2.985534429550171,0.21853971481323242
15.57191801071167,1.7044143747998861,1.6218433380126953,3.317875862121582,0.21768520772457123
15.574984073638916,1.7084719008009452,1.6271839141845703,2.818356513977051,0.2587014436721802
15.57805061340332,1.7123204527028624,1.6329060792922974,2.8908674716949463,0.1903410404920578
15.581117391586304,1.7159539431819402,1.6386282444000244,2.8969099521636963,0.19461356103420258
15.584184169769287,1.719366669007635,1.643587350845337,3.004669189453125,0.2531471848487854
15.58725118637085,1.722553801085153,1.6489280462265015,2.56557559967041,0.1736781895160675
15.590319395065308,1.7255114355138557,1.654268741607666,2.8908674716949463,0.08694590628147125
15.593381643295288,1.7282288349258326,1.6592278480529785,2.6632637977600098,0.21469444036483765
15.596450567245483,1.7307130881565975,1.6641870737075806,2.560540199279785,0.28134584426879883
15.599517583847046,1.732953002758963,1.6687648296356201,2.525291919708252,0.2548561692237854
15.602586269378662,1.734947888047183,1.6733424663543701,2.5907530784606934,0.1741054356098175
15.60566258430481,1.7366975196999788,1.6779202222824097,2.4558022022247314,0.20444037020206451
15.6087327003479,1.7381912559374053,1.6821163892745972,2.238269567489624,0.18393224477767944
15.611799240112305,1.7394293570988018,1.6859312057495117,2.3117876052856445,0.1424887478351593
15.614865779876709,1.7404118720152537,1.6901273727416992,2.229205846786499,0.1907682865858078
15.617935419082642,1.741137944689771,1.6935607194900513,1.939162254333496,0.09378194808959961
15.621004581451416,1.7416053197689103,1.6969939470291138,1.6571755409240723,0.20871290564537048
15.624070644378662,1.741813355682086,1.7004272937774658,1.8636301755905151,0.13095292448997498
15.627136945724487,1.7417623321588278,1.7034790515899658,1.7014877796173096,0.1570153385400772
15.630204439163208,1.7414521278495685,1.7061493396759033,1.4305790662765503,0.2223849892616272
15.63327169418335,1.740883227330796,1.7088197469711304,1.4879834651947021,0.1890592873096466
15.636338233947754,1.7400566844146548,1.7114900350570679,1.3741817474365234,0.20059509575366974
15.63938045501709,1.7389832179632658,1.7137788534164429,1.1868619918823242,0.15231555700302124
15.642446756362915,1.7376473757085933,1.715686321258545,1.0368047952651978,0.14505226910114288
15.645513772964478,1.7360582324683358,1.7175936698913574,0.964293897151947,0.1275349110364914
15.64858102798462,1.7342182777540958,1.7191195487976074,0.8152437806129456,0.1429159939289093
15.651647329330444,1.7321310459052206,1.7206454277038574,0.9391164779663086,0.13949798047542572
15.65471339225769,1.72979929302099,1.7214083671569824,0.6843213438987732,0.0963454619050026
15.657779455184937,1.7272263274776272,1.72255277633667,0.39024949073791504,0.1433432549238205
15.660845756530762,1.7244157407248544,1.722934365272522,0.18278782069683075,0.10189975053071976
15.663912534713745,1.7213714047155757,1.7233158349990845,0.30666056275367737,0.03439383581280708
15.666979789733887,1.7180977325762703,1.723697304725647,0.13142596185207367,0.08737315982580185
15.67004656791687,1.7146006034854586,1.723697304725647,-0.046829938888549805,0.03653009980916977
15.673113346099854,1.7108847194703924,1.7233158349990845,-0.16969558596611023,-0.019867246970534325
15.676180839538574,1.7069546578710897,1.722934365272522,-0.18077363073825836,0.08181887865066528
15.679247856140137,1.7028177579335213,1.72255277633667,-0.35902953147888184,-0.03866636008024216
15.682314157485962,1.698480604153976,1.721789836883545,-0.42146944999694824,-0.095490962266922
15.685380697250366,1.6939483346776039,1.72102689743042,-0.4798809885978699,-0.14975203573703766
15.688447952270508,1.6892268860456991,1.71950101852417,-0.7024490833282471,-0.17026016116142273
15.691518068313599,1.6843196512686787,1.71797513961792,-0.9219958782196045,-0.15060654282569885
15.69459581375122,1.6792254125186088,1.71644926071167,-0.8847333192825317,-0.2236667424440384
15.697666645050049,1.6739757627381706,1.7141603231430054,-1.0660104751586914,-0.056183718144893646
15.700736045837402,1.6685698227544357,1.7122529745101929,-1.0398260354995728,-0.16128785908222198
15.703813076019287,1.6629992344009779,1.7092012166976929,-1.5131609439849854,-0.17880521714687347
15.70688533782959,1.6572945287971874,1.7065308094024658,-1.5453879833221436,-0.1766689568758011
15.70995569229126,1.6514593550277774,1.7034790515899658,-1.468848705291748,-0.13565270602703094
15.713022232055664,1.6455063798857283,1.7004272937774658,-1.6471046209335327,-0.1108720526099205
15.716088771820068,1.6394372738026555,1.6969939470291138,-1.9814603328704834,-0.0792553573846817
15.719154596328735,1.6332625004432042,1.6931792497634888,-2.0368504524230957,-0.0788281038403511
15.72222089767456,1.6269888385943785,1.6893644332885742,-2.113389730453491,-0.07626459002494812
15.725289583206177,1.6206215751307844,1.6855497360229492,-1.8787364959716797,-0.06515602022409439
15.728360652923584,1.6141699815004642,1.6813534498214722,-2.395376443862915,-0.00747692072764039
15.731442213058472,1.6076261940340957,1.6767758131027222,-2.519249200820923,-0.06472877413034439
15.73451566696167,1.6010393750905463,1.6721980571746826,-2.400412082672119,0.04592965543270111
15.737585067749023,1.5944110044595874,1.667620301246643,-2.5011215209960938,0.01730373129248619
15.74065351486206,1.5877443705408487,1.663042664527893,-2.6048524379730225,-0.030548561364412308
15.74372148513794,1.5810483745551118,1.658083438873291,-2.7448387145996094,-0.0032043945975601673
15.746787786483765,1.57433559215788,1.6531243324279785,-2.855619192123413,-0.0643015205860138
15.749854564666748,1.5676113078505836,1.647783637046814,-2.701533555984497,-0.008758679032325745
15.752922296524048,1.560884459628369,1.6424429416656494,-2.9261157512664795,-0.02670328877866268
15.755988597869873,1.554170261689806,1.637483835220337,-2.7871365547180176,0.002777141984552145
15.759055614471436,1.5474739855730322,1.6317616701126099,-3.0721447467803955,0.005340657662600279
15.762121677398682,1.5408092119860273,1.6260395050048828,-3.160768985748291,-0.024139773100614548
15.765188217163086,1.534182721047328,1.6203173398971558,-3.1094071865081787,-0.04892042279243469
15.76825475692749,1.5276053907196476,1.6145952939987183,-3.2121310234069824,-0.002777141984552145
15.771321058273315,1.5210874911692636,1.6084916591644287,-3.0459601879119873,0.018158236518502235
15.774380207061768,1.5146531417600497,1.6023880243301392,-3.1053788661956787,0.11642633378505707
15.77744746208191,1.5082798417549281,1.596665859222412,-3.17688250541687,0.06045624613761902
15.780519723892212,1.5019840199100003,1.590562343597412,-3.2453651428222656,0.05447470769286156
15.783586263656616,1.4957969773470359,1.5844587087631226,-3.3934080600738525,0.018158236518502235
15.78665280342102,1.489716089920957,1.578355073928833,-3.468940258026123,0.05532921478152275
15.789719343185425,1.4837503864341797,1.5722514390945435,-3.139620065689087,0.07669184356927872
15.7927885055542,1.4779037842642067,1.566147804260254,-3.2262301445007324,0.11599908769130707
15.795865297317505,1.4721761014757184,1.560044288635254,-3.2725565433502197,0.06985580176115036
15.79893708229065,1.4665995606023943,1.5539406538009644,-3.3380179405212402,0.039093613624572754
15.802008867263794,1.4611730385406432,1.5474555492401123,-3.3480887413024902,0.16556039452552795
15.805086374282837,1.4558949586593557,1.5413519144058228,-3.44174861907959,0.11386281996965408
15.808162212371826,1.4507861902605028,1.5352483987808228,-3.3460745811462402,0.18393224477767944
15.811235189437866,1.4458559657181649,1.5295262336730957,-3.3944151401519775,0.2065766453742981
15.814305543899536,1.441110779512622,1.5234225988388062,-3.138612985610962,0.18564125895500183
15.817380666732788,1.4365464838444615,1.517700433731079,-3.0953078269958496,0.16812390089035034
15.820449590682983,1.4321860120530425,1.5119783878326416,-3.0802013874053955,0.08053711801767349
15.823516845703125,1.4280286622349212,1.5062562227249146,-3.0479743480682373,0.1907682865858078
15.82658314704895,1.4240793808206984,1.5005340576171875,-2.9371938705444336,0.24844738841056824
15.829649209976196,1.4203429887331545,1.495193362236023,-3.0580453872680664,0.12368962913751602
15.8327157497406,1.4168241868657736,1.489852786064148,-2.7871365547180176,0.13052567839622498
15.835782527923584,1.4135285502492936,1.4845120906829834,-2.7962005138397217,0.08096437156200409
15.838848352432251,1.410462172947302,1.4795528650283813,-2.668299436569214,0.16684214770793915
15.841921329498291,1.4076222105513685,1.4742122888565063,-2.5967955589294434,0.19589532911777496
15.844987869262695,1.4050255188764846,1.4696345329284668,-2.672327756881714,0.2651102542877197
15.848055601119995,1.4026688898490887,1.4646753072738647,-2.6461431980133057,0.23221179842948914
15.851125717163086,1.400555335630926,1.4600976705551147,-2.529320240020752,0.2399023473262787
15.854195356369019,1.3986901978026618,1.4555199146270752,-2.4769513607025146,0.29159989953041077
15.857264280319214,1.3970762506478387,1.4513237476348877,-2.371206283569336,0.2552834451198578
15.86033296585083,1.3957155264842476,1.4471274614334106,-2.1284961700439453,0.17752346396446228
15.863380670547485,1.3946166024566924,1.4429312944412231,-2.209063768386841,0.18606851994991302
15.866447925567627,1.3937663206029576,1.439497947692871,-2.094254970550537,0.24930189549922943
15.869514465332031,1.3931739155751401,1.4360647201538086,-1.904921054840088,0.23178453743457794
15.872580528259277,1.3928400705207897,1.433012843132019,-1.8867933750152588,0.3501335084438324
15.87564754486084,1.3927651858075367,1.4295796155929565,-1.623941421508789,0.33945220708847046
15.878713846206665,1.3929494435471104,1.4265278577804565,-1.5262531042099,0.2834821045398712
15.881781101226807,1.3933927005265758,1.4238574504852295,-1.5695582628250122,0.3022812306880951
15.884847640991211,1.394094087649613,1.421187162399292,-1.308720588684082,0.29544517397880554
15.887916326522827,1.3950533971570345,1.418898344039917,-1.1203936338424683,0.24844738841056824
15.890987634658813,1.3962699499696143,1.416990876197815,-1.1657129526138306,0.26425573229789734
15.894064664840698,1.397744201747694,1.4150835275650024,-0.9350880980491638,0.23050278425216675
15.897133588790894,1.3994670385635457,1.41317617893219,-0.8464637398719788,0.24631112813949585
15.900202751159668,1.401439610067655,1.4120317697525024,-0.8233005404472351,0.252292662858963
15.903273344039917,1.4036599497152094,1.4105058908462524,-0.6138246655464172,0.23349355161190033
15.906350135803223,1.4061291087986392,1.409742832183838,-0.40535593032836914,0.27536430954933167
15.909382343292236,1.4087981914803631,1.408979892730713,-0.270405113697052,0.2587014436721802
15.912460803985596,1.4117433485115074,1.4085984230041504,-0.2522774040699005,0.2403295934200287
15.91552996635437,1.4149113165675542,1.4085984230041504,0.049851223826408386,0.2386205792427063
15.918596744537354,1.4183032009098682,1.4085984230041504,0.143511101603508,0.24417486786842346
15.921663761138916,1.4219166256369975,1.4085984230041504,0.09013504534959793,0.26425573229789734
15.924729824066162,1.4257447452728176,1.408979892730713,0.22710002958774567,0.32407110929489136
15.927796602249146,1.4297839332032913,1.4093613624572754,0.6782788038253784,0.3761959373950958
15.930863618850708,1.4340276607744606,1.4101243019104004,0.2895399332046509,0.40482184290885925
15.933929920196533,1.4384682606873433,1.4112688302993774,0.6420233249664307,0.4902723729610443
15.9369957447052,1.4430993719336804,1.412413239479065,0.8494849801063538,0.5415427088737488
15.940062522888184,1.4479163227186667,1.413939118385315,0.8001373410224915,0.3932860195636749
15.943130731582642,1.4529129184124583,1.415464997291565,0.8313573002815247,0.43857482075691223
15.946196794509888,1.4580758567476695,1.4173723459243774,1.1717555522918701,0.4625009596347809
15.949265956878662,1.4634063698981314,1.419661283493042,1.1032730340957642,0.48728159070014954
15.952420473098755,1.4690460644614827,1.421950101852417,1.1143511533737183,0.5197528004646301
15.955559730529785,1.4748117388289288,1.4246203899383545,1.2835431098937988,0.40909436345100403
15.958677768707275,1.48068090814221,1.427672266960144,1.4940260648727417,0.46848249435424805
15.961798191070557,1.4866876697115763,1.430724024772644,1.5131609439849854,0.6180208921432495
15.964977264404297,1.4929347114697884,1.434157371520996,1.9018996953964233,0.45438316464424133
15.968078374862671,1.4991429583713918,1.4375905990600586,1.7901121377944946,0.5693141222000122
15.97115182876587,1.505397967345507,1.441023826599121,1.7981688976287842,0.40781262516975403
15.974227905273438,1.511750743850456,1.4452201128005981,2.238269567489624,0.35867857933044434
15.977295875549316,1.5181694407754132,1.4490348100662231,2.1728084087371826,0.45352864265441895
15.9803626537323,1.5246586072718,1.4532310962677002,2.218127727508545,0.43515679240226746
15.983444929122925,1.53124434109854,1.4578088521957397,2.3369650840759277,0.42276644706726074
15.986522674560547,1.537874355836818,1.4623864889144897,2.2956740856170654,0.40268558263778687
15.98959231376648,1.5445307424403096,1.4669642448425293,2.56758975982666,0.43772029876708984
15.992662906646729,1.551223076181342,1.4719233512878418,2.7357747554779053,0.6338292360305786
15.995740413665771,1.5579544750456393,1.4768825769424438,2.5837032794952393,0.42362096905708313
15.998816967010498,1.5646977465347591,1.481841802597046,2.9351797103881836,0.3924315273761749
16.00190043449402,1.5714600557152727,1.487182378768921,2.7629663944244385,0.3603875935077667
16.004971742630005,1.5781894919546544,1.4925230741500854,2.9241015911102295,0.4877088665962219
16.00803828239441,1.5848922930502396,1.4982452392578125,3.194003105163574,0.4748912751674652
16.011105060577393,1.5915694798389846,1.5035858154296875,3.137605905532837,0.45011061429977417
16.014174699783325,1.5982167903730167,1.5093079805374146,3.2363011837005615,0.4590829312801361
16.01725172996521,1.6048339228705584,1.5150301456451416,3.0932936668395996,0.3979858160018921
16.020325660705566,1.6113883549872627,1.5207523107528687,3.012726068496704,0.3368886709213257
16.023388147354126,1.6178529751937667,1.5268558263778687,3.16882586479187,0.4005493223667145
16.02645778656006,1.6242575505245906,1.5329594612121582,3.43772029876709,0.383459210395813
16.029523849487305,1.6305700638571303,1.5386816263198853,3.5283589363098145,0.43302053213119507
16.03259301185608,1.6367948882983896,1.5447852611541748,3.2332799434661865,0.42233920097351074
16.035669565200806,1.6429309490957997,1.5508888959884644,3.476997137069702,0.2890363931655884
16.038740396499634,1.6489428767174166,1.5569924116134644,3.4065003395080566,0.35568779706954956
16.041810989379883,1.6548327790445507,1.563096046447754,3.192996025085449,0.3667963743209839
16.044877529144287,1.6605848461344228,1.5691996812820435,3.175875425338745,0.38687723875045776
16.047945737838745,1.6662014098962001,1.575303316116333,3.5354084968566895,0.33859768509864807
16.05102252960205,1.6716860419374262,1.581406831741333,3.2161593437194824,0.22708477079868317
16.054097890853882,1.6770121939450517,1.5875104665756226,3.2473793029785156,0.21255818009376526
16.057170391082764,1.682169773212438,1.593614101409912,3.3772945404052734,0.3343251645565033
16.060237407684326,1.6871473783218194,1.5993362665176392,3.152712345123291,0.3535515367984772
16.06330394744873,1.691946237277502,1.6054397821426392,3.2493934631347656,0.4317387640476227
16.066378116607666,1.6965712544128233,1.6111619472503662,3.3390250205993652,0.48642709851264954
16.06945490837097,1.701007060932899,1.6172655820846558,3.122499465942383,0.31210803985595703
16.072528839111328,1.705239156399774,1.6229877471923828,3.2342870235443115,0.15658807754516602
16.075604677200317,1.7092678754127455,1.6283283233642578,3.0761730670928955,0.20956741273403168
16.078674793243408,1.7130776116017203,1.6340504884719849,2.7871365547180176,0.2851911187171936
16.081743717193604,1.7166690308481103,1.639772653579712,2.851590871810913,0.21811245381832123
16.08482050895691,1.7200466610356882,1.644731879234314,2.9472649097442627,0.21341268718242645
16.087894678115845,1.7231933794038123,1.650072455406189,2.9341726303100586,0.1728236824274063
16.090964317321777,1.726103344592824,1.6554131507873535,2.862668752670288,0.12027160823345184
16.09403395652771,1.7287770329411263,1.6603723764419556,2.712611675262451,0.16214236617088318
16.097110271453857,1.7312154941849116,1.6649500131607056,2.529320240020752,0.2646830081939697
16.100183963775635,1.7334072462808483,1.6699092388153076,2.700526475906372,0.29672694206237793
16.103260040283203,1.7353526128145305,1.6741054058074951,2.2825818061828613,0.14847028255462646
16.106332778930664,1.737045190463163,1.6786831617355347,2.1647517681121826,0.18735027313232422
16.109379768371582,1.7384736966186276,1.6828793287277222,2.197985887527466,0.16726939380168915
16.112445831298828,1.7396578427456864,1.6866941452026367,1.9653468132019043,0.1416342407464981
16.115514993667603,1.7405869514138859,1.6905088424682617,2.046921491622925,0.07669184356927872
16.118591785430908,1.7412596616446592,1.6943236589431763,1.7417715787887573,0.11471732705831528
16.121665954589844,1.7416720974132505,1.6977568864822388,1.9683680534362793,0.17965972423553467
16.124735355377197,1.7418242927030352,1.7011902332305908,1.6753032207489014,0.1745326966047287
16.127804040908813,1.741716917343929,1.7038605213165283,1.6330052614212036,0.24332036077976227
16.13087272644043,1.7413501966869134,1.7069122791290283,1.380224347114563,0.19803158938884735
16.133949279785156,1.740722740316418,1.7095826864242554,1.451728105545044,0.1903410404920578
16.13702368736267,1.7398368014677563,1.7118715047836304,1.2009613513946533,0.18350499868392944
16.14009118080139,1.7386962145051224,1.7141603231430054,0.930052638053894,0.16470588743686676
16.143157720565796,1.7373014447017459,1.7160677909851074,0.9945067763328552,0.12497138977050781
16.1462242603302,1.7356542481430295,1.7175936698913574,0.7689173817634583,0.10360875725746155
16.149293661117554,1.7337551846551664,1.71950101852417,0.8484779000282288,0.11813534796237946
16.15237021446228,1.731603209344643,1.7206454277038574,0.6108033657073975,0.14035248756408691
16.155451774597168,1.7292015722154028,1.721789836883545,0.4627603590488434,0.17068742215633392
16.158519506454468,1.726569577412803,1.72255277633667,0.5977111458778381,0.039093613624572754
16.161587476730347,1.723700674436894,1.722934365272522,0.20192264020442963,0.10189975053071976
16.1646568775177,1.720597822624537,1.723697304725647,-0.003524834057316184,0.0963454619050026
16.167734622955322,1.7172575584476772,1.723697304725647,-0.00553902518004179,0.07626459002494812
16.17081093788147,1.7136947063279042,1.723697304725647,0.1757381558418274,0.027985045686364174
16.173887014389038,1.7099133918784548,1.7233158349990845,-0.2069581151008606,0.01730373129248619
16.17695689201355,1.7059272567872843,1.722934365272522,-0.2875257432460785,-0.0010681315325200558
16.180022954940796,1.7017401655885425,1.7221713066101074,-0.29155412316322327,-0.08908216655254364
16.18309187889099,1.6973493260189927,1.7214083671569824,-0.3449302017688751,-0.16855116188526154
16.186168432235718,1.6927534476912929,1.7206454277038574,-0.497001588344574,-0.09762722253799438
16.189241647720337,1.687975357027626,1.7191195487976074,-0.880704939365387,-0.1723964363336563
16.192309141159058,1.6830266914062473,1.7175936698913574,-0.879697859287262,-0.1907682865858078
16.195387601852417,1.677887471167373,1.715686321258545,-1.0660104751586914,-0.1766689568758011
16.198471784591675,1.6725727527984238,1.7137788534164429,-1.3228198289871216,-0.21255818009376526
16.20154905319214,1.6671123519189643,1.7114900350570679,-1.2835431098937988,-0.12454413622617722
16.204619884490967,1.661514585882538,1.7088197469711304,-1.398352026939392,-0.012176699936389923
16.20768690109253,1.6557837399262687,1.7057678699493408,-1.556465983390808,-0.08651865273714066
16.210753679275513,1.649921923108321,1.7027161121368408,-1.6753032207489014,-0.08822766691446304
16.213822603225708,1.6439331719955421,1.6992828845977783,-1.9542686939239502,-0.09121843427419662
16.216898441314697,1.6378165778094016,1.6958495378494263,-1.8434882164001465,-0.08737315982580185
16.219967365264893,1.631608731928624,1.6920348405838013,-2.1365530490875244,-0.11343556642532349
16.223033666610718,1.6253106665119355,1.6882200241088867,-2.197985887527466,-0.1424887478351593
16.226099967956543,1.6189264698129238,1.6844053268432617,-2.3309223651885986,-0.0322575718164444
16.22916579246521,1.612466629692199,1.6802090406417847,-2.4960861206054688,0.02542153000831604
16.232234716415405,1.6059331176818743,1.6760128736495972,-2.3490500450134277,0.03866636008024216
16.23531436920166,1.599319012107803,1.6714351177215576,-2.55953311920166,0.029694056138396263
16.238380432128906,1.5926864354283383,1.6664758920669556,-2.546440839767456,-0.08438239246606827
16.24144744873047,1.5860140861509662,1.661516785621643,-2.6542000770568848,-0.0480659194290638
16.24451518058777,1.5793123654687806,1.6569390296936035,-2.524284839630127,-0.1420614868402481
16.247583866119385,1.5725906930837297,1.651598334312439,-2.817349433898926,-0.07071030884981155
16.250660181045532,1.5658444102021152,1.6466392278671265,-2.7619593143463135,0.013885710388422012
16.25372886657715,1.559117005628261,1.641298532485962,-2.7639734745025635,0.026276035234332085
16.256795406341553,1.552406445678201,1.6359578371047974,-2.848569393157959,-0.010467689484357834
16.259861946105957,1.545717988050205,1.6302357912063599,-2.836484432220459,-0.024994278326630592
16.262930393218994,1.5390574354681856,1.6245136260986328,-2.9230945110321045,-0.0784008577466011
16.26599955558777,1.5324373206287851,1.6187914609909058,-3.019775629043579,0.0032043945975601673
16.269076108932495,1.5258532996164718,1.6126878261566162,-3.3501029014587402,-0.0314030684530735
16.272148609161377,1.519339756356513,1.6069657802581787,-3.167818784713745,0.033966582268476486
16.27522563934326,1.51288824893979,1.6012436151504517,-3.144655466079712,0.063019759953022
16.278299570083618,1.506524445816789,1.5947585105895996,-3.138612985610962,0.043793391436338425
16.281370878219604,1.5002566160444588,1.5890363454818726,-3.303776502609253,-0.00021362630650401115
16.284452199935913,1.49406869304751,1.58255136013031,-3.2544288635253906,0.04251163452863693
16.287526845932007,1.4880035850144109,1.5764477252960205,-3.3360037803649902,0.048493172973394394
16.290595293045044,1.4820686911630194,1.570344090461731,-3.3410391807556152,0.1424887478351593
16.29366397857666,1.4762600472741894,1.564621925354004,-3.142641305923462,0.03823911026120186
16.29674005508423,1.4705732618585172,1.5585182905197144,-3.149691104888916,0.13693445920944214
16.299815893173218,1.46503140158795,1.5520333051681519,-3.3732662200927734,0.05874723568558693
16.302892208099365,1.4596414755536329,1.5459296703338623,-3.3722591400146484,0.13864347338676453
16.305962085723877,1.4544231768695213,1.5402075052261353,-3.3934080600738525,0.13949798047542572
16.309031009674072,1.449374371501493,1.5337224006652832,-3.182925224304199,0.1446250081062317
16.312100410461426,1.4445001779047348,1.5276188850402832,-3.293705701828003,0.11984435468912125
16.31517004966736,1.4398082872718143,1.5218967199325562,-3.3470816612243652,0.14590676128864288
16.318247318267822,1.4352951175825432,1.516174554824829,-3.002655029296875,0.10959029197692871
16.321327447891235,1.4309753901539433,1.510452389717102,-3.126527786254883,0.13907071948051453
16.32438325881958,1.4268915391403594,1.5047303438186646,-3.1154496669769287,0.1723964363336563
16.327451705932617,1.4229991035132887,1.4990081787109375,-2.872739791870117,0.21811245381832123
16.3305184841156,1.4193231197980654,1.493667483329773,-2.8979170322418213,0.1446250081062317
16.33358669281006,1.4158653124184972,1.488326907157898,-3.008697748184204,0.18179598450660706
16.336663246154785,1.4126241054437434,1.4829862117767334,-2.9543144702911377,0.15616083145141602
16.33973479270935,1.4096187577053385,1.4780269861221313,-2.6169373989105225,0.15188831090927124
16.342802047729492,1.4068519911836632,1.4730678796768188,-2.407461643218994,0.2561379373073578
16.34586787223816,1.4043246780574352,1.4681086540222168,-2.7881436347961426,0.27920958399772644
16.34894371032715,1.402032159134807,1.4635308980941772,-2.56154727935791,0.22964827716350555
16.352019548416138,1.399986505941425,1.4589532613754272,-2.5837032794952393,0.18179598450660706
16.355091094970703,1.3981931043572138,1.4543755054473877,-2.3339436054229736,0.21213091909885406
16.3581600189209,1.3966528070557571,1.4501793384552002,-2.2845959663391113,0.2728008031845093
16.361226558685303,1.3953671670881902,1.4459830522537231,-2.3007094860076904,0.2723735272884369
16.364295482635498,1.3943360974396204,1.4421683549880981,-2.097276210784912,0.2544289231300354
16.367371559143066,1.3935607275983621,1.438735008239746,-2.064042091369629,0.2057221382856369
16.370452642440796,1.39304429083801,1.434920310974121,-1.9633325338363647,0.2886091470718384
16.373528718948364,1.3927892369524408,1.4318684339523315,-1.7921262979507446,0.22580300271511078
16.37660026550293,1.3927946962222115,1.4288166761398315,-1.5333027839660645,0.35526055097579956
16.379669427871704,1.3930597866314265,1.425764799118042,-1.4809339046478271,0.31210803985595703
16.38274836540222,1.39358610022427,1.4230945110321045,-1.379217267036438,0.32364386320114136
16.385826110839844,1.394372064799161,1.420424222946167,-1.2180819511413574,0.23093003034591675
16.38889455795288,1.3954131142735131,1.4185168743133545,-1.2583657503128052,0.21939422190189362
16.391961097717285,1.396708799796318,1.41622793674469,-1.072053074836731,0.2655375003814697
16.3950297832489,1.3982589369924838,1.4143205881118774,-0.8253147006034851,0.21298542618751526
16.398107051849365,1.4000657922521222,1.4127947092056274,-0.7648890018463135,0.23562981188297272
16.401183366775513,1.4021220071089964,1.41165030002594,-0.5443350672721863,0.3009994626045227
16.40425133705139,1.4044184521028136,1.4105058908462524,-0.5382925271987915,0.21127641201019287
16.407320261001587,1.4069577815681586,1.409742832183838,-0.38722819089889526,0.21939422190189362
16.410380125045776,1.4097269961383163,1.408979892730713,-0.32579538226127625,0.24502937495708466
16.41344666481018,1.4127359450575685,1.4085984230041504,-0.07301442325115204,0.3163805603981018
16.416516542434692,1.4159780250521985,1.4085984230041504,-0.04884412884712219,0.2715190351009369
16.41959547996521,1.4194558241797945,1.408216953277588,0.035751886665821075,0.27878233790397644
16.422667980194092,1.423146945867875,1.4085984230041504,0.04884412884712219,0.2505836486816406
16.42573833465576,1.4270501234946287,1.408979892730713,0.24522773921489716,0.4419928193092346
16.428807020187378,1.4311597580892284,1.409742832183838,0.41844815015792847,0.40695810317993164
16.431875944137573,1.4354721457642334,1.4105058908462524,0.4637674391269684,0.45481041073799133
16.434954404830933,1.4399948709483834,1.41165030002594,0.686335563659668,0.40354010462760925
16.438025951385498,1.4446972835645155,1.4127947092056274,0.654108464717865,0.33731594681739807
16.44109582901001,1.4495796155438063,1.4143205881118774,0.6964064836502075,0.4475471079349518
16.44416332244873,1.4546331122101712,1.41622793674469,1.00054931640625,0.43857482075691223
16.447232246398926,1.459856460074923,1.418135404586792,1.3077133893966675,0.6146028637886047
16.450310230255127,1.465255695482885,1.420424222946167,1.0952162742614746,0.5193255543708801
16.453382968902588,1.4707979798540656,1.422713041305542,1.2825360298156738,0.5227435827255249
16.456452131271362,1.4764774189240104,1.425764799118042,1.5463950634002686,0.4736095070838928
16.45951795578003,1.4822855353934457,1.428435206413269,1.606820821762085,0.5171892642974854
16.462584018707275,1.4882202758702145,1.431486964225769,1.7306935787200928,0.6445105671882629
16.465653896331787,1.4942799839702907,1.434920310974121,1.8142824172973633,0.5787136554718018
16.46873164176941,1.5004642763681557,1.4383535385131836,2.044907331466675,0.49710842967033386
16.471805334091187,1.5067401829676386,1.4421683549880981,2.088212490081787,0.4462653398513794
16.474881649017334,1.5131118840669902,1.4459830522537231,2.226184368133545,0.3924315273761749
16.47795343399048,1.5195549885191855,1.4501793384552002,2.2966811656951904,0.42276644706726074
16.481030702590942,1.5260809020081836,1.4539940357208252,2.247333526611328,0.5488059520721436
16.484107494354248,1.5326674093864,1.4589532613754272,2.4376745223999023,0.38730448484420776
16.48717427253723,1.5392839937420175,1.4635308980941772,2.6119019985198975,0.503089964389801
16.490240573883057,1.5459411329219859,1.4677271842956543,2.56758975982666,0.5846952199935913
16.493308544158936,1.5526336165230974,1.4730678796768188,2.674341917037964,0.61033034324646
16.49638080596924,1.559357288099152,1.4780269861221313,2.853605031967163,0.6030670404434204
16.49945569038391,1.5660985373841194,1.4829862117767334,2.7468528747558594,0.34372472763061523
16.502532482147217,1.5728457500225925,1.488326907157898,2.831448793411255,0.3847409784793854
16.505603790283203,1.5795726647154598,1.493667483329773,2.9472649097442627,0.5342794060707092
16.508670806884766,1.586271932487138,1.4990081787109375,2.838498592376709,0.4620737135410309
16.511738300323486,1.5929440453593213,1.5047303438186646,2.8969099521636963,0.3539787828922272
16.51480793952942,1.5995826722576336,1.510452389717102,3.134584665298462,0.3954222798347473
16.51788592338562,1.6061910997722793,1.516174554824829,2.987548589706421,0.30783551931381226
16.520958423614502,1.612729727080763,1.5222781896591187,3.137605905532837,0.29501792788505554
16.524027585983276,1.6191936376802523,1.5280003547668457,3.3611810207366943,0.38773176074028015
16.52709436416626,1.6255754253139743,1.5337224006652832,3.163790225982666,0.3685053884983063
16.530160903930664,1.6318701759082272,1.5398260354995728,3.3994507789611816,0.27963683009147644
16.533230304718018,1.638074778149594,1.5459296703338623,3.1980316638946533,0.3629510998725891
16.536312341690063,1.644198967172101,1.5520333051681519,3.186953544616699,0.3210803270339966
16.539382934570312,1.6501857222773408,1.5581368207931519,3.320897340774536,0.3958495557308197
16.54245138168335,1.6560450208540263,1.564621925354004,3.313847541809082,0.33945220708847046
16.545517921447754,1.6617688595550304,1.570344090461731,3.313847541809082,0.5090714693069458
16.548588037490845,1.6673588476033663,1.5764477252960205,3.2312657833099365,0.3659418523311615
16.55166506767273,1.6728119912984678,1.58255136013031,3.3490958213806152,0.2557106912136078
16.554735898971558,1.6780968834733117,1.58865487575531,3.4135499000549316,0.3052719831466675
16.55780267715454,1.683210148572804,1.5947585105895996,3.309819221496582,0.28049135208129883
16.560868978500366,1.6881505195245872,1.6008621454238892,3.4085144996643066,0.3796139359474182
16.563937664031982,1.6929151003032124,1.6065843105316162,3.006683349609375,0.3642328381538391
16.567018508911133,1.6975106557400477,1.6123063564300537,3.0771801471710205,0.34757000207901
16.570091247558594,1.7018997409534216,1.6184099912643433,3.16479754447937,0.18606851994991302
16.573163270950317,1.7060872034220407,1.6241321563720703,3.0530097484588623,0.1745326966047287
16.576239824295044,1.7100735620523746,1.6294728517532349,2.994598388671875,0.17965972423553467
16.579318284988403,1.7138488065497655,1.6351948976516724,2.7579309940338135,0.2057221382856369
16.58238697052002,1.7173938128937565,1.6409170627593994,3.004669189453125,0.24759289622306824
16.585463047027588,1.7207233662490922,1.6458762884140015,2.7579309940338135,0.24118410050868988
16.588530778884888,1.72381559262839,1.6512168645858765,2.962371349334717,0.21768520772457123
16.591596841812134,1.7266737434165444,1.6561760902404785,2.692469596862793,0.18350499868392944
16.594666004180908,1.7292978499464693,1.6611353158950806,2.4276034832000732,0.15487907826900482
16.59774351119995,1.7316871494796162,1.666094422340393,2.722682476043701,0.29373615980148315
16.60082244873047,1.733831548087694,1.6706721782684326,2.38631272315979,0.18222324550151825
16.603899002075195,1.73572529847445,1.6752498149871826,2.3067522048950195,0.2377660721540451
16.606966018676758,1.7373626281740107,1.6794461011886597,2.1778438091278076,0.14590676128864288
16.610032558441162,1.738747166202367,1.6836423873901367,2.372213363647461,0.11898985505104065
16.613099575042725,1.7398772867099475,1.6874570846557617,2.1707942485809326,0.15402457118034363
16.616168975830078,1.7407516553869036,1.6912717819213867,1.852552056312561,0.10531777143478394
16.61924958229065,1.7413697698955828,1.6950865983963013,2.0499427318573,0.12198062241077423
16.622321128845215,1.741726373003473,1.6985198259353638,1.8686655759811401,0.14804303646087646
16.625383853912354,1.7418232273710734,1.7015717029571533,1.7024948596954346,0.26083773374557495
16.62845253944397,1.7416610188559685,1.7046234607696533,1.5463950634002686,0.20914015173912048
16.631521224975586,1.7412395481562952,1.7072938680648804,1.4829480648040771,0.21896696090698242
16.634599924087524,1.7405568002930323,1.7099641561508179,1.4970474243164062,0.20999465882778168
16.63767719268799,1.739615245959143,1.7122529745101929,1.2080110311508179,0.18051423132419586
16.640747785568237,1.7384189152772918,1.7145417928695679,1.1868619918823242,0.21170367300510406
16.64381432533264,1.7369699090290038,1.71644926071167,0.9028610587120056,0.17795071005821228
16.646881341934204,1.7352686843288325,1.71797513961792,0.7316548228263855,0.07241931557655334
16.649950742721558,1.7333163607928215,1.71950101852417,0.7568322420120239,0.1112993061542511
16.653027534484863,1.73111147605634,1.7206454277038574,0.6953994035720825,0.13095292448997498
16.656096935272217,1.728667901711547,1.721789836883545,0.7336690425872803,0.12368962913751602
16.659162998199463,1.7259873196218996,1.72255277633667,0.35500115156173706,0.057892728596925735
16.662229299545288,1.7230709472597718,1.7233158349990845,0.08107118308544159,0.10574502497911453
16.665297985076904,1.7199207770998997,1.7233158349990845,0.13344015181064606,0.054901961237192154
16.668384790420532,1.7165230643760259,1.723697304725647,0.02366674318909645,0.09164568781852722
16.67146134376526,1.712913234312665,1.7233158349990845,-0.2361638844013214,0.048493172973394394
16.674537420272827,1.7090863842987383,1.7233158349990845,-0.12034790217876434,0.02243076264858246
16.67761540412903,1.705045120710961,1.72255277633667,-0.2552987039089203,-0.06515602022409439
16.68068766593933,1.7008058779527147,1.7221713066101074,-0.41744107007980347,-0.06942854821681976
16.68376588821411,1.6963588563507714,1.7214083671569824,-0.3972991406917572,-0.13138018548488617
16.686836004257202,1.6917312030735032,1.720263957977295,-0.6299381852149963,-0.19418631494045258
16.689905166625977,1.6869198768816198,1.718738079071045,-0.7145342230796814,-0.12326237559318542
16.692973375320435,1.6819322029297838,1.717212200164795,-1.0650033950805664,-0.21896696090698242
16.69604253768921,1.6767724993081032,1.7153048515319824,-1.0660104751586914,-0.221957728266716
16.69912075996399,1.6714340182428433,1.7130159139633179,-1.1143511533737183,-0.13052567839622498
16.7021963596344,1.6659444741046687,1.7107270956039429,-1.5071183443069458,-0.08438239246606827
16.705265522003174,1.6603195323840696,1.7080568075180054,-1.623941421508789,-0.11386281996965408
16.708337783813477,1.6545503418426677,1.7050049304962158,-1.683359980583191,-0.15658807754516602
16.711383819580078,1.6487019920786359,1.7019531726837158,-1.7387503385543823,-0.1292439103126526
16.71445345878601,1.6426876920135212,1.6989012956619263,-1.8908216953277588,-0.08480964601039886
16.717535972595215,1.63653530082014,1.6950865983963013,-1.9734035730361938,-0.07156481593847275
16.720606565475464,1.6303034078851968,1.6912717819213867,-2.073106050491333,-0.05746547505259514
16.72367548942566,1.6239811716124908,1.6874570846557617,-2.1707942485809326,-0.05362020432949066
16.726743936538696,1.6175756352380923,1.6832607984542847,-2.2704966068267822,-0.10403601080179214
16.7298104763031,1.611099395525752,1.6790646314620972,-2.3037307262420654,0.006622415501624346
16.732879400253296,1.6045530032667752,1.6748683452606201,-2.531334400177002,0.010894942097365856
16.735955953598022,1.5979347278390552,1.6702907085418701,-2.5071640014648438,-0.048493172973394394
16.73903179168701,1.591272211353066,1.6657129526138306,-2.389333963394165,-0.05703822523355484
16.74209761619568,1.584595727888902,1.660753846168518,-2.553490400314331,-0.08993667364120483
16.7451651096344,1.5778899109909736,1.655794620513916,-2.56356143951416,-0.05746547505259514
16.74830722808838,1.5710047169065149,1.6504539251327515,-2.840512752532959,-0.08267337828874588
16.751473665237427,1.5640604078461258,1.6451133489608765,-2.852597951889038,-0.03012130968272686
16.754596710205078,1.5572162246661319,1.639772653579712,-2.989562749862671,0.008758679032325745
16.757720470428467,1.5503859973281795,1.6340504884719849,-2.9291369915008545,0.008331426419317722
16.760844707489014,1.5435807815315994,1.6283283233642578,-2.8928816318511963,-0.009185931645333767
16.76402473449707,1.5366916362095815,1.6226062774658203,-3.2252230644226074,-0.043793391436338425
16.767128229141235,1.5300153148389624,1.6165026426315308,-3.130556106567383,-0.0061951628886163235
16.770201444625854,1.5234599617085964,1.6107804775238037,-3.0751659870147705,-0.02200350910425186
16.773272275924683,1.5169749808592787,1.6046768426895142,-3.2312657833099365,0.11599908769130707
16.776338577270508,1.5105743155839653,1.5989547967910767,-3.2252230644226074,0.05746547505259514
16.77937960624695,1.5043095416572172,1.5924696922302246,-3.3571527004241943,0.0318303182721138
16.782446146011353,1.4980853660250772,1.586366057395935,-3.3652093410491943,0.0318303182721138
16.785518169403076,1.4919530988623961,1.580643892288208,-3.438727378845215,-0.007049668114632368
16.78858470916748,1.4859437350105626,1.574540376663208,-3.2544288635253906,0.08267337828874588
16.791653633117676,1.4800506272243272,1.5684367418289185,-3.187960624694824,0.13949798047542572
16.794728994369507,1.4742753092629748,1.562333106994629,-3.4004578590393066,0.07199206203222275
16.797797679901123,1.4686509755815236,1.5562294721603394,-3.474982738494873,0.04892042279243469
16.800864934921265,1.463175826041819,1.5501258373260498,-3.471961498260498,0.07541008293628693
16.80393409729004,1.457852080373071,1.5440223217010498,-3.319890022277832,0.05191119387745857
16.807010173797607,1.4526796708999394,1.5379186868667603,-3.333989381790161,0.13351644575595856
16.810081243515015,1.4476864933937454,1.5318150520324707,-3.316868782043457,0.16086061298847198
16.81314992904663,1.442875096841429,1.5260928869247437,-3.308812141418457,0.20187686383724213
16.816219091415405,1.438247987403802,1.5199893712997437,-3.2191805839538574,0.095490962266922
16.819286823272705,1.4338148301910385,1.5142672061920166,-3.300755262374878,0.16086061298847198
16.82235360145569,1.4295812973030046,1.508163571357727,-3.0943007469177246,0.2202487289905548
16.82538366317749,1.4255992708684768,1.5028228759765625,-3.1114213466644287,0.286900132894516
16.828453540802002,1.4217744193324038,1.4974822998046875,-2.9553215503692627,0.20059509575366974
16.831527948379517,1.4181609391747731,1.492141604423523,-3.015747308731079,0.22708477079868317
16.83459448814392,1.4147784137926787,1.4868009090423584,-2.9150378704071045,0.1420614868402481
16.837660312652588,1.4116230479541303,1.4814603328704834,-2.704554796218872,0.15445181727409363
16.840726137161255,1.4086987095328052,1.4765011072158813,-2.7810940742492676,0.12411688268184662
16.84379243850708,1.4060093388077541,1.4715418815612793,-2.6219730377197266,0.19546806812286377
16.846858501434326,1.4035595822985,1.4665827751159668,-2.4638590812683105,0.2535744309425354
16.84992480278015,1.4013526958565987,1.4620050191879272,-2.4507668018341064,0.24972915649414062
16.852991104125977,1.3993921555738096,1.4574273824691772,-2.528313159942627,0.2569924592971802
16.8560574054718,1.3976808719757767,1.4532310962677002,-2.2825818061828613,0.16769665479660034
16.859123706817627,1.3962213855534285,1.4490348100662231,-2.0418860912323,0.30698099732398987
16.86219024658203,1.395015779179754,1.4448386430740356,-2.1244678497314453,0.2057221382856369
16.86525845527649,1.3940655192139104,1.441023826599121,-1.934126853942871,0.3176623284816742
16.868324756622314,1.3933730940440765,1.4375905990600586,-1.938155174255371,0.24417486786842346
16.87138032913208,1.3929399295529126,1.434157371520996,-1.7347218990325928,0.3488517701625824
16.874448776245117,1.3927635946257761,1.4311054944992065,-1.6551613807678223,0.32492560148239136
16.877517461776733,1.3928467360804302,1.4280537366867065,-1.5625085830688477,0.2860456109046936
16.880584955215454,1.3931890707096966,1.425001859664917,-1.5051041841506958,0.29629969596862793
16.88365125656128,1.3937897881128989,1.4223315715789795,-1.5141680240631104,0.29159989953041077
16.886717319488525,1.394648002493009,1.4200427532196045,-1.4064087867736816,0.2715190351009369
16.889783143997192,1.395762380069096,1.41775381565094,-1.157656192779541,0.2886091470718384
16.892852783203125,1.397133184834205,1.4158464670181274,-0.9431448578834534,0.3518425226211548
16.89592981338501,1.3987613638090124,1.413939118385315,-0.9421377778053284,0.2736552953720093
16.89900231361389,1.4006385378407615,1.412413239479065,-0.7900663614273071,0.3035629689693451
16.90207314491272,1.402762897992775,1.4112688302993774,-0.6319524049758911,0.26041045784950256
16.905150413513184,1.405137454582734,1.4101243019104004,-0.6037537455558777,0.3313344120979309
16.90822410583496,1.4077512829189753,1.4093613624572754,-0.4788738787174225,0.30997177958488464
16.91129779815674,1.4106031013945812,1.4085984230041504,-0.23112840950489044,0.24332036077976227
16.914368391036987,1.4136854282871971,1.4085984230041504,-0.08207827806472778,0.23007553815841675
16.91744589805603,1.4170041412932926,1.408216953277588,-0.0015106431674212217,0.2723735272884369
16.920511960983276,1.4205340118630074,1.4085984230041504,-0.12941177189350128,0.29117265343666077
16.923579454421997,1.4242835175684387,1.408979892730713,0.2381780743598938,0.30698099732398987
16.926645278930664,1.4282432801987637,1.4093613624572754,0.27745479345321655,0.41721218824386597
16.92971158027649,1.4324100680096594,1.4101243019104004,0.3852140009403229,0.41849392652511597
16.932777881622314,1.4367770956696297,1.410887360572815,0.4426184594631195,0.3633783459663391
16.93584394454956,1.4413375181155603,1.4120317697525024,0.5493705868721008,0.45139238238334656
16.938910484313965,1.4460856505613566,1.41317617893219,0.7024490833282471,0.504798948764801
16.94197726249695,1.45101413867123,1.4150835275650024,0.9542229175567627,0.38944074511528015
16.94504427909851,1.456115704684339,1.4166094064712524,1.071045994758606,0.504371702671051
16.948111295700073,1.4613823952748188,1.418898344039917,1.2694437503814697,0.5846952199935913
16.9511775970459,1.4668051054746385,1.421187162399292,1.451728105545044,0.5270161032676697
16.954246520996094,1.472381821408381,1.423475980758667,1.2543374300003052,0.5539330244064331
16.95731520652771,1.4780992286349584,1.4265278577804565,1.3631036281585693,0.5526512265205383
16.96038007736206,1.4839419027622782,1.429198145866394,1.7186083793640137,0.5710231065750122
16.963446617126465,1.4899114805298277,1.4326313734054565,1.6450904607772827,0.5641870498657227
16.966514348983765,1.495998338588387,1.435683250427246,1.837445616722107,0.5641870498657227
16.96958041191101,1.5021877389220657,1.439497947692871,1.8938429355621338,0.45438316464424133
16.972647666931152,1.508476237052166,1.4433127641677856,2.226184368133545,0.3497062623500824
16.9757137298584,1.5148496113599972,1.4471274614334106,2.367177724838257,0.4125123918056488
16.978780269622803,1.5213018364120374,1.4513237476348877,2.353078603744507,0.5150530338287354
16.98184633255005,1.527821328675938,1.4555199146270752,2.4306249618530273,0.4723277688026428
16.984912395477295,1.5343994086200534,1.4600976705551147,2.4789655208587646,0.5227435827255249
16.987985849380493,1.541042337975387,1.4646753072738647,2.5998167991638184,0.43857482075691223
16.99105143547058,1.5477072716749842,1.4696345329284668,2.7972075939178467,0.46591898798942566
16.99412226676941,1.5544127395073073,1.4742122888565063,2.7398030757904053,0.4620737135410309
16.99720072746277,1.561154107060167,1.4795528650283813,2.9422292709350586,0.3920042812824249
17.00027632713318,1.5678983846512375,1.4845120906829834,2.839505672454834,0.43985655903816223
17.003352165222168,1.5746422795084647,1.489852786064148,2.9452505111694336,0.48429083824157715
17.006446599960327,1.5814158486495056,1.495193362236023,2.9341726303100586,0.49839016795158386
17.009520053863525,1.5881223777226996,1.50091552734375,2.862668752670288,0.5603417754173279
17.012590646743774,1.5947916425467563,1.506637692451477,3.142641305923462,0.3949950337409973
17.015661239624023,1.6014199688530077,1.5119783878326416,3.1023576259613037,0.4155031740665436
17.018728494644165,1.6079903700815477,1.5180819034576416,3.2181735038757324,0.29501792788505554
17.02179455757141,1.6144977982390862,1.5238040685653687,2.9422292709350586,0.3928587734699249
17.024861097335815,1.6209361534830884,1.5295262336730957,3.297734022140503,0.39114975929260254
17.02793025970459,1.6273002606363902,1.5356298685073853,3.285648822784424,0.32407110929489136
17.03099822998047,1.6335726978734337,1.5417333841323853,3.436713218688965,0.4133669137954712
17.034064531326294,1.6397433011987137,1.5478370189666748,3.156740665435791,0.3638055920600891
17.03713059425354,1.6458058802195867,1.5535591840744019,3.1990387439727783,0.3544060289859772
17.040197134017944,1.6517528350636486,1.560044288635254,3.467933177947998,0.35825130343437195
17.04326558113098,1.6575779644329542,1.566147804260254,3.3450675010681152,0.3928587734699249
17.046338081359863,1.6632762969865815,1.571869969367981,3.4185855388641357,0.3625238537788391
17.04938793182373,1.6687911512205185,1.5779736042022705,3.2423439025878906,0.2681010067462921
17.05245876312256,1.674193315571301,1.5844587087631226,3.285648822784424,0.20401312410831451
17.055524587631226,1.6794278960197466,1.5901808738708496,3.190981864929199,0.2710917890071869
17.058597087860107,1.684506905694731,1.5962843894958496,3.136598825454712,0.2369115799665451
17.061663389205933,1.689401486193628,1.6023880243301392,3.4256350994110107,0.28049135208129883
17.06472897529602,1.6941137114479283,1.6081101894378662,2.985534429550171,0.32620736956596375
17.067795991897583,1.698639817571906,1.6142138242721558,3.2151522636413574,0.29672694206237793
17.070865154266357,1.7029738007361421,1.6199358701705933,3.117464065551758,0.2232394963502884
17.07393455505371,1.7071062945758009,1.6252765655517578,2.839505672454834,0.19504082202911377
17.077000617980957,1.7110266547732769,1.6313802003860474,2.962371349334717,0.21341268718242645
17.0800678730011,1.7147350660322382,1.636720895767212,2.9130234718322754,0.21768520772457123
17.083134412765503,1.7182236668499105,1.642061471939087,2.9039597511291504,0.2548561692237854
17.08620309829712,1.7214903719610433,1.6474021673202515,2.876768112182617,0.21725794672966003
17.08927273750305,1.7245287137052348,1.6523613929748535,2.809292793273926,0.21213091909885406
17.09234070777893,1.7273316609270823,1.6577019691467285,2.684412956237793,0.1416342407464981
17.095381498336792,1.7298750935268838,1.662279725074768,2.6350653171539307,0.19418631494045258
17.098454236984253,1.7322041187894186,1.6672388315200806,2.5051498413085938,0.13992522656917572
17.101520776748657,1.7342833419741517,1.6718165874481201,2.545433759689331,0.25955596566200256
17.104588985443115,1.736115548267656,1.6763943433761597,2.4316320419311523,0.2578469514846802
17.107665538787842,1.7377007719223763,1.6805905103683472,2.1546807289123535,0.2369115799665451
17.1107394695282,1.7390302958002826,1.6847867965698242,2.1949644088745117,0.2386205792427063
17.113810539245605,1.7401027161459384,1.6886014938354492,2.073106050491333,0.14847028255462646
17.116877794265747,1.7409169396543804,1.6924163103103638,2.0358433723449707,0.18777751922607422
17.119944095611572,1.7414731151322975,1.6958495378494263,1.8968642950057983,0.09207294136285782
17.123010396957397,1.7417707100348607,1.6992828845977783,2.116410970687866,0.1741054356098175
17.126076459884644,1.7418092896407908,1.7023346424102783,1.5000686645507812,0.18692301213741302
17.12914228439331,1.7415888570929878,1.7053864002227783,1.7941405773162842,0.2074311375617981
17.132208585739136,1.7411096580013161,1.7080568075180054,1.4879834651947021,0.2061493843793869
17.135274648666382,1.7403724852345577,1.7107270956039429,1.2815289497375488,0.16684214770793915
17.138343334197998,1.7393774459110436,1.7130159139633179,1.298649549484253,0.18350499868392944
17.141383409500122,1.7381393785479544,1.71492338180542,1.1334859132766724,0.1758144497871399
17.144452333450317,1.7366366973726257,1.7168307304382324,0.8303502202033997,0.1745326966047287
17.147518157958984,1.7348840835160106,1.7183566093444824,0.9522087574005127,0.15616083145141602
17.15058445930481,1.732882417745107,1.7198824882507324,0.6913710236549377,0.2211032211780548
17.153651237487793,1.7306345562890495,1.72102689743042,0.771938681602478,0.13223467767238617
17.15671706199646,1.7281449410319731,1.7221713066101074,0.6611581444740295,0.0784008577466011
17.159783840179443,1.7254157204102873,1.722934365272522,0.31068894267082214,0.13650721311569214
17.16284966468811,1.7224526420348927,1.7233158349990845,0.24623483419418335,0.09292744100093842
17.165916919708252,1.7192577485701206,1.723697304725647,-0.0961776152253151,0.08651865273714066
17.16898226737976,1.7158393102831948,1.723697304725647,0.03978027030825615,-0.006622415501624346
17.172048568725586,1.7121993174612973,1.723697304725647,-0.10322728008031845,0.0638742670416832
17.17511487007141,1.7083442025635236,1.7233158349990845,-0.29155412316322327,-0.014312963001430035
17.178181171417236,1.7042796887116416,1.72255277633667,-0.2724193036556244,-0.05020218342542648
17.181248426437378,1.700010451519519,1.7221713066101074,-0.22810712456703186,-0.10275425016880035
17.184314966201782,1.6955451286972019,1.72102689743042,-0.5413138270378113,-0.16684214770793915
17.187386989593506,1.6908808862642326,1.720263957977295,-0.3983062505722046,-0.1283894032239914
17.19045615196228,1.6860370836237109,1.7183566093444824,-0.9965209364891052,-0.19589532911777496
17.193527460098267,1.6810130990351504,1.7168307304382324,-0.880704939365387,-0.24417486786842346
17.19660472869873,1.6758094998403987,1.71492338180542,-1.1073014736175537,-0.09719996899366379
17.19967746734619,1.670451661106839,1.7126344442367554,-0.9673151969909668,-0.10403601080179214
17.202746391296387,1.6649469677511872,1.7103456258773804,-1.3218127489089966,-0.10318150371313095
17.20582890510559,1.6592717232651666,1.7076753377914429,-1.451728105545044,-0.09079118072986603
17.20889925956726,1.65348167372338,1.7046234607696533,-1.606820821762085,-0.10104524344205856
17.21196699142456,1.6475684406276259,1.7015717029571533,-1.6702678203582764,-0.1412069946527481
17.215033531188965,1.6415382883946068,1.6981383562088013,-1.936141014099121,-0.13351644575595856
17.218099355697632,1.6353993413428054,1.6943236589431763,-1.9502403736114502,-0.095918208360672
17.221168279647827,1.6291529608007884,1.6908903121948242,-2.1909360885620117,-0.09378194808959961
17.22423529624939,1.6228185536957596,1.6866941452026367,-2.1194324493408203,-0.08865492045879364
17.227301836013794,1.616402680091706,1.6828793287277222,-2.091233730316162,-0.021576257422566414
17.230368614196777,1.6099133811661435,1.6783016920089722,-2.4175326824188232,0.0049134050495922565
17.233444452285767,1.6033413474704117,1.6741054058074951,-2.4467384815216064,0.05362020432949066
17.23651099205017,1.5967355651655692,1.6695277690887451,-2.5816891193389893,0.012176699936389923
17.239577054977417,1.5900871028929529,1.664568543434143,-2.679377317428589,-0.019867246970534325
17.242643117904663,1.5834048058410002,1.659609317779541,-2.6078736782073975,-0.08181887865066528
17.245710372924805,1.5766959819368151,1.6546502113342285,-2.6431219577789307,-0.08609139919281006
17.248777627944946,1.569973189134346,1.6496909856796265,-2.833462953567505,-0.06985580176115036
17.25184392929077,1.5632485050631133,1.644350290298462,-2.877775192260742,0.049774929881095886
17.254910230636597,1.5565298242676089,1.639009714126587,-2.6411077976226807,-0.004058899823576212
17.257975816726685,1.5498286818424316,1.6336690187454224,-2.9110093116760254,0.0117494473233819
17.26104164123535,1.543152935152559,1.6279468536376953,-3.302769422531128,-0.025848783552646637
17.26410746574402,1.5365130135303477,1.6222248077392578,-3.0721447467803955,-0.0318303182721138
17.267174005508423,1.5299172388833353,1.6165026426315308,-3.0620737075805664,-0.019439993426203728
17.270241260528564,1.523375439906853,1.6107804775238037,-3.310826301574707,0.012603952549397945
17.27331042289734,1.5168948733329117,1.6046768426895142,-3.277592182159424,0.0946364551782608
17.276381492614746,1.5104853086006729,1.5985733270645142,-3.2151522636413574,0.0784008577466011
17.27944803237915,1.5041696020105932,1.5924696922302246,-3.2272374629974365,0.09378194808959961
17.28251600265503,1.497944739839397,1.5867475271224976,-3.1033647060394287,0.045502401888370514
17.285581827163696,1.4918271834182897,1.580643892288208,-3.150698184967041,0.027557794004678726
17.288647651672363,1.4858216241618853,1.574540376663208,-3.2604715824127197,0.09335469454526901
17.29171633720398,1.4799315425259485,1.568055272102356,-3.3793087005615234,0.1582970917224884
17.294793367385864,1.4741558756340962,1.5619516372680664,-3.2262301445007324,0.07754635065793991
17.29786777496338,1.4685241862110414,1.5558480024337769,-3.2393224239349365,0.06088349595665932
17.30093812942505,1.4630470290142952,1.5501258373260498,-3.280613422393799,0.10489051789045334
17.304007530212402,1.4577266669562507,1.5436408519744873,-3.2504005432128906,0.11471732705831528
17.307084321975708,1.4525570740777938,1.5375372171401978,-3.4246280193328857,0.1595788449048996
17.31015658378601,1.4475662080003442,1.5314335823059082,-3.4105286598205566,0.21939422190189362
17.313223361968994,1.4427621996504354,1.5257114171981812,-3.2644999027252197,0.1446250081062317
17.316291570663452,1.4381410099988465,1.5196079015731812,-3.295719861984253,0.11642633378505707
17.319358110427856,1.43371414673683,1.513885736465454,-3.2624857425689697,0.15530632436275482
17.322380542755127,1.4295450033704518,1.5085450410842896,-2.854612112045288,0.23392081260681152
17.32544732093811,1.4255177968700514,1.5028228759765625,-3.1094071865081787,0.24673838913440704
17.328513383865356,1.4217019927751096,1.4974822998046875,-2.9492790699005127,0.1770962029695511
17.33158016204834,1.41810147751764,1.4917601346969604,-2.855619192123413,0.2381933331489563
17.334645986557007,1.4147235286387065,1.486419439315796,-2.6159303188323975,0.19888609647750854
17.33771324157715,1.4115705888735515,1.4814603328704834,-2.8022429943084717,0.1924773007631302
17.34078049659729,1.4086489700703912,1.4761196374893188,-2.6149232387542725,0.1753872036933899
17.343846321105957,1.40596420934429,1.4711604118347168,-2.6622567176818848,0.21170367300510406
17.34691286087036,1.403518331997045,1.4665827751159668,-2.684412956237793,0.26041045784950256
17.349978923797607,1.4013159470503562,1.4620050191879272,-2.376241683959961,0.2886091470718384
17.353044748306274,1.399360066952815,1.4574273824691772,-2.405447483062744,0.28006407618522644
17.3561110496521,1.3976531677344504,1.4528496265411377,-2.21107816696167,0.19717708230018616
17.359177112579346,1.396198210109213,1.4486533403396606,-2.246326446533203,0.30911725759506226
17.362242937088013,1.3949972947253761,1.4448386430740356,-1.9613183736801147,0.22879377007484436
17.365309953689575,1.3940517632890952,1.441023826599121,-2.0459144115448,0.2386205792427063
17.36838388442993,1.3933622766333102,1.4375905990600586,-1.7498283386230469,0.23477530479431152
17.371453762054443,1.3929326804806603,1.4337759017944336,-1.9975738525390625,0.2223849892616272
17.37452006340027,1.39276258164422,1.430724024772644,-1.8233462572097778,0.25955596566200256
17.377586364746094,1.3928515814453442,1.427672266960144,-1.925062894821167,0.21939422190189362
17.380653142929077,1.39319962198811,1.425001859664917,-1.60581374168396,0.19375905394554138
17.38371992111206,1.3938061927377547,1.4223315715789795,-1.4910048246383667,0.29715418815612793
17.386785745620728,1.394670084266134,1.419661283493042,-1.4114443063735962,0.31296253204345703
17.389851570129395,1.3957901629561442,1.41775381565094,-1.072053074836731,0.2663919925689697
17.39292049407959,1.3971662843161685,1.415464997291565,-1.0478827953338623,0.34842449426651
17.39600419998169,1.3988038542896781,1.413939118385315,-1.1042801141738892,0.3180895745754242
17.399077653884888,1.4006877001733167,1.412413239479065,-0.6339665651321411,0.30612650513648987
17.402146100997925,1.402816360453633,1.410887360572815,-0.7810025215148926,0.22836652398109436
17.405222177505493,1.4051957383691482,1.4101243019104004,-0.40233463048934937,0.2552834451198578
17.408294439315796,1.4078138943559813,1.4093613624572754,-0.5111009478569031,0.20187686383724213
17.411364555358887,1.4106676491481627,1.408979892730713,0.02568093314766884,0.2240939885377884
17.414439916610718,1.4137599710699995,1.4085984230041504,-0.24925611913204193,0.2074311375617981
17.41750693321228,1.4170722500082598,1.4085984230041504,0.006546120624989271,0.2565651834011078
17.420573234558105,1.4206067925425665,1.4085984230041504,-0.11732661724090576,0.3338979184627533
17.42364192008972,1.4243620983972167,1.408979892730713,0.38722819089889526,0.27835509181022644
17.42671847343445,1.4283403630513873,1.4093613624572754,0.4466468393802643,0.3817501962184906
17.429787635803223,1.4325159907626235,1.4101243019104004,0.38924238085746765,0.4906996190547943
17.432853937149048,1.4368879039176943,1.410887360572815,0.40737012028694153,0.34842449426651
17.435920000076294,1.4414530469975257,1.4120317697525024,0.6440375447273254,0.4116578996181488
17.4389865398407,1.4462057292889585,1.4135576486587524,0.7094987630844116,0.4902723729610443
17.442053079605103,1.4511381989931547,1.4150835275650024,0.9260242581367493,0.4099488854408264
17.445119619369507,1.4562431324595788,1.4166094064712524,0.9572442173957825,0.41934844851493835
17.448254585266113,1.4616323605097075,1.418898344039917,1.143556833267212,0.42404821515083313
17.451321840286255,1.4670639353170059,1.421187162399292,1.1969329118728638,0.5795681476593018
17.45438313484192,1.4726334137015822,1.4238574504852295,1.5786221027374268,0.6393835544586182
17.457451581954956,1.4783564572796457,1.4265278577804565,1.3469901084899902,0.45267415046691895
17.460517644882202,1.48420711706612,1.4295796155929565,1.554451823234558,0.5167620182037354
17.46358370780945,1.490181102067339,1.4326313734054565,1.6994736194610596,0.504371702671051
17.46665120124817,1.4962724109211434,1.4360647201538086,1.8142824172973633,0.5167620182037354
17.469717741012573,1.5024672925652558,1.439497947692871,1.992538332939148,0.4569466710090637
17.472787141799927,1.508764336921204,1.4433127641677856,1.993545413017273,0.46762797236442566
17.475853443145752,1.5151419575781195,1.4475089311599731,2.1788508892059326,0.5188983082771301
17.478920221328735,1.521598007563969,1.4513237476348877,2.363149404525757,0.42319372296333313
17.48198676109314,1.528121404716073,1.4555199146270752,2.111375570297241,0.5573510527610779
17.485053300857544,1.5347029622227748,1.4600976705551147,2.3470358848571777,0.47061875462532043
17.48811960220337,1.5413323908009595,1.4650568962097168,2.7458457946777344,0.43686580657958984
17.491185903549194,1.5480003582845434,1.4696345329284668,2.6592354774475098,0.42233920097351074
17.49425506591797,1.5547032242960084,1.4745937585830688,2.881803512573242,0.42233920097351074
17.497331857681274,1.5614415380950477,1.4795528650283813,2.871732711791992,0.38901349902153015
17.500385761260986,1.5681383984553683,1.4845120906829834,3.026825428009033,0.3838864862918854
17.503458499908447,1.5748752840517026,1.4902342557907104,3.003662109375,0.45438316464424133
17.506535291671753,1.5816097245814609,1.4955748319625854,3.0902724266052246,0.46890974044799805
17.509605407714844,1.5883082296341937,1.50091552734375,3.1114213466644287,0.43643853068351746
17.512672424316406,1.5949687460082351,1.506637692451477,3.154726505279541,0.30740824341773987
17.51574158668518,1.6015927705444275,1.512359857559204,3.1990387439727783,0.37277790904045105
17.51881194114685,1.6081683210526256,1.5180819034576416,3.2322728633880615,0.20230410993099213
17.521878004074097,1.614673969649512,1.5238040685653687,3.0429389476776123,0.30911725759506226
17.52494716644287,1.6211157551996558,1.5299077033996582,3.300755262374878,0.48343634605407715
17.52802324295044,1.6274917219139167,1.5360113382339478,3.185946464538574,0.3937132954597473
17.531092405319214,1.633763727514939,1.5421148538589478,3.141634225845337,0.38687723875045776
17.534159421920776,1.6399325894133088,1.5478370189666748,3.135591745376587,0.34329748153686523
17.537227630615234,1.6459958963440977,1.5539406538009644,3.43570613861084,0.29629969596862793
17.54029631614685,1.6519431328708467,1.560044288635254,3.2121310234069824,0.35867857933044434
17.543362617492676,1.657760033582683,1.566147804260254,3.4246280193328857,0.505226194858551
17.54638123512268,1.6633553317909748,1.5722514390945435,3.180911064147949,0.4103761315345764
17.549447059631348,1.668896621141708,1.578355073928833,3.3924009799957275,0.27750056982040405
17.552513599395752,1.6742883598418499,1.5844587087631226,3.3450675010681152,0.19589532911777496
17.555580615997314,1.6795220335223628,1.590562343597412,3.2524147033691406,0.24972915649414062
17.558646202087402,1.6845866952554898,1.5962843894958496,3.2463722229003906,0.27450981736183167
17.56171226501465,1.6894780553193491,1.6023880243301392,3.276585102081299,0.3142443001270294
17.564778327941895,1.6941880524249373,1.6081101894378662,3.1084001064300537,0.29587242007255554
17.567846059799194,1.6987121041339135,1.6138323545455933,3.175875425338745,0.24246585369110107
17.57091236114502,1.7030389021646613,1.6199358701705933,3.2504005432128906,0.21683070063591003
17.573979139328003,1.707164802763861,1.6256580352783203,3.1094071865081787,0.27707332372665405
17.577045679092407,1.7110826943280206,1.6309987306594849,3.009704828262329,0.30740824341773987
17.580111980438232,1.7147868087423421,1.636720895767212,2.838498592376709,0.2394750863313675
17.583178758621216,1.7182724844847244,1.642061471939087,2.972442150115967,0.3168078064918518
17.58624505996704,1.7215334630807768,1.647020697593689,2.6199588775634766,0.18222324550151825
17.5893132686615,1.7245672763673345,1.652742862701416,2.872739791870117,0.12198062241077423
17.59238290786743,1.7273685664637815,1.6577019691467285,2.724696636199951,0.061310749500989914
17.59545922279358,1.7299370091565556,1.662279725074768,2.533348560333252,0.10959029197692871
17.598528623580933,1.7322574665401542,1.6672388315200806,2.3168230056762695,0.2394750863313675
17.601594924926758,1.7343305586541369,1.6718165874481201,2.542412519454956,0.14633402228355408
17.604662895202637,1.7361565990408558,1.6763943433761597,2.4648661613464355,0.2980087101459503
17.607741832733154,1.7377368560192297,1.6805905103683472,2.393362283706665,0.16385138034820557
17.610815286636353,1.739059857497444,1.6847867965698242,2.1909360885620117,0.2057221382856369
17.61388897895813,1.740126742910984,1.6886014938354492,2.080155611038208,0.13778896629810333
17.616955041885376,1.740934120276057,1.6924163103103638,1.9512474536895752,0.18094147741794586
17.620021104812622,1.7414837573127522,1.6958495378494263,2.113389730453491,0.14547951519489288
17.623088121414185,1.741774888442889,1.6992828845977783,1.8666514158248901,0.1903410404920578
17.62615704536438,1.7418068093842736,1.7023346424102783,1.6481117010116577,0.251865416765213
17.629233360290527,1.7415783498614974,1.7053864002227783,1.5937285423278809,0.23093003034591675
17.63230276107788,1.7410908514102432,1.7080568075180054,1.3328908681869507,0.3048447370529175
17.635370016098022,1.7403454296812015,1.7107270956039429,1.3238269090652466,0.1429159939289093
17.638442754745483,1.7393409200621874,1.7130159139633179,1.4084229469299316,0.1574425846338272
17.64150905609131,1.7380828304288454,1.71492338180542,1.3288624286651611,0.14505226910114288
17.644575119018555,1.7365713206141815,1.7168307304382324,1.0086060762405396,0.19589532911777496
17.647642135620117,1.7348079591466252,1.7183566093444824,0.8746623992919922,0.10702677816152573
17.650708436965942,1.732796293896258,1.7198824882507324,0.8263218402862549,0.09677271544933319
17.65377712249756,1.7305370793194141,1.72102689743042,0.546349287033081,0.11514458060264587
17.656843662261963,1.728036975748767,1.7221713066101074,0.5131151080131531,0.09164568781852722
17.659910440444946,1.725297979044003,1.72255277633667,0.3157244324684143,0.09378194808959961
17.66297721862793,1.722324341656721,1.7233158349990845,-0.00553902518004179,0.07583733648061752
17.666043996810913,1.7191204794816863,1.723697304725647,-0.04481574892997742,0.10959029197692871
17.66911005973816,1.715691976010287,1.723697304725647,-0.0317235067486763,0.09848172962665558
17.672175884246826,1.7120434918369716,1.7233158349990845,-0.29658961296081543,0.05874723568558693
17.67524290084839,1.7081786405117871,1.7233158349990845,-0.15458914637565613,0.048493172973394394
17.678312301635742,1.704101291541165,1.72255277633667,-0.15156786143779755,-0.05661097168922424
17.68138360977173,1.6998177095706821,1.721789836883545,-0.38722819089889526,-0.095490962266922
17.684452772140503,1.6953399417270487,1.72102689743042,-0.48592355847358704,-0.1433432549238205
17.687525987625122,1.6906654378830916,1.7198824882507324,-0.7135271430015564,-0.14761577546596527
17.690592765808105,1.6858173174348268,1.7183566093444824,-0.8817120790481567,-0.19375905394554138
17.693661212921143,1.6807904049700528,1.7168307304382324,-0.8867475390434265,-0.1741054356098175
17.696738719940186,1.675579179821174,1.71492338180542,-1.0650033950805664,-0.1894865334033966
17.699811458587646,1.6702144666273115,1.7126344442367554,-1.2724651098251343,-0.17965972423553467
17.702880382537842,1.6647032602910725,1.7099641561508179,-1.3077133893966675,-0.12069886177778244
17.705957412719727,1.6590320705199857,1.7072938680648804,-1.5312886238098145,-0.10489051789045334
17.709030628204346,1.653231015786407,1.7046234607696533,-1.682352900505066,-0.12155336886644363
17.71209955215454,1.6473101696087387,1.7011902332305908,-1.7216296195983887,-0.10147249698638916
17.715166807174683,1.641273644739677,1.6981383562088013,-1.677317500114441,-0.09677271544933319
17.718233585357666,1.635128185980031,1.6943236589431763,-1.920027494430542,-0.10189975053071976
17.721302270889282,1.6288780758112897,1.6905088424682617,-2.1556878089904785,-0.1108720526099205
17.724382162094116,1.6225130824358232,1.6866941452026367,-2.1617302894592285,-0.0942092016339302
17.727458477020264,1.6160729138859262,1.6824978590011597,-2.1325244903564453,-0.04293888807296753
17.730528831481934,1.6095725377878505,1.6783016920089722,-2.1939573287963867,0.025848783552646637
17.733596086502075,1.6030158824119194,1.6737239360809326,-2.5031356811523438,-0.045075152069330215
17.73666214942932,1.5964087384656627,1.6691462993621826,-2.520256280899048,0.007049668114632368
17.739728450775146,1.5897578578368186,1.6641870737075806,-2.4588234424591064,-0.03994812071323395
17.742796659469604,1.5830694597965058,1.659609317779541,-2.7539024353027344,-0.021576257422566414
17.745864391326904,1.5763586550423117,1.654268741607666,-2.82842755317688,-0.054901961237192154
17.74893093109131,1.5696369926103306,1.649309515953064,-2.83044171333313,-0.10617227107286453
17.751997232437134,1.562912371611253,1.6439688205718994,-2.7619593143463135,-0.008331426419317722
17.75506353378296,1.5561942528957697,1.6386282444000244,-2.7569236755371094,0.03781185671687126
17.758129119873047,1.549494170418752,1.6329060792922974,-3.0650949478149414,-0.02883955091238022
17.761195421218872,1.5428189446968803,1.6275653839111328,-3.011718988418579,-0.05362020432949066
17.764262914657593,1.5361774783401045,1.6218433380126953,-2.873746871948242,-0.09036392718553543
17.76733112335205,1.5295807078717285,1.6161211729049683,-3.124513626098633,-0.01516746822744608
17.7703800201416,1.5230809649565236,1.6103990077972412,-3.155733585357666,0.043793391436338425
17.773446321487427,1.5166095845167575,1.6042953729629517,-3.3903868198394775,0.10061798989772797
17.776512384414673,1.5102139394511844,1.5985733270645142,-3.285648822784424,0.049774929881095886
17.779578924179077,1.5039020426969467,1.5924696922302246,-3.4095215797424316,0.04251163452863693
17.78264546394348,1.4976842668108223,1.586366057395935,-3.2473793029785156,0.06216525658965111
17.785712242126465,1.4915693727127715,1.5802624225616455,-3.2020599842071533,0.05404745414853096
17.78877854347229,1.4855678523948586,1.574158787727356,-3.3380179405212402,0.07241931557655334
17.791844606399536,1.4796881086538167,1.568055272102356,-3.2211947441101074,0.13095292448997498
17.79491353034973,1.4739330959856927,1.5619516372680664,-3.17084002494812,0.08780041337013245
17.797991037368774,1.46830141259733,1.5554665327072144,-3.3400321006774902,0.09762722253799438
17.801064252853394,1.462825302348883,1.5497443675994873,-3.16882586479187,0.08310063183307648
17.80413269996643,1.45751310919901,1.5436408519744873,-3.146669626235962,0.1732509285211563
17.807209491729736,1.4523503440953587,1.5375372171401978,-3.446784257888794,0.15402457118034363
17.810285806655884,1.4473601456594611,1.5314335823059082,-3.3944151401519775,0.2839093506336212
17.813355922698975,1.4425586667859482,1.5253299474716187,-3.334996461868286,0.1279621571302414
17.816380977630615,1.438009195343327,1.5196079015731812,-3.2232089042663574,0.13907071948051453
17.81944727897644,1.4335883591460756,1.5135042667388916,-3.154726505279541,0.12967117130756378
17.822513341903687,1.4293663339880562,1.508163571357727,-3.032867908477783,0.2061493843793869
17.825582027435303,1.4253456885253561,1.50244140625,-3.2040741443634033,0.17026016116142273
17.828657388687134,1.4215280448799268,1.497100830078125,-2.7619593143463135,0.18179598450660706
17.83172607421875,1.4179356513132415,1.491378664970398,-2.7468528747558594,0.24161134660243988
17.834792613983154,1.41456760844072,1.486419439315796,-2.811306953430176,0.14505226910114288
17.8378586769104,1.411426799331649,1.481078863143921,-2.9049668312072754,0.14676126837730408
17.840925216674805,1.4085169106055384,1.4761196374893188,-2.683405876159668,0.19290456175804138
17.84399127960205,1.4058431663191933,1.4711604118347168,-2.5776607990264893,0.20016784965991974
17.847057104110718,1.4034092444493569,1.4662013053894043,-2.512199640274048,0.21597619354724884
17.8501238822937,1.4012178967631157,1.4616235494613647,-2.4769513607025146,0.3035629689693451
17.853190422058105,1.39927331355361,1.4570459127426147,-2.4759440422058105,0.3150987923145294
17.85625672340393,1.3975783242691968,1.4528496265411377,-2.229205846786499,0.13864347338676453
17.859325408935547,1.3961342609775846,1.4486533403396606,-2.1859006881713867,0.24203860759735107
17.862380266189575,1.394949473064219,1.4448386430740356,-1.9653468132019043,0.2535744309425354
17.86544680595398,1.3940155607886338,1.4406423568725586,-1.9985809326171875,0.32449835538864136
17.868512868881226,1.3933390121938332,1.437209129333496,-1.9633325338363647,0.1574425846338272
17.87157940864563,1.3929206213991543,1.434157371520996,-1.8918287754058838,0.24631112813949585
17.874645471572876,1.3927611395320412,1.430724024772644,-1.7518424987792969,0.22922103106975555
17.8777117729187,1.3928607359725207,1.427672266960144,-1.6873884201049805,0.3185168206691742
17.880779027938843,1.39321943708727,1.425001859664917,-1.5645227432250977,0.24118410050868988
17.883845329284668,1.3938364873376272,1.4223315715789795,-1.2090181112289429,0.22879377007484436
17.886918306350708,1.39471322601399,1.4200427532196045,-1.3077133893966675,0.2668192684650421
17.889984607696533,1.3958445427762132,1.41775381565094,-1.1495994329452515,0.2706645429134369
17.89305329322815,1.3972315589132598,1.415464997291565,-1.3520256280899048,0.3488517701625824
17.896130561828613,1.3988763710764274,1.413939118385315,-0.8676127195358276,0.29202717542648315
17.899203538894653,1.4007701780299375,1.412413239479065,-0.8363927602767944,0.2984359562397003
17.90227174758911,1.402908758728252,1.410887360572815,-0.5946898460388184,0.21469444036483765
17.905348300933838,1.4052984900738137,1.4101243019104004,-0.6490730047225952,0.2381933331489563
17.908380270004272,1.4078904703064024,1.4093613624572754,-0.2734264135360718,0.2676737606525421
17.911446809768677,1.4107473327724136,1.408979892730713,-0.21602196991443634,0.24972915649414062
17.914520502090454,1.413844104531601,1.4085984230041504,-0.14552529156208038,0.24631112813949585
17.91758680343628,1.4171615101250528,1.4085984230041504,-0.010574501939117908,0.22793926298618317
17.920653343200684,1.420702076661633,1.4085984230041504,-0.052872512489557266,0.30826276540756226
17.923721313476562,1.4244621011272482,1.408979892730713,0.30867475271224976,0.32364386320114136
17.92679786682129,1.4284458008122873,1.4093613624572754,0.32478827238082886,0.27450981736183167
17.929866790771484,1.4326263608536467,1.4101243019104004,0.32277408242225647,0.39072251319885254
17.932933807373047,1.437004398172969,1.410887360572815,0.6490730047225952,0.42020294070243835
17.936000108718872,1.4415748568877762,1.4120317697525024,0.583611786365509,0.5436789393424988
17.939066648483276,1.446332326798529,1.4135576486587524,0.844449520111084,0.5120622515678406
17.942133903503418,1.4512705680851152,1.4150835275650024,0.9864500164985657,0.4590829312801361
17.945199966430664,1.4563791382137907,1.416990876197815,1.1193865537643433,0.40653085708618164
17.948267221450806,1.461654420482178,1.418898344039917,1.2684366703033447,0.4898451268672943
17.951332807540894,1.4670836284230928,1.421187162399292,1.2785077095031738,0.5274433493614197
17.95438027381897,1.472628141890383,1.4238574504852295,1.5151751041412354,0.7004806399345398
17.957446336746216,1.478346559035562,1.4265278577804565,1.552437663078308,0.4949721395969391
17.960512161254883,1.4841965405086814,1.4295796155929565,1.8162965774536133,0.5564965009689331
17.96357822418213,1.4901703128065669,1.4326313734054565,1.7186083793640137,0.5573510527610779
17.966646432876587,1.496262857826057,1.4360647201538086,2.075120210647583,0.5620508193969727
17.969714164733887,1.5024600100705412,1.439497947692871,1.9482260942459106,0.45481041073799133
17.972781658172607,1.5087530065165606,1.4433127641677856,2.1667659282684326,0.48386359214782715
17.97584819793701,1.515130979212986,1.4475089311599731,2.1204395294189453,0.3603875935077667
17.978914499282837,1.5215858955742934,1.4513237476348877,2.353078603744507,0.2706645429134369
17.98198103904724,1.5281091751187377,1.4559013843536377,2.3248798847198486,0.3984130620956421
17.98504662513733,1.5346885783513597,1.4600976705551147,2.4417028427124023,0.4458380937576294
17.988112449645996,1.5413168780913369,1.4646753072738647,2.6592354774475098,0.5120622515678406
17.99117875099182,1.5479847671767673,1.4696345329284668,2.5998167991638184,0.4894178807735443
17.994247913360596,1.5546875778951808,1.4745937585830688,2.7941863536834717,0.5077897310256958
17.997324228286743,1.5614248143920197,1.4795528650283813,2.8918745517730713,0.4466926157474518
18.000383853912354,1.5681342152206188,1.4845120906829834,2.9150378704071045,0.4881361126899719
18.003455638885498,1.57486901504655,1.489852786064148,2.9230945110321045,0.4479743540287018
18.006531715393066,1.5816019073460514,1.4955748319625854,3.0570383071899414,0.34415197372436523
18.00960898399353,1.5883160161992065,1.50091552734375,3.037903308868408,0.4291752576828003
18.012675762176514,1.5949759741013854,1.506637692451477,2.8888533115386963,0.4603646993637085
18.01574468612671,1.6015994357857226,1.512359857559204,3.0550241470336914,0.35867857933044434
18.018812656402588,1.6081698461526603,1.5180819034576416,3.294712781906128,0.23520256578922272
18.021881341934204,1.6146810154235143,1.5241855382919312,3.2483863830566406,0.37448692321777344
18.02495241165161,1.6211266984232853,1.5295262336730957,3.127534866333008,0.382177472114563
18.028028964996338,1.6275035014644859,1.5356298685073853,3.033874988555908,0.4757457971572876
18.031097888946533,1.6337748478942773,1.5417333841323853,3.17285418510437,0.4308842718601227
18.034164428710938,1.6399425741161096,1.5478370189666748,3.2191805839538574,0.34799724817276
18.037230730056763,1.6460019637280383,1.5539406538009644,3.194003105163574,0.3941405415534973
18.04029679298401,1.6519440474467684,1.560044288635254,3.274570941925049,0.3941405415534973
18.043363094329834,1.657760927939465,1.566147804260254,3.473975658416748,0.2830548584461212
18.046383380889893,1.6633592609613077,1.5722514390945435,3.3662164211273193,0.3180895745754242
18.049450397491455,1.6689025734167453,1.578355073928833,3.319890022277832,0.37106889486312866
18.052516222000122,1.6742929041646994,1.5844587087631226,3.2413365840911865,0.287754625082016
18.055582523345947,1.6795252372243605,1.590562343597412,3.2282445430755615,0.2535744309425354
18.058648347854614,1.6845901801887395,1.596665859222412,3.3813228607177734,0.2394750863313675
18.061713933944702,1.6894806690612163,1.6023880243301392,3.1134355068206787,0.27750056982040405
18.064780950546265,1.6941920015461551,1.6081101894378662,3.0711376667022705,0.3817501962184906
18.067850589752197,1.6987186417807216,1.6138323545455933,3.133577585220337,0.21554894745349884
18.070916891098022,1.7030451467598482,1.6199358701705933,3.126527786254883,0.22537575662136078
18.073983430862427,1.7071704322518715,1.6256580352783203,2.9029526710510254,0.2048676311969757
18.077049732208252,1.7110877326631209,1.6313802003860474,2.9512932300567627,0.1886320263147354
18.080116510391235,1.7147921202929448,1.636720895767212,2.9341726303100586,0.27835509181022644
18.08318257331848,1.7182766816612904,1.642061471939087,2.7680017948150635,0.3975585699081421
18.08624839782715,1.721536888942226,1.6474021673202515,2.969420909881592,0.3629510998725891
18.089314460754395,1.7245684099456844,1.6523613929748535,2.683405876159668,0.21811245381832123
18.092382431030273,1.7273681497035063,1.6577019691467285,2.7821011543273926,0.13565270602703094
18.095458030700684,1.7299360607017986,1.662279725074768,2.7398030757904053,0.2501564025878906
18.09853196144104,1.7322598569706784,1.6672388315200806,2.5897459983825684,0.1728236824274063
18.101598978042603,1.7343331354502733,1.6718165874481201,2.5776607990264893,0.11471732705831528
18.10466742515564,1.7361591103187606,1.6763943433761597,2.236255407333374,0.17026016116142273
18.107743978500366,1.7377378686194875,1.6805905103683472,2.3409934043884277,0.14077973365783691
18.11081337928772,1.7390591157187267,1.6847867965698242,2.054978370666504,0.1749599426984787
18.11388087272644,1.7401242676818174,1.6886014938354492,2.100297451019287,0.1108720526099205
18.116946935653687,1.7409323250552764,1.6924163103103638,1.8807507753372192,0.13223467767238617
18.120012998580933,1.7414826447650436,1.6958495378494263,1.784069538116455,0.1570153385400772
18.1230788230896,1.7417743973372457,1.6992828845977783,1.7739986181259155,0.12283512949943542
18.126147031784058,1.741807127319268,1.7023346424102783,1.6742961406707764,0.21939422190189362
18.129223585128784,1.7415794885375548,1.7053864002227783,1.5071183443069458,0.21512168645858765
18.132296085357666,1.7410921925516718,1.7080568075180054,1.4245364665985107,0.2736552953720093
18.135364770889282,1.7403469241959693,1.7107270956039429,1.5907073020935059,0.15402457118034363
18.13844132423401,1.7393414475183127,1.7130159139633179,1.245273470878601,0.1595788449048996
18.141509532928467,1.7380826150138922,1.71492338180542,0.966308057308197,0.15274280309677124
18.144580841064453,1.7365682641009077,1.7168307304382324,1.0196841955184937,0.1424887478351593
18.147650480270386,1.7348028207844417,1.7183566093444824,0.8343786001205444,0.1433432549238205
18.15071678161621,1.732790482667299,1.7198824882507324,0.7759670615196228,0.11685358732938766
18.153783321380615,1.730532268761725,1.72102689743042,0.48491644859313965,0.19974060356616974
18.15684962272644,1.7280318826072048,1.7221713066101074,0.4093843102455139,0.09121843427419662
18.159916162490845,1.7252926479521116,1.722934365272522,0.4627603590488434,0.11599908769130707
18.162983655929565,1.722317856123362,1.722934365272522,-0.010574501939117908,0.11941710859537125
18.16605019569397,1.7191137735218265,1.7233158349990845,0.24119935929775238,0.1266804039478302
18.169116735458374,1.715684268922326,1.723697304725647,-0.03474479168653488,0.08822766691446304
18.1721830368042,1.712034726592293,1.7233158349990845,-0.2502632141113281,0.12155336886644363
18.175251722335815,1.7081672196364386,1.7233158349990845,-0.0629434660077095,0.016876477748155594
18.17833161354065,1.704074987108377,1.72255277633667,-0.1445181965827942,0.004058899823576212
18.18138289451599,1.6998187303762426,1.721789836883545,-0.32378119230270386,-0.13095292448997498
18.184449195861816,1.6953452715044266,1.72102689743042,-0.5252002477645874,-0.10830853879451752
18.18752121925354,1.6906728351468208,1.7198824882507324,-0.7598535418510437,-0.0963454619050026
18.190587759017944,1.6858253778635008,1.7183566093444824,-0.7084916234016418,-0.13266193866729736
18.193657398223877,1.6807967607608885,1.7168307304382324,-0.9602655172348022,-0.22879377007484436
18.19673442840576,1.675586561381439,1.71492338180542,-1.0448615550994873,-0.1762416958808899
18.199808597564697,1.6702195343292683,1.7126344442367554,-1.0498969554901123,-0.12283512949943542
18.202878713607788,1.6647062974931883,1.7099641561508179,-1.4325932264328003,-0.037384603172540665
18.205954551696777,1.6590374086232835,1.7072938680648804,-1.3731746673583984,-0.10275425016880035
18.209027767181396,1.653236477258679,1.7046234607696533,-1.5262531042099,-0.05105668678879738
18.212095499038696,1.6473180696788903,1.7011902332305908,-1.7911192178726196,-0.0472114123404026
18.2151620388031,1.6412831167905817,1.6977568864822388,-1.9693751335144043,-0.09292744100093842
18.218228578567505,1.6351383035933726,1.6943236589431763,-1.995559573173523,-0.0942092016339302
18.221296072006226,1.628890796768463,1.6905088424682617,-2.1415884494781494,-0.051483940333127975
18.224364280700684,1.6225502846304396,1.6866941452026367,-2.0358433723449707,-0.0792553573846817
18.22744631767273,1.6160985189587391,1.6824978590011597,-2.201007127761841,-0.02713054046034813
18.23051381111145,1.6096044991565257,1.6783016920089722,-2.410482883453369,-0.016449226066470146
18.233579635620117,1.603051198594191,1.6737239360809326,-2.4739298820495605,-0.0117494473233819
18.236645936965942,1.5964437974839112,1.6691462993621826,-2.528313159942627,-0.04293888807296753
18.239712953567505,1.5897915638424986,1.664568543434143,-2.55751895904541,0.013885710388422012
18.242780208587646,1.5831053925612912,1.6592278480529785,-2.7508811950683594,-0.04635690897703171
18.24584650993347,1.5763978201481803,1.654268741607666,-2.846555233001709,-0.07113756239414215
18.248915910720825,1.5696699329543944,1.6496909856796265,-2.7267110347747803,-0.013031205162405968
18.251983404159546,1.562942690932076,1.6439688205718994,-3.125520706176758,0.005767910275608301
18.25504970550537,1.5562245204926584,1.639009714126587,-2.7790799140930176,-0.004486152436584234
18.258116483688354,1.5495217404190704,1.6332875490188599,-3.031860828399658,0.00021362630650401115
18.261183261871338,1.5428453499333534,1.6275653839111328,-3.0479743480682373,0.012603952549397945
18.2642502784729,1.5362047490237205,1.6218433380126953,-3.1063859462738037,-0.012176699936389923
18.267317295074463,1.5296103208052554,1.6161211729049683,-2.982513189315796,-0.022858014330267906
18.270386457443237,1.5230673070033418,1.6103990077972412,-3.3561456203460693,0.018585488200187683
18.27345585823059,1.5165895697896215,1.6042953729629517,-3.3662164211273193,0.0792553573846817
18.276521921157837,1.510194173590836,1.5981918573379517,-3.2524147033691406,0.05703822523355484
18.279588222503662,1.5038830422669545,1.5924696922302246,-3.3561456203460693,0.018585488200187683
18.282654762268066,1.4976655658861953,1.586366057395935,-3.2534217834472656,0.0019226367585361004
18.285720348358154,1.49155335462213,1.5802624225616455,-3.314854621887207,0.016876477748155594
18.2887864112854,1.4855526053920136,1.574158787727356,-3.326939821243286,0.08780041337013245
18.291852235794067,1.4796736364811127,1.5676738023757935,-3.4155642986297607,0.1416342407464981
18.294920921325684,1.4739194002133627,1.5619516372680664,-3.3843443393707275,0.05874723568558693
18.29799771308899,1.468289354263692,1.5558480024337769,-3.1114213466644287,0.054901961237192154
18.301065683364868,1.4628227889946837,1.5497443675994873,-3.276585102081299,0.07284656912088394
18.3041353225708,1.4575086375586888,1.5436408519744873,-3.305790901184082,0.1117265596985817
18.30721354484558,1.4523436547322024,1.5375372171401978,-3.2534217834472656,0.22879377007484436
18.31029176712036,1.4473506485648457,1.5314335823059082,-3.3631951808929443,0.16726939380168915
18.313363075256348,1.4425476946335511,1.5257114171981812,-3.2222018241882324,0.11941710859537125
18.316442489624023,1.4379186016124965,1.5196079015731812,-3.0489814281463623,0.049774929881095886
18.319515705108643,1.4334919461374431,1.513885736465454,-3.194003105163574,0.16171512007713318
18.322582006454468,1.4292741025907065,1.508163571357727,-3.034882068634033,0.14932478964328766
18.325651168823242,1.425257507662277,1.5028228759765625,-2.9009385108947754,0.17880521714687347
18.32872772216797,1.4214432603507823,1.497100830078125,-3.009704828262329,0.24332036077976227
18.331802129745483,1.4178494148070768,1.4917601346969604,-2.851590871810913,0.18692301213741302
18.334868907928467,1.4144866842868349,1.486419439315796,-2.988555669784546,0.19803158938884735
18.33793592453003,1.4113506375351714,1.481078863143921,-2.7418172359466553,0.19504082202911377
18.341001749038696,1.4084472858082795,1.4761196374893188,-2.827420473098755,0.1253986358642578
18.344067811965942,1.4057794764404012,1.4711604118347168,-2.6199588775634766,0.19760432839393616
18.34713387489319,1.4033514041609594,1.4662013053894043,-2.678370237350464,0.29159989953041077
18.350199937820435,1.4011666730110965,1.4616235494613647,-2.722682476043701,0.2693827748298645
18.353268146514893,1.3992272564726862,1.4570459127426147,-2.5716183185577393,0.18008697032928467
18.35633945465088,1.3975360722555583,1.4528496265411377,-2.2956740856170654,0.1745326966047287
18.35938334465027,1.39610943909213,1.4486533403396606,-2.1859006881713867,0.20144960284233093
18.362452507019043,1.394924522881905,1.4444571733474731,-2.2624399662017822,0.2531471848487854
18.365519046783447,1.3939966570608142,1.441023826599121,-1.9703822135925293,0.3146715462207794
18.368587970733643,1.3933256768686724,1.437209129333496,-1.8807507753372192,0.24930189549922943
18.371657133102417,1.392913379326667,1.4337759017944336,-1.8646372556686401,0.3774776756763458
18.374725341796875,1.3927604470152013,1.430724024772644,-1.8233462572097778,0.251865416765213
18.37779474258423,1.3928670306957114,1.427672266960144,-1.626962661743164,0.21982146799564362
18.380861282348633,1.393232619763055,1.4246203899383545,-1.60984206199646,0.29373615980148315
18.38393521308899,1.3938584654173873,1.4223315715789795,-1.4154726266860962,0.2839093506336212
18.387004375457764,1.394741493530191,1.4200427532196045,-1.1052871942520142,0.24759289622306824
18.39007306098938,1.3958809637550504,1.4173723459243774,-1.2321813106536865,0.20187686383724213
18.393141984939575,1.397275417223362,1.415464997291565,-1.0629892349243164,0.3531242907047272
18.39621877670288,1.398927247722145,1.413939118385315,-0.9441519975662231,0.2548561692237854
18.399288177490234,1.4008258661822632,1.412413239479065,-0.8545204997062683,0.25998321175575256
18.40235686302185,1.4029715839571995,1.410887360572815,-0.6802929639816284,0.2578469514846802
18.405382871627808,1.4053267255959139,1.4101243019104004,-0.3791714310646057,0.21213091909885406
18.408459424972534,1.4079612547159042,1.4093613624572754,-0.5080796480178833,0.2587014436721802
18.411531448364258,1.4108295006625489,1.408979892730713,-0.16466011106967926,0.21084916591644287
18.414597749710083,1.4139249008948434,1.4085984230041504,-0.2552987039089203,0.2065766453742981
18.417664527893066,1.417248517407023,1.408216953277588,-0.304646372795105,0.19504082202911377
18.420730590820312,1.4207940984677676,1.4085984230041504,0.27846190333366394,0.2403295934200287
18.42379856109619,1.4245595375400977,1.408979892730713,0.35701534152030945,0.3330434262752533
18.42687463760376,1.428547887077547,1.4093613624572754,0.3026321828365326,0.3629510998725891
18.429943561553955,1.4327335338257432,1.4101243019104004,0.48592355847358704,0.38815900683403015
18.43301033973694,1.4371161471485492,1.410887360572815,0.4325474798679352,0.4445563554763794
18.436079025268555,1.4416949787031434,1.4120317697525024,0.6682078242301941,0.5159075260162354
18.43914794921875,1.446460933528874,1.4135576486587524,0.9612725973129272,0.4941176474094391
18.442217588424683,1.4514077489216075,1.4150835275650024,1.0660104751586914,0.4919813871383667
18.445287227630615,1.4565269758051753,1.416990876197815,1.2583657503128052,0.5197528004646301
18.4483540058136,1.4618059986447474,1.418898344039917,1.2523231506347656,0.6218661665916443
18.451380014419556,1.467168416125293,1.421187162399292,1.2785077095031738,0.5616235733032227
18.45444631576538,1.4727498640391719,1.4238574504852295,1.5282673835754395,0.48258182406425476
18.457512617111206,1.478471665243351,1.4265278577804565,1.4789196252822876,0.538979172706604
18.460578680038452,1.4843248653715386,1.4295796155929565,1.7760127782821655,0.4753185212612152
18.463645458221436,1.4903026237911254,1.4326313734054565,1.7588921785354614,0.48642709851264954
18.46671152114868,1.4963932795781962,1.4360647201538086,1.9814603328704834,0.3958495557308197
18.46977734565735,1.502588686741058,1.439497947692871,1.9562828540802002,0.46976426243782043
18.472843408584595,1.5088806127720578,1.4433127641677856,2.112382650375366,0.4607919454574585
18.47590923309326,1.5152587414735017,1.4475089311599731,2.4678874015808105,0.3368886709213257
18.478975534439087,1.5217151023018594,1.4517052173614502,2.4578163623809814,0.4291752576828003
18.48204207420349,1.5282396345890261,1.4559013843536377,2.407461643218994,0.43857482075691223
18.485108137130737,1.534821124122522,1.4600976705551147,2.372213363647461,0.40183109045028687
18.4881751537323,1.541452879975831,1.4650568962097168,2.4860150814056396,0.41806668043136597
18.491241216659546,1.5481209347715037,1.4696345329284668,2.5967955589294434,0.40695810317993164
18.49431324005127,1.5548304854557617,1.4742122888565063,2.537376880645752,0.4167849123477936
18.49738121032715,1.5615497208413827,1.4795528650283813,2.9351797103881836,0.3608148396015167
18.50044894218445,1.568276967817146,1.484893560409546,2.9603569507598877,0.4590829312801361
18.503527402877808,1.5750262596130828,1.4902342557907104,2.9261157512664795,0.43643853068351746
18.50661063194275,1.581774400928332,1.4955748319625854,2.851590871810913,0.45481041073799133
18.50968360900879,1.5884784861449592,1.50091552734375,2.876768112182617,0.3774776756763458
18.512754201889038,1.595145820241789,1.506637692451477,3.015747308731079,0.3544060289859772
18.515825510025024,1.601773226366689,1.512359857559204,3.127534866333008,0.3766231834888458
18.51889181137085,1.6083386034569638,1.518463373184204,3.1164567470550537,0.2360570728778839
18.521957874298096,1.6148425420597272,1.5241855382919312,3.274570941925049,0.4129396378993988
18.52502679824829,1.6212818680301053,1.5299077033996582,3.186953544616699,0.4108033776283264
18.528103828430176,1.627657588547587,1.5360113382339478,3.1033647060394287,0.45310139656066895
18.53117823600769,1.6339377493986889,1.5421148538589478,3.3924009799957275,0.4155031740665436
18.534250736236572,1.640114646132405,1.5482184886932373,3.4085144996643066,0.3488517701625824
18.537322521209717,1.6461815974667564,1.5543221235275269,3.3752803802490234,0.34329748153686523
18.540379762649536,1.6521031373525135,1.5604257583618164,3.456855058670044,0.26297399401664734
18.543445110321045,1.6579147089502668,1.566147804260254,3.294712781906128,0.29587242007255554
18.546510934829712,1.6635927027224018,1.572632908821106,3.162783145904541,0.39029526710510254
18.549577236175537,1.6691286273042258,1.578355073928833,3.288670063018799,0.34415197372436523
18.552643299102783,1.6745129579235425,1.5844587087631226,3.291691541671753,0.3343251645565033
18.55570936203003,1.6797381386081338,1.590562343597412,3.2695353031158447,0.1882047802209854
18.558775186538696,1.684796026858359,1.596665859222412,3.145662546157837,0.31039902567863464
18.56184196472168,1.689681020111102,1.6023880243301392,3.2302587032318115,0.28006407618522644
18.564908504486084,1.6943839059889572,1.6084916591644287,3.121492385864258,0.29544517397880554
18.567976236343384,1.6988998056539917,1.6142138242721558,3.0892653465270996,0.32535287737846375
18.57104253768921,1.7032181767224448,1.6199358701705933,3.2644999027252197,0.10446326434612274
18.574108839035034,1.7073347586930174,1.6256580352783203,2.847562313079834,0.221530482172966
18.57717490196228,1.7112431445992258,1.6313802003860474,3.012726068496704,0.22580300271511078
18.580241680145264,1.7149386976937093,1.636720895767212,2.9110093116760254,0.2540016770362854
18.583308219909668,1.7184147321916723,1.642061471939087,2.7337605953216553,0.27579155564308167
18.58638286590576,1.7216746764754487,1.6474021673202515,2.855619192123413,0.31039902567863464
18.589452028274536,1.7246989877768726,1.652742862701416,3.1073930263519287,0.21853971481323242
18.592522621154785,1.7274904296069782,1.658083438873291,2.813321113586426,0.22922103106975555
18.59559988975525,1.7300486705010223,1.6626611948013306,2.5746395587921143,0.17111466825008392
18.598676681518555,1.7323632200585362,1.667620301246643,2.554497480392456,0.2886091470718384
18.601744413375854,1.7344253101663483,1.6721980571746826,2.4527809619903564,0.15658807754516602
18.60481333732605,1.7362397071753424,1.6767758131027222,2.6471502780914307,0.16940565407276154
18.607890129089355,1.737806546229672,1.6805905103683472,2.22114896774292,0.16940565407276154
18.610963582992554,1.739117228665608,1.6847867965698242,2.385305643081665,0.21084916591644287
18.61403465270996,1.7401709185064818,1.6886014938354492,1.936141014099121,0.21298542618751526
18.617101669311523,1.7409662815738418,1.6924163103103638,1.8817578554153442,0.14505226910114288
18.620168447494507,1.741503664475924,1.6962310075759888,1.924055814743042,0.20444037020206451
18.623234510421753,1.7417823062233193,1.6992828845977783,1.8263676166534424,0.1920500546693802
18.62631058692932,1.7418015883560583,1.7023346424102783,1.4980545043945312,0.20273137092590332
18.6293842792511,1.741560436094039,1.7053864002227783,1.5000686645507812,0.16684214770793915
18.6324565410614,1.7410596186758027,1.7080568075180054,1.527260184288025,0.23221179842948914
18.635523080825806,1.7403014859550976,1.7107270956039429,1.3550468683242798,0.1429159939289093
18.638588905334473,1.7392867386553112,1.7130159139633179,1.2684366703033447,0.20401312410831451
18.64165472984314,1.7380167359692473,1.7153048515319824,1.4738842248916626,0.14932478964328766
18.644723176956177,1.7364919517099449,1.717212200164795,1.1244220733642578,0.13394369184970856
18.647794008255005,1.7347141527005878,1.718738079071045,0.9562371373176575,0.16214236617088318
18.65086054801941,1.7326900777887033,1.7198824882507324,0.5050583481788635,0.13138018548488617
18.653927087783813,1.7304204230038194,1.72102689743042,0.583611786365509,0.11557183414697647
18.65699577331543,1.7279067167002982,1.7221713066101074,0.6943923234939575,0.18692301213741302
18.660064458847046,1.725154198962292,1.722934365272522,0.22005034983158112,0.07241931557655334
18.663130283355713,1.7221698554536513,1.7233158349990845,0.37111467123031616,0.13565270602703094
18.666197299957275,1.7189543656933783,1.723697304725647,-0.06193637102842331,0.14889752864837646
18.669264316558838,1.7155136205933115,1.723697304725647,0.1918516755104065,0.07412832975387573
18.67233157157898,1.7118524375017616,1.7233158349990845,-0.2230716347694397,0.018158236518502235
18.6753830909729,1.7079969364240488,1.722934365272522,-0.11833371222019196,0.015594720840454102
18.678451776504517,1.7039111341391096,1.72255277633667,-0.2230716347694397,-0.11728084087371826
18.68152618408203,1.6996140153359274,1.721789836883545,-0.5574273467063904,-0.04635690897703171
18.684592247009277,1.6951318787960257,1.72102689743042,-0.6067749857902527,-0.10959029197692871
18.687658071517944,1.6904603576910107,1.7198824882507324,-0.6238956451416016,-0.15445181727409363
18.690727949142456,1.685599508611457,1.7183566093444824,-0.9411306977272034,-0.15060654282569885
18.69379997253418,1.6805590359061573,1.71644926071167,-0.9078965187072754,-0.2689555287361145
18.696876049041748,1.6753428037242437,1.7145417928695679,-1.1798123121261597,-0.2540016770362854
18.699944496154785,1.6699786716737473,1.7122529745101929,-1.2724651098251343,-0.10403601080179214
18.703012704849243,1.6644623172963835,1.7099641561508179,-1.4476996660232544,-0.025848783552646637
18.70608901977539,1.6587863896927122,1.7072938680648804,-1.453742265701294,-0.1433432549238205
18.70915937423706,1.6529851346695241,1.7042419910430908,-1.7397574186325073,-0.11642633378505707
18.712225914001465,1.6470637692907928,1.7011902332305908,-1.834424376487732,-0.07113756239414215
18.715293407440186,1.6410220647451,1.6977568864822388,-2.059006690979004,-0.05661097168922424
18.71836256980896,1.6348674445343216,1.6943236589431763,-1.9260700941085815,-0.08523689955472946
18.72144341468811,1.6285883284280036,1.6905088424682617,-1.9693751335144043,-0.10318150371313095
18.724512100219727,1.6222426628608466,1.6863126754760742,-2.1496453285217285,-0.04635690897703171
18.727588891983032,1.6157982154351689,1.6824978590011597,-2.2664682865142822,-0.03952086716890335
18.730658531188965,1.609296491365895,1.6779202222824097,-2.3279011249542236,0.0314030684530735
18.733725547790527,1.6027379062515212,1.6737239360809326,-2.251361846923828,-0.00961318425834179
18.73679232597351,1.5961271914861606,1.6687648296356201,-2.372213363647461,-0.009185931645333767
18.739858150482178,1.5894757312157415,1.6641870737075806,-2.7468528747558594,0.014740215614438057
18.742923736572266,1.582791869602968,1.6592278480529785,-2.877775192260742,-0.046784162521362305
18.74599051475525,1.5760823976074034,1.6538872718811035,-2.817349433898926,-0.11386281996965408
18.74905776977539,1.5693588264899834,1.649309515953064,-2.7528953552246094,-0.01773098297417164
18.752124786376953,1.5626327083689608,1.6439688205718994,-2.9472649097442627,0.0079041738063097
18.755191564559937,1.5559140327315586,1.6386282444000244,-2.9170520305633545,0.01516746822744608
18.758257389068604,1.5492143344249985,1.6329060792922974,-2.9452505111694336,0.027985045686364174
18.761324167251587,1.542539395015621,1.6275653839111328,-2.992584228515625,-0.02713054046034813
18.76438069343567,1.5359233328145536,1.6218433380126953,-2.9049668312072754,-0.05661097168922424
18.767446994781494,1.529332616746597,1.6161211729049683,-3.2423439025878906,-0.03610284626483917
18.77051329612732,1.522798253882699,1.6100175380706787,-3.16479754447937,-0.019439993426203728
18.773580074310303,1.5163289445861954,1.6042953729629517,-3.3772945404052734,0.06771954149007797
18.776646375656128,1.509936304397243,1.5981918573379517,-3.273563861846924,0.02713054046034813
18.77971315383911,1.5036278385006672,1.592088222503662,-3.3762874603271484,0.07071030884981155
18.782780408859253,1.4974129569649581,1.5859845876693726,-3.2514076232910156,0.02371251955628395
18.7858464717865,1.491304233320749,1.579880952835083,-3.033874988555908,0.0638742670416832
18.788912534713745,1.4853083004853733,1.5737773180007935,-3.2383153438568115,0.09250018745660782
18.79197859764099,1.4794340583539447,1.5676738023757935,-3.2040741443634033,0.11941710859537125
18.795047521591187,1.473684930046888,1.561570167541504,-3.2191805839538574,0.20956741273403168
18.798124074935913,1.4680612387397198,1.5554665327072144,-3.3490958213806152,0.06643778085708618
18.80119228363037,1.4626004909408599,1.5493628978729248,-3.3591668605804443,0.045502401888370514
18.804265022277832,1.4572876434817168,1.5432593822479248,-3.448798418045044,0.10403601080179214
18.807347297668457,1.4521230731397894,1.5371557474136353,-3.292698621749878,0.1899137794971466
18.810383796691895,1.4472040988587813,1.5310521125793457,-3.281620502471924,0.18051423132419586
18.813459634780884,1.442399669248436,1.5249484777450562,-3.2000458240509033,0.14804303646087646
18.816526889801025,1.4377944243945067,1.519226312637329,-3.195010185241699,0.0950637087225914
18.81959295272827,1.4333832224621383,1.5135042667388916,-3.167818784713745,0.18265049159526825
18.822659015655518,1.4291707847702453,1.5077821016311646,-3.0751659870147705,0.1429159939289093
18.825727701187134,1.4251600256008339,1.50244140625,-2.9301443099975586,0.24588388204574585
18.82880449295044,1.4213508459352568,1.4967193603515625,-2.714625835418701,0.1446250081062317
18.83187699317932,1.417764663284756,1.491378664970398,-2.831448793411255,0.14847028255462646
18.834943771362305,1.4144074139904188,1.4860379695892334,-2.7579309940338135,0.19504082202911377
18.83801293373108,1.4112748570703952,1.4806973934173584,-2.7619593143463135,0.221530482172966
18.841082334518433,1.4083741325159298,1.4757381677627563,-2.6058595180511475,0.2236667424440384
18.84414839744568,1.4057125750437585,1.4707789421081543,-2.553490400314331,0.30740824341773987
18.84721612930298,1.40328960174245,1.4662013053894043,-2.39839768409729,0.26297399401664734
18.850284814834595,1.4011096871162498,1.4616235494613647,-2.4396886825561523,0.21170367300510406
18.853355884552002,1.399175458303303,1.4570459127426147,-2.4920575618743896,0.2390478402376175
18.856382608413696,1.3975141058307727,1.4528496265411377,-2.255390167236328,0.2403295934200287
18.85944962501526,1.3960811533176518,1.4486533403396606,-2.1728084087371826,0.20230410993099213
18.862515926361084,1.3949027365108784,1.4444571733474731,-2.1526665687561035,0.2211032211780548
18.865582704544067,1.3939801176905189,1.441023826599121,-2.0217440128326416,0.23178453743457794
18.868652820587158,1.393314286585333,1.437209129333496,-1.909956455230713,0.24374762177467346
18.871721267700195,1.3929075287718167,1.4337759017944336,-1.8253605365753174,0.30569925904273987
18.874791145324707,1.3927600085615985,1.430724024772644,-1.7155871391296387,0.34372472763061523
18.877857208251953,1.3928718949420897,1.4272907972335815,-1.61185622215271,0.18735027313232422
18.88092350959778,1.3932427163055945,1.4246203899383545,-1.5494163036346436,0.2057221382856369
18.883989334106445,1.3938718056299864,1.421950101852417,-1.4084229469299316,0.2719462811946869
18.887056350708008,1.3947586614179333,1.419661283493042,-1.2553445100784302,0.3189440667629242
18.890122652053833,1.3959014757181083,1.41775381565094,-1.0368047952651978,0.286472886800766
18.89319109916687,1.3972997952122936,1.415464997291565,-0.9904783964157104,0.30783551931381226
18.89626717567444,1.3989552490257726,1.4135576486587524,-1.013641595840454,0.2723735272884369
18.89933681488037,1.4008579524652045,1.412413239479065,-0.8031586408615112,0.2681010067462921
18.902382850646973,1.4029908033537668,1.410887360572815,-0.6772716641426086,0.22452124953269958
18.905457258224487,1.4053875842920374,1.4101243019104004,-0.5252002477645874,0.1762416958808899
18.90853476524353,1.4080287742604214,1.4093613624572754,-0.4637674391269684,0.2736552953720093
18.91160535812378,1.410901397673134,1.4085984230041504,-0.3993133306503296,0.19375905394554138
18.914673566818237,1.4140043415583448,1.4085984230041504,-0.03474479168653488,0.2236667424440384
18.917741060256958,1.417334330083108,1.408216953277588,0.09214923530817032,0.3044174909591675
18.920806884765625,1.420885119702205,1.4085984230041504,0.14955367147922516,0.2723735272884369
18.92387318611145,1.4246537936530155,1.408979892730713,0.24925611913204193,0.3633783459663391
18.926942348480225,1.4286380330692512,1.4093613624572754,0.3831998109817505,0.3958495557308197
18.93001961708069,1.4328398317818825,1.4101243019104004,0.3157244324684143,0.40567636489868164
18.93309235572815,1.4372360367111974,1.410887360572815,0.5252002477645874,0.4278934895992279
18.936158895492554,1.4418166779089567,1.4120317697525024,0.6732432842254639,0.502662718296051
18.93922519683838,1.4465832456287302,1.4135576486587524,0.8293430805206299,0.41892117261886597
18.942291736602783,1.4515294037005293,1.4150835275650024,0.9078965187072754,0.40866711735725403
18.94536066055298,1.4566514887899396,1.416990876197815,1.0448615550994873,0.3535515367984772
18.9484384059906,1.46195353290917,1.4192798137664795,1.3641108274459839,0.4953994154930115
18.951504230499268,1.467391687376884,1.4215686321258545,1.1868619918823242,0.6039215922355652
18.954570531845093,1.4729789834911908,1.4238574504852295,1.4154726266860962,0.572732150554657
18.957637071609497,1.4787067433043084,1.426909327507019,1.678324580192566,0.46591898798942566
18.960702896118164,1.4845646522401608,1.4295796155929565,1.7457998991012573,0.442420095205307
18.963770389556885,1.4905486241110966,1.4326313734054565,1.6702678203582764,0.45438316464424133
18.96683692932129,1.4966447020336504,1.4360647201538086,1.8263676166534424,0.5082169771194458
18.969903707504272,1.5028461623615716,1.4398794174194336,2.100297451019287,0.5996490716934204
18.972970485687256,1.5091433261895106,1.4436942338943481,2.400412082672119,0.5013809204101562
18.976037740707397,1.5155278409012045,1.4475089311599731,2.378255844116211,0.5180438160896301
18.97910475730896,1.5219887455518388,1.4517052173614502,2.1798582077026367,0.5342794060707092
18.982171297073364,1.5285159174638612,1.4559013843536377,2.229205846786499,0.46549171209335327
18.98523736000061,1.5350996360873117,1.4604791402816772,2.6108949184417725,0.505653440952301
18.988303661346436,1.541731656311257,1.4650568962097168,2.4910504817962646,0.3680781126022339
18.99137020111084,1.5484021425484373,1.4700160026550293,2.376241683959961,0.37021440267562866
18.994454622268677,1.5551397994245888,1.4745937585830688,2.6149232387542725,0.3800412118434906
18.997533082962036,1.5618826447077911,1.4799343347549438,2.868711471557617,0.32535287737846375
19.000605583190918,1.5686205123909918,1.4852750301361084,2.816342353820801,0.37448692321777344
19.003674268722534,1.575348042700457,1.4902342557907104,2.829434633255005,0.3941405415534973
19.006757497787476,1.5820953781287488,1.495956301689148,3.192996025085449,0.4800183176994324
19.009827852249146,1.5887924725605715,1.5012969970703125,3.019775629043579,0.5013809204101562
19.012895584106445,1.5954518878333355,1.5070191621780396,2.990569829940796,0.4249027371406555
19.015963077545166,1.6020689473238137,1.5127413272857666,3.123506546020508,0.37277790904045105
19.01902937889099,1.6086317987976453,1.518463373184204,3.2211947441101074,0.21683070063591003
19.022096157073975,1.6151342854134465,1.5245670080184937,3.3460745811462402,0.3625238537788391
19.02516508102417,1.6215701988834972,1.5302891731262207,3.274570941925049,0.42319372296333313
19.028241872787476,1.6279415770932002,1.5363928079605103,3.182925224304199,0.4001220762729645
19.03131651878357,1.6342179548242342,1.5424963235855103,3.17889666557312,0.38602274656295776
19.034383058547974,1.640378291791777,1.5482184886932373,3.2584574222564697,0.3035629689693451
19.03745436668396,1.6464394331156242,1.5543221235275269,3.2040741443634033,0.3185168206691742
19.040520191192627,1.6523721914228526,1.5604257583618164,3.3370108604431152,0.3505607545375824
19.043586492538452,1.6581795762908826,1.566529393196106,3.3490958213806152,0.3338979184627533
19.046653032302856,1.6638524698364543,1.5730143785476685,3.309819221496582,0.34329748153686523
19.049720287322998,1.6693832648337092,1.5787365436553955,3.2685282230377197,0.42105746269226074
19.052786827087402,1.6747611701062888,1.584840178489685,3.4226138591766357,0.2702372670173645
19.055853605270386,1.6799799067141512,1.5909438133239746,3.276585102081299,0.33731594681739807
19.058919191360474,1.6850293705904795,1.5970473289489746,3.303776502609253,0.18777751922607422
19.06198501586914,1.6899045012750444,1.6027694940567017,3.2342870235443115,0.22580300271511078
19.065051317214966,1.694598379741988,1.6084916591644287,3.2070953845977783,0.2659647464752197
19.068118572235107,1.6991046366546179,1.6145952939987183,3.161776065826416,0.2578469514846802
19.071184873580933,1.7034137804022935,1.6203173398971558,2.9502861499786377,0.28134584426879883
19.074251413345337,1.7075211559936903,1.6260395050048828,2.852597951889038,0.20315861701965332
19.077317476272583,1.7114197322980775,1.6317616701126099,3.192996025085449,0.23135729134082794
19.080382347106934,1.7151029868221122,1.6371023654937744,3.1154496669769287,0.20230410993099213
19.083449125289917,1.7185690997006133,1.6424429416656494,2.8938887119293213,0.2681010067462921
19.08651566505432,1.721810321239726,1.647783637046814,2.853605031967163,0.2646830081939697
19.089588165283203,1.724827744685126,1.6531243324279785,2.7750515937805176,0.29373615980148315
19.092658042907715,1.7276080782348573,1.658083438873291,2.666285276412964,0.23520256578922272
19.095725297927856,1.7301477906362193,1.663042664527893,2.535362720489502,0.15487907826900482
19.09879231452942,1.732445415996115,1.667620301246643,2.841519832611084,0.2685282528400421
19.101858139038086,1.734496998850168,1.6721980571746826,2.6300296783447266,0.2065766453742981
19.104926586151123,1.7363018704276167,1.6767758131027222,2.361135244369507,0.2501564025878906
19.108004093170166,1.7378596999912108,1.6809719800949097,2.353078603744507,0.2373388260602951
19.111076831817627,1.7391606392206276,1.6847867965698242,2.2594187259674072,0.2360570728778839
19.11414408683777,1.740203723364095,1.6889829635620117,2.103318929672241,0.16726939380168915
19.117210865020752,1.7409898495325278,1.6927977800369263,1.9875028133392334,0.13949798047542572
19.12027668952942,1.7415179082988537,1.6962310075759888,1.848523736000061,0.1570153385400772
19.123342990875244,1.7417874221979035,1.6996643543243408,1.9321125745773315,0.13736172020435333
19.126383066177368,1.7417988980499612,1.7027161121368408,1.7216296195983887,0.1736781895160675
19.12946105003357,1.7415510830396796,1.7053864002227783,1.6027923822402954,0.22537575662136078
19.132530212402344,1.7410444261066984,1.7084382772445679,1.4889906644821167,0.24075685441493988
19.13559603691101,1.7402803155525586,1.7107270956039429,1.3490043878555298,0.1578698456287384
19.138662099838257,1.7392593857197016,1.7130159139633179,1.1858549118041992,0.191195547580719
19.141731023788452,1.7379818919203573,1.7153048515319824,1.1677271127700806,0.1279621571302414
19.144799947738647,1.7364505668578418,1.7168307304382324,0.9572442173957825,0.15188831090927124
19.14786720275879,1.7346687252123043,1.7183566093444824,0.8011444211006165,0.11984435468912125
19.150933027267456,1.7326392543742124,1.7198824882507324,0.6772716641426086,0.1275349110364914
19.15399932861328,1.730364020891012,1.7214083671569824,0.6702220439910889,0.13565270602703094
19.157066106796265,1.7278462887666404,1.7221713066101074,0.6601510643959045,0.12411688268184662
19.16013240814209,1.7250905785483799,1.722934365272522,0.35600823163986206,0.15402457118034363
19.1631977558136,1.7221015743970143,1.7233158349990845,0.4728313088417053,0.042084380984306335
19.166263818740845,1.718882113191937,1.723697304725647,0.12034790217876434,0.1429159939289093
19.169330596923828,1.715436814547249,1.723697304725647,-0.01258869282901287,0.08480964601039886
19.172385215759277,1.7117864789315411,1.7233158349990845,-0.10222018510103226,0.027985045686364174
19.175454139709473,1.7079046815269854,1.722934365272522,-0.03978027030825615,0.03311207890510559
19.17852020263672,1.7038176897522384,1.72255277633667,-0.2865186631679535,-0.048493172973394394
19.181586980819702,1.6995270265377092,1.721789836883545,-0.5614557266235352,-0.029694056138396263
19.184653282165527,1.6950407054674352,1.72102689743042,-0.5241931676864624,-0.11941710859537125
19.187721729278564,1.6903613981910472,1.71950101852417,-0.6390020847320557,-0.13437095284461975
19.190789222717285,1.6855006714941831,1.7183566093444824,-0.7850309014320374,-0.16556039452552795
19.19385528564453,1.6804667102714068,1.7168307304382324,-0.8766765594482422,-0.1437705010175705
19.1969256401062,1.6752573665706885,1.7145417928695679,-1.2462806701660156,-0.13907071948051453
19.199992179870605,1.6698940874505945,1.7122529745101929,-1.155642032623291,-0.12283512949943542
19.203059911727905,1.6643762941981735,1.7099641561508179,-1.2905927896499634,-0.1288166642189026
19.206135749816895,1.6586990949579856,1.7069122791290283,-1.5302815437316895,-0.08822766691446304
19.209203243255615,1.6529013016878482,1.7042419910430908,-1.8626229763031006,-0.08993667364120483
19.21226930618286,1.6469791099253153,1.7011902332305908,-1.7427786588668823,-0.09848172962665558
19.215335607528687,1.6409381632468827,1.6977568864822388,-1.9875028133392334,-0.06472877413034439
19.218383073806763,1.634825979430085,1.6939421892166138,-1.7891050577163696,-0.07669184356927872
19.221453428268433,1.6285677646895322,1.6905088424682617,-2.0157015323638916,-0.08438239246606827
19.22452211380005,1.6222218170976381,1.6863126754760742,-2.057999610900879,-0.07113756239414215
19.227597951889038,1.6157791273309543,1.6821163892745972,-2.354085683822632,-0.06643778085708618
19.23066735267639,1.6092777120887631,1.6779202222824097,-2.3359580039978027,0.0117494473233819
19.233733892440796,1.602719985593266,1.6733424663543701,-2.4558022022247314,0.0023498893715441227
19.23680067062378,1.5961091409631698,1.6691462993621826,-2.534355640411377,-0.05746547505259514
19.2398681640625,1.5894539469209925,1.663805603981018,-2.9230945110321045,-0.026276035234332085
19.24294137954712,1.5827533267355138,1.6592278480529785,-2.5786678791046143,-0.09121843427419662
19.24600863456726,1.5760427066182643,1.654268741607666,-2.716639995574951,-0.08480964601039886
19.249075889587402,1.5693190880277381,1.649309515953064,-2.553490400314331,-0.03866636008024216
19.252142429351807,1.5625940269027954,1.643587350845337,-3.125520706176758,0.04635690897703171
19.255208730697632,1.5558764635362006,1.6386282444000244,-2.715632915496826,0.03439383581280708
19.25827980041504,1.549165445946956,1.6329060792922974,-2.9593498706817627,0.004058899823576212
19.261350393295288,1.5424824576297007,1.6275653839111328,-3.0963149070739746,-0.011322194710373878
19.26438069343567,1.5359233328145525,1.6218433380126953,-2.966399669647217,-0.07241931557655334
19.267446756362915,1.5293331271397126,1.6161211729049683,-2.835477113723755,-0.04635690897703171
19.27051305770874,1.522798759515821,1.6100175380706787,-3.0439460277557373,0.01773098297417164
19.273579835891724,1.5163294447077698,1.6039139032363892,-3.3994507789611816,0.09677271544933319
19.27664613723755,1.5099367982656116,1.5981918573379517,-3.312840461730957,0.048493172973394394
19.279712677001953,1.5036288122629369,1.592088222503662,-3.5051956176757812,0.024139773100614548
19.282779455184937,1.497414873644902,1.5859845876693726,-3.285648822784424,0.03353932872414589
19.285845518112183,1.4913061163202785,1.579880952835083,-3.148684024810791,0.01516746822744608
19.28891134262085,1.4853106086423857,1.5737773180007935,-3.17688250541687,0.08950942009687424
19.291977643966675,1.4794358656618587,1.5676738023757935,-3.321904420852661,0.11642633378505707
19.29504370689392,1.4736919916024573,1.561570167541504,-3.147676706314087,0.05746547505259514
19.298110246658325,1.4680861901433664,1.5558480024337769,-3.132570266723633,0.09250018745660782
19.30117630958557,1.4626285252519922,1.5493628978729248,-3.5092241764068604,0.03994812071323395
19.304245233535767,1.4573213424513705,1.5432593822479248,-3.189974784851074,0.06985580176115036
19.30732560157776,1.452158831663187,1.5371557474136353,-3.3460745811462402,0.2360570728778839
19.310383796691895,1.4472040988587804,1.5314335823059082,-3.127534866333008,0.19974060356616974
19.313454389572144,1.4424077054124083,1.5253299474716187,-3.0983290672302246,0.10574502497911453
19.316521406173706,1.4378024879826037,1.519226312637329,-3.1134355068206787,0.1112993061542511
19.319587469100952,1.4333909363412474,1.5135042667388916,-3.034882068634033,0.1728236824274063
19.322654008865356,1.4291774980974734,1.5077821016311646,-3.121492385864258,0.21469444036483765
19.32572340965271,1.4251654884063039,1.50244140625,-2.981506109237671,0.2732280492782593
19.328800916671753,1.4213551479389528,1.4967193603515625,-2.990569829940796,0.1283894032239914
19.33186912536621,1.4177735640700058,1.491378664970398,-2.8928816318511963,0.14847028255462646
19.334935426712036,1.414416243152278,1.4860379695892334,-2.5897459983825684,0.1920500546693802
19.338001251220703,1.4112863437784666,1.481078863143921,-2.809292793273926,0.1728236824274063
19.34106731414795,1.4083877552421908,1.4757381677627563,-2.7478599548339844,0.14761577546596527
19.344133377075195,1.4057250322686985,1.4707789421081543,-2.7951934337615967,0.20914015173912048
19.34719967842102,1.4033019482104858,1.4662013053894043,-2.691462516784668,0.3001449704170227
19.350265979766846,1.401122316543267,1.4612420797348022,-2.56154727935791,0.24887464940547943
19.353331804275513,1.3991896543037337,1.4570459127426147,-2.4296176433563232,0.22580300271511078
19.356382369995117,1.3975142270550822,1.4528496265411377,-2.3097734451293945,0.1595788449048996
19.359448671340942,1.3960815594650653,1.4486533403396606,-2.256397247314453,0.21341268718242645
19.362521648406982,1.394900776208117,1.4444571733474731,-2.203021287918091,0.16299687325954437
19.365588665008545,1.3939785747385256,1.4406423568725586,-1.923048734664917,0.21683070063591003
19.36865520477295,1.3933138700268506,1.437209129333496,-1.839459776878357,0.1600061058998108
19.371720790863037,1.392907571852425,1.4337759017944336,-1.990524172782898,0.2360570728778839
19.37478733062744,1.3927600307205408,1.430724024772644,-1.764934778213501,0.2668192684650421
19.377853393554688,1.3928715948076276,1.4272907972335815,-1.7447928190231323,0.29245442152023315
19.38092041015625,1.3932422108941427,1.4246203899383545,-1.6168917417526245,0.30655375123023987
19.383987426757812,1.393871334126644,1.4223315715789795,-1.240238070487976,0.2668192684650421
19.387053966522217,1.3947578722894187,1.4200427532196045,-1.2795147895812988,0.191195547580719
19.390120029449463,1.3959003892838344,1.41775381565094,-1.013641595840454,0.2668192684650421
19.393186569213867,1.3972975440460782,1.415464997291565,-0.9804074168205261,0.40354010462760925
19.396252632141113,1.3989468282960962,1.413939118385315,-0.7568322420120239,0.2702372670173645
19.399319648742676,1.4008466207947738,1.412413239479065,-0.771938681602478,0.251438170671463
19.402379989624023,1.4029886865985097,1.4112688302993774,-0.7145342230796814,0.3364614248275757
19.40544867515564,1.405380554913719,1.4101243019104004,-0.4103913903236389,0.3163805603981018
19.408524751663208,1.408019791916475,1.4093613624572754,-0.329823762178421,0.21554894745349884
19.411593198776245,1.4108895601820788,1.408979892730713,-0.08409246802330017,0.2659647464752197
19.414660215377808,1.413990341911393,1.4085984230041504,-0.021652551367878914,0.2369115799665451
19.41772723197937,1.4173188147201525,1.4085984230041504,-0.0005035477224737406,0.22793926298618317
19.420794010162354,1.4208697504280017,1.4085984230041504,0.1606317162513733,0.2540016770362854
19.42386031150818,1.4246375232590356,1.408979892730713,0.2683909237384796,0.31039902567863464
19.426929712295532,1.428621202428832,1.4093613624572754,0.24220645427703857,0.35825130343437195
19.430007219314575,1.432822495834543,1.4101243019104004,0.3983062505722046,0.4603646993637085
19.43307590484619,1.4372119780153425,1.4112688302993774,0.6641794443130493,0.4133669137954712
19.436142444610596,1.4417916011651584,1.412413239479065,0.7598535418510437,0.4936904013156891
19.439208984375,1.4465575657531415,1.4135576486587524,0.7709315419197083,0.3988403081893921
19.442277908325195,1.4515067080437616,1.4150835275650024,0.9381093978881836,0.5073624849319458
19.445348739624023,1.456631269234445,1.416990876197815,1.089173674583435,0.3497062623500824
19.448381185531616,1.4618534967336816,1.4192798137664795,1.0589609146118164,0.37491416931152344
19.451447248458862,1.4672892351877682,1.4215686321258545,1.3600823879241943,0.5295796394348145
19.45451331138611,1.472873410441146,1.424238920211792,1.5040971040725708,0.4915541410446167
19.457579374313354,1.4785977337795422,1.426909327507019,1.5725795030593872,0.5184710621833801
19.460644960403442,1.484452787949168,1.4295796155929565,1.8072327375411987,0.6791180372238159
19.463711738586426,1.490433111818758,1.433012843132019,1.5856717824935913,0.5787136554718018
19.466777801513672,1.4965261387489461,1.4360647201538086,2.05195689201355,0.5599145293235779
19.469844102859497,1.502724691310285,1.4398794174194336,1.7115586996078491,0.4625009596347809
19.472909688949585,1.509017619239252,1.4436942338943481,1.992538332939148,0.2706645429134369
19.475975513458252,1.5153975179697212,1.4475089311599731,2.2634470462799072,0.48599985241889954
19.479042053222656,1.5218559479772065,1.4517052173614502,2.2825818061828613,0.43900206685066223
19.48210883140564,1.5283823509372365,1.4559013843536377,2.410482883453369,0.5060807466506958
19.485174894332886,1.5349649941974628,1.4604791402816772,2.3420004844665527,0.48343634605407715
19.48824143409729,1.541596656062008,1.4650568962097168,2.664271116256714,0.47104600071907043
19.491307258605957,1.5482649110658788,1.4700160026550293,2.725703716278076,0.5778591632843018
19.494383335113525,1.5549838335625614,1.4745937585830688,2.5746395587921143,0.37491416931152344
19.497453212738037,1.561707556624691,1.4799343347549438,2.9069809913635254,0.3450064957141876
19.500526428222656,1.5684469105176584,1.4852750301361084,2.5907530784606934,0.3048447370529175
19.503594875335693,1.575174095115584,1.4902342557907104,2.851590871810913,0.4155031740665436
19.506672143936157,1.5819088422507612,1.4955748319625854,2.876768112182617,0.32620736956596375
19.509743213653564,1.588608241095599,1.5012969970703125,2.9140305519104004,0.41806668043136597
19.512810945510864,1.5952686708022126,1.506637692451477,3.149691104888916,0.4159304201602936
19.515878677368164,1.601887529400414,1.512359857559204,3.16479754447937,0.3672236204147339
19.518951654434204,1.6084661610965805,1.518463373184204,3.3762874603271484,0.3633783459663391
19.52201747894287,1.614968311163466,1.5241855382919312,3.142641305923462,0.5167620182037354
19.52508544921875,1.6214041800417303,1.5302891731262207,3.2433509826660156,0.3770504295825958
19.528162002563477,1.6277772881264096,1.5360113382339478,3.0932936668395996,0.3642328381538391
19.5312340259552,1.6340508220598113,1.5421148538589478,3.3470816612243652,0.4159304201602936
19.534301280975342,1.6402153778300113,1.5482184886932373,3.280613422393799,0.32193484902381897
19.537370204925537,1.6462748722837053,1.5543221235275269,3.3813228607177734,0.3967040479183197
19.540446758270264,1.6522315306091802,1.5604257583618164,3.464911937713623,0.3351796865463257
19.54351305961609,1.6580420418243256,1.566529393196106,3.4044861793518066,0.4304569959640503
19.546579360961914,1.6637178303009668,1.572632908821106,3.2695353031158447,0.4633554518222809
19.54964566230774,1.6692504700311912,1.5787365436553955,3.195010185241699,0.30698099732398987
19.552714109420776,1.6746354584065568,1.584840178489685,3.3541314601898193,0.2557106912136078
19.555782318115234,1.6798604675443336,1.5909438133239746,3.3853514194488525,0.35568779706954956
19.5588481426239,1.6849142921856088,1.596665859222412,3.295719861984253,0.22623026371002197
19.561914682388306,1.6897946725049469,1.6027694940567017,3.177889585494995,0.24545662105083466
19.56498098373413,1.6944928053017299,1.6088731288909912,3.1164567470550537,0.2728008031845093
19.568047523498535,1.6990024453761035,1.6145952939987183,3.157747745513916,0.27878233790397644
19.57111382484436,1.7033161967811914,1.6203173398971558,3.273563861846924,0.1882047802209854
19.574180126190186,1.7074280135724362,1.6260395050048828,3.159761905670166,0.2693827748298645
19.57724642753601,1.7113317915405446,1.6313802003860474,3.0751659870147705,0.24460211396217346
19.58031392097473,1.7150231275653116,1.6371023654937744,2.8928816318511963,0.23221179842948914
19.583380937576294,1.7184944565144873,1.6424429416656494,2.675348997116089,0.2740825414657593
19.58644700050354,1.7217402390505532,1.647783637046814,3.016754388809204,0.26083773374557495
19.589512825012207,1.724756545622584,1.652742862701416,2.717647075653076,0.22623026371002197
19.592581510543823,1.727541647217059,1.658083438873291,2.5917601585388184,0.2211032211780548
19.595648050308228,1.730086783469844,1.6626611948013306,2.6028382778167725,0.14889752864837646
19.598780393600464,1.7324369583070576,1.6672388315200806,2.6189517974853516,0.22922103106975555
19.601847410202026,1.7344902503531423,1.6721980571746826,2.5051498413085938,0.29117265343666077
19.604916095733643,1.7362961265305221,1.6767758131027222,2.4840009212493896,0.2663919925689697
19.607993125915527,1.7378545999866752,1.6809719800949097,2.059006690979004,0.23263904452323914
19.61106777191162,1.7391571791845215,1.6847867965698242,2.1476309299468994,0.1745326966047287
19.61414098739624,1.7402027987497664,1.6889829635620117,2.196978807449341,0.1595788449048996
19.61721110343933,1.740989900633139,1.6924163103103638,1.8827649354934692,0.16855116188526154
19.620279788970947,1.7415183114144999,1.6962310075759888,2.0076446533203125,0.15146104991436005
19.623351097106934,1.7417877914697284,1.6992828845977783,1.8042114973068237,0.16385138034820557
19.62638282775879,1.741798907136968,1.7027161121368408,1.8142824172973633,0.2587014436721802
19.629459857940674,1.7415512295131002,1.7053864002227783,1.6330052614212036,0.1600061058998108
19.63253164291382,1.7410441296314352,1.7084382772445679,1.5061112642288208,0.1741054356098175
19.635600328445435,1.7402790657066198,1.7107270956039429,1.4819409847259521,0.20187686383724213
19.638660192489624,1.7392601003460733,1.7130159139633179,1.073060154914856,0.21683070063591003
19.641720294952393,1.737986801345769,1.71492338180542,1.3510185480117798,0.18136873841285706
19.644786596298218,1.7364577755337307,1.7168307304382324,1.0106202363967896,0.1604333519935608
19.64785361289978,1.734677170337913,1.7183566093444824,0.7689173817634583,0.1424887478351593
19.650920152664185,1.7326482922372173,1.7198824882507324,0.9099107384681702,0.1578698456287384
19.653990507125854,1.7303709154819633,1.72102689743042,0.6007324457168579,0.15017929673194885
19.65705704689026,1.7278540797421809,1.7221713066101074,0.5443350672721863,0.0634470134973526
19.660123109817505,1.7250992912955183,1.72255277633667,0.30968186259269714,0.09079118072986603
19.663188934326172,1.7221105079275207,1.7233158349990845,0.16264592111110687,0.12283512949943542
19.666255235671997,1.7188914420482215,1.723697304725647,0.04481574892997742,0.14505226910114288
19.669324159622192,1.7154442786341344,1.7233158349990845,-0.04582284390926361,0.10189975053071976
19.672382831573486,1.7117894118180805,1.7233158349990845,-0.03373769670724869,0.08139162510633469
19.67545199394226,1.707907469390552,1.722934365272522,-0.2069581151008606,0.048493172973394394
19.678518056869507,1.7038206215974834,1.72255277633667,-0.29356831312179565,-0.05874723568558693
19.681584358215332,1.6995307805889701,1.721789836883545,-0.2824902832508087,-0.0950637087225914
19.68464970588684,1.695046049727865,1.7206454277038574,-0.5403066873550415,-0.14505226910114288
19.687715768814087,1.6903706674045622,1.71950101852417,-0.6833142638206482,-0.1736781895160675
19.690784215927124,1.6855087503090094,1.7183566093444824,-0.8575417995452881,-0.15060654282569885
19.69385051727295,1.6804746715321783,1.71644926071167,-1.0488898754119873,-0.1736781895160675
19.696917295455933,1.67527174594975,1.7145417928695679,-1.0629892349243164,-0.1429159939289093
19.699983835220337,1.6699088923498602,1.7122529745101929,-1.3721675872802734,-0.13437095284461975
19.703051328659058,1.6643919373035498,1.7099641561508179,-1.3590753078460693,-0.06729228794574738
19.70612072944641,1.6587271574187925,1.7072938680648804,-1.4446784257888794,-0.14077973365783691
19.709197759628296,1.6529117822338737,1.7042419910430908,-1.5856717824935913,-0.11386281996965408
19.712268829345703,1.646980040376815,1.7008087635040283,-1.8032044172286987,-0.11001754552125931
19.715338706970215,1.6409320001732446,1.6973754167556763,-1.8928358554840088,-0.08651865273714066
19.718385457992554,1.6348211576153073,1.6939421892166138,-1.9593042135238647,-0.11728084087371826
19.721461534500122,1.6285511171429712,1.6905088424682617,-2.0539710521698,-0.12454413622617722
19.724529504776,1.6222064303811536,1.6863126754760742,-2.081162691116333,-0.0480659194290638
19.727606058120728,1.615762047968132,1.6821163892745972,-2.364156484603882,-0.06771954149007797
19.73067545890808,1.6092604550008276,1.6779202222824097,-2.4608376026153564,0.018585488200187683
19.733741760253906,1.6027030886158171,1.6733424663543701,-2.4860150814056396,-0.013031205162405968
19.73680806159973,1.5960931530924654,1.6687648296356201,-2.526298999786377,-0.019867246970534325
19.739874362945557,1.589440461229323,1.6641870737075806,-2.5736324787139893,-0.03012130968272686
19.742940187454224,1.582755931007278,1.6592278480529785,-2.712611675262451,-0.0625925064086914
19.746007204055786,1.5760458401339252,1.654268741607666,-2.7901580333709717,-0.08865492045879364
19.74907422065735,1.569322748153687,1.649309515953064,-2.836484432220459,-0.07327382266521454
19.752143383026123,1.5625919360192946,1.6439688205718994,-2.9150378704071045,0.03482108935713768
19.755209922790527,1.5558738545840067,1.6386282444000244,-2.827420473098755,-0.02670328877866268
19.758276224136353,1.549173247203527,1.6329060792922974,-2.9523003101348877,-0.043366141617298126
19.761342763900757,1.542499020955218,1.6275653839111328,-3.0862441062927246,-0.03994812071323395
19.764380931854248,1.535922818419433,1.6218433380126953,-3.132570266723633,-0.09378194808959961
19.76744818687439,1.529330064786122,1.6161211729049683,-3.018768548965454,-0.03823911026120186
19.770515203475952,1.5227942088320903,1.6100175380706787,-3.462897777557373,-0.029694056138396263
19.773581743240356,1.516325443747974,1.6042953729629517,-3.2443580627441406,0.11813534796237946
19.776647806167603,1.5099333411978342,1.5981918573379517,-3.2685282230377197,0.0792553573846817
19.779714584350586,1.5036249172275866,1.592088222503662,-3.167818784713745,0.05276569724082947
19.78278088569641,1.497411998628747,1.5859845876693726,-3.2222018241882324,0.05661097168922424
19.785846710205078,1.4913037625725694,1.579880952835083,-3.300755262374878,0.01602197252213955
19.788912773132324,1.4853078388561762,1.5737773180007935,-3.2393224239349365,0.09335469454526901
19.791979551315308,1.4794322510586544,1.5676738023757935,-3.125520706176758,0.10489051789045334
19.795045375823975,1.473688902145427,1.561570167541504,-3.3370108604431152,0.10745403170585632
19.79811191558838,1.4680831786080941,1.5554665327072144,-3.329961061477661,0.03866636008024216
19.801178455352783,1.4626247592037718,1.5493628978729248,-3.275578022003174,0.05831998214125633
19.804247617721558,1.4573172819741997,1.5432593822479248,-3.158754825592041,0.05661097168922424
19.80732488632202,1.4521600106613402,1.5371557474136353,-3.3762874603271484,0.14761577546596527
19.810383558273315,1.4472044783138087,1.5310521125793457,-3.316868782043457,0.20102235674858093
19.813462734222412,1.4423949208611306,1.5253299474716187,-3.128541946411133,0.13351644575595856
19.816533088684082,1.4377853097745137,1.519226312637329,-3.1043717861175537,0.10617227107286453
19.81960105895996,1.4333718205012629,1.5135042667388916,-3.0459601879119873,0.17837797105312347
19.822668313980103,1.4291583186131571,1.508163571357727,-3.033874988555908,0.20187686383724213
19.825737237930298,1.4251478875131063,1.50244140625,-2.972442150115967,0.16214236617088318
19.828813791275024,1.4213396621051213,1.4967193603515625,-3.0560312271118164,0.15487907826900482
19.831886291503906,1.4177541460593888,1.491378664970398,-3.010711908340454,0.20956741273403168
19.83495259284973,1.414398082132997,1.4860379695892334,-2.805264472961426,0.10189975053071976
19.838019132614136,1.4112687634478804,1.481078863143921,-2.6350653171539307,0.16470588743686676
19.84108543395996,1.4083713221818563,1.4761196374893188,-2.707576036453247,0.20871290564537048
19.844152688980103,1.405709016893952,1.4711604118347168,-3.003662109375,0.20230410993099213
19.84721875190735,1.4032876341126685,1.4662013053894043,-2.6098878383636475,0.21042190492153168
19.850285530090332,1.401109207701233,1.4612420797348022,-2.535362720489502,0.16427862644195557
19.85335421562195,1.3991764416880497,1.4570459127426147,-2.3399863243103027,0.22708477079868317
19.85638427734375,1.3975132573032758,1.4528496265411377,-2.3158159255981445,0.2574197053909302
19.859453201293945,1.3960796304838556,1.4486533403396606,-2.1556878089904785,0.22836652398109436
19.862526178359985,1.394899224933895,1.4444571733474731,-2.216113567352295,0.2681010067462921
19.86559271812439,1.3939775260865634,1.441023826599121,-2.0036163330078125,0.21213091909885406
19.868659496307373,1.3933131206151286,1.437209129333496,-1.8666514158248901,0.1899137794971466
19.871726274490356,1.3929070768034615,1.4337759017944336,-1.8757152557373047,0.2856183648109436
19.87479281425476,1.3927599989931778,1.430724024772644,-1.5927214622497559,0.31253528594970703
19.877859354019165,1.3928720639438614,1.427672266960144,-1.7055160999298096,0.26297399401664734
19.88092803955078,1.3932434554588187,1.425001859664917,-1.4638131856918335,0.24246585369110107
19.883994817733765,1.3938731617570526,1.4223315715789795,-1.2211031913757324,0.24588388204574585
19.88706111907959,1.3947602401395782,1.4200427532196045,-1.2875715494155884,0.23050278425216675
19.890127420425415,1.395903451530075,1.41775381565094,-1.241245150566101,0.2574197053909302
19.89319348335266,1.3973009802578755,1.4158464670181274,-0.9934996366500854,0.37106889486312866
19.896260023117065,1.3989511069806522,1.413939118385315,-0.7930876612663269,0.22836652398109436
19.89932656288147,1.4008511840082825,1.412413239479065,-0.6047608256340027,0.2886091470718384
19.902382135391235,1.4029902741450417,1.410887360572815,-0.6299381852149963,0.23263904452323914
19.905450344085693,1.4053819215897656,1.4101243019104004,-0.4879377484321594,0.22537575662136078
19.908527851104736,1.4080225718963013,1.4093613624572754,-0.4436255395412445,0.29629969596862793
19.911601066589355,1.4108972193181666,1.4085984230041504,-0.27745479345321655,0.22751201689243317
19.914668321609497,1.4139988411824087,1.4085984230041504,-0.09214923530817032,0.22751201689243317
19.917734384536743,1.4173268393425056,1.408216953277588,0.10624857246875763,0.1762416958808899
19.920801401138306,1.4208785730613227,1.4085984230041504,0.046829938888549805,0.20144960284233093
19.92386770248413,1.4246468632139166,1.408979892730713,0.27846190333366394,0.24161134660243988
19.926936626434326,1.4286304112140253,1.4093613624572754,0.28148317337036133,0.37448692321777344
19.930012464523315,1.4328298298754991,1.4101243019104004,0.3781643509864807,0.35996031761169434
19.933079957962036,1.437217905004058,1.410887360572815,0.5896543860435486,0.43814754486083984
19.93614673614502,1.441798142407372,1.4120317697525024,0.6007324457168579,0.5364156365394592
19.939212799072266,1.4465636076260062,1.4135576486587524,0.8152437806129456,0.5069352388381958
19.94227957725525,1.4515094469892464,1.4150835275650024,0.844449520111084,0.5077897310256958
19.945345878601074,1.4566264169106287,1.416990876197815,0.845456600189209,0.43472954630851746
19.948380947113037,1.4618530800302931,1.4192798137664795,1.242252230644226,0.5851224660873413
19.951447010040283,1.4672888066252052,1.4215686321258545,1.300663709640503,0.4637826979160309
19.95451545715332,1.4728773685498466,1.4238574504852295,1.4819409847259521,0.46933698654174805
19.957584142684937,1.478606741064497,1.4265278577804565,1.5262531042099,0.5564965009689331
19.960650205612183,1.4844629137736576,1.4295796155929565,1.6853742599487305,0.5419699549674988
19.963716506958008,1.4904425015036729,1.4326313734054565,1.7699702978134155,0.5962310433387756
19.96678352355957,1.4965376109087742,1.4360647201538086,1.9149919748306274,0.5470969676971436
19.969849824905396,1.5027363509604654,1.439497947692871,1.8676584959030151,0.39157700538635254
19.972915172576904,1.5090289561186778,1.4433127641677856,1.9421836137771606,0.4270389974117279
19.97598171234131,1.515410498908925,1.4475089311599731,2.1325244903564453,0.35996031761169434
19.979048252105713,1.5218690749992942,1.4517052173614502,2.2886242866516113,0.3501335084438324
19.982115030288696,1.5283956045605087,1.4559013843536377,2.3148088455200195,0.5082169771194458
19.98518133163452,1.5349788685875327,1.4604791402816772,2.4729228019714355,0.5069352388381958
19.98824715614319,1.5416090692233053,1.4650568962097168,2.701533555984497,0.5479514598846436
19.991313457489014,1.5482784257605935,1.4696345329284668,2.6270084381103516,0.4150759279727936
19.994382858276367,1.5549827903457618,1.4745937585830688,2.552483320236206,0.4466926157474518
19.9974582195282,1.5617185321321247,1.4799343347549438,2.882810592651367,0.42233920097351074
